OnTime_(ms),Time_(UTC),Speed_(km/h),Distance_(m),RPM,Lambda,Starter,Gear,Fuel_correction,Fuel_consumption_(km/l),Fuel_consumed_(g),Battery_voltage_(V),Oil_temperature_(C),Water_temperature_(C),Exhaust_temperature_(C), Air_Temperature_(C), Brake_front_(bar),Brake_rear_(bar),ecu_state, injection_duration_(us), injection_angle, burning, tuning_state
1050.00,2019-06-30 17:42:25.050,0.81,0.12,0.00,0.80,0.00,1.00,1.00,999.00,0.00,12.14,0.00,0.00,0.00,0.00,-0.20,0.04,17.00,10.00,0.00,0.00,0.00
2750.00,2019-06-30 17:42:26.750,1.49,0.35,0.00,0.80,0.00,1.00,1.00,999.00,0.00,12.14,69.70,60.72,-14.72,44.17,-0.22,0.04,17.00,10.00,0.00,0.00,0.00
2850.00,2019-06-30 17:42:26.850,1.49,0.35,0.00,0.80,0.00,1.00,1.00,999.00,0.00,12.12,69.70,60.72,-14.72,44.17,-0.21,0.09,17.00,10.00,0.00,0.00,0.00
2950.00,2019-06-30 17:42:26.950,1.49,0.35,0.00,0.81,0.00,1.00,1.00,999.00,0.00,12.09,69.70,60.72,-14.72,44.17,-0.22,0.10,17.00,10.00,0.00,0.00,0.00
3050.00,2019-06-30 17:42:27.050,1.49,0.35,0.00,0.81,0.00,1.00,1.00,999.00,0.00,12.06,69.55,60.67,-11.70,44.17,-0.22,0.10,17.00,10.00,0.00,0.00,0.00
3150.00,2019-06-30 17:42:27.150,-0.00,0.35,0.00,0.81,0.00,1.00,1.00,999.00,0.00,12.11,69.55,60.67,-11.70,45.13,-0.20,0.10,17.00,10.00,0.00,0.00,0.00
3250.00,2019-06-30 17:42:27.250,-0.00,0.35,0.00,0.81,0.00,1.00,1.00,999.00,0.00,12.11,69.55,60.69,-11.70,45.13,-0.21,0.10,17.00,10.00,0.00,0.00,0.00
3350.00,2019-06-30 17:42:27.350,-0.00,0.35,0.00,0.81,0.00,1.00,1.00,999.00,0.00,12.09,69.55,60.69,-11.21,45.13,-0.19,0.10,17.00,10.00,0.00,0.00,0.00
3450.00,2019-06-30 17:42:27.450,0.00,0.35,0.00,0.81,0.00,1.00,1.00,999.00,0.00,12.09,69.55,60.69,-11.21,45.13,-0.23,0.08,17.00,10.00,0.00,0.00,0.00
3550.00,2019-06-30 17:42:27.550,0.00,0.35,0.00,0.81,0.00,1.00,1.00,999.00,0.00,12.06,69.55,60.71,-10.79,45.20,-0.22,0.07,17.00,10.00,0.00,0.00,0.00
3650.00,2019-06-30 17:42:27.650,0.00,0.35,0.00,0.81,0.00,1.00,1.00,999.00,0.00,12.09,69.55,60.71,-10.79,45.20,-0.21,0.10,17.00,10.00,0.00,0.00,0.00
3750.00,2019-06-30 17:42:27.750,0.00,0.35,0.00,0.80,0.00,1.00,1.00,999.00,0.00,12.09,69.55,60.76,-10.79,45.20,-0.22,0.10,17.00,10.00,0.00,0.00,0.00
3850.00,2019-06-30 17:42:27.850,1.86,0.47,0.00,0.80,0.00,1.00,1.00,999.00,0.00,12.09,69.55,60.76,-10.44,45.20,-0.19,0.10,17.00,10.00,0.00,0.00,0.00
3950.00,2019-06-30 17:42:27.950,1.86,0.47,0.00,0.80,0.00,1.00,1.00,999.00,0.00,12.06,69.55,60.76,-10.44,45.28,-0.20,0.09,17.00,10.00,0.00,0.00,0.00
4050.00,2019-06-30 17:42:28.050,1.86,0.47,0.00,0.80,0.00,1.00,1.00,999.00,0.00,12.05,69.52,60.76,-9.95,45.28,-0.21,0.09,17.00,10.00,0.00,0.00,0.00
4150.00,2019-06-30 17:42:28.150,1.86,0.47,0.00,0.80,0.00,1.00,1.00,999.00,0.00,12.09,69.52,60.76,-9.95,45.28,-0.19,0.09,17.00,10.00,0.00,0.00,0.00
4250.00,2019-06-30 17:42:28.250,1.80,0.47,0.00,0.81,0.00,1.00,1.00,999.00,0.00,12.07,69.52,60.76,-9.95,45.28,-0.23,0.09,17.00,10.00,0.00,0.00,0.00
4350.00,2019-06-30 17:42:28.350,1.80,0.47,0.00,0.81,0.00,1.00,1.00,999.00,0.00,12.04,69.45,60.76,-9.55,45.39,-0.21,0.08,17.00,10.00,0.00,0.00,0.00
4450.00,2019-06-30 17:42:28.450,-0.00,0.47,0.00,0.81,0.00,1.00,1.00,999.00,0.00,12.08,69.45,60.76,-9.55,45.39,-0.23,0.07,17.00,10.00,0.00,0.00,0.00
4550.00,2019-06-30 17:42:28.550,-0.00,0.47,0.00,0.81,0.00,1.00,1.00,999.00,0.00,12.05,69.45,60.72,-9.55,45.39,-0.18,0.07,17.00,10.00,0.00,0.00,0.00
4650.00,2019-06-30 17:42:28.650,0.00,0.47,0.00,0.81,0.00,1.00,1.00,999.00,0.00,12.09,69.52,60.72,-9.20,45.39,-0.21,0.09,17.00,10.00,0.00,0.00,0.00
4750.00,2019-06-30 17:42:28.750,0.00,0.47,0.00,0.81,0.00,1.00,1.00,999.00,0.00,12.04,69.52,60.70,-9.20,45.46,-0.24,0.10,17.00,10.00,0.00,0.00,0.00
4850.00,2019-06-30 17:42:28.850,0.00,0.47,0.00,0.81,0.00,1.00,1.00,999.00,0.00,12.06,69.55,60.70,-8.77,45.46,-0.22,0.09,17.00,10.00,0.00,0.00,0.00
4950.00,2019-06-30 17:42:28.950,0.00,0.47,0.00,0.80,0.00,1.00,1.00,999.00,0.00,12.06,69.55,60.70,-8.77,45.46,-0.21,0.09,17.00,10.00,0.00,0.00,0.00
5050.00,2019-06-30 17:42:29.050,0.00,0.47,0.00,0.80,0.00,1.00,1.00,999.00,0.00,12.05,69.55,60.81,-8.77,45.46,-0.18,0.09,17.00,10.00,0.00,0.00,0.00
5150.00,2019-06-30 17:42:29.150,0.00,0.47,0.00,0.80,0.00,1.00,1.00,999.00,0.00,12.06,69.61,60.81,-8.42,45.48,-0.21,0.09,17.00,10.00,0.00,0.00,0.00
5250.00,2019-06-30 17:42:29.250,-0.00,0.47,0.00,0.80,0.00,1.00,1.00,999.00,0.00,12.04,69.61,60.84,-8.42,45.48,-0.21,0.09,17.00,10.00,0.00,0.00,0.00
5350.00,2019-06-30 17:42:29.350,-0.00,0.47,0.00,0.80,0.00,1.00,1.00,999.00,0.00,12.07,69.56,60.84,-8.02,45.48,-0.20,0.08,17.00,10.00,0.00,0.00,0.00
5450.00,2019-06-30 17:42:29.450,0.00,0.47,0.00,0.81,0.00,1.00,1.00,999.00,0.00,12.04,69.56,60.84,-8.02,45.48,-0.22,0.08,17.00,10.00,0.00,0.00,0.00
5550.00,2019-06-30 17:42:29.550,0.00,0.47,0.00,0.81,0.00,1.00,1.00,999.00,0.00,12.04,69.56,60.77,-8.02,45.51,-0.20,0.06,17.00,10.00,0.00,0.00,0.00
5650.00,2019-06-30 17:42:29.650,0.00,0.47,0.00,0.81,0.00,1.00,1.00,999.00,0.00,12.06,69.52,60.77,-7.74,45.51,-0.24,0.09,17.00,10.00,0.00,0.00,0.00
5750.00,2019-06-30 17:42:29.750,0.00,0.47,0.00,0.81,0.00,1.00,1.00,999.00,0.00,12.09,69.52,60.74,-7.74,45.51,-0.19,0.10,17.00,10.00,0.00,0.00,0.00
5850.00,2019-06-30 17:42:29.850,0.00,0.47,0.00,0.81,0.00,1.00,1.00,999.00,0.00,12.08,69.52,60.74,-7.74,45.51,-0.20,0.09,17.00,10.00,0.00,0.00,0.00
5950.00,2019-06-30 17:42:29.950,0.00,0.47,0.00,0.81,0.00,1.00,1.00,999.00,0.00,12.06,69.54,60.74,-7.35,45.55,-0.21,0.09,17.00,10.00,0.00,0.00,0.00
6050.00,2019-06-30 17:42:30.050,-0.00,0.47,0.00,0.81,0.00,1.00,1.00,999.00,0.00,12.05,69.54,60.79,-7.35,45.55,-0.20,0.09,17.00,10.00,0.00,0.00,0.00
6150.00,2019-06-30 17:42:30.150,-0.00,0.47,0.00,0.80,0.00,1.00,1.00,999.00,0.00,12.04,69.48,60.79,-7.00,45.55,-0.23,0.09,17.00,10.00,0.00,0.00,0.00
6250.00,2019-06-30 17:42:30.250,0.00,0.47,0.00,0.81,0.00,1.00,1.00,999.00,0.00,12.04,69.48,60.84,-7.00,45.55,-0.19,0.09,17.00,10.00,0.00,0.00,0.00
6350.00,2019-06-30 17:42:30.350,0.00,0.47,0.00,0.80,0.00,1.00,1.00,999.00,0.00,12.03,69.48,60.84,-7.00,45.49,-0.20,0.09,17.00,10.00,0.00,0.00,0.00
6450.00,2019-06-30 17:42:30.450,0.00,0.47,0.00,0.80,0.00,1.00,1.00,999.00,0.00,12.02,69.54,60.84,-6.71,45.49,-0.21,0.09,17.00,10.00,0.00,0.00,0.00
6550.00,2019-06-30 17:42:30.550,0.00,0.47,0.00,0.81,0.00,1.00,1.00,999.00,0.00,12.04,69.54,60.73,-6.71,45.49,-0.22,0.05,17.00,10.00,0.00,0.00,0.00
6650.00,2019-06-30 17:42:30.650,0.00,0.47,0.00,0.81,0.00,1.00,1.00,999.00,0.00,12.05,69.54,60.73,-6.36,45.49,-0.22,0.08,17.00,10.00,0.00,0.00,0.00
6750.00,2019-06-30 17:42:30.750,0.00,0.47,0.00,0.81,0.00,1.00,1.00,999.00,0.00,12.04,69.54,60.83,-6.36,45.58,-0.20,0.09,17.00,10.00,0.00,0.00,0.00
6850.00,2019-06-30 17:42:30.850,-0.00,0.47,0.00,0.81,0.00,1.00,1.00,999.00,0.00,12.04,69.54,60.83,-6.36,45.58,-0.21,0.09,17.00,10.00,0.00,0.00,0.00
6950.00,2019-06-30 17:42:30.950,-0.00,0.47,0.00,0.81,0.00,1.00,1.00,999.00,0.00,12.02,69.52,60.83,-6.02,45.58,-0.19,0.10,17.00,10.00,0.00,0.00,0.00
7050.00,2019-06-30 17:42:31.050,0.00,0.47,0.00,0.81,0.00,1.00,1.00,999.00,0.00,12.06,69.52,60.76,-6.02,45.58,-0.21,0.10,17.00,10.00,0.00,0.00,0.00
7150.00,2019-06-30 17:42:31.150,0.00,0.47,0.00,0.81,0.00,1.00,1.00,999.00,0.00,12.04,69.52,60.76,-6.02,45.69,-0.22,0.10,17.00,10.00,0.00,0.00,0.00
7250.00,2019-06-30 17:42:31.250,0.00,0.47,0.00,0.81,0.00,1.00,1.00,999.00,0.00,12.04,69.52,60.81,-5.79,45.69,-0.20,0.09,17.00,10.00,0.00,0.00,0.00
7350.00,2019-06-30 17:42:31.350,0.00,0.47,0.00,0.81,0.00,1.00,1.00,999.00,0.00,12.03,69.52,60.81,-5.79,45.69,-0.23,0.09,17.00,10.00,0.00,0.00,0.00
7450.00,2019-06-30 17:42:31.450,0.00,0.47,0.00,0.80,0.00,1.00,1.00,999.00,0.00,12.07,69.50,60.81,-5.46,45.69,-0.19,0.06,17.00,10.00,0.00,0.00,0.00
7550.00,2019-06-30 17:42:31.550,0.00,0.47,0.00,0.80,0.00,1.00,1.00,999.00,0.00,12.02,69.50,60.84,-5.46,45.63,-0.20,0.07,17.00,10.00,0.00,0.00,0.00
7650.00,2019-06-30 17:42:31.650,-0.00,0.47,0.00,0.80,0.00,1.00,1.00,999.00,0.00,12.04,69.50,60.84,-5.46,45.63,-0.22,0.09,17.00,10.00,0.00,0.00,0.00
7750.00,2019-06-30 17:42:31.750,-0.00,0.47,0.00,0.80,0.00,1.00,1.00,999.00,0.00,12.03,69.50,60.81,-5.09,45.63,-0.20,0.09,17.00,10.00,0.00,0.00,0.00
7850.00,2019-06-30 17:42:31.850,0.00,0.47,0.00,0.81,0.00,1.00,1.00,999.00,0.00,12.04,69.50,60.81,-5.09,45.63,-0.23,0.09,17.00,10.00,0.00,0.00,0.00
7950.00,2019-06-30 17:42:31.950,0.00,0.47,0.00,0.81,0.00,1.00,1.00,999.00,0.00,12.05,69.48,60.81,-4.89,45.60,-0.21,0.10,17.00,10.00,0.00,0.00,0.00
8050.00,2019-06-30 17:42:32.050,0.00,0.47,0.00,0.81,0.00,1.00,1.00,999.00,0.00,12.01,69.48,60.88,-4.89,45.60,-0.21,0.09,17.00,10.00,0.00,0.00,0.00
8150.00,2019-06-30 17:42:32.150,0.00,0.47,0.00,0.81,0.00,1.00,1.00,999.00,0.00,12.00,69.48,60.88,-4.89,45.60,-0.20,0.10,17.00,10.00,0.00,0.00,0.00
8250.00,2019-06-30 17:42:32.250,0.00,0.47,0.00,0.81,0.00,1.00,1.00,999.00,0.00,12.05,69.50,60.83,-4.57,45.60,-0.21,0.09,17.00,10.00,0.00,0.00,0.00
8350.00,2019-06-30 17:42:32.350,0.00,0.47,0.00,0.81,0.00,1.00,1.00,999.00,0.00,12.04,69.50,60.83,-4.57,45.55,-0.22,0.10,17.00,10.00,0.00,0.00,0.00
8450.00,2019-06-30 17:42:32.450,-0.00,0.47,0.00,0.81,0.00,1.00,1.00,999.00,0.00,12.04,69.50,60.83,-4.57,45.55,-0.20,0.08,17.00,10.00,0.00,0.00,0.00
8550.00,2019-06-30 17:42:32.550,-0.00,0.47,0.00,0.81,0.00,1.00,1.00,999.00,0.00,12.01,69.47,60.80,-4.23,45.55,-0.24,0.05,17.00,10.00,0.00,0.00,0.00
8650.00,2019-06-30 17:42:32.650,0.00,0.47,0.00,0.81,0.00,1.00,1.00,999.00,0.00,12.00,69.47,60.80,-4.23,45.55,-0.19,0.06,17.00,10.00,0.00,0.00,0.00
8750.00,2019-06-30 17:42:32.750,0.00,0.47,0.00,0.80,0.00,1.00,1.00,999.00,0.00,12.06,69.55,60.83,-4.06,45.64,-0.21,0.09,17.00,10.00,0.00,0.00,0.00
8850.00,2019-06-30 17:42:32.850,0.00,0.47,0.00,0.80,0.00,1.00,1.00,999.00,0.00,12.04,69.55,60.83,-4.06,45.64,-0.22,0.09,17.00,10.00,0.00,0.00,0.00
8950.00,2019-06-30 17:42:32.950,0.00,0.47,0.00,0.80,0.00,1.00,1.00,999.00,0.00,12.02,69.55,60.83,-4.06,45.64,-0.22,0.09,17.00,10.00,0.00,0.00,0.00
9050.00,2019-06-30 17:42:33.050,0.00,0.47,0.00,0.80,0.00,1.00,1.00,999.00,0.00,12.03,69.52,60.84,-3.77,45.64,-0.23,0.09,17.00,10.00,0.00,0.00,0.00
9150.00,2019-06-30 17:42:33.150,0.00,0.47,0.00,0.81,0.00,1.00,1.00,999.00,0.00,12.02,69.52,60.84,-3.77,45.67,-0.21,0.09,17.00,10.00,0.00,0.00,0.00
9250.00,2019-06-30 17:42:33.250,-0.00,0.47,0.00,0.81,0.00,1.00,1.00,999.00,0.00,12.01,69.47,60.83,-3.48,45.67,-0.21,0.09,17.00,10.00,0.00,0.00,0.00
9350.00,2019-06-30 17:42:33.350,-0.00,0.47,0.00,0.81,0.00,1.00,1.00,999.00,0.00,12.05,69.47,60.83,-3.48,45.67,-0.20,0.10,17.00,10.00,0.00,0.00,0.00
9450.00,2019-06-30 17:42:33.450,-0.00,0.47,0.00,0.81,0.00,1.00,1.00,999.00,0.00,12.04,69.47,60.83,-3.48,45.67,-0.22,0.09,17.00,10.00,0.00,0.00,0.00
9561.00,2019-06-30 17:42:33.561,0.00,0.47,0.00,0.81,0.00,1.00,1.00,999.00,0.00,12.03,69.45,60.78,-3.29,45.67,-0.24,0.09,17.00,10.00,0.00,0.00,0.00
9661.00,2019-06-30 17:42:33.661,0.00,0.47,0.00,0.80,0.00,1.00,1.00,999.00,0.00,12.02,69.45,60.78,-3.29,45.67,-0.21,0.09,17.00,10.00,0.00,0.00,0.00
9761.00,2019-06-30 17:42:33.761,0.00,0.47,0.00,0.80,0.00,1.00,1.00,999.00,0.00,12.01,69.43,60.84,-3.02,45.67,-0.21,0.09,17.00,10.00,0.00,0.00,0.00
9861.00,2019-06-30 17:42:33.861,0.00,0.47,0.00,0.81,0.00,1.00,1.00,999.00,0.00,12.05,69.43,60.84,-3.02,45.67,-0.21,0.08,17.00,10.00,0.00,0.00,0.00
9961.00,2019-06-30 17:42:33.961,0.00,0.47,0.00,0.81,0.00,1.00,1.00,999.00,0.00,12.03,69.43,60.84,-3.02,45.74,-0.22,0.07,17.00,10.00,0.00,0.00,0.00
10061.00,2019-06-30 17:42:34.061,-0.00,0.47,0.00,0.80,0.00,1.00,1.00,999.00,0.00,12.03,69.40,60.81,-2.77,45.74,-0.21,0.09,17.00,10.00,0.00,0.00,0.00
10161.00,2019-06-30 17:42:34.161,-0.00,0.47,0.00,0.81,0.00,1.00,1.00,999.00,0.00,12.02,69.40,60.81,-2.77,45.74,-0.21,0.09,17.00,10.00,0.00,0.00,0.00
10261.00,2019-06-30 17:42:34.261,0.00,0.47,0.00,0.81,0.00,1.00,1.00,999.00,0.00,12.01,69.40,60.86,-2.77,45.74,-0.22,0.09,17.00,10.00,0.00,0.00,0.00
10361.00,2019-06-30 17:42:34.361,0.00,0.47,0.00,0.81,0.00,1.00,1.00,999.00,0.00,12.03,69.47,60.86,-2.50,45.66,-0.20,0.09,17.00,10.00,0.00,0.00,0.00
10461.00,2019-06-30 17:42:34.461,0.00,0.47,0.00,0.81,0.00,1.00,1.00,999.00,0.00,12.00,69.47,60.86,-2.50,45.66,-0.20,0.08,17.00,10.00,0.00,0.00,0.00
10561.00,2019-06-30 17:42:34.561,0.00,0.47,0.00,0.81,0.00,1.00,1.00,999.00,0.00,12.03,69.41,60.84,-2.30,45.66,-0.22,0.08,17.00,10.00,0.00,0.00,0.00
10661.00,2019-06-30 17:42:34.661,0.00,0.47,0.00,0.81,0.00,1.00,1.00,999.00,0.00,12.02,69.41,60.84,-2.30,45.66,-0.22,0.05,17.00,10.00,0.00,0.00,0.00
10761.00,2019-06-30 17:42:34.761,0.00,0.47,0.00,0.81,0.00,1.00,1.00,999.00,0.00,12.05,69.41,60.80,-2.30,45.66,-0.21,0.09,17.00,10.00,0.00,0.00,0.00
10861.00,2019-06-30 17:42:34.861,0.00,0.47,0.00,0.81,0.00,1.00,1.00,999.00,0.00,12.04,69.47,60.80,-2.05,45.66,-0.20,0.09,17.00,10.00,0.00,0.00,0.00
10961.00,2019-06-30 17:42:34.961,0.00,0.47,0.00,0.81,0.00,1.00,1.00,999.00,0.00,12.03,69.47,60.80,-2.05,45.66,-0.21,0.09,17.00,10.00,0.00,0.00,0.00
11061.00,2019-06-30 17:42:35.061,0.00,0.47,0.00,0.81,0.00,1.00,1.00,999.00,0.00,12.03,69.47,60.85,-2.05,45.66,-0.19,0.09,17.00,10.00,0.00,0.00,0.00
11161.00,2019-06-30 17:42:35.161,0.00,0.47,0.00,0.81,0.00,1.00,1.00,999.00,0.00,12.02,69.49,60.85,-1.81,45.59,-0.22,0.09,17.00,10.00,0.00,0.00,0.00
11261.00,2019-06-30 17:42:35.261,0.00,0.47,0.00,0.80,0.00,1.00,1.00,999.00,0.00,12.01,69.49,60.88,-1.81,45.59,-0.23,0.09,17.00,10.00,0.00,0.00,0.00
11361.00,2019-06-30 17:42:35.361,0.00,0.47,0.00,0.81,0.00,1.00,1.00,999.00,0.00,12.01,69.41,60.88,-1.59,45.59,-0.21,0.09,17.00,10.00,0.00,0.00,0.00
11461.00,2019-06-30 17:42:35.461,0.00,0.47,0.00,0.80,0.00,1.00,1.00,999.00,0.00,12.04,69.41,60.88,-1.59,45.59,-0.20,0.08,17.00,10.00,0.00,0.00,0.00
11561.00,2019-06-30 17:42:35.561,0.00,0.47,0.00,0.81,0.00,1.00,1.00,999.00,0.00,12.03,69.41,60.84,-1.59,45.59,-0.20,0.08,17.00,10.00,0.00,0.00,0.00
11661.00,2019-06-30 17:42:35.661,0.00,0.47,0.00,0.81,0.00,1.00,1.00,999.00,0.00,11.99,69.45,60.84,-1.36,45.59,-0.21,0.05,17.00,10.00,0.00,0.00,0.00
11761.00,2019-06-30 17:42:35.761,0.00,0.47,0.00,0.81,0.00,1.00,1.00,999.00,0.00,12.03,69.45,60.86,-1.36,45.59,-0.21,0.07,17.00,10.00,0.00,0.00,0.00
11861.00,2019-06-30 17:42:35.861,0.00,0.47,0.00,0.81,0.00,1.00,1.00,999.00,0.00,12.01,69.43,60.86,-1.13,45.59,-0.21,0.09,17.00,10.00,0.00,0.00,0.00
11961.00,2019-06-30 17:42:35.961,0.00,0.47,0.00,0.81,0.00,1.00,1.00,999.00,0.00,12.00,69.43,60.86,-1.13,45.63,-0.21,0.09,17.00,10.00,0.00,0.00,0.00
12061.00,2019-06-30 17:42:36.061,0.00,0.47,0.00,0.81,0.00,1.00,1.00,999.00,0.00,12.02,69.43,60.91,-1.13,45.63,-0.20,0.09,17.00,10.00,0.00,0.00,0.00
12161.00,2019-06-30 17:42:36.161,0.00,0.47,0.00,0.81,0.00,1.00,1.00,999.00,0.00,12.01,69.47,60.91,-0.91,45.63,-0.21,0.09,17.00,10.00,0.00,0.00,0.00
12261.00,2019-06-30 17:42:36.261,0.00,0.47,0.00,0.81,0.00,1.00,1.00,999.00,0.00,12.02,69.47,60.88,-0.91,45.63,-0.19,0.09,17.00,10.00,0.00,0.00,0.00
12361.00,2019-06-30 17:42:36.361,0.00,0.47,0.00,0.81,0.00,1.00,1.00,999.00,0.00,12.01,69.47,60.88,-0.91,45.58,-0.21,0.09,17.00,10.00,0.00,0.00,0.00
12461.00,2019-06-30 17:42:36.461,0.00,0.47,0.00,0.80,0.00,1.00,1.00,999.00,0.00,12.02,69.41,60.88,-0.60,45.58,-0.24,0.09,17.00,10.00,0.00,0.00,0.00
12561.00,2019-06-30 17:42:36.561,0.00,0.47,0.00,0.81,0.00,1.00,1.00,999.00,0.00,12.03,69.41,60.88,-0.60,45.58,-0.22,0.08,17.00,10.00,0.00,0.00,0.00
12661.00,2019-06-30 17:42:36.661,0.00,0.47,0.00,0.80,0.00,1.00,1.00,999.00,0.00,11.99,69.43,60.88,-0.51,45.58,-0.22,0.07,17.00,10.00,0.00,0.00,0.00
12761.00,2019-06-30 17:42:36.761,0.00,0.47,0.00,0.81,0.00,1.00,1.00,999.00,0.00,12.02,69.43,60.88,-0.51,45.58,-0.19,0.05,17.00,10.00,0.00,0.00,0.00
12861.00,2019-06-30 17:42:36.861,0.00,0.47,0.00,0.81,0.00,1.00,1.00,999.00,0.00,12.02,69.43,60.88,-0.51,45.58,-0.21,0.09,17.00,10.00,0.00,0.00,0.00
12961.00,2019-06-30 17:42:36.961,0.00,0.47,0.00,0.81,0.00,1.00,1.00,999.00,0.00,12.03,69.38,60.88,-0.37,45.58,-0.22,0.09,17.00,10.00,0.00,0.00,0.00
13061.00,2019-06-30 17:42:37.061,0.00,0.47,0.00,0.81,0.00,1.00,1.00,999.00,0.00,12.02,69.38,60.83,-0.37,45.58,-0.20,0.09,17.00,10.00,0.00,0.00,0.00
13161.00,2019-06-30 17:42:37.161,0.00,0.47,0.00,0.81,0.00,1.00,1.00,999.00,0.00,12.00,69.49,60.83,-0.15,45.60,-0.20,0.09,17.00,10.00,0.00,0.00,0.00
13261.00,2019-06-30 17:42:37.261,0.00,0.47,0.00,0.81,0.00,1.00,1.00,999.00,0.00,12.02,69.49,60.88,-0.15,45.60,-0.21,0.09,17.00,10.00,0.00,0.00,0.00
13361.00,2019-06-30 17:42:37.361,0.00,0.47,0.00,0.81,0.00,1.00,1.00,999.00,0.00,12.02,69.49,60.88,-0.15,45.60,-0.21,0.09,17.00,10.00,0.00,0.00,0.00
13461.00,2019-06-30 17:42:37.461,0.00,0.47,0.00,0.81,0.00,1.00,1.00,999.00,0.00,12.03,69.45,60.88,0.13,45.60,-0.19,0.09,17.00,10.00,0.00,0.00,0.00
13561.00,2019-06-30 17:42:37.561,0.00,0.47,0.00,0.80,0.00,1.00,1.00,999.00,0.00,11.99,69.45,60.83,0.13,45.59,-0.21,0.09,17.00,10.00,0.00,0.00,0.00
13661.00,2019-06-30 17:42:37.661,0.00,0.47,0.00,0.81,0.00,1.00,1.00,999.00,0.00,12.01,69.45,60.83,0.13,45.59,-0.23,0.08,17.00,10.00,0.00,0.00,0.00
13761.00,2019-06-30 17:42:37.761,0.00,0.47,0.00,0.81,0.00,1.00,1.00,999.00,0.00,12.02,69.45,60.85,0.23,45.59,-0.21,0.06,17.00,10.00,0.00,0.00,0.00
13861.00,2019-06-30 17:42:37.861,0.00,0.47,0.00,0.80,0.00,1.00,1.00,999.00,0.00,12.01,69.45,60.85,0.23,45.59,-0.20,0.08,17.00,10.00,0.00,0.00,0.00
13961.00,2019-06-30 17:42:37.961,0.00,0.47,0.00,0.81,0.00,1.00,1.00,999.00,0.00,12.01,69.41,60.85,0.51,45.60,-0.20,0.09,17.00,10.00,0.00,0.00,0.00
14061.00,2019-06-30 17:42:38.061,0.00,0.47,0.00,0.81,0.00,1.00,1.00,999.00,0.00,12.01,69.41,60.85,0.51,45.60,-0.22,0.09,17.00,10.00,0.00,0.00,0.00
14161.00,2019-06-30 17:42:38.161,0.00,0.47,0.00,0.81,0.00,1.00,1.00,999.00,0.00,12.02,69.41,60.85,0.51,45.60,-0.21,0.08,17.00,10.00,0.00,0.00,0.00
14261.00,2019-06-30 17:42:38.261,0.00,0.47,0.00,0.81,0.00,1.00,1.00,999.00,0.00,12.02,69.43,60.76,0.58,45.60,-0.20,0.09,17.00,10.00,0.00,0.00,0.00
14361.00,2019-06-30 17:42:38.361,0.00,0.47,0.00,0.81,0.00,1.00,1.00,999.00,0.00,11.99,69.43,60.76,0.58,45.55,-0.21,0.10,17.00,10.00,0.00,0.00,0.00
14461.00,2019-06-30 17:42:38.461,0.00,0.47,0.00,0.81,0.00,1.00,1.00,999.00,0.00,12.01,69.43,60.76,0.84,45.55,-0.21,0.09,17.00,10.00,0.00,0.00,0.00
14561.00,2019-06-30 17:42:38.561,0.00,0.47,0.00,0.81,0.00,1.00,1.00,999.00,0.00,12.01,69.43,60.81,0.84,45.55,-0.20,0.08,17.00,10.00,0.00,0.00,0.00
14661.00,2019-06-30 17:42:38.661,0.00,0.47,0.00,0.81,0.00,1.00,1.00,999.00,0.00,12.03,69.43,60.81,0.84,45.55,-0.20,0.08,17.00,10.00,0.00,0.00,0.00
14761.00,2019-06-30 17:42:38.761,0.00,0.47,0.00,0.80,0.00,1.00,1.00,999.00,0.00,11.99,69.40,60.77,1.01,45.46,-0.21,0.08,17.00,10.00,0.00,0.00,0.00
14861.00,2019-06-30 17:42:38.861,0.00,0.47,0.00,0.81,0.00,1.00,1.00,999.00,0.00,11.99,69.40,60.77,1.01,45.46,-0.23,0.06,17.00,10.00,0.00,0.00,0.00
14961.00,2019-06-30 17:42:38.961,0.00,0.47,0.00,0.81,0.00,1.00,1.00,999.00,0.00,12.02,69.40,60.77,1.01,45.46,-0.20,0.09,17.00,10.00,0.00,0.00,0.00
15061.00,2019-06-30 17:42:39.061,0.00,0.47,0.00,0.80,0.00,1.00,1.00,999.00,0.00,11.99,69.38,60.80,1.15,45.46,-0.21,0.09,17.00,10.00,0.00,0.00,0.00
15161.00,2019-06-30 17:42:39.161,0.00,0.47,0.00,0.81,0.00,1.00,1.00,999.00,0.00,12.02,69.38,60.80,1.15,45.47,-0.20,0.09,17.00,10.00,0.00,0.00,0.00
15261.00,2019-06-30 17:42:39.261,0.00,0.47,0.00,0.80,0.00,1.00,1.00,999.00,0.00,12.00,69.35,60.90,1.34,45.47,-0.21,0.09,17.00,10.00,0.00,0.00,0.00
15361.00,2019-06-30 17:42:39.361,0.00,0.47,0.00,0.81,0.00,1.00,1.00,999.00,0.00,12.02,69.35,60.90,1.34,45.47,-0.22,0.09,17.00,10.00,0.00,0.00,0.00
15461.00,2019-06-30 17:42:39.461,0.00,0.47,0.00,0.81,0.00,1.00,1.00,999.00,0.00,11.99,69.35,60.90,1.34,45.47,-0.21,0.09,17.00,10.00,0.00,0.00,0.00
15561.00,2019-06-30 17:42:39.561,0.00,0.47,0.00,0.81,0.00,1.00,1.00,999.00,0.00,12.02,69.41,60.80,1.55,45.51,-0.22,0.09,17.00,10.00,0.00,0.00,0.00
15661.00,2019-06-30 17:42:39.661,0.00,0.47,0.00,0.81,0.00,1.00,1.00,999.00,0.00,11.99,69.41,60.80,1.55,45.51,-0.21,0.09,17.00,10.00,0.00,0.00,0.00
15761.00,2019-06-30 17:42:39.761,0.00,0.47,0.00,0.81,0.00,1.00,1.00,999.00,0.00,12.01,69.38,60.85,1.71,45.51,-0.21,0.08,17.00,10.00,0.00,0.00,0.00
15861.00,2019-06-30 17:42:39.861,0.00,0.47,0.00,0.81,0.00,1.00,1.00,999.00,0.00,11.99,69.38,60.85,1.71,45.51,-0.20,0.08,17.00,10.00,0.00,0.00,0.00
15961.00,2019-06-30 17:42:39.961,0.00,0.47,0.00,0.81,0.00,1.00,1.00,999.00,0.00,12.01,69.38,60.85,1.71,45.45,-0.21,0.07,17.00,10.00,0.00,0.00,0.00
16061.00,2019-06-30 17:42:40.061,0.00,0.47,0.00,0.81,0.00,1.00,1.00,999.00,0.00,12.02,69.42,60.72,1.87,45.45,-0.20,0.07,17.00,10.00,0.00,0.00,0.00
16161.00,2019-06-30 17:42:40.161,0.00,0.47,0.00,0.81,0.00,1.00,1.00,999.00,0.00,12.02,69.42,60.72,1.87,45.45,-0.20,0.09,17.00,10.00,0.00,0.00,0.00
16261.00,2019-06-30 17:42:40.261,0.00,0.47,0.00,0.81,0.00,1.00,1.00,999.00,0.00,12.01,69.42,60.84,1.87,45.45,-0.20,0.09,17.00,10.00,0.00,0.00,0.00
16361.00,2019-06-30 17:42:40.361,0.00,0.47,0.00,0.81,0.00,1.00,1.00,999.00,0.00,12.01,69.38,60.84,2.02,45.53,-0.20,0.09,17.00,10.00,0.00,0.00,0.00
16461.00,2019-06-30 17:42:40.461,0.00,0.47,0.00,0.81,0.00,1.00,1.00,999.00,0.00,12.01,69.38,60.84,2.02,45.53,-0.21,0.08,17.00,10.00,0.00,0.00,0.00
16561.00,2019-06-30 17:42:40.561,0.00,0.47,0.00,0.81,0.00,1.00,1.00,999.00,0.00,12.02,69.34,60.86,2.16,45.53,-0.24,0.09,17.00,10.00,0.00,0.00,0.00
16661.00,2019-06-30 17:42:40.661,0.00,0.47,0.00,0.81,0.00,1.00,1.00,999.00,0.00,11.99,69.34,60.86,2.16,45.53,-0.21,0.09,17.00,10.00,0.00,0.00,0.00
16761.00,2019-06-30 17:42:40.761,0.00,0.47,0.00,0.81,0.00,1.00,1.00,999.00,0.00,12.01,69.34,60.83,2.16,45.44,-0.21,0.09,17.00,10.00,0.00,0.00,0.00
16861.00,2019-06-30 17:42:40.861,0.00,0.47,0.00,0.80,0.00,1.00,1.00,999.00,0.00,12.04,69.38,60.83,2.31,45.44,-0.22,0.09,17.00,10.00,0.00,0.00,0.00
16961.00,2019-06-30 17:42:40.961,0.00,0.47,0.00,0.80,0.00,1.00,1.00,999.00,0.00,12.07,69.38,60.83,2.31,45.44,-0.21,0.08,17.00,10.00,0.00,0.00,0.00
17061.00,2019-06-30 17:42:41.061,0.00,0.47,0.00,0.80,0.00,1.00,1.00,999.00,0.00,12.06,69.45,60.88,2.53,45.44,-0.20,0.06,17.00,10.00,0.00,0.00,0.00
17161.00,2019-06-30 17:42:41.161,0.00,0.47,0.00,0.80,0.00,1.00,1.00,999.00,0.00,12.07,69.45,60.88,2.53,45.48,-0.20,0.08,17.00,10.00,0.00,0.00,0.00
17261.00,2019-06-30 17:42:41.261,0.00,0.47,0.00,0.80,0.00,1.00,1.00,999.00,0.00,12.08,69.45,60.84,2.53,45.48,-0.21,0.10,17.00,10.00,0.00,0.00,0.00
17361.00,2019-06-30 17:42:41.361,0.00,0.47,0.00,0.80,0.00,1.00,1.00,999.00,0.00,12.07,69.42,60.84,2.66,45.48,-0.20,0.09,17.00,10.00,0.00,0.00,0.00
17461.00,2019-06-30 17:42:41.461,0.00,0.47,0.00,0.80,0.00,1.00,1.00,999.00,0.00,12.07,69.42,60.84,2.66,45.48,-0.21,0.09,17.00,10.00,0.00,0.00,0.00
17561.00,2019-06-30 17:42:41.561,0.00,0.47,0.00,0.80,0.00,1.00,1.00,999.00,0.00,12.10,69.42,60.84,2.66,45.41,-0.21,0.09,17.00,10.00,0.00,0.00,0.00
17661.00,2019-06-30 17:42:41.661,0.00,0.47,0.00,0.80,0.00,1.00,1.00,999.00,0.00,12.10,69.45,60.84,2.80,45.41,-0.20,0.09,17.00,10.00,0.00,0.00,0.00
17761.00,2019-06-30 17:42:41.761,0.00,0.47,0.00,0.80,0.00,1.00,1.00,999.00,0.00,12.08,69.45,60.85,2.80,45.41,-0.22,0.09,17.00,10.00,0.00,0.00,0.00
17861.00,2019-06-30 17:42:41.861,0.00,0.47,0.00,0.80,0.00,1.00,1.00,999.00,0.00,12.08,69.40,60.85,2.94,45.41,-0.20,0.09,17.00,10.00,0.00,0.00,0.00
17961.00,2019-06-30 17:42:41.961,0.00,0.47,0.00,0.80,0.00,1.00,1.00,999.00,0.00,12.08,69.40,60.85,2.94,45.45,-0.21,0.09,17.00,10.00,0.00,0.00,0.00
18061.00,2019-06-30 17:42:42.061,0.00,0.47,0.00,0.80,0.00,1.00,1.00,999.00,0.00,12.10,69.40,60.90,2.94,45.45,-0.21,0.08,17.00,10.00,0.00,0.00,0.00
18161.00,2019-06-30 17:42:42.161,0.00,0.47,0.00,0.80,0.00,1.00,1.00,999.00,0.00,12.07,69.40,60.90,3.05,45.45,-0.22,0.07,17.00,10.00,0.00,0.00,0.00
18261.00,2019-06-30 17:42:42.261,0.00,0.47,0.00,0.80,0.00,1.00,1.00,999.00,0.00,12.09,69.40,60.92,3.05,45.45,-0.22,0.06,17.00,10.00,0.00,0.00,0.00
18361.00,2019-06-30 17:42:42.361,0.00,0.47,0.00,0.80,0.00,1.00,1.00,999.00,0.00,12.10,69.35,60.92,3.23,45.45,-0.21,0.09,17.00,10.00,0.00,0.00,0.00
18461.00,2019-06-30 17:42:42.461,0.00,0.47,0.00,0.80,0.00,1.00,1.00,999.00,0.00,12.10,69.35,60.92,3.23,45.45,-0.22,0.10,17.00,10.00,0.00,0.00,0.00
18561.00,2019-06-30 17:42:42.561,0.00,0.47,0.00,0.80,0.00,1.00,1.00,999.00,0.00,12.11,69.35,60.83,3.23,45.45,-0.21,0.09,17.00,10.00,0.00,0.00,0.00
18661.00,2019-06-30 17:42:42.661,0.00,0.47,0.00,0.80,0.00,1.00,1.00,999.00,0.00,12.10,69.42,60.83,3.39,45.45,-0.21,0.09,17.00,10.00,0.00,0.00,0.00
18761.00,2019-06-30 17:42:42.761,0.00,0.47,0.00,0.80,0.00,1.00,1.00,999.00,0.00,12.11,69.42,60.74,3.39,45.38,-0.21,0.09,17.00,10.00,0.00,0.00,0.00
18861.00,2019-06-30 17:42:42.861,0.00,0.47,0.00,0.80,0.00,1.00,1.00,999.00,0.00,12.11,69.42,60.74,3.39,45.38,-0.20,0.09,17.00,10.00,0.00,0.00,0.00
18961.00,2019-06-30 17:42:42.961,0.00,0.47,0.00,0.80,0.00,1.00,1.00,999.00,0.00,12.11,69.38,60.74,3.50,45.38,-0.18,0.09,17.00,10.00,0.00,0.00,0.00
19061.00,2019-06-30 17:42:43.061,0.00,0.47,0.00,0.80,0.00,1.00,1.00,999.00,0.00,12.10,69.38,60.84,3.50,45.38,-0.20,0.09,17.00,10.00,0.00,0.00,0.00
19161.00,2019-06-30 17:42:43.161,0.00,0.47,0.00,0.80,0.00,1.00,1.00,999.00,0.00,12.11,69.35,60.84,3.70,45.40,-0.21,0.09,17.00,10.00,0.00,0.00,0.00
19261.00,2019-06-30 17:42:43.261,0.00,0.47,0.00,0.80,0.00,1.00,1.00,999.00,0.00,12.10,69.35,60.84,3.70,45.40,-0.22,0.08,17.00,10.00,0.00,0.00,0.00
19361.00,2019-06-30 17:42:43.361,0.00,0.47,0.00,0.80,0.00,1.00,1.00,999.00,0.00,12.09,69.35,60.84,3.70,45.40,-0.21,0.05,17.00,10.00,0.00,0.00,0.00
19461.00,2019-06-30 17:42:43.461,0.00,0.47,0.00,0.80,0.00,1.00,1.00,999.00,0.00,12.11,69.38,60.84,3.67,45.40,-0.22,0.09,17.00,10.00,0.00,0.00,0.00
19561.00,2019-06-30 17:42:43.561,0.00,0.47,0.00,0.80,0.00,1.00,1.00,999.00,0.00,12.09,69.38,60.76,3.67,45.38,-0.21,0.09,17.00,10.00,0.00,0.00,0.00
19661.00,2019-06-30 17:42:43.661,0.00,0.47,0.00,0.80,0.00,1.00,1.00,999.00,0.00,12.11,69.40,60.76,3.88,45.38,-0.21,0.09,17.00,10.00,0.00,0.00,0.00
19761.00,2019-06-30 17:42:43.761,0.00,0.47,0.00,0.80,0.00,1.00,1.00,999.00,0.00,12.09,69.40,60.84,3.88,45.38,-0.21,0.09,17.00,10.00,0.00,0.00,0.00
19861.00,2019-06-30 17:42:43.861,0.00,0.47,0.00,0.80,0.00,1.00,1.00,999.00,0.00,12.12,69.40,60.84,3.88,45.38,-0.21,0.09,17.00,10.00,0.00,0.00,0.00
19961.00,2019-06-30 17:42:43.961,0.00,0.47,0.00,0.80,0.00,1.00,1.00,999.00,0.00,12.10,69.33,60.84,3.93,45.30,-0.20,0.09,17.00,10.00,0.00,0.00,0.00
20061.00,2019-06-30 17:42:44.061,0.00,0.47,0.00,0.80,0.00,1.00,1.00,999.00,0.00,12.09,69.33,60.81,3.93,45.30,-0.21,0.09,17.00,10.00,0.00,0.00,0.00
20161.00,2019-06-30 17:42:44.161,0.00,0.47,0.00,0.80,0.00,1.00,1.00,999.00,0.00,12.11,69.33,60.81,3.93,45.30,-0.22,0.09,17.00,10.00,0.00,0.00,0.00
20261.00,2019-06-30 17:42:44.261,0.00,0.47,0.00,0.80,0.00,1.00,1.00,999.00,0.00,12.12,69.31,60.83,4.16,45.30,-0.21,0.09,17.00,10.00,0.00,0.00,0.00
20361.00,2019-06-30 17:42:44.361,0.00,0.47,0.00,0.80,0.00,1.00,1.00,999.00,0.00,12.12,69.31,60.83,4.16,45.26,-0.21,0.09,17.00,10.00,0.00,0.00,0.00
20461.00,2019-06-30 17:42:44.461,0.00,0.47,0.00,0.80,0.00,1.00,1.00,999.00,0.00,12.09,69.36,60.83,4.33,45.26,-0.22,0.09,17.00,10.00,0.00,0.00,0.00
20561.00,2019-06-30 17:42:44.561,0.00,0.47,0.00,0.80,0.00,1.00,1.00,999.00,0.00,12.10,69.36,60.84,4.33,45.26,-0.22,0.09,17.00,10.00,0.00,0.00,0.00
20661.00,2019-06-30 17:42:44.661,0.00,0.47,0.00,0.80,0.00,1.00,1.00,999.00,0.00,12.12,69.36,60.84,4.33,45.26,-0.21,0.09,17.00,10.00,0.00,0.00,0.00
20761.00,2019-06-30 17:42:44.761,0.00,0.47,0.00,0.80,0.00,1.00,1.00,999.00,0.00,12.12,69.34,60.81,4.40,45.40,-0.22,0.09,17.00,10.00,0.00,0.00,0.00
20861.00,2019-06-30 17:42:44.861,0.00,0.47,0.00,0.80,0.00,1.00,1.00,999.00,0.00,12.10,69.34,60.81,4.40,45.40,-0.20,0.05,17.00,10.00,0.00,0.00,0.00
20961.00,2019-06-30 17:42:44.961,0.00,0.47,0.00,0.80,0.00,1.00,1.00,999.00,0.00,12.11,69.36,60.81,4.59,45.40,-0.20,0.07,17.00,10.00,0.00,0.00,0.00
21061.00,2019-06-30 17:42:45.061,0.00,0.47,0.00,0.80,0.00,1.00,1.00,999.00,0.00,12.11,69.36,60.74,4.59,45.40,-0.20,0.09,17.00,10.00,0.00,0.00,0.00
21161.00,2019-06-30 17:42:45.161,0.00,0.47,0.00,0.80,0.00,1.00,1.00,999.00,0.00,12.11,69.36,60.74,4.59,45.24,-0.20,0.10,17.00,10.00,0.00,0.00,0.00
21261.00,2019-06-30 17:42:45.261,0.00,0.47,0.00,0.80,0.00,1.00,1.00,999.00,0.00,12.09,69.36,60.84,4.62,45.24,-0.22,0.09,17.00,10.00,0.00,0.00,0.00
21361.00,2019-06-30 17:42:45.361,0.00,0.47,0.00,1.51,0.00,1.00,1.00,999.00,0.00,12.11,69.36,60.84,4.62,45.24,-0.21,0.09,17.00,10.00,0.00,0.00,0.00
21461.00,2019-06-30 17:42:45.461,0.00,0.47,0.00,1.51,0.00,1.00,1.00,999.00,0.00,12.11,69.36,60.84,4.62,45.24,-0.21,0.10,17.00,10.00,0.00,0.00,0.00
21561.00,2019-06-30 17:42:45.561,0.00,0.47,0.00,1.51,0.00,1.00,1.00,999.00,0.00,11.99,69.38,60.80,4.85,45.21,-0.21,0.09,17.00,10.00,0.00,0.00,0.00
21661.00,2019-06-30 17:42:45.661,0.00,0.47,0.00,1.51,0.00,1.00,1.00,999.00,0.00,12.06,69.38,60.80,4.85,45.21,-0.23,0.09,17.00,10.00,0.00,0.00,0.00
21761.00,2019-06-30 17:42:45.761,0.00,0.47,0.00,1.51,0.00,1.00,1.00,999.00,0.00,12.09,69.36,60.78,4.85,45.21,-0.21,0.09,17.00,10.00,0.00,0.00,0.00
21861.00,2019-06-30 17:42:45.861,0.00,0.47,0.00,1.51,0.00,1.00,1.00,999.00,0.00,11.98,69.36,60.78,4.85,45.21,-0.19,0.09,17.00,10.00,0.00,0.00,0.00
21961.00,2019-06-30 17:42:45.961,0.00,0.47,0.00,1.51,0.00,1.00,1.00,999.00,0.00,12.09,69.36,60.78,4.85,45.27,-0.23,0.10,17.00,10.00,0.00,0.00,0.00
22061.00,2019-06-30 17:42:46.061,0.00,0.47,0.00,1.51,0.00,1.00,1.00,999.00,0.00,12.09,69.27,60.78,4.93,45.27,-0.21,0.06,17.00,10.00,0.00,0.00,0.00
22161.00,2019-06-30 17:42:46.161,0.00,0.47,0.00,1.51,0.00,1.00,1.00,999.00,0.00,11.93,69.27,60.78,4.93,45.27,-0.21,0.08,17.00,10.00,0.00,0.00,0.00
22261.00,2019-06-30 17:42:46.261,0.00,0.47,0.00,1.51,0.00,1.00,1.00,999.00,0.00,12.10,69.42,60.78,5.11,45.27,-0.20,0.09,17.00,10.00,0.00,0.00,0.00
22361.00,2019-06-30 17:42:46.361,0.00,0.47,0.00,1.51,0.00,1.00,1.00,999.00,0.00,12.10,69.42,60.78,5.11,45.17,-0.21,0.09,17.00,10.00,0.00,0.00,0.00
22461.00,2019-06-30 17:42:46.461,0.00,0.47,0.00,1.51,0.00,1.00,1.00,999.00,0.00,11.94,69.42,60.78,5.11,45.17,-0.22,0.09,17.00,10.00,0.00,0.00,0.00
22561.00,2019-06-30 17:42:46.561,0.00,0.47,0.00,1.51,0.00,1.00,1.00,999.00,0.00,12.09,69.31,60.80,5.27,45.17,-0.21,0.09,17.00,10.00,0.00,0.00,0.00
22661.00,2019-06-30 17:42:46.661,0.00,0.47,0.00,1.51,0.00,1.00,1.00,999.00,0.00,12.07,69.31,60.80,5.27,45.17,-0.22,0.08,17.00,10.00,0.00,0.00,0.00
22761.00,2019-06-30 17:42:46.761,0.00,0.47,0.00,1.51,0.00,1.00,1.00,999.00,0.00,11.97,69.31,60.85,5.27,45.20,-0.22,0.09,17.00,10.00,0.00,0.00,0.00
22861.00,2019-06-30 17:42:46.861,0.00,0.47,0.00,1.51,0.00,1.00,1.00,999.00,0.00,12.06,69.33,60.85,5.28,45.20,-0.20,0.09,17.00,10.00,0.00,0.00,0.00
22961.00,2019-06-30 17:42:46.961,0.00,0.47,0.00,1.51,0.00,1.00,1.00,999.00,0.00,12.08,69.33,60.85,5.28,45.20,-0.22,0.09,17.00,10.00,0.00,0.00,0.00
23061.00,2019-06-30 17:42:47.061,0.00,0.47,0.00,1.51,0.00,1.00,1.00,999.00,0.00,11.97,69.33,60.76,5.41,45.20,-0.18,0.08,17.00,10.00,0.00,0.00,0.00
23161.00,2019-06-30 17:42:47.161,0.00,0.47,0.00,1.51,0.00,1.00,1.00,999.00,0.00,12.07,69.33,60.76,5.41,45.21,-0.23,0.07,17.00,10.00,0.00,0.00,0.00
23261.00,2019-06-30 17:42:47.261,0.00,0.47,0.00,1.51,0.00,1.00,1.00,999.00,0.00,12.08,69.33,60.80,5.41,45.21,-0.21,0.06,17.00,10.00,0.00,0.00,0.00
23361.00,2019-06-30 17:42:47.361,0.00,0.47,0.00,1.51,0.00,1.00,1.00,999.00,0.00,11.92,69.38,60.80,5.41,45.21,-0.20,0.08,17.00,10.00,0.00,0.00,0.00
23461.00,2019-06-30 17:42:47.461,0.00,0.47,0.00,1.51,0.00,1.00,1.00,999.00,0.00,12.08,69.38,60.80,5.41,45.21,-0.20,0.10,17.00,10.00,0.00,0.00,0.00
23561.00,2019-06-30 17:42:47.561,0.00,0.47,0.00,1.51,0.00,1.00,1.00,999.00,0.00,12.09,69.31,60.86,5.63,45.19,-0.20,0.09,17.00,10.00,0.00,0.00,0.00
23661.00,2019-06-30 17:42:47.661,0.00,0.47,0.00,1.51,0.00,1.00,1.00,999.00,0.00,11.91,69.31,60.86,5.63,45.19,-0.22,0.09,17.00,10.00,0.00,0.00,0.00
23761.00,2019-06-30 17:42:47.761,0.00,0.47,0.00,1.51,0.00,1.00,1.00,999.00,0.00,12.10,69.31,60.81,5.63,45.19,-0.22,0.09,17.00,10.00,0.00,0.00,0.00
23861.00,2019-06-30 17:42:47.861,0.00,0.47,0.00,1.51,0.00,1.00,1.00,999.00,0.00,12.05,69.40,60.81,5.76,45.19,-0.23,0.09,17.00,10.00,0.00,0.00,0.00
23961.00,2019-06-30 17:42:47.961,0.00,0.47,0.00,1.51,0.00,1.00,1.00,999.00,0.00,11.93,69.40,60.81,5.76,45.22,-0.21,0.09,17.00,10.00,0.00,0.00,0.00
24061.00,2019-06-30 17:42:48.061,0.00,0.47,0.00,1.51,0.00,1.00,1.00,999.00,0.00,12.05,69.40,60.91,5.76,45.22,-0.19,0.08,17.00,10.00,0.00,0.00,0.00
24161.00,2019-06-30 17:42:48.161,0.00,0.47,0.00,1.51,0.00,1.00,1.00,999.00,0.00,12.08,69.33,60.91,5.84,45.22,-0.22,0.09,17.00,10.00,0.00,0.00,0.00
24261.00,2019-06-30 17:42:48.261,0.00,0.47,0.00,1.51,0.00,1.00,1.00,999.00,0.00,11.97,69.33,60.83,5.84,45.22,-0.19,0.09,17.00,10.00,0.00,0.00,0.00
24361.00,2019-06-30 17:42:48.361,0.00,0.47,0.00,1.51,0.00,1.00,1.00,999.00,0.00,12.04,69.30,60.83,5.91,45.16,-0.22,0.09,17.00,10.00,0.00,0.00,0.00
24461.00,2019-06-30 17:42:48.461,0.00,0.47,0.00,1.51,0.00,1.00,1.00,999.00,0.00,12.09,69.30,60.83,5.91,45.16,-0.21,0.09,17.00,10.00,0.00,0.00,0.00
24561.00,2019-06-30 17:42:48.561,0.00,0.47,0.00,1.51,0.00,1.00,1.00,999.00,0.00,11.87,69.30,60.79,5.91,45.16,-0.20,0.09,17.00,10.00,0.00,0.00,0.00
24661.00,2019-06-30 17:42:48.661,0.00,0.47,0.00,1.51,0.00,1.00,1.00,999.00,0.00,12.07,69.35,60.79,5.95,45.16,-0.21,0.09,17.00,10.00,0.00,0.00,0.00
24761.00,2019-06-30 17:42:48.761,0.00,0.47,0.00,1.51,0.00,1.00,1.00,999.00,0.00,12.08,69.35,60.81,5.95,45.26,-0.20,0.10,17.00,10.00,0.00,0.00,0.00
24861.00,2019-06-30 17:42:48.861,0.00,0.47,0.00,1.51,0.00,1.00,1.00,999.00,0.00,11.85,69.38,60.81,6.06,45.26,-0.25,0.09,17.00,10.00,0.00,0.00,0.00
24961.00,2019-06-30 17:42:48.961,0.00,0.47,0.00,1.51,0.00,1.00,1.00,999.00,0.00,12.08,69.38,60.81,6.06,45.26,-0.21,0.09,17.00,10.00,0.00,0.00,0.00
25061.00,2019-06-30 17:42:49.061,0.00,0.47,0.00,1.51,0.00,1.00,1.00,999.00,0.00,12.06,69.38,60.81,6.06,45.26,-0.20,0.09,17.00,10.00,0.00,0.00,0.00
25161.00,2019-06-30 17:42:49.161,0.00,0.47,0.00,1.51,0.00,1.00,1.00,999.00,0.00,11.93,69.40,60.81,6.17,45.08,-0.22,0.09,17.00,10.00,0.00,0.00,0.00
25261.00,2019-06-30 17:42:49.261,0.00,0.47,0.00,1.51,0.00,1.00,1.00,999.00,0.00,12.06,69.40,60.78,6.17,45.08,-0.20,0.09,17.00,10.00,0.00,0.00,0.00
25361.00,2019-06-30 17:42:49.361,0.00,0.47,0.00,1.51,0.00,1.00,1.00,999.00,0.00,12.06,69.40,60.78,6.17,45.08,-0.21,0.09,17.00,10.00,0.00,0.00,0.00
25461.00,2019-06-30 17:42:49.461,0.00,0.47,0.00,1.51,0.00,1.00,1.00,999.00,0.00,11.96,69.33,60.78,6.27,45.08,-0.19,0.09,17.00,10.00,0.00,0.00,0.00
25561.00,2019-06-30 17:42:49.561,0.00,0.47,0.00,1.51,0.00,1.00,1.00,999.00,0.00,12.05,69.33,60.85,6.27,45.08,-0.22,0.09,17.00,10.00,0.00,0.00,0.00
25661.00,2019-06-30 17:42:49.661,0.00,0.47,0.00,1.51,0.00,1.00,1.00,999.00,0.00,12.09,69.33,60.85,6.42,45.08,-0.22,0.09,17.00,10.00,0.00,0.00,0.00
25761.00,2019-06-30 17:42:49.761,0.00,0.47,0.00,1.51,0.00,1.00,1.00,999.00,0.00,11.93,69.33,60.86,6.42,45.08,-0.21,0.09,17.00,10.00,0.00,0.00,0.00
25861.00,2019-06-30 17:42:49.861,0.00,0.47,0.00,1.51,0.00,1.00,1.00,999.00,0.00,12.08,69.33,60.86,6.42,45.08,-0.21,0.05,17.00,10.00,0.00,0.00,0.00
25961.00,2019-06-30 17:42:49.961,0.00,0.47,0.00,1.51,0.00,1.00,1.00,999.00,0.00,12.07,69.31,60.86,6.52,45.13,-0.20,0.07,17.00,10.00,0.00,0.00,0.00
26061.00,2019-06-30 17:42:50.061,0.00,0.47,0.00,1.51,0.00,1.00,1.00,999.00,0.00,11.93,69.31,60.80,6.52,45.13,-0.23,0.09,17.00,10.00,0.00,0.00,0.00
26161.00,2019-06-30 17:42:50.161,0.00,0.47,0.00,1.51,0.00,1.00,1.00,999.00,0.00,12.09,69.26,60.80,6.54,45.13,-0.22,0.09,17.00,10.00,0.00,0.00,0.00
26261.00,2019-06-30 17:42:50.261,0.00,0.47,0.00,1.51,0.00,1.00,1.00,999.00,0.00,12.06,69.26,60.84,6.54,45.13,-0.21,0.09,17.00,10.00,0.00,0.00,0.00
26361.00,2019-06-30 17:42:50.361,0.00,0.47,0.00,1.51,0.00,1.00,1.00,999.00,0.00,11.95,69.26,60.84,6.54,45.06,-0.21,0.09,17.00,10.00,0.00,0.00,0.00
26461.00,2019-06-30 17:42:50.461,0.00,0.47,0.00,1.51,0.00,1.00,1.00,999.00,0.00,12.07,69.29,60.84,6.64,45.06,-0.20,0.09,17.00,10.00,0.00,0.00,0.00
26561.00,2019-06-30 17:42:50.561,0.00,0.47,0.00,1.51,0.00,1.00,1.00,999.00,0.00,12.06,69.29,60.81,6.64,45.06,-0.22,0.09,17.00,10.00,0.00,0.00,0.00
26661.00,2019-06-30 17:42:50.661,0.00,0.47,0.00,1.51,0.00,1.00,1.00,999.00,0.00,11.96,69.29,60.81,6.64,45.06,-0.19,0.09,17.00,10.00,0.00,0.00,0.00
26761.00,2019-06-30 17:42:50.761,0.00,0.47,0.00,1.51,0.00,1.00,1.00,999.00,0.00,12.05,69.26,60.85,6.69,45.03,-0.22,0.09,17.00,10.00,0.00,0.00,0.00
26861.00,2019-06-30 17:42:50.861,0.00,0.47,0.00,1.51,0.00,1.00,1.00,999.00,0.00,12.09,69.26,60.85,6.69,45.03,-0.22,0.09,17.00,10.00,0.00,0.00,0.00
26961.00,2019-06-30 17:42:50.961,0.00,0.47,0.00,1.51,0.00,1.00,1.00,999.00,0.00,11.93,69.26,60.85,6.79,45.03,-0.20,0.10,17.00,10.00,0.00,0.00,0.00
27061.00,2019-06-30 17:42:51.061,0.00,0.47,0.00,1.51,0.00,1.00,1.00,999.00,0.00,12.08,69.26,60.80,6.79,45.03,-0.22,0.09,17.00,10.00,0.00,0.00,0.00
27161.00,2019-06-30 17:42:51.161,0.00,0.47,0.00,1.51,0.00,1.00,1.00,999.00,0.00,12.08,69.26,60.80,6.79,45.03,-0.21,0.10,17.00,10.00,0.00,0.00,0.00
27261.00,2019-06-30 17:42:51.261,0.00,0.47,0.00,1.51,0.00,1.00,1.00,999.00,0.00,11.93,69.40,60.83,6.86,45.03,-0.23,0.09,17.00,10.00,0.00,0.00,0.00
27361.00,2019-06-30 17:42:51.361,0.00,0.47,0.00,1.51,0.00,1.00,1.00,999.00,0.00,12.09,69.40,60.83,6.86,45.03,-0.21,0.09,17.00,10.00,0.00,0.00,0.00
27461.00,2019-06-30 17:42:51.461,0.00,0.47,0.00,1.51,0.00,1.00,1.00,999.00,0.00,12.06,69.29,60.83,6.94,45.03,-0.21,0.09,17.00,10.00,0.00,0.00,0.00
27561.00,2019-06-30 17:42:51.561,0.00,0.47,0.00,1.51,0.00,1.00,1.00,999.00,0.00,11.95,69.29,60.85,6.94,45.01,-0.23,0.09,17.00,10.00,0.00,0.00,0.00
27661.00,2019-06-30 17:42:51.661,0.00,0.47,0.00,1.51,0.00,1.00,1.00,999.00,0.00,12.07,69.29,60.85,6.94,45.01,-0.20,0.09,17.00,10.00,0.00,0.00,0.00
27761.00,2019-06-30 17:42:51.761,0.00,0.47,0.00,1.51,0.00,1.00,1.00,999.00,0.00,12.07,69.34,60.76,7.01,45.01,-0.24,0.09,17.00,10.00,0.00,0.00,0.00
27861.00,2019-06-30 17:42:51.861,0.00,0.47,0.00,1.51,0.00,1.00,1.00,999.00,0.00,11.96,69.34,60.76,7.01,45.01,-0.19,0.09,17.00,10.00,0.00,0.00,0.00
27961.00,2019-06-30 17:42:51.961,0.00,0.47,0.00,1.51,0.00,1.00,1.00,999.00,0.00,12.05,69.34,60.76,7.01,44.93,-0.23,0.09,17.00,10.00,0.00,0.00,0.00
28061.00,2019-06-30 17:42:52.061,0.00,0.47,0.00,1.51,0.00,1.00,1.00,999.00,0.00,12.09,69.28,60.74,7.16,44.93,-0.21,0.09,17.00,10.00,0.00,0.00,0.00
28161.00,2019-06-30 17:42:52.161,0.00,0.47,0.00,1.51,0.00,1.00,1.00,999.00,0.00,11.93,69.28,60.74,7.16,44.93,-0.21,0.09,17.00,10.00,0.00,0.00,0.00
28261.00,2019-06-30 17:42:52.261,0.00,0.47,0.00,1.51,0.00,1.00,1.00,999.00,0.00,12.07,69.27,60.74,7.20,44.93,-0.21,0.09,17.00,10.00,0.00,0.00,0.00
28361.00,2019-06-30 17:42:52.361,0.00,0.47,0.00,1.51,0.00,1.00,1.00,999.00,0.00,12.08,69.27,60.74,7.20,44.92,-0.19,0.09,17.00,10.00,0.00,0.00,0.00
28461.00,2019-06-30 17:42:52.461,0.00,0.47,0.00,1.51,0.00,1.00,1.00,999.00,0.00,11.92,69.27,60.74,7.20,44.92,-0.23,0.09,17.00,10.00,0.00,0.00,0.00
28561.00,2019-06-30 17:42:52.561,0.00,0.47,0.00,1.51,0.00,1.00,1.00,999.00,0.00,12.09,69.33,60.71,7.25,44.92,-0.20,0.09,17.00,10.00,0.00,0.00,0.00
28661.00,2019-06-30 17:42:52.661,0.00,0.47,0.00,1.51,0.00,1.00,1.00,999.00,0.00,12.06,69.33,60.71,7.25,44.92,-0.21,0.09,17.00,10.00,0.00,0.00,0.00
28761.00,2019-06-30 17:42:52.761,0.00,0.47,0.00,1.51,0.00,1.00,1.00,999.00,0.00,11.95,69.22,60.63,7.31,44.97,-0.22,0.09,17.00,10.00,0.00,0.00,0.00
28861.00,2019-06-30 17:42:52.861,0.00,0.47,0.00,1.51,0.00,1.00,1.00,999.00,0.00,12.07,69.22,60.63,7.31,44.97,-0.20,0.09,17.00,10.00,0.00,0.00,0.00
28961.00,2019-06-30 17:42:52.961,0.00,0.47,0.00,1.51,0.00,1.00,1.00,999.00,0.00,12.07,69.22,60.63,7.31,44.97,-0.20,0.09,17.00,10.00,0.00,0.00,0.00
29061.00,2019-06-30 17:42:53.061,0.00,0.47,0.00,1.51,0.00,1.00,1.00,999.00,0.00,11.96,69.29,60.72,7.50,44.97,-0.21,0.09,17.00,10.00,0.00,0.00,0.00
29161.00,2019-06-30 17:42:53.161,0.00,0.47,0.00,1.51,0.00,1.00,1.00,999.00,0.00,12.05,69.29,60.72,7.50,44.92,-0.24,0.09,17.00,10.00,0.00,0.00,0.00
29261.00,2019-06-30 17:42:53.261,0.00,0.47,0.00,1.51,0.00,1.00,1.00,999.00,0.00,12.09,69.29,60.67,7.50,44.92,-0.22,0.10,17.00,10.00,0.00,0.00,0.00
29361.00,2019-06-30 17:42:53.361,0.00,0.47,0.00,1.51,0.00,1.00,1.00,999.00,0.00,11.93,69.29,60.67,7.56,44.92,-0.20,0.10,17.00,10.00,0.00,0.00,0.00
29461.00,2019-06-30 17:42:53.461,0.00,0.47,0.00,1.51,0.00,1.00,1.00,999.00,0.00,12.08,69.29,60.67,7.56,44.92,-0.22,0.09,17.00,10.00,0.00,0.00,0.00
29561.00,2019-06-30 17:42:53.561,0.00,0.47,0.00,1.51,0.00,1.00,1.00,999.00,0.00,12.08,69.27,60.69,7.59,44.84,-0.20,0.10,17.00,10.00,0.00,0.00,0.00
29661.00,2019-06-30 17:42:53.661,0.00,0.47,0.00,1.51,0.00,1.00,1.00,999.00,0.00,11.93,69.27,60.69,7.59,44.84,-0.22,0.09,17.00,10.00,0.00,0.00,0.00
29761.00,2019-06-30 17:42:53.761,0.00,0.47,0.00,1.51,0.00,1.00,1.00,999.00,0.00,12.09,69.27,60.72,7.59,44.84,-0.20,0.09,17.00,10.00,0.00,0.00,0.00
29861.00,2019-06-30 17:42:53.861,0.00,0.47,0.00,1.51,0.00,1.00,1.00,999.00,0.00,12.06,69.20,60.72,7.72,44.84,-0.21,0.09,17.00,10.00,0.00,0.00,0.00
29961.00,2019-06-30 17:42:53.961,0.00,0.47,0.00,1.51,0.00,1.00,1.00,999.00,0.00,11.95,69.20,60.72,7.72,44.87,-0.21,0.09,17.00,10.00,0.00,0.00,0.00
30061.00,2019-06-30 17:42:54.061,0.00,0.47,0.00,1.51,0.00,1.00,1.00,999.00,0.00,11.91,69.31,60.77,7.76,44.87,-0.20,0.09,17.00,10.00,0.00,0.00,0.00
30161.00,2019-06-30 17:42:54.161,0.00,0.47,0.00,1.51,0.00,1.00,1.00,999.00,0.00,12.09,69.31,60.77,7.76,44.87,-0.22,0.09,17.00,10.00,0.00,0.00,0.00
30261.00,2019-06-30 17:42:54.261,0.00,0.47,0.00,1.51,0.00,1.00,1.00,999.00,0.00,12.06,69.31,60.78,7.76,44.87,-0.20,0.09,17.00,10.00,0.00,0.00,0.00
30361.00,2019-06-30 17:42:54.361,0.00,0.47,0.00,1.51,0.00,1.00,1.00,999.00,0.00,12.07,69.31,60.78,7.89,44.88,-0.23,0.09,17.00,10.00,0.00,0.00,0.00
30461.00,2019-06-30 17:42:54.461,0.00,0.47,0.00,1.51,0.00,1.00,1.00,999.00,0.00,12.07,69.31,60.78,7.89,44.88,-0.22,0.09,17.00,10.00,0.00,0.00,0.00
30561.00,2019-06-30 17:42:54.561,0.00,0.47,0.00,1.51,0.00,1.00,1.00,999.00,0.00,12.06,69.31,60.73,7.89,44.88,-0.21,0.06,17.00,10.00,0.00,0.00,0.00
30661.00,2019-06-30 17:42:54.661,0.00,0.47,0.00,1.51,0.00,1.00,1.00,999.00,0.00,11.96,69.28,60.73,7.87,44.88,-0.21,0.09,17.00,10.00,0.00,0.00,0.00
30761.00,2019-06-30 17:42:54.761,0.00,0.47,0.00,1.51,0.00,1.00,1.00,999.00,0.00,12.06,69.28,60.74,7.87,44.85,-0.20,0.09,17.00,10.00,0.00,0.00,0.00
30861.00,2019-06-30 17:42:54.861,0.00,0.47,0.00,1.51,0.00,1.00,1.00,999.00,0.00,11.93,69.30,60.74,7.91,44.85,-0.23,0.09,17.00,10.00,0.00,0.00,0.00
30961.00,2019-06-30 17:42:54.961,0.00,0.47,0.00,1.51,0.00,1.00,1.00,999.00,0.00,12.08,69.30,60.74,7.91,44.85,-0.21,0.09,17.00,10.00,0.00,0.00,0.00
31061.00,2019-06-30 17:42:55.061,0.00,0.47,0.00,1.51,0.00,1.00,1.00,999.00,0.00,12.08,69.30,60.71,7.91,44.85,-0.23,0.10,17.00,10.00,0.00,0.00,0.00
31161.00,2019-06-30 17:42:55.161,0.00,0.47,0.00,1.51,0.00,1.00,1.00,999.00,0.00,11.93,69.29,60.71,7.98,44.82,-0.21,0.09,17.00,10.00,0.00,0.00,0.00
31261.00,2019-06-30 17:42:55.261,0.00,0.47,0.00,1.51,0.00,1.00,1.00,999.00,0.00,11.91,69.29,60.72,7.98,44.82,-0.21,0.09,17.00,10.00,0.00,0.00,0.00
31361.00,2019-06-30 17:42:55.361,0.00,0.47,0.00,1.51,0.00,1.00,1.00,999.00,0.00,12.09,69.20,60.72,8.00,44.82,-0.21,0.09,17.00,10.00,0.00,0.00,0.00
31461.00,2019-06-30 17:42:55.461,0.00,0.47,0.00,1.51,0.00,1.00,1.00,999.00,0.00,12.07,69.20,60.72,8.00,44.82,-0.20,0.09,17.00,10.00,0.00,0.00,0.00
31561.00,2019-06-30 17:42:55.561,0.00,0.47,0.00,1.51,0.00,1.00,1.00,999.00,0.00,12.07,69.20,60.73,8.00,44.85,-0.22,0.08,17.00,10.00,0.00,0.00,0.00
31661.00,2019-06-30 17:42:55.661,0.00,0.47,0.00,1.51,0.00,1.00,1.00,999.00,0.00,12.07,69.24,60.73,8.11,44.85,-0.20,0.09,17.00,10.00,0.00,0.00,0.00
31761.00,2019-06-30 17:42:55.761,0.00,0.47,0.00,1.51,0.00,1.00,1.00,999.00,0.00,11.96,69.24,60.76,8.11,44.85,-0.21,0.09,17.00,10.00,0.00,0.00,0.00
31861.00,2019-06-30 17:42:55.861,0.00,0.47,0.00,1.51,0.00,1.00,1.00,999.00,0.00,11.96,69.24,60.76,8.11,44.85,-0.22,0.09,17.00,10.00,0.00,0.00,0.00
31961.00,2019-06-30 17:42:55.961,0.00,0.47,0.00,1.51,0.00,1.00,1.00,999.00,0.00,12.06,69.26,60.76,8.23,44.75,-0.20,0.09,17.00,10.00,0.00,0.00,0.00
32061.00,2019-06-30 17:42:56.061,0.00,0.47,0.00,1.51,0.00,1.00,1.00,999.00,0.00,12.08,69.26,60.72,8.23,44.75,-0.22,0.09,17.00,10.00,0.00,0.00,0.00
32161.00,2019-06-30 17:42:56.161,0.00,0.47,0.00,1.51,0.00,1.00,1.00,999.00,0.00,11.94,69.29,60.72,8.28,44.75,-0.22,0.09,17.00,10.00,0.00,0.00,0.00
32261.00,2019-06-30 17:42:56.261,0.00,0.47,0.00,1.51,0.00,1.00,1.00,999.00,0.00,12.06,69.29,60.73,8.28,44.75,-0.23,0.09,17.00,10.00,0.00,0.00,0.00
32361.00,2019-06-30 17:42:56.361,0.00,0.47,0.00,1.51,0.00,1.00,1.00,999.00,0.00,12.09,69.29,60.73,8.28,44.80,-0.21,0.10,17.00,10.00,0.00,0.00,0.00
32461.00,2019-06-30 17:42:56.461,0.00,0.47,0.00,1.51,0.00,1.00,1.00,999.00,0.00,11.92,69.28,60.73,8.38,44.80,-0.20,0.09,17.00,10.00,0.00,0.00,0.00
32561.00,2019-06-30 17:42:56.561,0.00,0.47,0.00,1.51,0.00,1.00,1.00,999.00,0.00,12.09,69.28,60.70,8.38,44.80,-0.22,0.09,17.00,10.00,0.00,0.00,0.00
32661.00,2019-06-30 17:42:56.661,0.00,0.47,0.00,1.51,0.00,1.00,1.00,999.00,0.00,12.06,69.19,60.70,8.52,44.80,-0.20,0.09,17.00,10.00,0.00,0.00,0.00
32761.00,2019-06-30 17:42:56.761,0.00,0.47,0.00,1.51,0.00,1.00,1.00,999.00,0.00,11.95,69.19,60.65,8.52,44.82,-0.22,0.08,17.00,10.00,0.00,0.00,0.00
32861.00,2019-06-30 17:42:56.861,0.00,0.47,0.00,1.51,0.00,1.00,1.00,999.00,0.00,12.07,69.19,60.65,8.52,44.82,-0.21,0.09,17.00,10.00,0.00,0.00,0.00
32961.00,2019-06-30 17:42:56.961,0.00,0.47,0.00,1.51,0.00,1.00,1.00,999.00,0.00,12.05,69.20,60.65,8.46,44.82,-0.21,0.09,17.00,10.00,0.00,0.00,0.00
33061.00,2019-06-30 17:42:57.061,0.00,0.47,0.00,1.51,0.00,1.00,1.00,999.00,0.00,12.05,69.20,60.73,8.46,44.82,-0.21,0.09,17.00,10.00,0.00,0.00,0.00
33161.00,2019-06-30 17:42:57.161,0.00,0.47,0.00,1.51,0.00,1.00,1.00,999.00,0.00,12.06,69.20,60.73,8.46,44.75,-0.19,0.09,17.00,10.00,0.00,0.00,0.00
33261.00,2019-06-30 17:42:57.261,0.00,0.47,0.00,1.51,0.00,1.00,1.00,999.00,0.00,11.93,69.30,60.69,8.54,44.75,-0.22,0.10,17.00,10.00,0.00,0.00,0.00
33361.00,2019-06-30 17:42:57.361,0.00,0.47,0.00,1.51,0.00,1.00,1.00,999.00,0.00,11.94,69.30,60.69,8.54,44.75,-0.21,0.09,17.00,10.00,0.00,0.00,0.00
33461.00,2019-06-30 17:42:57.461,0.00,0.47,0.00,1.51,0.00,1.00,1.00,999.00,0.00,12.08,69.26,60.69,8.66,44.75,-0.22,0.09,17.00,10.00,0.00,0.00,0.00
33561.00,2019-06-30 17:42:57.561,0.00,0.47,0.00,1.51,0.00,1.00,1.00,999.00,0.00,11.93,69.26,60.70,8.66,44.73,-0.21,0.09,17.00,10.00,0.00,0.00,0.00
33661.00,2019-06-30 17:42:57.661,0.00,0.47,0.00,1.51,0.00,1.00,1.00,999.00,0.00,12.09,69.26,60.70,8.66,44.73,-0.20,0.09,17.00,10.00,0.00,0.00,0.00
33761.00,2019-06-30 17:42:57.761,0.00,0.47,0.00,1.51,0.00,1.00,1.00,999.00,0.00,12.09,69.26,60.63,8.66,44.73,-0.22,0.09,17.00,10.00,0.00,0.00,0.00
33861.00,2019-06-30 17:42:57.861,0.00,0.47,0.00,1.51,0.00,1.00,1.00,999.00,0.00,12.06,69.26,60.63,8.66,44.73,-0.19,0.09,17.00,10.00,0.00,0.00,0.00
33961.00,2019-06-30 17:42:57.961,0.00,0.47,0.00,1.51,0.00,1.00,1.00,999.00,0.00,11.95,69.21,60.63,8.69,44.67,-0.23,0.08,17.00,10.00,0.00,0.00,0.00
34061.00,2019-06-30 17:42:58.061,0.00,0.47,0.00,1.51,0.00,1.00,1.00,999.00,0.00,12.07,69.21,60.65,8.69,44.67,-0.21,0.09,17.00,10.00,0.00,0.00,0.00
34161.00,2019-06-30 17:42:58.161,0.00,0.47,0.00,1.51,0.00,1.00,1.00,999.00,0.00,12.06,69.21,60.65,8.69,44.67,-0.21,0.09,17.00,10.00,0.00,0.00,0.00
34261.00,2019-06-30 17:42:58.261,0.00,0.47,0.00,1.51,0.00,1.00,1.00,999.00,0.00,11.96,69.20,60.67,8.74,44.67,-0.20,0.10,17.00,10.00,0.00,0.00,0.00
34361.00,2019-06-30 17:42:58.361,0.00,0.47,0.00,1.51,0.00,1.00,1.00,999.00,0.00,12.09,69.20,60.67,8.74,44.69,-0.20,0.09,17.00,10.00,0.00,0.00,0.00
34461.00,2019-06-30 17:42:58.461,0.00,0.47,0.00,1.51,0.00,1.00,1.00,999.00,0.00,11.93,69.20,60.67,8.74,44.69,-0.23,0.09,17.00,10.00,0.00,0.00,0.00
34561.00,2019-06-30 17:42:58.561,0.00,0.47,0.00,1.51,0.00,1.00,1.00,999.00,0.00,11.94,69.20,60.69,8.89,44.69,-0.22,0.09,17.00,10.00,0.00,0.00,0.00
34661.00,2019-06-30 17:42:58.661,0.00,0.47,0.00,1.51,0.00,1.00,1.00,999.00,0.00,12.07,69.20,60.69,8.89,44.69,-0.20,0.10,17.00,10.00,0.00,0.00,0.00
34761.00,2019-06-30 17:42:58.761,0.00,0.47,0.00,1.51,0.00,1.00,1.00,999.00,0.00,11.92,69.27,60.67,8.98,44.65,-0.21,0.08,17.00,10.00,0.00,0.00,0.00
34861.00,2019-06-30 17:42:58.861,0.00,0.47,0.00,1.51,0.00,1.00,1.00,999.00,0.00,12.09,69.27,60.67,8.98,44.65,-0.20,0.09,17.00,10.00,0.00,0.00,0.00
34961.00,2019-06-30 17:42:58.961,0.00,0.47,0.00,1.51,0.00,1.00,1.00,999.00,0.00,12.09,69.27,60.67,8.98,44.65,-0.22,0.09,17.00,10.00,0.00,0.00,0.00
35061.00,2019-06-30 17:42:59.061,0.00,0.47,0.00,1.51,0.00,1.00,1.00,999.00,0.00,12.06,69.24,60.58,8.94,44.65,-0.20,0.09,17.00,10.00,0.00,0.00,0.00
35161.00,2019-06-30 17:42:59.161,0.00,0.47,0.00,1.51,0.00,1.00,1.00,999.00,0.00,11.95,69.24,60.58,8.94,44.59,-0.21,0.09,17.00,10.00,0.00,0.00,0.00
35261.00,2019-06-30 17:42:59.261,0.00,0.47,0.00,1.51,0.00,1.00,1.00,999.00,0.00,12.08,69.23,60.67,8.96,44.59,-0.21,0.09,17.00,10.00,0.00,0.00,0.00
35361.00,2019-06-30 17:42:59.361,0.00,0.47,0.00,1.51,0.00,1.00,1.00,999.00,0.00,12.06,69.23,60.67,8.96,44.59,-0.20,0.08,17.00,10.00,0.00,0.00,0.00
35461.00,2019-06-30 17:42:59.461,0.00,0.47,0.00,1.51,0.00,1.00,1.00,999.00,0.00,11.96,69.23,60.67,8.96,44.59,-0.21,0.09,17.00,10.00,0.00,0.00,0.00
35561.00,2019-06-30 17:42:59.561,0.00,0.47,0.00,1.51,0.00,1.00,1.00,999.00,0.00,12.06,69.26,60.73,9.13,44.64,-0.20,0.09,17.00,10.00,0.00,0.00,0.00
35661.00,2019-06-30 17:42:59.661,0.00,0.47,0.00,1.51,0.00,1.00,1.00,999.00,0.00,11.93,69.26,60.73,9.13,44.64,-0.22,0.09,17.00,10.00,0.00,0.00,0.00
35761.00,2019-06-30 17:42:59.761,0.00,0.47,0.00,1.51,0.00,1.00,1.00,999.00,0.00,12.08,69.26,60.65,9.13,44.64,-0.21,0.09,17.00,10.00,0.00,0.00,0.00
35861.00,2019-06-30 17:42:59.861,0.00,0.47,0.00,1.51,0.00,1.00,1.00,999.00,0.00,12.06,69.23,60.65,9.15,44.64,-0.20,0.10,17.00,10.00,0.00,0.00,0.00
35961.00,2019-06-30 17:42:59.961,0.00,0.47,0.00,1.51,0.00,1.00,1.00,999.00,0.00,12.09,69.23,60.65,9.15,44.67,-0.23,0.09,17.00,10.00,0.00,0.00,0.00
36061.00,2019-06-30 17:43:00.061,0.00,0.47,0.00,1.51,0.00,1.00,1.00,999.00,0.00,11.92,69.21,60.69,9.13,44.67,-0.20,0.09,17.00,10.00,0.00,0.00,0.00
36161.00,2019-06-30 17:43:00.161,0.00,0.47,0.00,1.51,0.00,1.00,1.00,999.00,0.00,12.06,69.21,60.69,9.13,44.67,-0.22,0.09,17.00,10.00,0.00,0.00,0.00
36261.00,2019-06-30 17:43:00.261,0.00,0.47,0.00,1.51,0.00,1.00,1.00,999.00,0.00,11.95,69.21,60.64,9.13,44.67,-0.19,0.08,17.00,10.00,0.00,0.00,0.00
36361.00,2019-06-30 17:43:00.361,0.00,0.47,0.00,1.51,0.00,1.00,1.00,999.00,0.00,12.07,69.19,60.64,9.28,44.55,-0.22,0.09,17.00,10.00,0.00,0.00,0.00
36461.00,2019-06-30 17:43:00.461,0.00,0.47,0.00,1.51,0.00,1.00,1.00,999.00,0.00,12.07,69.19,60.64,9.28,44.55,-0.21,0.09,17.00,10.00,0.00,0.00,0.00
36561.00,2019-06-30 17:43:00.561,0.00,0.47,0.00,1.51,0.00,1.00,1.00,999.00,0.00,12.06,69.21,60.74,9.28,44.55,-0.21,0.09,17.00,10.00,0.00,0.00,0.00
36661.00,2019-06-30 17:43:00.661,0.00,0.47,0.00,1.51,0.00,1.00,1.00,999.00,0.00,11.96,69.21,60.74,9.28,44.55,-0.22,0.09,17.00,10.00,0.00,0.00,0.00
36761.00,2019-06-30 17:43:00.761,0.00,0.47,0.00,1.51,0.00,1.00,1.00,999.00,0.00,12.06,69.21,60.70,9.28,44.59,-0.19,0.09,17.00,10.00,0.00,0.00,0.00
36861.00,2019-06-30 17:43:00.861,0.00,0.47,0.00,1.51,0.00,1.00,1.00,999.00,0.00,12.09,69.21,60.70,9.44,44.59,-0.22,0.09,17.00,10.00,0.00,0.00,0.00
36961.00,2019-06-30 17:43:00.961,0.00,0.47,0.00,1.51,0.00,1.00,1.00,999.00,0.00,11.94,69.21,60.70,9.44,44.59,-0.22,0.09,17.00,10.00,0.00,0.00,0.00
37061.00,2019-06-30 17:43:01.061,0.00,0.47,0.00,1.51,0.00,1.00,1.00,999.00,0.00,12.08,69.21,60.77,9.44,44.59,-0.23,0.10,17.00,10.00,0.00,0.00,0.00
37161.00,2019-06-30 17:43:01.161,0.00,0.47,0.00,1.51,0.00,1.00,1.00,999.00,0.00,11.93,69.16,60.77,9.44,44.55,-0.20,0.09,17.00,10.00,0.00,0.00,0.00
37261.00,2019-06-30 17:43:01.261,0.00,0.47,0.00,1.51,0.00,1.00,1.00,999.00,0.00,12.09,69.16,60.72,9.44,44.55,-0.20,0.09,17.00,10.00,0.00,0.00,0.00
37361.00,2019-06-30 17:43:01.361,0.00,0.47,0.00,1.51,0.00,1.00,1.00,999.00,0.00,12.08,69.23,60.72,9.38,44.55,-0.22,0.09,17.00,10.00,0.00,0.00,0.00
37461.00,2019-06-30 17:43:01.461,0.00,0.47,0.00,1.51,0.00,1.00,1.00,999.00,0.00,12.06,69.23,60.72,9.38,44.55,-0.20,0.09,17.00,10.00,0.00,0.00,0.00
37561.00,2019-06-30 17:43:01.561,0.00,0.47,0.00,1.51,0.00,1.00,1.00,999.00,0.00,11.95,69.23,60.77,9.38,44.57,-0.24,0.09,17.00,10.00,0.00,0.00,0.00
37661.00,2019-06-30 17:43:01.661,0.00,0.47,0.00,1.51,0.00,1.00,1.00,999.00,0.00,12.07,69.22,60.77,9.55,44.57,-0.21,0.09,17.00,10.00,0.00,0.00,0.00
37761.00,2019-06-30 17:43:01.761,0.00,0.47,0.00,1.51,0.00,1.00,1.00,999.00,0.00,12.06,69.22,60.72,9.55,44.57,-0.21,0.09,17.00,10.00,0.00,0.00,0.00
37861.00,2019-06-30 17:43:01.861,0.00,0.47,0.00,1.51,0.00,1.00,1.00,999.00,0.00,12.05,69.27,60.72,9.54,44.57,-0.21,0.09,17.00,10.00,0.00,0.00,0.00
37961.00,2019-06-30 17:43:01.961,0.00,0.47,0.00,1.51,0.00,1.00,1.00,999.00,0.00,12.06,69.27,60.72,9.54,44.52,-0.20,0.09,17.00,10.00,0.00,0.00,0.00
38061.00,2019-06-30 17:43:02.061,0.00,0.47,0.00,1.51,0.00,1.00,1.00,999.00,0.00,12.08,69.27,60.70,9.54,44.52,-0.23,0.09,17.00,10.00,0.00,0.00,0.00
38161.00,2019-06-30 17:43:02.161,0.00,0.47,0.00,1.51,0.00,1.00,1.00,999.00,0.00,11.94,69.26,60.70,9.67,44.52,-0.21,0.09,17.00,10.00,0.00,0.00,0.00
38261.00,2019-06-30 17:43:02.261,0.00,0.47,0.00,1.51,0.00,1.00,1.00,999.00,0.00,12.09,69.26,60.70,9.67,44.52,-0.24,0.10,17.00,10.00,0.00,0.00,0.00
38361.00,2019-06-30 17:43:02.361,0.00,0.47,0.00,1.51,0.00,1.00,1.00,999.00,0.00,11.93,69.26,60.70,9.67,44.52,-0.22,0.09,17.00,10.00,0.00,0.00,0.00
38461.00,2019-06-30 17:43:02.461,0.00,0.47,0.00,1.51,0.00,1.00,1.00,999.00,0.00,11.92,69.24,60.70,9.77,44.52,-0.20,0.09,17.00,10.00,0.00,0.00,0.00
38561.00,2019-06-30 17:43:02.561,0.00,0.47,0.00,1.51,0.00,1.00,1.00,999.00,0.00,12.04,69.24,60.83,9.77,44.52,-0.20,0.09,17.00,10.00,0.00,0.00,0.00
38661.00,2019-06-30 17:43:02.661,0.00,0.47,0.00,1.51,0.00,1.00,1.00,999.00,0.00,11.96,69.24,60.83,9.74,44.52,-0.19,0.08,17.00,10.00,0.00,0.00,0.00
38761.00,2019-06-30 17:43:02.761,0.00,0.47,0.00,1.51,0.00,1.00,1.00,999.00,0.00,11.95,69.24,60.62,9.74,44.52,-0.22,0.09,17.00,10.00,0.00,0.00,0.00
38861.00,2019-06-30 17:43:02.861,0.00,0.47,0.00,1.51,0.00,1.00,1.00,999.00,0.00,12.07,69.24,60.62,9.74,44.52,-0.22,0.09,17.00,10.00,0.00,0.00,0.00
38961.00,2019-06-30 17:43:02.961,0.00,0.47,0.00,1.51,0.00,1.00,1.00,999.00,0.00,12.06,69.26,60.62,9.82,44.52,-0.21,0.09,17.00,10.00,0.00,0.00,0.00
39061.00,2019-06-30 17:43:03.061,0.00,0.47,0.00,1.51,0.00,1.00,1.00,999.00,0.00,12.05,69.26,60.71,9.82,44.52,-0.20,0.09,17.00,10.00,0.00,0.00,0.00
39161.00,2019-06-30 17:43:03.161,0.00,0.47,0.00,1.51,0.00,1.00,1.00,999.00,0.00,12.09,69.29,60.71,9.85,44.50,-0.19,0.09,17.00,10.00,0.00,0.00,0.00
39261.00,2019-06-30 17:43:03.261,0.00,0.47,0.00,1.51,0.00,1.00,1.00,999.00,0.00,12.08,69.29,60.73,9.85,44.50,-0.22,0.10,17.00,10.00,0.00,0.00,0.00
39361.00,2019-06-30 17:43:03.361,0.00,0.47,0.00,1.51,0.00,1.00,1.00,999.00,0.00,11.94,69.29,60.73,9.85,44.50,-0.20,0.09,17.00,10.00,0.00,0.00,0.00
39461.00,2019-06-30 17:43:03.461,0.00,0.47,0.00,1.51,0.00,1.00,1.00,999.00,0.00,12.09,69.16,60.73,9.94,44.50,-0.23,0.09,17.00,10.00,0.00,0.00,0.00
39561.00,2019-06-30 17:43:03.561,0.00,0.47,0.00,1.51,0.00,1.00,1.00,999.00,0.00,11.92,69.16,60.64,9.94,44.50,-0.20,0.09,17.00,10.00,0.00,0.00,0.00
39661.00,2019-06-30 17:43:03.661,0.00,0.47,0.00,1.51,0.00,1.00,1.00,999.00,0.00,11.92,69.16,60.64,9.94,44.50,-0.19,0.09,17.00,10.00,0.00,0.00,0.00
39761.00,2019-06-30 17:43:03.761,0.00,0.47,0.00,1.51,0.00,1.00,1.00,999.00,0.00,12.06,69.21,60.70,9.89,44.50,-0.22,0.09,17.00,10.00,0.00,0.00,0.00
39861.00,2019-06-30 17:43:03.861,0.00,0.47,0.00,1.51,0.00,1.00,1.00,999.00,0.00,12.07,69.21,60.70,9.89,44.50,-0.20,0.09,17.00,10.00,0.00,0.00,0.00
39961.00,2019-06-30 17:43:03.961,0.00,0.47,0.00,1.51,0.00,1.00,1.00,999.00,0.00,12.07,69.22,60.70,9.95,44.55,-0.22,0.09,17.00,10.00,0.00,0.00,0.00
40061.00,2019-06-30 17:43:04.061,0.00,0.47,0.00,1.51,0.00,1.00,1.00,999.00,0.00,12.09,69.22,60.71,9.95,44.55,-0.21,0.09,17.00,10.00,0.00,0.00,0.00
40161.00,2019-06-30 17:43:04.161,0.00,0.47,0.00,1.51,0.00,1.00,1.00,999.00,0.00,11.93,69.22,60.71,9.95,44.55,-0.21,0.09,17.00,10.00,0.00,0.00,0.00
40261.00,2019-06-30 17:43:04.261,0.00,0.47,0.00,1.51,0.00,1.00,1.00,999.00,0.00,12.07,69.23,60.67,10.02,44.55,-0.21,0.09,17.00,10.00,0.00,0.00,0.00
40361.00,2019-06-30 17:43:04.361,0.00,0.47,0.00,1.51,0.00,1.00,1.00,999.00,0.00,12.09,69.23,60.67,10.02,44.48,-0.20,0.10,17.00,10.00,0.00,0.00,0.00
40461.00,2019-06-30 17:43:04.461,0.00,0.47,0.00,1.51,0.00,1.00,1.00,999.00,0.00,11.93,69.27,60.67,10.04,44.48,-0.22,0.09,17.00,10.00,0.00,0.00,0.00
40561.00,2019-06-30 17:43:04.561,0.00,0.47,0.00,1.51,0.00,1.00,1.00,999.00,0.00,12.09,69.27,60.71,10.04,44.48,-0.22,0.09,17.00,10.00,0.00,0.00,0.00
40661.00,2019-06-30 17:43:04.661,0.00,0.47,0.00,1.51,0.00,1.00,1.00,999.00,0.00,12.05,69.27,60.71,10.04,44.48,-0.23,0.09,17.00,10.00,0.00,0.00,0.00
40761.00,2019-06-30 17:43:04.761,0.00,0.47,0.00,1.51,0.00,1.00,1.00,999.00,0.00,11.95,69.21,60.66,10.15,44.41,-0.21,0.08,17.00,10.00,0.00,0.00,0.00
40861.00,2019-06-30 17:43:04.861,0.00,0.47,0.00,1.51,1.00,1.00,1.00,999.00,0.00,12.03,69.21,60.66,10.15,44.41,-0.20,0.07,21.00,10.00,0.00,1.00,0.00
40961.00,2019-06-30 17:43:04.961,0.00,0.47,0.00,1.51,0.00,1.00,1.00,999.00,0.00,9.73,69.21,60.66,10.15,44.41,-0.34,0.11,17.00,10.00,0.00,0.00,0.00
41061.00,2019-06-30 17:43:05.061,0.00,0.47,0.00,1.51,1.00,1.00,1.00,999.00,0.00,10.82,69.17,60.72,10.22,44.41,-0.16,0.05,23.00,10.00,0.00,1.00,0.00
41161.00,2019-06-30 17:43:05.161,0.00,0.47,2.92,1.51,1.00,1.00,1.00,88.71,0.01,10.42,69.17,60.72,10.22,44.38,-0.28,0.04,23.00,7000.00,-20.00,1.00,0.00
41261.00,2019-06-30 17:43:05.261,0.00,0.47,851.81,1.51,1.00,1.00,1.00,44.35,0.01,11.26,69.23,60.73,10.24,44.38,-0.20,0.05,23.00,7000.00,-35.00,1.00,0.00
41361.00,2019-06-30 17:43:05.361,0.00,0.47,1263.82,1.51,0.00,1.00,1.00,29.57,0.02,11.09,69.23,60.73,10.24,44.38,-0.24,0.11,21.00,7000.00,-42.00,1.00,0.00
41461.00,2019-06-30 17:43:05.461,0.00,0.47,1737.47,1.51,0.00,1.00,1.00,22.88,0.02,11.89,69.23,60.73,10.24,44.38,-0.22,0.08,21.00,6018.93,-56.00,1.00,0.00
41561.00,2019-06-30 17:43:05.561,0.00,0.47,1528.20,1.51,0.00,1.00,1.00,15.67,0.04,11.91,69.16,60.63,10.18,44.34,-0.21,0.10,21.00,6882.44,-52.00,1.00,0.00
41661.00,2019-06-30 17:43:05.661,0.00,0.47,1509.76,1.51,0.00,1.00,1.00,13.33,0.04,11.90,69.16,60.63,10.18,44.34,-0.22,0.11,21.00,6959.32,-52.00,1.00,0.00
41761.00,2019-06-30 17:43:05.761,0.00,0.47,1717.50,1.51,0.00,1.00,1.00,11.76,0.05,11.97,69.17,60.57,2.27,44.34,-0.21,0.09,17.00,6093.12,-55.00,0.00,0.00
41861.00,2019-06-30 17:43:05.861,1.44,0.59,1850.17,1.51,0.00,1.00,1.00,12.16,0.06,11.95,69.17,60.57,2.27,44.34,-0.24,0.11,21.00,5141.31,-62.00,1.00,0.00
41961.00,2019-06-30 17:43:05.961,1.44,0.59,1867.73,1.49,0.00,1.00,1.00,11.24,0.06,11.98,69.17,60.57,2.27,44.28,-0.21,0.11,21.00,4999.00,-62.00,1.00,0.00
42061.00,2019-06-30 17:43:06.061,1.44,0.59,1793.56,1.49,0.00,1.00,1.00,9.66,0.07,11.99,69.16,60.66,-5.85,44.28,-0.20,0.11,21.00,5608.96,-58.00,1.00,0.00
42161.00,2019-06-30 17:43:06.161,1.44,0.59,1790.88,1.51,0.00,1.00,1.00,9.00,0.08,11.98,69.16,60.66,-5.85,44.28,-0.21,0.08,21.00,5630.59,-58.00,1.00,0.00
42261.00,2019-06-30 17:43:06.261,1.25,0.70,1795.49,1.51,0.00,1.00,1.00,9.53,0.09,12.01,69.16,60.63,-5.85,44.28,-0.19,0.10,21.00,5593.35,-58.00,1.00,0.00
42361.00,2019-06-30 17:43:06.361,1.25,0.70,1792.68,1.51,0.00,1.00,1.00,9.00,0.09,11.98,69.15,60.63,-16.74,44.05,-0.23,0.08,21.00,5612.34,-58.00,1.00,0.00
42461.00,2019-06-30 17:43:06.461,1.72,0.82,1800.61,1.51,0.00,1.00,1.00,9.45,0.10,12.02,69.15,60.63,-16.74,44.05,-0.20,0.11,21.00,5548.15,-59.00,1.00,0.00
42561.00,2019-06-30 17:43:06.561,1.72,0.82,1794.29,1.51,0.00,1.00,1.00,9.00,0.11,12.01,69.17,60.63,-26.79,44.05,-0.20,0.08,21.00,5599.33,-58.00,1.00,0.00
42661.00,2019-06-30 17:43:06.661,2.09,0.94,1791.39,1.46,0.00,1.00,1.00,9.38,0.12,12.01,69.17,60.63,-26.79,44.05,-0.23,0.09,21.00,5622.74,-58.00,1.00,0.00
42761.00,2019-06-30 17:43:06.761,2.46,1.05,1798.43,1.45,0.00,1.00,1.00,10.11,0.12,12.03,69.17,60.65,-26.79,44.00,-0.20,0.09,21.00,5565.83,-58.00,1.00,0.00
42861.00,2019-06-30 17:43:06.861,2.46,1.05,1758.22,1.43,0.00,1.00,1.00,9.31,0.13,12.00,69.16,60.65,-36.55,44.00,-0.22,0.09,21.00,5893.23,-56.00,1.00,0.00
42961.00,2019-06-30 17:43:06.961,2.76,1.17,1761.03,1.39,0.00,1.00,1.00,9.95,0.14,12.04,69.16,60.65,-36.55,44.00,-0.20,0.10,21.00,5870.49,-56.00,1.00,0.00
43061.00,2019-06-30 17:43:07.061,3.05,1.29,1788.38,1.36,0.00,1.00,1.00,10.18,0.15,12.01,69.16,60.65,-45.59,44.00,-0.20,0.08,21.00,5649.38,-58.00,1.00,0.00
43161.00,2019-06-30 17:43:07.161,3.31,1.40,1777.46,1.34,0.00,1.00,1.00,10.73,0.16,12.03,69.16,60.65,-45.59,43.83,-0.21,0.10,21.00,5737.62,-57.00,1.00,0.00
43261.00,2019-06-30 17:43:07.261,3.54,1.52,1782.21,1.32,0.00,1.00,1.00,10.88,0.17,12.03,69.16,60.52,-45.59,43.83,-0.21,0.12,21.00,5699.20,-58.00,1.00,0.00
43361.00,2019-06-30 17:43:07.361,3.78,1.64,1780.68,1.31,0.00,1.00,1.00,11.36,0.17,12.02,69.14,60.52,-54.19,43.83,-0.22,0.11,21.00,5699.88,-58.00,1.00,0.00
43461.00,2019-06-30 17:43:07.461,3.97,1.76,1771.22,1.29,0.00,1.00,1.00,11.46,0.18,12.04,69.14,60.52,-54.19,43.83,-0.20,0.12,21.00,5776.63,-56.00,1.00,0.00
43561.00,2019-06-30 17:43:07.561,4.16,1.87,1774.10,1.30,0.00,1.00,1.00,11.87,0.19,12.02,69.14,60.63,-54.19,43.64,-0.22,0.11,21.00,5762.65,-56.00,1.00,0.00
43661.00,2019-06-30 17:43:07.661,4.38,1.99,1790.14,1.29,0.00,1.00,1.00,11.95,0.20,11.99,69.12,60.63,-62.23,43.64,-0.21,0.11,21.00,5632.90,-58.00,1.00,0.00
43761.00,2019-06-30 17:43:07.761,4.58,2.11,1766.21,1.26,0.00,1.00,1.00,12.32,0.20,12.03,69.12,60.62,-62.23,43.64,-0.21,0.11,21.00,5826.45,-56.00,1.00,0.00
43861.00,2019-06-30 17:43:07.861,4.97,2.34,1767.28,1.25,0.00,1.00,1.00,13.00,0.21,12.03,69.22,60.62,-69.71,43.64,-0.22,0.10,21.00,5817.11,-56.00,1.00,0.00
43961.00,2019-06-30 17:43:07.961,5.15,2.46,1773.39,1.25,0.00,1.00,1.00,13.32,0.22,12.05,69.22,60.62,-69.71,43.41,-0.20,0.11,21.00,5767.65,-56.00,1.00,0.00
44061.00,2019-06-30 17:43:08.061,5.32,2.57,1778.01,1.23,0.00,1.00,1.00,13.32,0.23,12.02,69.22,60.63,-69.71,43.41,-0.24,0.09,21.00,5730.96,-58.00,1.00,0.00
44161.00,2019-06-30 17:43:08.161,5.64,2.81,1766.58,1.21,0.00,1.00,1.00,14.20,0.24,12.05,69.23,60.63,-77.20,43.41,-0.20,0.08,21.00,5823.50,-56.00,1.00,0.00
44261.00,2019-06-30 17:43:08.261,5.80,2.93,1763.59,1.20,0.00,1.00,1.00,14.14,0.25,12.00,69.23,60.65,-77.20,43.41,-0.22,0.09,21.00,5849.77,-56.00,1.00,0.00
44361.00,2019-06-30 17:43:08.361,6.11,3.16,1778.15,1.18,0.00,1.00,1.00,14.95,0.25,12.04,69.27,60.65,-84.66,43.28,-0.21,0.07,21.00,5732.08,-58.00,1.00,0.00
44461.00,2019-06-30 17:43:08.461,6.27,3.28,1769.94,1.18,0.00,1.00,1.00,14.88,0.26,12.02,69.27,60.65,-84.66,43.28,-0.21,0.08,21.00,5798.45,-56.00,1.00,0.00
44561.00,2019-06-30 17:43:08.561,6.51,3.51,1777.70,1.16,0.00,1.00,1.00,15.63,0.27,12.03,69.27,60.60,-84.66,43.28,-0.21,0.07,21.00,5731.34,-57.00,1.00,0.00
44661.00,2019-06-30 17:43:08.661,6.72,3.75,1798.37,1.16,0.00,1.00,1.00,16.04,0.28,12.05,69.24,60.60,-91.60,43.28,-0.18,0.08,21.00,5563.98,-58.00,1.00,0.00
44761.00,2019-06-30 17:43:08.761,6.85,3.86,1719.89,1.16,0.00,1.00,1.00,16.22,0.28,12.03,69.24,60.64,-91.60,43.19,-0.26,0.09,21.00,6081.36,-55.00,1.00,0.00
44861.00,2019-06-30 17:43:08.861,7.12,4.10,1890.15,1.08,0.00,1.00,1.00,16.63,0.29,12.05,69.24,60.64,-91.60,43.19,-0.21,0.08,21.00,4825.59,-64.00,1.00,0.00
44961.00,2019-06-30 17:43:08.961,7.40,4.33,1859.46,1.06,0.00,1.00,1.00,17.29,0.30,12.04,69.24,60.64,-98.52,43.19,-0.21,0.07,21.00,5073.82,-62.00,1.00,0.00
45061.00,2019-06-30 17:43:09.061,7.60,4.56,1875.00,1.09,0.00,1.00,1.00,17.65,0.31,12.00,69.24,60.59,-98.52,43.19,-0.24,0.08,21.00,4942.79,-63.00,1.00,0.00
45161.00,2019-06-30 17:43:09.161,7.89,4.80,1942.94,1.10,0.00,1.00,1.00,18.30,0.31,12.06,69.21,60.59,-105.17,43.07,-0.19,0.06,21.00,4392.68,-66.00,1.00,0.00
45261.00,2019-06-30 17:43:09.261,8.10,5.03,1928.55,1.14,0.00,1.00,1.00,18.68,0.32,12.03,69.21,60.58,-105.17,43.07,-0.22,0.08,21.00,4509.23,-66.00,1.00,0.00
45361.00,2019-06-30 17:43:09.361,8.29,5.27,2005.85,1.18,0.00,1.00,1.00,19.07,0.33,12.06,69.21,60.58,-105.17,43.07,-0.20,0.11,21.00,3963.13,-71.00,1.00,0.00
45461.00,2019-06-30 17:43:09.461,8.48,5.50,2006.66,1.24,0.00,1.00,1.00,19.68,0.33,12.04,69.28,60.58,-112.06,43.07,-0.20,0.09,21.00,3967.89,-71.00,1.00,0.00
45561.00,2019-06-30 17:43:09.561,8.65,5.73,1685.61,1.28,0.00,1.00,1.00,19.94,0.34,12.05,69.28,60.50,-112.06,42.84,-0.21,0.08,21.00,6217.99,-55.00,1.00,0.00
45661.00,2019-06-30 17:43:09.661,8.70,5.97,1704.21,1.30,0.00,1.00,1.00,20.42,0.35,12.05,69.26,60.50,-118.76,42.84,-0.21,0.08,21.00,6139.63,-55.00,1.00,0.00
45761.00,2019-06-30 17:43:09.761,8.96,6.20,2428.61,1.51,0.00,1.00,1.00,20.67,0.36,12.03,69.26,60.60,-118.76,42.84,-0.22,0.08,21.00,5170.53,-78.00,1.00,0.00
45861.00,2019-06-30 17:43:09.861,9.60,6.55,2180.59,1.35,0.00,1.00,1.00,21.27,0.37,12.06,69.26,60.60,-118.76,42.84,-0.19,0.11,17.00,4997.61,-74.00,0.00,0.00
45961.00,2019-06-30 17:43:09.961,9.51,6.79,1736.06,1.36,0.00,1.00,1.00,21.70,0.37,12.04,69.38,60.60,-121.17,42.77,-0.22,0.08,17.00,6013.79,-56.00,0.00,0.00
46061.00,2019-06-30 17:43:10.061,9.42,7.02,1448.79,1.37,0.00,1.00,1.00,22.08,0.38,12.07,69.38,60.60,-121.17,42.77,-0.22,0.10,17.00,7000.00,-49.00,0.00,0.00
46161.00,2019-06-30 17:43:10.161,9.40,7.26,1259.63,1.46,0.00,1.00,1.00,22.44,0.38,12.05,69.38,60.60,-121.17,42.77,-0.21,0.09,17.00,7000.00,-42.00,0.00,0.00
46261.00,2019-06-30 17:43:10.261,9.52,7.61,964.41,1.51,0.00,1.00,1.00,23.15,0.39,12.05,69.42,60.57,-124.63,42.77,-0.21,0.10,17.00,7000.00,-37.00,0.00,0.00
46361.00,2019-06-30 17:43:10.361,9.54,7.84,1495.35,1.51,0.00,1.00,1.00,23.49,0.40,12.08,69.42,60.57,-124.63,42.64,-0.21,0.10,17.00,7000.00,-50.00,0.00,0.00
46461.00,2019-06-30 17:43:10.461,9.51,8.08,1495.35,1.51,0.00,1.00,1.00,24.19,0.40,11.91,69.52,60.57,-116.15,42.64,-0.22,0.09,17.00,7000.00,-50.00,0.00,0.00
46561.00,2019-06-30 17:43:10.561,9.49,8.31,1495.35,1.51,0.00,1.00,1.00,24.89,0.40,12.08,69.52,60.58,-116.15,42.64,-0.19,0.10,17.00,7000.00,-50.00,0.00,0.00
46661.00,2019-06-30 17:43:10.661,9.54,8.66,374.02,1.51,0.00,1.00,1.00,25.54,0.40,12.05,69.52,60.58,-116.15,42.64,-0.22,0.10,17.00,7000.00,-26.00,0.00,0.00
46761.00,2019-06-30 17:43:10.761,9.47,8.89,921.47,1.51,0.00,1.00,1.00,25.83,0.41,11.94,69.52,60.51,-107.86,42.62,-0.21,0.09,17.00,7000.00,-36.00,0.00,0.00
46861.00,2019-06-30 17:43:10.861,9.38,9.13,1241.48,1.51,0.00,1.00,1.00,26.11,0.42,12.07,69.52,60.51,-107.86,42.62,-0.20,0.09,17.00,7000.00,-42.00,0.00,0.00
46961.00,2019-06-30 17:43:10.961,9.45,9.36,1241.48,1.51,0.00,1.00,1.00,26.77,0.42,12.05,69.49,60.51,-101.07,42.62,-0.22,0.09,17.00,7000.00,-42.00,0.00,0.00
47061.00,2019-06-30 17:43:11.061,9.44,9.71,1241.48,1.51,0.00,1.00,1.00,27.78,0.42,11.95,69.49,60.66,-101.07,42.62,-0.19,0.09,17.00,7000.00,-42.00,0.00,0.00
47161.00,2019-06-30 17:43:11.161,9.46,9.95,1241.48,1.51,0.00,1.00,1.00,28.45,0.42,12.05,69.49,60.66,-101.07,42.53,-0.22,0.09,17.00,7000.00,-42.00,0.00,0.00
47261.00,2019-06-30 17:43:11.261,9.46,10.18,1241.48,1.51,0.00,1.00,1.00,29.12,0.42,12.08,69.49,60.57,-96.10,42.53,-0.21,0.10,17.00,7000.00,-42.00,0.00,0.00
47361.00,2019-06-30 17:43:11.361,9.43,10.42,0.00,1.51,0.00,1.00,1.00,29.79,0.42,11.93,69.49,60.57,-96.10,42.53,-0.21,0.10,17.00,7000.00,-42.00,0.00,0.00
47461.00,2019-06-30 17:43:11.461,9.33,10.77,0.00,1.51,0.00,1.00,1.00,30.79,0.42,12.07,69.49,60.57,-96.10,42.53,-0.21,0.09,17.00,7000.00,-42.00,0.00,0.00
47561.00,2019-06-30 17:43:11.561,9.36,11.00,0.00,1.51,0.00,1.00,1.00,31.46,0.42,12.08,69.43,60.53,-91.91,42.60,-0.20,0.10,17.00,7000.00,-42.00,0.00,0.00
47661.00,2019-06-30 17:43:11.661,9.36,11.24,0.00,1.51,0.00,1.00,1.00,32.13,0.42,11.92,69.43,60.53,-91.91,42.60,-0.23,0.09,17.00,7000.00,-42.00,0.00,0.00
47761.00,2019-06-30 17:43:11.761,9.36,11.47,0.00,1.51,0.00,1.00,1.00,32.80,0.42,12.08,69.35,60.53,-88.14,42.60,-0.21,0.10,17.00,7000.00,-42.00,0.00,0.00
47861.00,2019-06-30 17:43:11.861,9.36,11.70,0.00,1.51,0.00,1.00,1.00,33.47,0.42,12.06,69.35,60.53,-88.14,42.60,-0.25,0.09,17.00,7000.00,-42.00,0.00,0.00
47961.00,2019-06-30 17:43:11.961,9.36,12.05,0.00,1.51,0.00,1.00,1.00,34.47,0.42,11.94,69.35,60.53,-88.14,42.57,-0.21,0.09,17.00,7000.00,-42.00,0.00,0.00
48061.00,2019-06-30 17:43:12.061,9.33,12.29,0.00,1.51,0.00,1.00,1.00,35.14,0.42,12.07,69.31,60.59,-84.69,42.57,-0.20,0.10,17.00,7000.00,-42.00,0.00,0.00
48161.00,2019-06-30 17:43:12.161,9.27,12.52,0.00,1.51,0.00,1.00,1.00,35.81,0.42,12.06,69.31,60.59,-84.69,42.57,-0.21,0.10,17.00,7000.00,-42.00,0.00,0.00
48261.00,2019-06-30 17:43:12.261,9.25,12.76,0.00,1.51,0.00,1.00,1.00,36.48,0.42,11.96,69.27,60.62,-81.46,42.57,-0.20,0.10,17.00,7000.00,-42.00,0.00,0.00
48361.00,2019-06-30 17:43:12.361,9.29,12.99,0.00,1.51,0.00,1.00,1.00,37.15,0.42,12.06,69.27,60.62,-81.46,42.59,-0.22,0.10,17.00,7000.00,-42.00,0.00,0.00
48461.00,2019-06-30 17:43:12.461,9.28,13.22,0.00,1.51,0.00,1.00,1.00,37.82,0.42,12.09,69.27,60.62,-81.46,42.59,-0.21,0.09,17.00,7000.00,-42.00,0.00,0.00
48561.00,2019-06-30 17:43:12.561,9.25,13.58,0.00,1.51,0.00,1.00,1.00,38.82,0.42,11.93,69.23,60.55,-78.63,42.59,-0.21,0.09,17.00,7000.00,-42.00,0.00,0.00
48661.00,2019-06-30 17:43:12.661,9.25,13.81,0.00,1.51,0.00,1.00,1.00,39.49,0.42,12.08,69.23,60.55,-78.63,42.59,-0.21,0.08,17.00,7000.00,-42.00,0.00,0.00
48761.00,2019-06-30 17:43:12.761,9.25,14.04,0.00,1.51,0.00,1.00,1.00,40.16,0.42,12.09,69.23,60.63,-78.63,42.60,-0.20,0.11,17.00,7000.00,-42.00,0.00,0.00
48861.00,2019-06-30 17:43:12.861,9.18,14.28,0.00,1.51,0.00,1.00,1.00,40.83,0.42,11.93,69.21,60.63,-75.84,42.60,-0.22,0.09,17.00,7000.00,-42.00,0.00,0.00
48961.00,2019-06-30 17:43:12.961,9.17,14.51,0.00,1.51,0.00,1.00,1.00,41.50,0.42,12.09,69.21,60.63,-75.84,42.60,-0.19,0.09,17.00,7000.00,-42.00,0.00,0.00
49061.00,2019-06-30 17:43:13.061,9.20,14.86,0.00,1.51,0.00,1.00,1.00,42.51,0.42,12.07,69.21,60.63,-73.23,42.60,-0.24,0.09,17.00,7000.00,-42.00,0.00,0.00
49161.00,2019-06-30 17:43:13.161,9.18,15.10,0.00,1.51,0.00,1.00,1.00,43.17,0.42,11.95,69.21,60.63,-73.23,42.63,-0.21,0.08,17.00,7000.00,-42.00,0.00,0.00
49261.00,2019-06-30 17:43:13.261,9.21,15.33,0.00,1.51,0.00,1.00,1.00,43.84,0.42,12.08,69.21,60.63,-73.23,42.63,-0.21,0.09,17.00,7000.00,-42.00,0.00,0.00
49361.00,2019-06-30 17:43:13.361,9.19,15.57,0.00,1.51,0.00,1.00,1.00,44.51,0.42,12.07,69.23,60.63,-70.91,42.63,-0.21,0.10,17.00,7000.00,-42.00,0.00,0.00
49461.00,2019-06-30 17:43:13.461,9.14,15.80,0.00,1.51,0.00,1.00,1.00,45.18,0.42,11.96,69.23,60.63,-70.91,42.63,-0.20,0.09,17.00,7000.00,-42.00,0.00,0.00
49561.00,2019-06-30 17:43:13.561,9.07,16.03,0.00,1.51,0.00,1.00,1.00,45.85,0.42,12.06,69.17,60.67,-68.68,42.62,-0.24,0.10,17.00,7000.00,-42.00,0.00,0.00
49661.00,2019-06-30 17:43:13.661,9.09,16.27,0.00,1.51,0.00,1.00,1.00,46.52,0.42,12.09,69.17,60.67,-68.68,42.62,-0.20,0.11,17.00,7000.00,-42.00,0.00,0.00
49761.00,2019-06-30 17:43:13.761,9.13,16.62,0.00,1.51,0.00,1.00,1.00,47.53,0.42,11.94,69.17,60.66,-68.68,42.62,-0.20,0.10,17.00,7000.00,-42.00,0.00,0.00
49861.00,2019-06-30 17:43:13.861,9.11,16.85,0.00,1.51,0.00,1.00,1.00,48.19,0.42,12.08,69.10,60.66,-66.66,42.62,-0.20,0.10,17.00,7000.00,-42.00,0.00,0.00
49961.00,2019-06-30 17:43:13.961,9.10,17.09,0.00,1.51,0.00,1.00,1.00,48.86,0.42,12.09,69.10,60.66,-66.66,42.60,-0.17,0.11,17.00,7000.00,-42.00,0.00,0.00
50061.00,2019-06-30 17:43:14.061,9.12,17.32,0.00,1.51,0.00,1.00,1.00,49.53,0.42,12.06,69.10,60.62,-66.66,42.60,0.18,0.36,17.00,7000.00,-42.00,0.00,0.00
50161.00,2019-06-30 17:43:14.161,9.06,17.56,0.00,1.51,0.00,1.00,1.00,50.20,0.42,11.95,69.16,60.62,-64.64,42.60,0.31,0.41,17.00,7000.00,-42.00,0.00,0.00
50261.00,2019-06-30 17:43:14.261,9.02,17.79,0.00,1.51,0.00,1.00,1.00,50.87,0.42,12.08,69.16,60.71,-64.64,42.60,0.63,0.78,17.00,7000.00,-42.00,0.00,0.00
50361.00,2019-06-30 17:43:14.361,9.00,18.02,0.00,1.51,0.00,1.00,1.00,51.54,0.42,12.10,69.15,60.71,-62.73,42.60,1.34,1.30,17.00,7000.00,-42.00,0.00,0.00
50461.00,2019-06-30 17:43:14.461,8.99,18.37,0.00,1.51,0.00,1.00,1.00,52.55,0.42,11.96,69.15,60.71,-62.73,42.60,2.44,1.70,17.00,7000.00,-42.00,0.00,0.00
50561.00,2019-06-30 17:43:14.561,8.94,18.61,0.00,1.51,0.00,1.00,1.00,53.22,0.42,11.96,69.15,60.74,-62.73,42.60,2.76,1.93,17.00,7000.00,-42.00,0.00,0.00
50661.00,2019-06-30 17:43:14.661,8.88,18.84,0.00,1.51,0.00,1.00,1.00,53.88,0.42,12.07,69.12,60.74,-60.88,42.60,3.36,2.23,17.00,7000.00,-42.00,0.00,0.00
50761.00,2019-06-30 17:43:14.761,8.80,19.08,0.00,1.51,0.00,1.00,1.00,54.55,0.42,12.08,69.12,60.73,-60.88,42.63,3.71,2.41,17.00,7000.00,-42.00,0.00,0.00
50861.00,2019-06-30 17:43:14.861,8.68,19.31,0.00,1.51,0.00,1.00,1.00,55.22,0.42,11.96,69.14,60.73,-59.16,42.63,4.21,2.72,17.00,7000.00,-42.00,0.00,0.00
50961.00,2019-06-30 17:43:14.961,8.51,19.54,0.00,1.51,0.00,1.00,1.00,55.89,0.42,12.06,69.14,60.73,-59.16,42.63,4.99,3.15,17.00,7000.00,-42.00,0.00,0.00
51061.00,2019-06-30 17:43:15.061,8.38,19.78,0.00,1.51,0.00,1.00,1.00,56.56,0.42,12.09,69.14,60.74,-59.16,42.63,5.35,3.37,17.00,7000.00,-42.00,0.00,0.00
51161.00,2019-06-30 17:43:15.161,8.32,20.01,0.00,1.51,0.00,1.00,1.00,57.23,0.42,11.93,69.10,60.74,-57.47,42.53,5.47,3.46,17.00,7000.00,-42.00,0.00,0.00
51261.00,2019-06-30 17:43:15.261,8.17,20.13,0.00,1.51,0.00,1.00,1.00,57.57,0.42,12.08,69.10,60.67,-57.47,42.53,5.78,3.61,17.00,7000.00,-42.00,0.00,0.00
51361.00,2019-06-30 17:43:15.361,7.95,20.36,0.00,1.51,0.00,1.00,1.00,58.24,0.42,12.08,69.10,60.67,-57.47,42.53,6.05,3.82,17.00,7000.00,-42.00,0.00,0.00
51461.00,2019-06-30 17:43:15.461,7.75,20.60,0.00,1.51,0.00,1.00,1.00,58.90,0.42,11.94,69.15,60.67,-55.97,42.53,6.23,3.91,17.00,7000.00,-42.00,0.00,0.00
51561.00,2019-06-30 17:43:15.561,7.50,20.83,0.00,1.51,0.00,1.00,1.00,59.57,0.42,12.10,69.15,60.93,-55.97,42.66,6.19,3.87,17.00,7000.00,-42.00,0.00,0.00
51661.00,2019-06-30 17:43:15.661,7.34,20.95,0.00,1.51,0.00,1.00,1.00,59.91,0.42,11.96,69.07,60.93,-54.35,42.66,6.17,3.91,17.00,7000.00,-42.00,0.00,0.00
51761.00,2019-06-30 17:43:15.761,7.03,21.18,0.00,1.51,0.00,1.00,1.00,60.58,0.42,12.07,69.07,60.81,-54.35,42.66,6.13,3.87,17.00,7000.00,-42.00,0.00,0.00
51861.00,2019-06-30 17:43:15.861,6.84,21.30,0.00,1.51,0.00,1.00,1.00,60.91,0.42,12.08,69.07,60.81,-54.35,42.66,6.14,3.90,17.00,7000.00,-42.00,0.00,0.00
51961.00,2019-06-30 17:43:15.961,6.55,21.53,0.00,1.51,0.00,1.00,1.00,61.58,0.42,12.09,69.05,60.81,-52.94,42.66,6.11,3.90,17.00,7000.00,-42.00,0.00,0.00
52061.00,2019-06-30 17:43:16.061,6.39,21.65,0.00,1.51,0.00,1.00,1.00,61.92,0.42,11.96,69.05,60.80,-52.94,42.66,6.12,3.89,17.00,7000.00,-42.00,0.00,0.00
52161.00,2019-06-30 17:43:16.161,6.23,21.89,0.00,1.51,0.00,1.00,1.00,62.59,0.42,12.07,69.05,60.80,-51.58,42.66,6.11,3.87,17.00,7000.00,-42.00,0.00,0.00
52261.00,2019-06-30 17:43:16.261,5.87,22.00,0.00,1.51,0.00,1.00,1.00,62.92,0.42,11.93,69.05,60.88,-51.58,42.66,6.09,3.86,17.00,7000.00,-42.00,0.00,0.00
52361.00,2019-06-30 17:43:16.361,5.69,22.12,0.00,1.51,0.00,1.00,1.00,63.26,0.42,11.94,69.05,60.88,-51.58,42.64,6.02,3.88,17.00,7000.00,-42.00,0.00,0.00
52461.00,2019-06-30 17:43:16.461,5.50,22.24,0.00,1.51,0.00,1.00,1.00,63.59,0.42,12.09,69.01,60.88,-50.16,42.64,5.59,3.70,17.00,7000.00,-42.00,0.00,0.00
52561.00,2019-06-30 17:43:16.561,5.31,22.35,0.00,1.51,0.00,1.00,1.00,63.93,0.42,11.95,69.01,60.92,-50.16,42.64,4.99,3.42,17.00,7000.00,-42.00,0.00,0.00
52661.00,2019-06-30 17:43:16.661,5.12,22.47,0.00,1.51,0.00,1.00,1.00,64.26,0.42,12.08,69.01,60.92,-50.16,42.64,4.69,3.25,17.00,7000.00,-42.00,0.00,0.00
52761.00,2019-06-30 17:43:16.761,4.81,22.70,0.00,1.51,0.00,1.00,1.00,64.93,0.42,12.10,69.00,60.91,-48.95,42.62,4.58,3.22,17.00,7000.00,-42.00,0.00,0.00
52861.00,2019-06-30 17:43:16.861,4.68,22.70,0.00,1.51,0.00,1.00,1.00,64.93,0.42,12.07,69.00,60.91,-48.95,42.62,4.65,3.25,17.00,7000.00,-42.00,0.00,0.00
52961.00,2019-06-30 17:43:16.961,4.44,22.82,0.00,1.51,0.00,1.00,1.00,65.26,0.42,11.96,68.94,60.91,-47.64,42.62,4.65,3.24,17.00,7000.00,-42.00,0.00,0.00
53061.00,2019-06-30 17:43:17.061,4.19,22.94,0.00,1.51,0.00,1.00,1.00,65.60,0.42,12.09,68.94,60.92,-47.64,42.62,4.69,3.26,17.00,7000.00,-42.00,0.00,0.00
53161.00,2019-06-30 17:43:17.161,3.93,23.06,0.00,1.51,0.00,1.00,1.00,65.93,0.42,11.95,68.94,60.92,-47.64,42.59,4.66,3.27,17.00,7000.00,-42.00,0.00,0.00
53261.00,2019-06-30 17:43:17.261,3.67,23.17,0.00,1.51,0.00,1.00,1.00,66.27,0.42,11.96,68.93,60.88,-46.24,42.59,4.68,3.25,17.00,7000.00,-42.00,0.00,0.00
53361.00,2019-06-30 17:43:17.361,3.67,23.29,0.00,1.51,0.00,1.00,1.00,66.60,0.42,12.07,68.93,60.88,-46.24,42.59,4.68,3.27,17.00,7000.00,-42.00,0.00,0.00
53461.00,2019-06-30 17:43:17.461,3.40,23.29,0.00,1.51,0.00,1.00,1.00,66.60,0.42,12.10,68.93,60.88,-45.16,42.59,4.68,3.28,17.00,7000.00,-42.00,0.00,0.00
53561.00,2019-06-30 17:43:17.561,3.11,23.41,0.00,1.51,0.00,1.00,1.00,66.94,0.42,11.94,68.93,60.90,-45.16,42.62,4.70,3.28,17.00,7000.00,-42.00,0.00,0.00
53661.00,2019-06-30 17:43:17.661,3.11,23.41,0.00,1.51,0.00,1.00,1.00,66.94,0.42,12.09,68.93,60.90,-45.16,42.62,4.68,3.26,17.00,7000.00,-42.00,0.00,0.00
53761.00,2019-06-30 17:43:17.761,2.76,23.52,0.00,1.51,0.00,1.00,1.00,67.27,0.42,12.09,68.98,61.00,-44.01,42.62,4.68,3.25,17.00,7000.00,-42.00,0.00,0.00
53861.00,2019-06-30 17:43:17.861,2.76,23.52,0.00,1.51,0.00,1.00,1.00,67.27,0.42,11.95,68.98,61.00,-44.01,42.62,4.65,3.25,17.00,7000.00,-42.00,0.00,0.00
53961.00,2019-06-30 17:43:17.961,2.35,23.64,0.00,1.51,0.00,1.00,1.00,67.61,0.42,12.10,68.98,61.00,-44.01,42.52,4.68,3.26,17.00,7000.00,-42.00,0.00,0.00
54061.00,2019-06-30 17:43:18.061,2.35,23.64,0.00,1.51,0.00,1.00,1.00,67.61,0.42,11.97,68.94,61.04,-42.99,42.52,4.68,3.26,17.00,7000.00,-42.00,0.00,0.00
54161.00,2019-06-30 17:43:18.161,1.85,23.76,0.00,1.51,0.00,1.00,1.00,67.94,0.42,11.96,68.94,61.04,-42.99,42.52,4.66,3.25,17.00,7000.00,-42.00,0.00,0.00
54261.00,2019-06-30 17:43:18.261,1.85,23.76,0.00,1.51,0.00,1.00,1.00,67.94,0.42,12.10,68.94,61.09,-41.91,42.52,4.68,3.25,17.00,7000.00,-42.00,0.00,0.00
54361.00,2019-06-30 17:43:18.361,1.85,23.76,0.00,1.51,0.00,1.00,1.00,67.94,0.42,11.95,68.94,61.09,-41.91,42.60,4.65,3.25,17.00,7000.00,-42.00,0.00,0.00
54461.00,2019-06-30 17:43:18.461,1.85,23.76,0.00,1.51,0.00,1.00,1.00,67.94,0.42,12.08,68.94,61.09,-41.91,42.60,4.66,3.25,17.00,7000.00,-42.00,0.00,0.00
54561.00,2019-06-30 17:43:18.561,1.99,23.88,0.00,1.51,0.00,1.00,1.00,68.28,0.42,12.09,68.98,61.11,-40.83,42.60,4.67,3.26,17.00,7000.00,-42.00,0.00,0.00
54661.00,2019-06-30 17:43:18.661,1.99,23.88,0.00,1.51,0.00,1.00,1.00,68.28,0.42,11.93,68.98,61.11,-40.83,42.60,4.65,3.26,17.00,7000.00,-42.00,0.00,0.00
54761.00,2019-06-30 17:43:18.761,1.99,23.88,0.00,1.51,0.00,1.00,1.00,68.28,0.42,12.10,68.91,61.02,-39.84,42.62,4.66,3.25,17.00,7000.00,-42.00,0.00,0.00
54861.00,2019-06-30 17:43:18.861,1.99,23.88,0.00,1.51,0.00,1.00,1.00,68.28,0.42,12.08,68.91,61.02,-39.84,42.62,4.64,3.25,17.00,7000.00,-42.00,0.00,0.00
54961.00,2019-06-30 17:43:18.961,0.00,23.88,0.00,1.51,0.00,1.00,1.00,68.28,0.42,11.95,68.91,61.02,-39.84,42.62,4.65,3.24,17.00,7000.00,-42.00,0.00,0.00
55061.00,2019-06-30 17:43:19.061,0.00,23.88,0.00,1.51,0.00,1.00,1.00,68.28,0.42,11.94,68.91,61.08,-38.90,42.62,4.58,3.24,17.00,7000.00,-42.00,0.00,0.00
55161.00,2019-06-30 17:43:19.161,0.00,23.88,0.00,1.51,0.00,1.00,1.00,68.28,0.42,12.10,68.91,61.08,-38.90,42.57,4.59,3.26,17.00,7000.00,-42.00,0.00,0.00
55261.00,2019-06-30 17:43:19.261,0.00,23.88,0.00,1.51,0.00,1.00,1.00,68.28,0.42,12.07,68.91,61.05,-38.90,42.57,4.52,3.21,17.00,7000.00,-42.00,0.00,0.00
55361.00,2019-06-30 17:43:19.361,0.00,23.88,0.00,1.51,0.00,1.00,1.00,68.28,0.42,11.96,68.89,61.05,-37.91,42.57,4.33,3.11,17.00,7000.00,-42.00,0.00,0.00
55461.00,2019-06-30 17:43:19.461,0.00,23.88,0.00,1.51,0.00,1.00,1.00,68.28,0.42,12.10,68.89,61.05,-37.91,42.57,4.11,2.98,17.00,7000.00,-42.00,0.00,0.00
55561.00,2019-06-30 17:43:19.561,0.00,23.88,0.00,1.51,0.00,1.00,1.00,68.28,0.42,11.94,68.93,61.13,-37.06,42.55,4.03,2.94,17.00,7000.00,-42.00,0.00,0.00
55661.00,2019-06-30 17:43:19.661,0.00,23.88,0.00,1.51,0.00,1.00,1.00,68.28,0.42,11.97,68.93,61.13,-37.06,42.55,3.97,2.90,17.00,7000.00,-42.00,0.00,0.00
55761.00,2019-06-30 17:43:19.761,0.00,23.88,0.00,1.51,0.00,1.00,1.00,68.28,0.42,12.10,68.93,61.18,-37.06,42.55,3.88,2.85,17.00,7000.00,-42.00,0.00,0.00
55861.00,2019-06-30 17:43:19.861,0.00,23.88,0.00,1.51,0.00,1.00,1.00,68.28,0.42,11.93,68.94,61.18,-36.09,42.55,3.81,2.80,17.00,7000.00,-42.00,0.00,0.00
55961.00,2019-06-30 17:43:19.961,0.00,23.88,0.00,1.51,0.00,1.00,1.00,68.28,0.42,11.94,68.94,61.18,-36.09,42.50,3.78,2.78,17.00,7000.00,-42.00,0.00,0.00
56061.00,2019-06-30 17:43:20.061,0.00,23.88,0.00,1.51,0.00,1.00,1.00,68.28,0.42,12.07,68.94,61.20,-35.33,42.50,3.69,2.72,17.00,7000.00,-42.00,0.00,0.00
56161.00,2019-06-30 17:43:20.161,0.00,23.88,0.00,1.51,0.00,1.00,1.00,68.28,0.42,11.96,68.94,61.20,-35.33,42.50,3.57,2.63,17.00,7000.00,-42.00,0.00,0.00
56261.00,2019-06-30 17:43:20.261,0.00,23.88,0.00,1.51,0.00,1.00,1.00,68.28,0.42,11.94,68.94,61.16,-35.33,42.50,3.52,2.62,17.00,7000.00,-42.00,0.00,0.00
56361.00,2019-06-30 17:43:20.361,0.00,23.88,0.00,1.51,0.00,1.00,1.00,68.28,0.42,12.10,68.88,61.16,-34.50,42.48,3.47,2.56,17.00,7000.00,-42.00,0.00,0.00
56461.00,2019-06-30 17:43:20.461,0.00,23.88,0.00,1.51,0.00,1.00,1.00,68.28,0.42,12.07,68.88,61.16,-34.50,42.48,3.39,2.51,17.00,7000.00,-42.00,0.00,0.00
56561.00,2019-06-30 17:43:20.561,0.00,23.88,0.00,1.51,0.00,1.00,1.00,68.28,0.42,11.96,68.88,61.23,-34.50,42.48,3.36,2.50,17.00,7000.00,-42.00,0.00,0.00
56661.00,2019-06-30 17:43:20.661,0.00,23.88,0.00,1.51,0.00,1.00,1.00,68.28,0.42,12.09,68.84,61.23,-33.66,42.48,3.32,2.47,17.00,7000.00,-42.00,0.00,0.00
56761.00,2019-06-30 17:43:20.761,0.00,23.88,0.00,1.51,0.00,1.00,1.00,68.28,0.42,12.08,68.84,61.17,-33.66,42.57,3.28,2.46,17.00,7000.00,-42.00,0.00,0.00
56861.00,2019-06-30 17:43:20.861,0.00,23.88,0.00,1.51,0.00,1.00,1.00,68.28,0.42,11.97,68.91,61.17,-32.90,42.57,3.24,2.40,17.00,7000.00,-42.00,0.00,0.00
56961.00,2019-06-30 17:43:20.961,0.00,23.88,0.00,1.51,0.00,1.00,1.00,68.28,0.42,12.06,68.91,61.17,-32.90,42.57,3.05,2.29,17.00,7000.00,-42.00,0.00,0.00
57061.00,2019-06-30 17:43:21.061,0.00,23.88,0.00,1.51,0.00,1.00,1.00,68.28,0.42,12.10,68.91,61.25,-32.90,42.57,2.86,2.16,17.00,7000.00,-42.00,0.00,0.00
57161.00,2019-06-30 17:43:21.161,0.00,23.88,0.00,1.51,0.00,1.00,1.00,68.28,0.42,11.94,68.82,61.25,-32.10,42.55,2.51,1.85,17.00,7000.00,-42.00,0.00,0.00
57261.00,2019-06-30 17:43:21.261,0.00,23.88,0.00,1.51,0.00,1.00,1.00,68.28,0.42,12.09,68.82,61.23,-32.10,42.55,1.57,1.22,17.00,7000.00,-42.00,0.00,0.00
57361.00,2019-06-30 17:43:21.361,0.00,23.88,0.00,1.51,0.00,1.00,1.00,68.28,0.42,12.09,68.86,61.23,-31.28,42.55,1.07,0.87,17.00,7000.00,-42.00,0.00,0.00
57461.00,2019-06-30 17:43:21.461,0.00,23.88,0.00,1.51,0.00,1.00,1.00,68.28,0.42,11.95,68.86,61.23,-31.28,42.55,0.58,0.47,17.00,7000.00,-42.00,0.00,0.00
57561.00,2019-06-30 17:43:21.561,0.00,23.88,0.00,1.51,0.00,1.00,1.00,68.28,0.42,12.10,68.86,61.39,-31.28,42.55,0.05,0.04,17.00,7000.00,-42.00,0.00,0.00
57661.00,2019-06-30 17:43:21.661,0.00,23.88,0.00,1.51,0.00,1.00,1.00,68.28,0.42,12.07,68.78,61.39,-30.59,42.55,-0.35,-0.04,17.00,7000.00,-42.00,0.00,0.00
57761.00,2019-06-30 17:43:21.761,0.00,23.88,0.00,1.51,0.00,1.00,1.00,68.28,0.42,11.97,68.78,61.28,-30.59,42.55,-0.23,0.11,17.00,7000.00,-42.00,0.00,0.00
57861.00,2019-06-30 17:43:21.861,0.00,23.88,0.00,1.51,0.00,1.00,1.00,68.28,0.42,12.09,68.78,61.28,-30.59,42.55,-0.21,0.07,17.00,7000.00,-42.00,0.00,0.00
57961.00,2019-06-30 17:43:21.961,0.00,23.88,0.00,1.51,0.00,1.00,1.00,68.28,0.42,12.08,68.82,61.28,-29.81,42.52,-0.24,0.08,17.00,7000.00,-42.00,0.00,0.00
58061.00,2019-06-30 17:43:22.061,0.00,23.88,0.00,1.51,0.00,1.00,1.00,68.28,0.42,12.07,68.82,61.38,-29.81,42.52,-0.23,0.08,17.00,7000.00,-42.00,0.00,0.00
58161.00,2019-06-30 17:43:22.161,0.00,23.88,0.00,1.51,0.00,1.00,1.00,68.28,0.42,12.07,68.80,61.38,-29.23,42.52,-0.22,0.08,17.00,7000.00,-42.00,0.00,0.00
58261.00,2019-06-30 17:43:22.261,0.00,23.88,0.00,1.51,0.00,1.00,1.00,68.28,0.42,12.10,68.80,61.34,-29.23,42.52,-0.22,0.09,17.00,7000.00,-42.00,0.00,0.00
58361.00,2019-06-30 17:43:22.361,0.00,23.88,0.00,1.51,0.00,1.00,1.00,68.28,0.42,11.94,68.80,61.34,-29.23,42.57,-0.21,0.08,17.00,7000.00,-42.00,0.00,0.00
58461.00,2019-06-30 17:43:22.461,0.00,23.88,0.00,1.51,0.00,1.00,1.00,68.28,0.42,12.09,68.76,61.34,-28.48,42.57,-0.22,0.08,17.00,7000.00,-42.00,0.00,0.00
58561.00,2019-06-30 17:43:22.561,0.00,23.88,0.00,1.51,0.00,1.00,1.00,68.28,0.42,12.09,68.76,61.44,-28.48,42.57,-0.21,0.08,17.00,7000.00,-42.00,0.00,0.00
58661.00,2019-06-30 17:43:22.661,0.00,23.88,0.00,1.51,0.00,1.00,1.00,68.28,0.42,12.09,68.80,61.44,-27.84,42.57,-0.25,0.08,17.00,7000.00,-42.00,0.00,0.00
58761.00,2019-06-30 17:43:22.761,0.00,23.88,0.00,1.51,0.00,1.00,1.00,68.28,0.42,12.06,68.80,61.34,-27.84,42.52,-0.23,0.07,17.00,7000.00,-42.00,0.00,0.00
58861.00,2019-06-30 17:43:22.861,0.00,23.88,0.00,1.51,0.00,1.00,1.00,68.28,0.42,11.97,68.80,61.34,-27.84,42.52,-0.22,0.08,17.00,7000.00,-42.00,0.00,0.00
58961.00,2019-06-30 17:43:22.961,0.00,23.88,0.00,1.51,0.00,1.00,1.00,68.28,0.42,11.96,68.76,61.34,-27.16,42.52,-0.22,0.08,17.00,7000.00,-42.00,0.00,0.00
59061.00,2019-06-30 17:43:23.061,0.00,23.88,0.00,1.51,0.00,1.00,1.00,68.28,0.42,12.09,68.76,61.37,-27.16,42.52,-0.21,0.08,17.00,7000.00,-42.00,0.00,0.00
59161.00,2019-06-30 17:43:23.161,0.00,23.88,0.00,1.51,0.00,1.00,1.00,68.28,0.42,12.08,68.76,61.37,-27.16,42.55,-0.23,0.08,17.00,7000.00,-42.00,0.00,0.00
59261.00,2019-06-30 17:43:23.261,0.00,23.88,0.00,1.51,0.00,1.00,1.00,68.28,0.42,11.96,68.66,61.48,-26.51,42.55,-0.22,0.08,17.00,7000.00,-42.00,0.00,0.00
59361.00,2019-06-30 17:43:23.361,-0.00,23.88,0.00,1.51,0.00,1.00,1.00,68.28,0.42,12.10,68.66,61.48,-26.51,42.55,-0.22,0.08,17.00,7000.00,-42.00,0.00,0.00
59461.00,2019-06-30 17:43:23.461,0.00,23.88,0.00,1.51,0.00,1.00,1.00,68.28,0.42,11.93,68.65,61.48,-25.91,42.55,-0.22,0.08,17.00,7000.00,-42.00,0.00,0.00
59561.00,2019-06-30 17:43:23.561,0.00,23.88,0.00,1.51,0.00,1.00,1.00,68.28,0.42,11.94,68.65,61.44,-25.91,42.53,-0.21,0.08,17.00,7000.00,-42.00,0.00,0.00
59661.00,2019-06-30 17:43:23.661,0.00,23.88,0.00,1.51,0.00,1.00,1.00,68.28,0.42,12.09,68.65,61.44,-25.91,42.53,-0.23,0.08,17.00,7000.00,-42.00,0.00,0.00
59761.00,2019-06-30 17:43:23.761,0.00,23.88,0.00,1.51,0.00,1.00,1.00,68.28,0.42,12.09,68.67,61.46,-25.31,42.53,-0.19,0.08,17.00,7000.00,-42.00,0.00,0.00
59861.00,2019-06-30 17:43:23.861,0.00,23.88,0.00,1.51,0.00,1.00,1.00,68.28,0.42,12.10,68.67,61.46,-25.31,42.53,-0.24,0.08,17.00,7000.00,-42.00,0.00,0.00
59961.00,2019-06-30 17:43:23.961,0.00,23.88,0.00,1.51,0.00,1.00,1.00,68.28,0.42,12.10,68.67,61.46,-24.74,42.55,-0.22,0.08,17.00,7000.00,-42.00,0.00,0.00
60061.00,2019-06-30 17:43:24.061,0.00,23.88,0.00,1.51,0.00,1.00,1.00,68.28,0.42,11.97,68.67,61.53,-24.74,42.55,-0.21,0.08,17.00,7000.00,-42.00,0.00,0.00
60161.00,2019-06-30 17:43:24.161,-0.00,23.88,0.00,1.51,0.00,1.00,1.00,68.28,0.42,11.96,68.67,61.53,-24.74,42.55,-0.22,0.08,17.00,7000.00,-42.00,0.00,0.00
60261.00,2019-06-30 17:43:24.261,0.00,23.88,0.00,1.51,0.00,1.00,1.00,68.28,0.42,12.08,68.64,61.46,-24.20,42.55,-0.21,0.08,17.00,7000.00,-42.00,0.00,0.00
60361.00,2019-06-30 17:43:24.361,0.00,23.88,0.00,1.51,0.00,1.00,1.00,68.28,0.42,12.08,68.64,61.46,-24.20,42.52,-0.24,0.08,17.00,7000.00,-42.00,0.00,0.00
60461.00,2019-06-30 17:43:24.461,0.00,23.88,0.00,1.51,0.00,1.00,1.00,68.28,0.42,12.07,68.64,61.46,-24.20,42.52,-0.22,0.08,17.00,7000.00,-42.00,0.00,0.00
60561.00,2019-06-30 17:43:24.561,0.00,23.88,0.00,1.51,0.00,1.00,1.00,68.28,0.42,12.06,68.65,61.58,-23.55,42.52,-0.21,0.08,17.00,7000.00,-42.00,0.00,0.00
60661.00,2019-06-30 17:43:24.661,0.00,23.88,0.00,1.51,0.00,1.00,1.00,68.28,0.42,12.10,68.65,61.58,-23.55,42.52,-0.23,0.08,17.00,7000.00,-42.00,0.00,0.00
60761.00,2019-06-30 17:43:24.761,0.00,23.88,0.00,1.51,0.00,1.00,1.00,68.28,0.42,11.94,68.63,61.52,-23.02,42.42,-0.21,0.09,17.00,7000.00,-42.00,0.00,0.00
60861.00,2019-06-30 17:43:24.861,0.00,23.88,0.00,1.51,0.00,1.00,1.00,68.28,0.42,12.09,68.63,61.52,-23.02,42.42,-0.23,0.08,17.00,7000.00,-42.00,0.00,0.00
60961.00,2019-06-30 17:43:24.961,0.00,23.88,0.00,1.51,0.00,1.00,1.00,68.28,0.42,12.09,68.63,61.52,-23.02,42.42,-0.21,0.08,17.00,7000.00,-42.00,0.00,0.00
61061.00,2019-06-30 17:43:25.061,0.00,23.88,0.00,1.51,0.00,1.00,1.00,68.28,0.42,11.94,68.60,61.59,-22.45,42.42,-0.25,0.08,17.00,7000.00,-42.00,0.00,0.00
61161.00,2019-06-30 17:43:25.161,0.00,23.88,0.00,1.51,0.00,1.00,1.00,68.28,0.42,12.10,68.60,61.59,-22.45,42.45,-0.22,0.08,17.00,7000.00,-42.00,0.00,0.00
61261.00,2019-06-30 17:43:25.261,0.00,23.88,0.00,1.51,0.00,1.00,1.00,68.28,0.42,12.07,68.53,61.53,-21.95,42.45,-0.22,0.08,17.00,7000.00,-42.00,0.00,0.00
61361.00,2019-06-30 17:43:25.361,0.00,23.88,0.00,1.51,0.00,1.00,1.00,68.28,0.42,11.96,68.53,61.53,-21.95,42.45,-0.23,0.08,17.00,7000.00,-42.00,0.00,0.00
61461.00,2019-06-30 17:43:25.461,0.00,23.88,0.00,1.51,0.00,1.00,1.00,68.28,0.42,12.09,68.53,61.53,-21.95,42.45,-0.20,0.08,17.00,7000.00,-42.00,0.00,0.00
61561.00,2019-06-30 17:43:25.561,0.00,23.88,0.00,1.51,0.00,1.00,1.00,68.28,0.42,12.08,68.58,61.48,-21.38,42.48,-0.23,0.08,17.00,7000.00,-42.00,0.00,0.00
61661.00,2019-06-30 17:43:25.661,0.00,23.88,0.00,1.51,0.00,1.00,1.00,68.28,0.42,12.10,68.58,61.48,-21.38,42.48,-0.21,0.08,17.00,7000.00,-42.00,0.00,0.00
61761.00,2019-06-30 17:43:25.761,0.00,23.88,0.00,1.51,0.00,1.00,1.00,68.28,0.42,12.10,68.58,61.51,-21.38,42.48,-0.22,0.08,17.00,7000.00,-42.00,0.00,0.00
61861.00,2019-06-30 17:43:25.861,0.00,23.88,0.00,1.51,0.00,1.00,1.00,68.28,0.42,12.10,68.54,61.51,-20.86,42.48,-0.22,0.08,17.00,7000.00,-42.00,0.00,0.00
61961.00,2019-06-30 17:43:25.961,0.00,23.88,0.00,1.51,0.00,1.00,1.00,68.28,0.42,12.07,68.54,61.51,-20.86,42.44,-0.22,0.08,17.00,7000.00,-42.00,0.00,0.00
62061.00,2019-06-30 17:43:26.061,0.00,23.88,0.00,1.51,0.00,1.00,1.00,68.28,0.42,11.96,68.59,61.57,-20.35,42.44,-0.24,0.08,17.00,7000.00,-42.00,0.00,0.00
62161.00,2019-06-30 17:43:26.161,0.00,23.88,0.00,1.51,0.00,1.00,1.00,68.28,0.42,12.09,68.59,61.57,-20.35,42.44,-0.20,0.08,17.00,7000.00,-42.00,0.00,0.00
62261.00,2019-06-30 17:43:26.261,0.00,23.88,0.00,1.51,0.00,1.00,1.00,68.28,0.42,11.97,68.59,61.62,-20.35,42.44,-0.24,0.08,17.00,7000.00,-42.00,0.00,0.00
62361.00,2019-06-30 17:43:26.361,0.00,23.88,0.00,1.51,0.00,1.00,1.00,68.28,0.42,11.97,68.49,61.62,-19.86,42.38,-0.21,0.09,17.00,7000.00,-42.00,0.00,0.00
62461.00,2019-06-30 17:43:26.461,0.00,23.88,0.00,1.51,0.00,1.00,1.00,68.28,0.42,12.07,68.49,61.62,-19.86,42.38,-0.22,0.08,17.00,7000.00,-42.00,0.00,0.00
62561.00,2019-06-30 17:43:26.561,0.00,23.88,0.00,1.51,0.00,1.00,1.00,68.28,0.42,11.94,68.48,61.63,-19.37,42.38,-0.22,0.08,17.00,7000.00,-42.00,0.00,0.00
62661.00,2019-06-30 17:43:26.661,0.00,23.88,0.00,1.51,0.00,1.00,1.00,68.28,0.42,11.95,68.48,61.63,-19.37,42.38,-0.21,0.08,17.00,7000.00,-42.00,0.00,0.00
62761.00,2019-06-30 17:43:26.761,0.00,23.88,0.00,1.51,0.00,1.00,1.00,68.28,0.42,12.08,68.48,61.58,-19.37,42.48,-0.24,0.08,17.00,7000.00,-42.00,0.00,0.00
62861.00,2019-06-30 17:43:26.861,0.00,23.88,0.00,1.51,0.00,1.00,1.00,68.28,0.42,11.95,68.45,61.58,-18.94,42.48,-0.22,0.08,17.00,7000.00,-42.00,0.00,0.00
62961.00,2019-06-30 17:43:26.961,0.00,23.88,0.00,1.51,0.00,1.00,1.00,68.28,0.42,12.10,68.45,61.58,-18.94,42.48,-0.21,0.08,17.00,7000.00,-42.00,0.00,0.00
63061.00,2019-06-30 17:43:27.061,0.00,23.88,0.00,1.51,0.00,1.00,1.00,68.28,0.42,12.07,68.45,61.58,-18.94,42.48,-0.22,0.08,17.00,7000.00,-42.00,0.00,0.00
63161.00,2019-06-30 17:43:27.161,0.00,23.88,0.00,1.51,0.00,1.00,1.00,68.28,0.42,11.96,68.47,61.58,-18.52,42.41,-0.21,0.08,17.00,7000.00,-42.00,0.00,0.00
63261.00,2019-06-30 17:43:27.261,0.00,23.88,0.00,1.51,0.00,1.00,1.00,68.28,0.42,11.96,68.47,61.58,-18.52,42.41,-0.23,0.08,17.00,7000.00,-42.00,0.00,0.00
63361.00,2019-06-30 17:43:27.361,0.00,23.88,0.00,1.51,0.00,1.00,1.00,68.28,0.42,12.09,68.42,61.58,-18.05,42.41,-0.20,0.08,17.00,7000.00,-42.00,0.00,0.00
63461.00,2019-06-30 17:43:27.461,0.00,23.88,0.00,1.51,0.00,1.00,1.00,68.28,0.42,12.07,68.42,61.58,-18.05,42.41,-0.24,0.08,17.00,7000.00,-42.00,0.00,0.00
63561.00,2019-06-30 17:43:27.561,0.00,23.88,0.00,1.51,0.00,1.00,1.00,68.28,0.42,11.97,68.42,61.69,-18.05,42.38,-0.21,0.08,17.00,7000.00,-42.00,0.00,0.00
63661.00,2019-06-30 17:43:27.661,0.00,23.88,0.00,1.51,0.00,1.00,1.00,68.28,0.42,12.07,68.39,61.69,-17.59,42.38,-0.21,0.09,17.00,7000.00,-42.00,0.00,0.00
63761.00,2019-06-30 17:43:27.761,0.00,23.88,0.00,1.51,0.00,1.00,1.00,68.28,0.42,12.09,68.39,61.55,-17.59,42.38,-0.22,0.09,17.00,7000.00,-42.00,0.00,0.00
63861.00,2019-06-30 17:43:27.861,0.00,23.88,0.00,1.51,0.00,1.00,1.00,68.28,0.42,11.94,68.34,61.55,-17.19,42.38,-0.21,0.08,17.00,7000.00,-42.00,0.00,0.00
63961.00,2019-06-30 17:43:27.961,0.00,23.88,0.00,1.51,0.00,1.00,1.00,68.28,0.42,12.08,68.34,61.55,-17.19,42.38,-0.24,0.09,17.00,7000.00,-42.00,0.00,0.00
64061.00,2019-06-30 17:43:28.061,0.00,23.88,0.00,1.51,0.00,1.00,1.00,68.28,0.42,11.95,68.34,61.63,-17.19,42.38,-0.22,0.08,17.00,7000.00,-42.00,0.00,0.00
64161.00,2019-06-30 17:43:28.161,0.00,23.88,0.00,1.51,0.00,1.00,1.00,68.28,0.42,11.93,68.35,61.63,-16.73,42.38,-0.21,0.08,17.00,7000.00,-42.00,0.00,0.00
64261.00,2019-06-30 17:43:28.261,0.00,23.88,0.00,1.51,0.00,1.00,1.00,68.28,0.42,12.10,68.35,61.67,-16.73,42.38,-0.22,0.08,17.00,7000.00,-42.00,0.00,0.00
64361.00,2019-06-30 17:43:28.361,0.00,23.88,0.00,1.51,0.00,1.00,1.00,68.28,0.42,12.07,68.35,61.67,-16.73,42.42,-0.20,0.08,17.00,7000.00,-42.00,0.00,0.00
64461.00,2019-06-30 17:43:28.461,0.00,23.88,0.00,1.51,0.00,1.00,1.00,68.28,0.42,12.08,68.45,61.67,-16.27,42.42,-0.23,0.08,17.00,7000.00,-42.00,0.00,0.00
64561.00,2019-06-30 17:43:28.561,0.00,23.88,0.00,1.51,0.00,1.00,1.00,68.28,0.42,12.09,68.45,61.70,-16.27,42.42,-0.20,0.09,17.00,7000.00,-42.00,0.00,0.00
64661.00,2019-06-30 17:43:28.661,0.00,23.88,0.00,1.51,0.00,1.00,1.00,68.28,0.42,12.07,68.40,61.70,-15.88,42.42,-0.24,0.08,17.00,7000.00,-42.00,0.00,0.00
64761.00,2019-06-30 17:43:28.761,0.00,23.88,0.00,1.51,0.00,1.00,1.00,68.28,0.42,11.97,68.40,61.69,-15.88,42.39,-0.24,0.08,17.00,7000.00,-42.00,0.00,0.00
64861.00,2019-06-30 17:43:28.861,0.00,23.88,0.00,1.51,0.00,1.00,1.00,68.28,0.42,12.07,68.40,61.69,-15.88,42.39,-0.22,0.08,17.00,7000.00,-42.00,0.00,0.00
64961.00,2019-06-30 17:43:28.961,0.00,23.88,0.00,1.51,0.00,1.00,1.00,68.28,0.42,12.09,68.28,61.69,-15.45,42.39,-0.22,0.09,17.00,7000.00,-42.00,0.00,0.00
65061.00,2019-06-30 17:43:29.061,0.00,23.88,0.00,1.51,0.00,1.00,1.00,68.28,0.42,11.94,68.28,61.67,-15.45,42.39,-0.21,0.08,17.00,7000.00,-42.00,0.00,0.00
65161.00,2019-06-30 17:43:29.161,0.00,23.88,0.00,1.51,0.00,1.00,1.00,68.28,0.42,12.08,68.28,61.67,-15.07,42.33,-0.24,0.08,17.00,7000.00,-42.00,0.00,0.00
65261.00,2019-06-30 17:43:29.261,0.00,23.88,0.00,1.51,0.00,1.00,1.00,68.28,0.42,12.10,68.28,61.66,-15.07,42.33,-0.22,0.08,17.00,7000.00,-42.00,0.00,0.00
65361.00,2019-06-30 17:43:29.361,0.00,23.88,0.00,1.51,0.00,1.00,1.00,68.28,0.42,11.93,68.28,61.66,-15.07,42.33,-0.22,0.08,17.00,7000.00,-42.00,0.00,0.00
65461.00,2019-06-30 17:43:29.461,0.00,23.88,0.00,1.51,0.00,1.00,1.00,68.28,0.42,12.10,68.30,61.66,-14.59,42.33,-0.22,0.08,17.00,7000.00,-42.00,0.00,0.00
65561.00,2019-06-30 17:43:29.561,0.00,23.88,0.00,1.51,0.00,1.00,1.00,68.28,0.42,12.07,68.30,61.71,-14.59,42.30,-0.22,0.08,17.00,7000.00,-42.00,0.00,0.00
65661.00,2019-06-30 17:43:29.661,0.00,23.88,0.00,1.51,0.00,1.00,1.00,68.28,0.42,11.96,68.30,61.71,-14.59,42.30,-0.22,0.08,17.00,7000.00,-42.00,0.00,0.00
65761.00,2019-06-30 17:43:29.761,0.00,23.88,0.00,1.51,0.00,1.00,1.00,68.28,0.42,12.09,68.32,61.66,-14.36,42.30,-0.20,0.09,17.00,7000.00,-42.00,0.00,0.00
65861.00,2019-06-30 17:43:29.861,0.00,23.88,0.00,1.51,0.00,1.00,1.00,68.28,0.42,12.07,68.32,61.66,-14.36,42.30,-0.24,0.08,17.00,7000.00,-42.00,0.00,0.00
65961.00,2019-06-30 17:43:29.961,0.00,23.88,0.00,1.51,0.00,1.00,1.00,68.28,0.42,11.97,68.26,61.66,-13.96,42.34,-0.22,0.09,17.00,7000.00,-42.00,0.00,0.00
66061.00,2019-06-30 17:43:30.061,0.00,23.88,0.00,1.51,0.00,1.00,1.00,68.28,0.42,12.10,68.26,61.71,-13.96,42.34,-0.21,0.09,17.00,7000.00,-42.00,0.00,0.00
66161.00,2019-06-30 17:43:30.161,0.00,23.88,0.00,1.51,0.00,1.00,1.00,68.28,0.42,11.94,68.26,61.71,-13.96,42.34,-0.22,0.09,17.00,7000.00,-42.00,0.00,0.00
66261.00,2019-06-30 17:43:30.261,0.00,23.88,0.00,1.51,0.00,1.00,1.00,68.28,0.42,11.95,68.21,61.76,-13.70,42.34,-0.20,0.08,17.00,7000.00,-42.00,0.00,0.00
66361.00,2019-06-30 17:43:30.361,0.00,23.88,0.00,1.51,0.00,1.00,1.00,68.28,0.42,12.08,68.21,61.76,-13.70,42.29,-0.24,0.09,17.00,7000.00,-42.00,0.00,0.00
66461.00,2019-06-30 17:43:30.461,0.00,23.88,0.00,1.51,0.00,1.00,1.00,68.28,0.42,12.10,68.23,61.76,-13.21,42.29,-0.23,0.09,17.00,7000.00,-42.00,0.00,0.00
66561.00,2019-06-30 17:43:30.561,0.00,23.88,0.00,1.51,0.00,1.00,1.00,68.28,0.42,11.93,68.23,61.74,-13.21,42.29,-0.22,0.08,17.00,7000.00,-42.00,0.00,0.00
66661.00,2019-06-30 17:43:30.661,0.00,23.88,0.00,1.51,0.00,1.00,1.00,68.28,0.42,12.09,68.23,61.74,-13.21,42.29,-0.22,0.09,17.00,7000.00,-42.00,0.00,0.00
66761.00,2019-06-30 17:43:30.761,0.00,23.88,0.00,1.51,0.00,1.00,1.00,68.28,0.42,12.07,68.19,61.74,-12.86,42.38,-0.22,0.08,17.00,7000.00,-42.00,0.00,0.00
66861.00,2019-06-30 17:43:30.861,0.00,23.88,0.00,1.51,0.00,1.00,1.00,68.28,0.42,12.08,68.19,61.74,-12.86,42.38,-0.23,0.08,17.00,7000.00,-42.00,0.00,0.00
66961.00,2019-06-30 17:43:30.961,0.00,23.88,0.00,1.51,0.00,1.00,1.00,68.28,0.42,12.09,68.19,61.74,-12.86,42.38,-0.19,0.08,17.00,7000.00,-42.00,0.00,0.00
67061.00,2019-06-30 17:43:31.061,0.00,23.88,0.00,1.51,0.00,1.00,1.00,68.28,0.42,12.07,68.14,61.76,-12.60,42.38,-0.24,0.08,17.00,7000.00,-42.00,0.00,0.00
67161.00,2019-06-30 17:43:31.161,0.00,23.88,0.00,1.51,0.00,1.00,1.00,68.28,0.42,11.97,68.14,61.76,-12.60,42.25,-0.22,0.09,17.00,7000.00,-42.00,0.00,0.00
67261.00,2019-06-30 17:43:31.261,0.00,23.88,0.00,1.51,0.00,1.00,1.00,68.28,0.42,12.07,68.13,61.83,-12.16,42.25,-0.21,0.09,17.00,7000.00,-42.00,0.00,0.00
67361.00,2019-06-30 17:43:31.361,0.00,23.88,0.00,1.51,0.00,1.00,1.00,68.28,0.42,11.94,68.13,61.83,-12.16,42.25,-0.23,0.09,17.00,7000.00,-42.00,0.00,0.00
67461.00,2019-06-30 17:43:31.461,0.00,23.88,0.00,1.51,0.00,1.00,1.00,68.28,0.42,11.95,68.13,61.83,-12.16,42.25,-0.21,0.09,17.00,7000.00,-42.00,0.00,0.00
67561.00,2019-06-30 17:43:31.561,0.00,23.88,0.00,1.51,0.00,1.00,1.00,68.28,0.42,12.08,68.16,61.73,-11.88,42.30,-0.22,0.09,17.00,7000.00,-42.00,0.00,0.00
67661.00,2019-06-30 17:43:31.661,0.00,23.88,0.00,1.51,0.00,1.00,1.00,68.28,0.42,11.94,68.16,61.73,-11.88,42.30,-0.21,0.08,17.00,7000.00,-42.00,0.00,0.00
67761.00,2019-06-30 17:43:31.761,0.00,23.88,0.00,1.51,0.00,1.00,1.00,68.28,0.42,12.10,68.16,61.74,-11.51,42.30,-0.21,0.08,17.00,7000.00,-42.00,0.00,0.00
67861.00,2019-06-30 17:43:31.861,0.00,23.88,0.00,1.51,0.00,1.00,1.00,68.28,0.42,12.10,68.16,61.74,-11.51,42.30,-0.21,0.08,17.00,7000.00,-42.00,0.00,0.00
67961.00,2019-06-30 17:43:31.961,0.00,23.88,0.00,1.51,0.00,1.00,1.00,68.28,0.42,11.96,68.16,61.74,-11.51,42.23,-0.21,0.09,17.00,7000.00,-42.00,0.00,0.00
68061.00,2019-06-30 17:43:32.061,0.00,23.88,0.00,1.51,0.00,1.00,1.00,68.28,0.42,11.96,68.18,61.83,-11.21,42.23,-0.23,0.08,17.00,7000.00,-42.00,0.00,0.00
68161.00,2019-06-30 17:43:32.161,0.00,23.88,0.00,1.51,0.00,1.00,1.00,68.28,0.42,12.09,68.18,61.83,-11.21,42.23,-0.18,0.08,17.00,7000.00,-42.00,0.00,0.00
68261.00,2019-06-30 17:43:32.261,0.00,23.88,0.00,1.51,0.00,1.00,1.00,68.28,0.42,11.97,68.18,61.77,-11.21,42.23,-0.24,0.08,17.00,7000.00,-42.00,0.00,0.00
68361.00,2019-06-30 17:43:32.361,0.00,23.88,0.00,1.51,0.00,1.00,1.00,68.28,0.42,12.06,68.14,61.77,-10.91,42.29,-0.22,0.08,17.00,7000.00,-42.00,0.00,0.00
68461.00,2019-06-30 17:43:32.461,0.00,23.88,0.00,1.51,0.00,1.00,1.00,68.28,0.42,12.07,68.14,61.77,-10.91,42.29,-0.22,0.09,17.00,7000.00,-42.00,0.00,0.00
68561.00,2019-06-30 17:43:32.561,0.00,23.88,0.00,1.51,0.00,1.00,1.00,68.28,0.42,11.94,68.13,61.84,-10.59,42.29,-0.22,0.09,17.00,7000.00,-42.00,0.00,0.00
68661.00,2019-06-30 17:43:32.661,0.00,23.88,0.00,1.51,0.00,1.00,1.00,68.28,0.42,11.95,68.13,61.84,-10.59,42.29,-0.20,0.09,17.00,7000.00,-42.00,0.00,0.00
68761.00,2019-06-30 17:43:32.761,0.00,23.88,0.00,1.51,0.00,1.00,1.00,68.28,0.42,12.09,68.13,61.73,-10.59,42.29,-0.24,0.09,17.00,7000.00,-42.00,0.00,0.00
68861.00,2019-06-30 17:43:32.861,0.00,23.88,0.00,1.51,0.00,1.00,1.00,68.28,0.42,11.94,68.16,61.73,-10.31,42.29,-0.21,0.08,17.00,7000.00,-42.00,0.00,0.00
68961.00,2019-06-30 17:43:32.961,0.00,23.88,0.00,1.51,0.00,1.00,1.00,68.28,0.42,11.93,68.16,61.73,-10.31,42.29,-0.21,0.09,17.00,7000.00,-42.00,0.00,0.00
69061.00,2019-06-30 17:43:33.061,0.00,23.88,0.00,1.51,0.00,1.00,1.00,68.28,0.42,12.09,68.13,61.73,-10.05,42.29,-0.22,0.08,17.00,7000.00,-42.00,0.00,0.00
69161.00,2019-06-30 17:43:33.161,0.00,23.88,0.00,1.51,0.00,1.00,1.00,68.28,0.42,11.96,68.13,61.73,-10.05,42.34,-0.22,0.08,17.00,7000.00,-42.00,0.00,0.00
69261.00,2019-06-30 17:43:33.261,0.00,23.88,0.00,1.51,0.00,1.00,1.00,68.28,0.42,11.96,68.13,61.85,-10.05,42.34,-0.22,0.08,17.00,7000.00,-42.00,0.00,0.00
69361.00,2019-06-30 17:43:33.361,0.00,23.88,0.00,1.51,0.00,1.00,1.00,68.28,0.42,12.09,68.13,61.85,-9.73,42.34,-0.20,0.08,17.00,7000.00,-42.00,0.00,0.00
69461.00,2019-06-30 17:43:33.461,0.00,23.88,0.00,1.51,0.00,1.00,1.00,68.28,0.42,12.07,68.13,61.85,-9.73,42.34,-0.26,0.08,17.00,7000.00,-42.00,0.00,0.00
69561.00,2019-06-30 17:43:33.561,0.00,23.88,0.00,1.51,0.00,1.00,1.00,68.28,0.42,11.96,68.13,61.77,-9.73,42.29,-0.24,0.09,17.00,7000.00,-42.00,0.00,0.00
69661.00,2019-06-30 17:43:33.661,0.00,23.88,0.00,1.51,0.00,1.00,1.00,68.28,0.42,12.10,68.05,61.77,-9.42,42.29,-0.20,0.09,17.00,7000.00,-42.00,0.00,0.00
69761.00,2019-06-30 17:43:33.761,0.00,23.88,0.00,1.51,0.00,1.00,1.00,68.28,0.42,12.09,68.05,61.83,-9.42,42.29,-0.22,0.09,17.00,7000.00,-42.00,0.00,0.00
69861.00,2019-06-30 17:43:33.861,0.00,23.88,0.00,1.51,0.00,1.00,1.00,68.28,0.42,11.94,68.07,61.83,-9.18,42.29,-0.21,0.09,17.00,7000.00,-42.00,0.00,0.00
69961.00,2019-06-30 17:43:33.961,0.00,23.88,0.00,1.51,0.00,1.00,1.00,68.28,0.42,12.09,68.07,61.83,-9.18,42.27,-0.23,0.09,17.00,7000.00,-42.00,0.00,0.00
70061.00,2019-06-30 17:43:34.061,0.00,23.88,0.00,1.51,0.00,1.00,1.00,68.28,0.42,11.97,68.07,61.79,-9.18,42.27,-0.22,0.09,17.00,7000.00,-42.00,0.00,0.00
70161.00,2019-06-30 17:43:34.161,0.00,23.88,0.00,1.51,0.00,1.00,1.00,68.28,0.42,12.07,68.05,61.79,-8.82,42.27,-0.21,0.09,17.00,7000.00,-42.00,0.00,0.00
70261.00,2019-06-30 17:43:34.261,0.00,23.88,0.00,1.51,0.00,1.00,1.00,68.28,0.42,12.09,68.05,61.79,-8.82,42.27,-0.22,0.09,17.00,7000.00,-42.00,0.00,0.00
70361.00,2019-06-30 17:43:34.361,0.00,23.88,0.00,1.51,0.00,1.00,1.00,68.28,0.42,11.94,68.05,61.74,-8.82,42.25,-0.22,0.09,17.00,7000.00,-42.00,0.00,0.00
70461.00,2019-06-30 17:43:34.461,0.00,23.88,0.00,1.51,0.00,1.00,1.00,68.28,0.42,12.09,68.04,61.74,-8.55,42.25,-0.22,0.08,17.00,7000.00,-42.00,0.00,0.00
70561.00,2019-06-30 17:43:34.561,0.00,23.88,0.00,1.51,0.00,1.00,1.00,68.28,0.42,12.09,68.04,61.81,-8.55,42.25,-0.21,0.09,17.00,7000.00,-42.00,0.00,0.00
70661.00,2019-06-30 17:43:34.661,0.00,23.88,0.00,1.51,0.00,1.00,1.00,68.28,0.42,11.94,68.06,61.81,-8.28,42.25,-0.25,0.09,17.00,7000.00,-42.00,0.00,0.00
70761.00,2019-06-30 17:43:34.761,0.00,23.88,0.00,1.51,0.00,1.00,1.00,68.28,0.42,12.07,68.06,61.81,-8.28,42.27,-0.22,0.08,17.00,7000.00,-42.00,0.00,0.00
70861.00,2019-06-30 17:43:34.861,0.00,23.88,0.00,1.51,0.00,1.00,1.00,68.28,0.42,11.97,68.06,61.84,-8.28,42.27,-0.22,0.09,17.00,7000.00,-42.00,0.00,0.00
70961.00,2019-06-30 17:43:34.961,0.00,23.88,0.00,1.51,0.00,1.00,1.00,68.28,0.42,11.96,67.93,61.84,-8.02,42.27,-0.22,0.08,17.00,7000.00,-42.00,0.00,0.00
71061.00,2019-06-30 17:43:35.061,0.00,23.88,0.00,1.51,0.00,1.00,1.00,68.28,0.42,12.09,67.93,61.78,-8.02,42.27,-0.20,0.09,17.00,7000.00,-42.00,0.00,0.00
71161.00,2019-06-30 17:43:35.161,0.00,23.88,0.00,1.51,0.00,1.00,1.00,68.28,0.42,11.95,68.04,61.78,-7.72,42.23,-0.22,0.09,17.00,7000.00,-42.00,0.00,0.00
71261.00,2019-06-30 17:43:35.261,0.00,23.88,0.00,1.51,0.00,1.00,1.00,68.28,0.42,11.97,68.04,61.78,-7.72,42.23,-0.22,0.09,17.00,7000.00,-42.00,0.00,0.00
71361.00,2019-06-30 17:43:35.361,0.00,23.88,0.00,1.51,0.00,1.00,1.00,68.28,0.42,12.06,68.04,61.79,-7.72,42.23,-0.22,0.09,17.00,7000.00,-42.00,0.00,0.00
71461.00,2019-06-30 17:43:35.461,0.00,23.88,0.00,1.51,0.00,1.00,1.00,68.28,0.42,11.93,67.93,61.79,-7.53,42.23,-0.23,0.08,17.00,7000.00,-42.00,0.00,0.00
71561.00,2019-06-30 17:43:35.561,0.00,23.88,0.00,1.51,0.00,1.00,1.00,68.28,0.42,12.09,67.93,61.83,-7.53,42.23,-0.21,0.09,17.00,7000.00,-42.00,0.00,0.00
71661.00,2019-06-30 17:43:35.661,0.00,23.88,0.00,1.51,0.00,1.00,1.00,68.28,0.42,12.08,67.93,61.83,-7.53,42.23,-0.22,0.09,17.00,7000.00,-42.00,0.00,0.00
71761.00,2019-06-30 17:43:35.761,0.00,23.88,0.00,1.51,0.00,1.00,1.00,68.28,0.42,12.09,68.04,61.83,-7.26,42.23,-0.20,0.09,17.00,7000.00,-42.00,0.00,0.00
71861.00,2019-06-30 17:43:35.861,0.00,23.88,0.00,1.51,0.00,1.00,1.00,68.28,0.42,12.10,68.04,61.79,-7.26,42.23,-0.24,0.09,17.00,7000.00,-42.00,0.00,0.00
71961.00,2019-06-30 17:43:35.961,0.00,23.88,0.00,1.51,0.00,1.00,1.00,68.28,0.42,12.10,68.02,61.79,-6.99,42.29,-0.21,0.08,17.00,7000.00,-42.00,0.00,0.00
72061.00,2019-06-30 17:43:36.061,0.00,23.88,0.00,1.51,0.00,1.00,1.00,68.28,0.42,12.07,68.02,61.76,-6.99,42.29,-0.21,0.09,17.00,7000.00,-42.00,0.00,0.00
72161.00,2019-06-30 17:43:36.161,0.00,23.88,0.00,1.51,0.00,1.00,1.00,68.28,0.42,12.07,68.02,61.76,-6.99,42.29,-0.22,0.08,17.00,7000.00,-42.00,0.00,0.00
72261.00,2019-06-30 17:43:36.261,0.00,23.88,0.00,1.51,0.00,1.00,1.00,68.28,0.42,12.08,67.99,61.76,-6.81,42.29,-0.21,0.09,17.00,7000.00,-42.00,0.00,0.00
72361.00,2019-06-30 17:43:36.361,0.00,23.88,0.00,1.51,0.00,1.00,1.00,68.28,0.42,12.08,67.99,61.83,-6.81,42.27,-0.22,0.08,17.00,7000.00,-42.00,0.00,0.00
72461.00,2019-06-30 17:43:36.461,0.00,23.88,0.00,1.51,0.00,1.00,1.00,68.28,0.42,12.07,67.95,61.83,-6.62,42.27,-0.21,0.09,17.00,7000.00,-42.00,0.00,0.00
72561.00,2019-06-30 17:43:36.561,0.00,23.88,0.00,1.51,0.00,1.00,1.00,68.28,0.42,12.06,67.95,61.81,-6.62,42.27,-0.22,0.09,17.00,7000.00,-42.00,0.00,0.00
72661.00,2019-06-30 17:43:36.661,0.00,23.88,0.00,1.51,0.00,1.00,1.00,68.28,0.42,12.10,67.95,61.81,-6.62,42.27,-0.21,0.09,17.00,7000.00,-42.00,0.00,0.00
72761.00,2019-06-30 17:43:36.761,0.00,23.88,0.00,1.51,0.00,1.00,1.00,68.28,0.42,12.09,68.02,61.81,-6.34,42.29,-0.21,0.09,17.00,7000.00,-42.00,0.00,0.00
72861.00,2019-06-30 17:43:36.861,0.00,23.88,0.00,1.51,0.00,1.00,1.00,68.28,0.42,12.09,68.02,61.88,-6.34,42.29,-0.22,0.08,17.00,7000.00,-42.00,0.00,0.00
72961.00,2019-06-30 17:43:36.961,0.00,23.88,0.00,1.51,0.00,1.00,1.00,68.28,0.42,12.09,68.02,61.88,-6.34,42.29,-0.20,0.09,17.00,7000.00,-42.00,0.00,0.00
73061.00,2019-06-30 17:43:37.061,0.00,23.88,0.00,1.51,0.00,1.00,1.00,68.28,0.42,12.10,67.99,61.85,-6.09,42.29,-0.23,0.08,17.00,7000.00,-42.00,0.00,0.00
73161.00,2019-06-30 17:43:37.161,0.00,23.88,0.00,1.51,0.00,1.00,1.00,68.28,0.42,12.10,67.99,61.85,-6.09,42.19,-0.22,0.08,17.00,7000.00,-42.00,0.00,0.00
73261.00,2019-06-30 17:43:37.261,0.00,23.88,0.00,1.51,0.00,1.00,1.00,68.28,0.42,12.07,67.98,61.85,-5.84,42.19,-0.22,0.08,17.00,7000.00,-42.00,0.00,0.00
73361.00,2019-06-30 17:43:37.361,0.00,23.88,0.00,1.51,0.00,1.00,1.00,68.28,0.42,11.96,67.98,61.84,-5.84,42.19,-0.22,0.08,17.00,7000.00,-42.00,0.00,0.00
73461.00,2019-06-30 17:43:37.461,0.00,23.88,0.00,1.51,0.00,1.00,1.00,68.28,0.42,12.08,67.98,61.84,-5.84,42.19,-0.21,0.09,17.00,7000.00,-42.00,0.00,0.00
73561.00,2019-06-30 17:43:37.561,0.00,23.88,0.00,1.51,0.00,1.00,1.00,68.28,0.42,12.08,67.92,61.83,-5.71,42.23,-0.22,0.09,17.00,7000.00,-42.00,0.00,0.00
73661.00,2019-06-30 17:43:37.661,0.00,23.88,0.00,1.51,0.00,1.00,1.00,68.28,0.42,11.97,67.92,61.83,-5.71,42.23,-0.20,0.09,17.00,7000.00,-42.00,0.00,0.00
73761.00,2019-06-30 17:43:37.761,0.00,23.88,0.00,1.51,0.00,1.00,1.00,68.28,0.42,12.06,67.90,61.83,-5.41,42.23,-0.22,0.09,17.00,7000.00,-42.00,0.00,0.00
73861.00,2019-06-30 17:43:37.861,0.00,23.88,0.00,1.51,0.00,1.00,1.00,68.28,0.42,12.09,67.90,61.88,-5.41,42.23,-0.23,0.09,17.00,7000.00,-42.00,0.00,0.00
73961.00,2019-06-30 17:43:37.961,0.00,23.88,0.00,1.51,0.00,1.00,1.00,68.28,0.42,11.94,67.90,61.88,-5.41,42.16,-0.20,0.09,17.00,7000.00,-42.00,0.00,0.00
74061.00,2019-06-30 17:43:38.061,0.00,23.88,0.00,1.51,0.00,1.00,1.00,68.28,0.42,12.08,67.92,61.83,-5.29,42.16,-0.22,0.09,17.00,7000.00,-42.00,0.00,0.00
74161.00,2019-06-30 17:43:38.161,0.00,23.88,0.00,1.51,0.00,1.00,1.00,68.28,0.42,12.09,67.92,61.83,-5.29,42.16,-0.19,0.09,17.00,7000.00,-42.00,0.00,0.00
74261.00,2019-06-30 17:43:38.261,0.00,23.88,0.00,1.51,0.00,1.00,1.00,68.28,0.42,11.93,67.92,61.83,-5.29,42.16,-0.24,0.09,17.00,7000.00,-42.00,0.00,0.00
74361.00,2019-06-30 17:43:38.361,0.00,23.88,0.00,1.51,0.00,1.00,1.00,68.28,0.42,12.10,67.86,61.88,-4.98,42.14,-0.22,0.08,17.00,7000.00,-42.00,0.00,0.00
74461.00,2019-06-30 17:43:38.461,0.00,23.88,0.00,1.51,0.00,1.00,1.00,68.28,0.42,12.06,67.86,61.88,-4.98,42.14,-0.22,0.08,17.00,7000.00,-42.00,0.00,0.00
74561.00,2019-06-30 17:43:38.561,0.00,23.88,0.00,1.51,0.00,1.00,1.00,68.28,0.42,12.07,67.88,61.83,-4.77,42.14,-0.22,0.08,17.00,7000.00,-42.00,0.00,0.00
74661.00,2019-06-30 17:43:38.661,0.00,23.88,0.00,1.51,0.00,1.00,1.00,68.28,0.42,12.09,67.88,61.83,-4.77,42.14,-0.20,0.09,17.00,7000.00,-42.00,0.00,0.00
74761.00,2019-06-30 17:43:38.761,0.00,23.88,0.00,1.51,0.00,1.00,1.00,68.28,0.42,11.96,67.88,61.83,-4.77,42.20,-0.22,0.09,17.00,7000.00,-42.00,0.00,0.00
74861.00,2019-06-30 17:43:38.861,0.00,23.88,0.00,1.51,0.00,1.00,1.00,68.28,0.42,12.07,67.85,61.83,-4.53,42.20,-0.21,0.09,17.00,7000.00,-42.00,0.00,0.00
74961.00,2019-06-30 17:43:38.961,0.00,23.88,0.00,1.51,0.00,1.00,1.00,68.28,0.42,12.06,67.85,61.83,-4.53,42.20,-0.22,0.09,17.00,7000.00,-42.00,0.00,0.00
75061.00,2019-06-30 17:43:39.061,0.00,23.88,0.00,1.51,0.00,1.00,1.00,68.28,0.42,12.09,67.90,61.76,-4.37,42.20,-0.22,0.09,17.00,7000.00,-42.00,0.00,0.00
75161.00,2019-06-30 17:43:39.161,0.00,23.88,0.00,1.51,0.00,1.00,1.00,68.28,0.42,12.09,67.90,61.76,-4.37,42.14,-0.22,0.09,17.00,7000.00,-42.00,0.00,0.00
75261.00,2019-06-30 17:43:39.261,0.00,23.88,0.00,1.51,0.00,1.00,1.00,68.28,0.42,12.08,67.90,61.76,-4.37,42.14,-0.22,0.09,17.00,7000.00,-42.00,0.00,0.00
75361.00,2019-06-30 17:43:39.361,0.00,23.88,0.00,1.51,0.00,1.00,1.00,68.28,0.42,12.09,67.91,61.80,-4.20,42.14,-0.19,0.09,17.00,7000.00,-42.00,0.00,0.00
75461.00,2019-06-30 17:43:39.461,0.00,23.88,0.00,1.51,0.00,1.00,1.00,68.28,0.42,11.93,67.91,61.80,-4.20,42.14,-0.24,0.09,17.00,7000.00,-42.00,0.00,0.00
75561.00,2019-06-30 17:43:39.561,0.00,23.88,0.00,1.51,0.00,1.00,1.00,68.28,0.42,12.06,67.91,61.88,-4.20,42.09,-0.22,0.09,17.00,7000.00,-42.00,0.00,0.00
75661.00,2019-06-30 17:43:39.661,0.00,23.88,0.00,1.51,0.00,1.00,1.00,68.28,0.42,12.07,67.83,61.88,-4.09,42.09,-0.21,0.08,17.00,7000.00,-42.00,0.00,0.00
75761.00,2019-06-30 17:43:39.761,0.00,23.88,0.00,1.51,0.00,1.00,1.00,68.28,0.42,11.96,67.83,61.88,-4.09,42.09,-0.22,0.08,17.00,7000.00,-42.00,0.00,0.00
75861.00,2019-06-30 17:43:39.861,0.00,23.88,0.00,1.51,0.00,1.00,1.00,68.28,0.42,12.08,67.83,61.88,-3.88,42.09,-0.20,0.09,17.00,7000.00,-42.00,0.00,0.00
75961.00,2019-06-30 17:43:39.961,0.00,23.88,0.00,1.51,0.00,1.00,1.00,68.28,0.42,12.08,67.83,61.88,-3.88,42.18,-0.23,0.09,17.00,7000.00,-42.00,0.00,0.00
76061.00,2019-06-30 17:43:40.061,0.00,23.88,0.00,1.51,0.00,1.00,1.00,68.28,0.42,11.97,67.83,61.88,-3.88,42.18,-0.21,0.09,17.00,7000.00,-42.00,0.00,0.00
76161.00,2019-06-30 17:43:40.161,0.00,23.88,0.00,1.51,0.00,1.00,1.00,68.28,0.42,12.10,67.86,61.88,-3.63,42.18,-0.21,0.09,17.00,7000.00,-42.00,0.00,0.00
76261.00,2019-06-30 17:43:40.261,0.00,23.88,0.00,1.51,0.00,1.00,1.00,68.28,0.42,12.10,67.86,61.88,-3.63,42.18,-0.22,0.09,17.00,7000.00,-42.00,0.00,0.00
76361.00,2019-06-30 17:43:40.361,0.00,23.88,0.00,1.51,0.00,1.00,1.00,68.28,0.42,11.94,67.85,61.80,-3.38,42.18,-0.21,0.09,17.00,7000.00,-42.00,0.00,0.00
76461.00,2019-06-30 17:43:40.461,0.00,23.88,0.00,1.51,0.00,1.00,1.00,68.28,0.42,12.09,67.85,61.80,-3.38,42.18,-0.21,0.08,17.00,7000.00,-42.00,0.00,0.00
76561.00,2019-06-30 17:43:40.561,0.00,23.88,0.00,1.51,0.00,1.00,1.00,68.28,0.42,12.09,67.85,61.86,-3.38,42.18,-0.19,0.09,17.00,7000.00,-42.00,0.00,0.00
76661.00,2019-06-30 17:43:40.661,0.00,23.88,0.00,1.51,0.00,1.00,1.00,68.28,0.42,11.94,67.83,61.86,-3.28,42.18,-0.24,0.08,17.00,7000.00,-42.00,0.00,0.00
76761.00,2019-06-30 17:43:40.761,0.00,23.88,0.00,1.51,0.00,1.00,1.00,68.28,0.42,12.10,67.83,61.86,-3.28,42.16,-0.22,0.08,17.00,7000.00,-42.00,0.00,0.00
76861.00,2019-06-30 17:43:40.861,0.00,23.88,0.00,1.51,0.00,1.00,1.00,68.28,0.42,12.07,67.83,61.73,-3.28,42.16,-0.21,0.09,17.00,7000.00,-42.00,0.00,0.00
76961.00,2019-06-30 17:43:40.961,0.00,23.88,0.00,1.51,0.00,1.00,1.00,68.28,0.42,11.96,67.88,61.73,-3.06,42.16,-0.22,0.08,17.00,7000.00,-42.00,0.00,0.00
77061.00,2019-06-30 17:43:41.061,0.00,23.88,0.00,1.51,0.00,1.00,1.00,68.28,0.42,12.08,67.88,61.80,-3.06,42.16,-0.20,0.09,17.00,7000.00,-42.00,0.00,0.00
77161.00,2019-06-30 17:43:41.161,0.00,23.88,0.00,1.51,0.00,1.00,1.00,68.28,0.42,11.96,67.86,61.80,-2.84,42.19,-0.24,0.08,17.00,7000.00,-42.00,0.00,0.00
77261.00,2019-06-30 17:43:41.261,0.00,23.88,0.00,1.51,0.00,1.00,1.00,68.28,0.42,11.97,67.86,61.80,-2.84,42.19,-0.22,0.09,17.00,7000.00,-42.00,0.00,0.00
77361.00,2019-06-30 17:43:41.361,0.00,23.88,0.00,1.51,0.00,1.00,1.00,68.28,0.42,12.10,67.86,61.80,-2.84,42.19,-0.22,0.09,17.00,7000.00,-42.00,0.00,0.00
77461.00,2019-06-30 17:43:41.461,0.00,23.88,0.00,1.51,0.00,1.00,1.00,68.28,0.42,12.09,67.88,61.80,-2.73,42.19,-0.22,0.09,17.00,7000.00,-42.00,0.00,0.00
77561.00,2019-06-30 17:43:41.561,0.00,23.88,0.00,1.51,0.00,1.00,1.00,68.28,0.42,11.94,67.88,61.88,-2.73,42.19,-0.21,0.09,17.00,7000.00,-42.00,0.00,0.00
77661.00,2019-06-30 17:43:41.661,0.00,23.88,0.00,1.51,0.00,1.00,1.00,68.28,0.42,12.09,67.80,61.88,-2.54,42.19,-0.22,0.09,17.00,7000.00,-42.00,0.00,0.00
77761.00,2019-06-30 17:43:41.761,0.00,23.88,0.00,1.51,0.00,1.00,1.00,68.28,0.42,12.09,67.80,61.88,-2.54,42.19,-0.19,0.09,17.00,7000.00,-42.00,0.00,0.00
77861.00,2019-06-30 17:43:41.861,0.00,23.88,0.00,1.51,0.00,1.00,1.00,68.28,0.42,12.10,67.80,61.83,-2.54,42.19,-0.24,0.09,17.00,7000.00,-42.00,0.00,0.00
77961.00,2019-06-30 17:43:41.961,0.00,23.88,0.00,1.51,0.00,1.00,1.00,68.28,0.42,12.10,67.83,61.83,-2.38,42.16,-0.21,0.08,17.00,7000.00,-42.00,0.00,0.00
78061.00,2019-06-30 17:43:42.061,0.00,23.88,0.00,1.51,0.00,1.00,1.00,68.28,0.42,11.96,67.83,61.77,-2.38,42.16,-0.21,0.09,17.00,7000.00,-42.00,0.00,0.00
78161.00,2019-06-30 17:43:42.161,0.00,23.88,0.00,1.51,0.00,1.00,1.00,68.28,0.42,12.07,67.83,61.77,-2.38,42.16,-0.22,0.08,17.00,7000.00,-42.00,0.00,0.00
78261.00,2019-06-30 17:43:42.261,0.00,23.88,0.00,1.51,0.00,1.00,1.00,68.28,0.42,12.08,67.79,61.77,-2.27,42.16,-0.21,0.09,17.00,7000.00,-42.00,0.00,0.00
78361.00,2019-06-30 17:43:42.361,0.00,23.88,0.00,1.51,0.00,1.00,1.00,68.28,0.42,12.07,67.79,61.81,-2.27,42.16,-0.24,0.09,17.00,7000.00,-42.00,0.00,0.00
78461.00,2019-06-30 17:43:42.461,0.00,23.88,0.00,1.51,0.00,1.00,1.00,68.28,0.42,11.97,67.75,61.81,-2.05,42.16,-0.23,0.09,17.00,7000.00,-42.00,0.00,0.00
78561.00,2019-06-30 17:43:42.561,0.00,23.88,0.00,1.51,0.00,1.00,1.00,68.28,0.42,12.10,67.75,61.79,-2.05,42.16,-0.21,0.09,17.00,7000.00,-42.00,0.00,0.00
78661.00,2019-06-30 17:43:42.661,0.00,23.88,0.00,1.51,0.00,1.00,1.00,68.28,0.42,12.09,67.75,61.79,-2.05,42.16,-0.22,0.09,17.00,7000.00,-42.00,0.00,0.00
78761.00,2019-06-30 17:43:42.761,0.00,23.88,0.00,1.51,0.00,1.00,1.00,68.28,0.42,12.09,67.83,61.79,-1.91,42.16,-0.20,0.09,17.00,7000.00,-42.00,0.00,0.00
78861.00,2019-06-30 17:43:42.861,0.00,23.88,0.00,1.51,0.00,1.00,1.00,68.28,0.42,12.09,67.83,61.80,-1.91,42.16,-0.23,0.09,17.00,7000.00,-42.00,0.00,0.00
78961.00,2019-06-30 17:43:42.961,0.00,23.88,0.00,1.51,0.00,1.00,1.00,68.28,0.42,12.09,67.81,61.80,-1.79,42.16,-0.18,0.09,17.00,7000.00,-42.00,0.00,0.00
79061.00,2019-06-30 17:43:43.061,0.00,23.88,0.00,1.51,0.00,1.00,1.00,68.28,0.42,11.94,67.81,61.84,-1.79,42.16,-0.24,0.09,17.00,7000.00,-42.00,0.00,0.00
79161.00,2019-06-30 17:43:43.161,0.00,23.88,0.00,1.51,0.00,1.00,1.00,68.28,0.42,12.10,67.81,61.84,-1.79,42.21,-0.21,0.08,17.00,7000.00,-42.00,0.00,0.00
79261.00,2019-06-30 17:43:43.261,0.00,23.88,0.00,1.51,0.00,1.00,1.00,68.28,0.42,12.07,67.80,61.84,-1.70,42.21,-0.21,0.09,17.00,7000.00,-42.00,0.00,0.00
79361.00,2019-06-30 17:43:43.361,0.00,23.88,0.00,1.51,0.00,1.00,1.00,68.28,0.42,11.96,67.80,61.88,-1.70,42.21,-0.22,0.08,17.00,7000.00,-42.00,0.00,0.00
79461.00,2019-06-30 17:43:43.461,0.00,23.88,0.00,1.51,0.00,1.00,1.00,68.28,0.42,12.08,67.80,61.88,-1.70,42.21,-0.22,0.09,17.00,7000.00,-42.00,0.00,0.00
79561.00,2019-06-30 17:43:43.561,0.00,23.88,0.00,1.51,0.00,1.00,1.00,68.28,0.42,11.96,67.78,61.79,-1.46,42.20,-0.25,0.09,17.00,7000.00,-42.00,0.00,0.00
79661.00,2019-06-30 17:43:43.661,0.00,23.88,0.00,1.51,0.00,1.00,1.00,68.28,0.42,11.97,67.78,61.79,-1.46,42.20,-0.21,0.09,17.00,7000.00,-42.00,0.00,0.00
79761.00,2019-06-30 17:43:43.761,0.00,23.88,0.00,1.51,0.00,1.00,1.00,68.28,0.42,12.06,67.81,61.79,-1.32,42.20,-0.22,0.09,17.00,7000.00,-42.00,0.00,0.00
79861.00,2019-06-30 17:43:43.861,0.00,23.88,0.00,1.51,0.00,1.00,1.00,68.28,0.42,12.09,67.81,61.86,-1.32,42.20,-0.22,0.09,17.00,7000.00,-42.00,0.00,0.00
79961.00,2019-06-30 17:43:43.961,0.00,23.88,0.00,1.51,0.00,1.00,1.00,68.28,0.42,11.94,67.81,61.86,-1.32,42.07,-0.20,0.09,17.00,7000.00,-42.00,0.00,0.00
80061.00,2019-06-30 17:43:44.061,0.00,23.88,0.00,1.51,0.00,1.00,1.00,68.28,0.42,12.08,67.77,61.83,-1.17,42.07,-0.23,0.09,17.00,7000.00,-42.00,0.00,0.00
80161.00,2019-06-30 17:43:44.161,0.00,23.88,0.00,1.51,0.00,1.00,1.00,68.28,0.42,12.09,67.77,61.83,-1.17,42.07,-0.19,0.09,17.00,7000.00,-42.00,0.00,0.00
80261.00,2019-06-30 17:43:44.261,0.00,23.88,0.00,1.51,0.00,1.00,1.00,68.28,0.42,11.93,67.86,61.83,-1.09,42.07,-0.25,0.08,17.00,7000.00,-42.00,0.00,0.00
80361.00,2019-06-30 17:43:44.361,0.00,23.88,0.00,1.51,0.00,1.00,1.00,68.28,0.42,12.09,67.86,61.86,-1.09,42.11,-0.22,0.08,17.00,7000.00,-42.00,0.00,0.00
80461.00,2019-06-30 17:43:44.461,0.00,23.88,0.00,1.51,0.00,1.00,1.00,68.28,0.42,12.06,67.86,61.86,-1.09,42.11,-0.21,0.09,17.00,7000.00,-42.00,0.00,0.00
80561.00,2019-06-30 17:43:44.561,0.00,23.88,0.00,1.51,0.00,1.00,1.00,68.28,0.42,11.96,67.84,61.83,-0.96,42.11,-0.22,0.09,17.00,7000.00,-42.00,0.00,0.00
80661.00,2019-06-30 17:43:44.661,0.00,23.88,0.00,1.51,0.00,1.00,1.00,68.28,0.42,12.08,67.84,61.83,-0.96,42.11,-0.21,0.09,17.00,7000.00,-42.00,0.00,0.00
80761.00,2019-06-30 17:43:44.761,0.00,23.88,0.00,1.51,0.00,1.00,1.00,68.28,0.42,12.08,67.84,61.83,-0.96,42.11,-0.22,0.09,17.00,7000.00,-42.00,0.00,0.00
80861.00,2019-06-30 17:43:44.861,0.00,23.88,0.00,1.51,0.00,1.00,1.00,68.28,0.42,11.97,67.77,61.80,-0.77,42.11,-0.22,0.09,17.00,7000.00,-42.00,0.00,0.00
80961.00,2019-06-30 17:43:44.961,0.00,23.88,0.00,1.51,0.00,1.00,1.00,68.28,0.42,12.10,67.77,61.80,-0.77,42.11,-0.21,0.09,17.00,7000.00,-42.00,0.00,0.00
81061.00,2019-06-30 17:43:45.061,0.00,23.88,0.00,1.51,0.00,1.00,1.00,68.28,0.42,12.09,67.73,61.85,-0.62,42.11,-0.22,0.09,17.00,7000.00,-42.00,0.00,0.00
81161.00,2019-06-30 17:43:45.161,0.00,23.88,0.00,1.51,0.00,1.00,1.00,68.28,0.42,12.09,67.73,61.85,-0.62,42.09,-0.21,0.09,17.00,7000.00,-42.00,0.00,0.00
81261.00,2019-06-30 17:43:45.261,0.00,23.88,0.00,1.51,0.00,1.00,1.00,68.28,0.42,12.09,67.73,61.85,-0.62,42.09,-0.23,0.09,17.00,7000.00,-42.00,0.00,0.00
81361.00,2019-06-30 17:43:45.361,0.00,23.88,0.00,1.51,0.00,1.00,1.00,68.28,0.42,11.95,67.73,61.84,-0.45,42.09,-0.19,0.08,17.00,7000.00,-42.00,0.00,0.00
81461.00,2019-06-30 17:43:45.461,0.00,23.88,0.00,1.51,0.00,1.00,1.00,68.28,0.42,11.94,67.73,61.84,-0.45,42.09,-0.24,0.08,17.00,7000.00,-42.00,0.00,0.00
81561.00,2019-06-30 17:43:45.561,0.00,23.88,0.00,1.51,0.00,1.00,1.00,68.28,0.42,12.09,67.73,61.73,-0.17,42.07,-0.21,0.08,17.00,7000.00,-42.00,0.00,0.00
81661.00,2019-06-30 17:43:45.661,0.00,23.88,0.00,1.51,0.00,1.00,1.00,68.28,0.42,11.95,67.73,61.73,-0.17,42.07,-0.22,0.09,17.00,7000.00,-42.00,0.00,0.00
81761.00,2019-06-30 17:43:45.761,0.00,23.88,0.00,1.51,0.00,1.00,1.00,68.28,0.42,11.96,67.73,61.73,-0.17,42.07,-0.22,0.09,17.00,7000.00,-42.00,0.00,0.00
81861.00,2019-06-30 17:43:45.861,0.00,23.88,0.00,1.51,0.00,1.00,1.00,68.28,0.42,12.09,67.78,61.79,-0.13,42.07,-0.21,0.09,17.00,7000.00,-42.00,0.00,0.00
81961.00,2019-06-30 17:43:45.961,0.00,23.88,0.00,1.51,0.00,1.00,1.00,68.28,0.42,12.08,67.78,61.79,-0.13,42.05,-0.22,0.09,17.00,7000.00,-42.00,0.00,0.00
82061.00,2019-06-30 17:43:46.061,0.00,23.88,0.00,1.51,0.00,1.00,1.00,68.28,0.42,11.96,67.78,61.84,-0.13,42.05,-0.21,0.09,17.00,7000.00,-42.00,0.00,0.00
82161.00,2019-06-30 17:43:46.161,0.00,23.88,0.00,1.51,0.00,1.00,1.00,68.28,0.42,12.06,67.66,61.84,-0.02,42.05,-0.20,0.09,17.00,7000.00,-42.00,0.00,0.00
82261.00,2019-06-30 17:43:46.261,0.00,23.88,0.00,1.51,0.00,1.00,1.00,68.28,0.42,11.93,67.66,61.84,-0.02,42.05,-0.22,0.09,17.00,7000.00,-42.00,0.00,0.00
82361.00,2019-06-30 17:43:46.361,0.00,23.88,0.00,1.51,0.00,1.00,1.00,68.28,0.42,11.94,67.76,61.77,-0.01,42.09,-0.21,0.09,17.00,7000.00,-42.00,0.00,0.00
82461.00,2019-06-30 17:43:46.461,0.00,23.88,0.00,1.51,0.00,1.00,1.00,68.28,0.42,12.08,67.76,61.77,-0.01,42.09,-0.24,0.09,17.00,7000.00,-42.00,0.00,0.00
82561.00,2019-06-30 17:43:46.561,0.00,23.88,0.00,1.51,0.00,1.00,1.00,68.28,0.42,12.09,67.76,61.85,-0.01,42.09,-0.18,0.09,17.00,7000.00,-42.00,0.00,0.00
82661.00,2019-06-30 17:43:46.661,0.00,23.88,0.00,1.51,0.00,1.00,1.00,68.28,0.42,11.94,67.69,61.85,0.23,42.09,-0.25,0.09,17.00,7000.00,-42.00,0.00,0.00
82761.00,2019-06-30 17:43:46.761,0.00,23.88,0.00,1.51,0.00,1.00,1.00,68.28,0.42,12.09,67.69,61.85,0.23,42.13,-0.23,0.09,17.00,7000.00,-42.00,0.00,0.00
82861.00,2019-06-30 17:43:46.861,0.00,23.88,0.00,1.51,0.00,1.00,1.00,68.28,0.42,11.96,67.73,61.83,0.38,42.13,-0.20,0.09,17.00,7000.00,-42.00,0.00,0.00
82961.00,2019-06-30 17:43:46.961,0.00,23.88,0.00,1.51,0.00,1.00,1.00,68.28,0.42,11.96,67.73,61.83,0.38,42.13,-0.22,0.09,17.00,7000.00,-42.00,0.00,0.00
83061.00,2019-06-30 17:43:47.061,0.00,23.88,0.00,1.51,0.00,1.00,1.00,68.28,0.42,12.08,67.73,61.88,0.38,42.13,-0.21,0.09,17.00,7000.00,-42.00,0.00,0.00
83161.00,2019-06-30 17:43:47.161,0.00,23.88,0.00,1.51,0.00,1.00,1.00,68.28,0.42,11.95,67.69,61.88,0.53,42.12,-0.22,0.09,17.00,7000.00,-42.00,0.00,0.00
83261.00,2019-06-30 17:43:47.261,0.00,23.88,0.00,1.51,0.00,1.00,1.00,68.28,0.42,11.97,67.69,61.88,0.53,42.12,-0.22,0.09,17.00,7000.00,-42.00,0.00,0.00
83361.00,2019-06-30 17:43:47.361,0.00,23.88,0.00,1.51,0.00,1.00,1.00,68.28,0.42,12.06,67.69,61.92,0.53,42.12,-0.21,0.09,17.00,7000.00,-42.00,0.00,0.00
83461.00,2019-06-30 17:43:47.461,0.00,23.88,0.00,1.51,0.00,1.00,1.00,68.28,0.42,11.93,67.76,61.92,0.59,42.12,-0.22,0.09,17.00,7000.00,-42.00,0.00,0.00
83561.00,2019-06-30 17:43:47.561,0.00,23.88,0.00,1.51,0.00,1.00,1.00,68.28,0.42,11.94,67.76,61.86,0.59,42.09,-0.22,0.09,17.00,7000.00,-42.00,0.00,0.00
83661.00,2019-06-30 17:43:47.661,0.00,23.88,0.00,1.51,0.00,1.00,1.00,68.28,0.42,12.08,67.68,61.86,0.66,42.09,-0.22,0.09,17.00,7000.00,-42.00,0.00,0.00
83761.00,2019-06-30 17:43:47.761,0.00,23.88,0.00,1.51,0.00,1.00,1.00,68.28,0.42,12.09,67.68,61.86,0.66,42.09,-0.20,0.09,17.00,7000.00,-42.00,0.00,0.00
83861.00,2019-06-30 17:43:47.861,0.00,23.88,0.00,1.51,0.00,1.00,1.00,68.28,0.42,11.93,67.68,61.88,0.66,42.09,-0.23,0.08,17.00,7000.00,-42.00,0.00,0.00
83961.00,2019-06-30 17:43:47.961,0.00,23.88,0.00,1.51,0.00,1.00,1.00,68.28,0.42,12.09,67.76,61.88,0.84,42.03,-0.21,0.08,17.00,7000.00,-42.00,0.00,0.00
84061.00,2019-06-30 17:43:48.061,0.00,23.88,0.00,1.51,0.00,1.00,1.00,68.28,0.42,12.07,67.76,61.83,0.84,42.03,-0.21,0.08,17.00,7000.00,-42.00,0.00,0.00
84161.00,2019-06-30 17:43:48.161,0.00,23.88,0.00,1.51,0.00,1.00,1.00,68.28,0.42,11.96,67.69,61.83,0.94,42.03,-0.22,0.08,17.00,7000.00,-42.00,0.00,0.00
84261.00,2019-06-30 17:43:48.261,0.00,23.88,0.00,1.51,0.00,1.00,1.00,68.28,0.42,12.08,67.69,61.83,0.94,42.03,-0.20,0.09,17.00,7000.00,-42.00,0.00,0.00
84361.00,2019-06-30 17:43:48.361,0.00,23.88,0.00,1.51,0.00,1.00,1.00,68.28,0.42,12.08,67.69,61.83,0.94,42.06,-0.23,0.08,17.00,7000.00,-42.00,0.00,0.00
84461.00,2019-06-30 17:43:48.461,0.00,23.88,0.00,1.51,0.00,1.00,1.00,68.28,0.42,12.06,67.68,61.83,1.04,42.06,-0.21,0.09,17.00,7000.00,-42.00,0.00,0.00
84561.00,2019-06-30 17:43:48.561,0.00,23.88,0.00,1.51,0.00,1.00,1.00,68.28,0.42,12.09,67.68,61.85,1.04,42.06,-0.22,0.09,17.00,7000.00,-42.00,0.00,0.00
84661.00,2019-06-30 17:43:48.661,0.00,23.88,0.00,1.51,0.00,1.00,1.00,68.28,0.42,12.09,67.68,61.85,1.04,42.06,-0.24,0.09,17.00,7000.00,-42.00,0.00,0.00
84761.00,2019-06-30 17:43:48.761,0.00,23.88,0.00,1.51,0.00,1.00,1.00,68.28,0.42,11.94,67.70,61.85,1.15,42.06,-0.21,0.09,17.00,7000.00,-42.00,0.00,0.00
84861.00,2019-06-30 17:43:48.861,0.00,23.88,0.00,1.51,0.00,1.00,1.00,68.28,0.42,12.08,67.70,61.85,1.15,42.06,-0.23,0.08,17.00,7000.00,-42.00,0.00,0.00
84961.00,2019-06-30 17:43:48.961,0.00,23.88,0.00,1.51,0.00,1.00,1.00,68.28,0.42,11.95,67.66,61.85,1.30,42.06,-0.20,0.09,17.00,7000.00,-42.00,0.00,0.00
85061.00,2019-06-30 17:43:49.061,0.00,23.88,0.00,1.51,0.00,1.00,1.00,68.28,0.42,12.10,67.66,61.83,1.30,42.06,-0.23,0.08,17.00,7000.00,-42.00,0.00,0.00
85161.00,2019-06-30 17:43:49.161,0.00,23.88,0.00,1.51,0.00,1.00,1.00,68.28,0.42,12.09,67.66,61.83,1.30,42.09,-0.22,0.09,17.00,7000.00,-42.00,0.00,0.00
85261.00,2019-06-30 17:43:49.261,0.00,23.88,0.00,1.51,0.00,1.00,1.00,68.28,0.42,11.96,67.77,61.83,1.41,42.09,-0.21,0.09,17.00,7000.00,-42.00,0.00,0.00
85361.00,2019-06-30 17:43:49.361,0.00,23.88,0.00,1.51,0.00,1.00,1.00,68.28,0.42,12.07,67.77,61.85,1.41,42.09,-0.22,0.08,17.00,7000.00,-42.00,0.00,0.00
85461.00,2019-06-30 17:43:49.461,0.00,23.88,0.00,1.51,0.00,1.00,1.00,68.28,0.42,12.08,67.60,61.85,1.48,42.09,-0.21,0.09,17.00,7000.00,-42.00,0.00,0.00
85561.00,2019-06-30 17:43:49.561,0.00,23.88,0.00,1.51,0.00,1.00,1.00,68.28,0.42,11.95,67.60,61.83,1.48,42.06,-0.22,0.09,17.00,7000.00,-42.00,0.00,0.00
85661.00,2019-06-30 17:43:49.661,0.00,23.88,0.00,1.51,0.00,1.00,1.00,68.28,0.42,12.07,67.60,61.83,1.48,42.06,-0.22,0.09,17.00,7000.00,-42.00,0.00,0.00
85761.00,2019-06-30 17:43:49.761,0.00,23.88,0.00,1.51,0.00,1.00,1.00,68.28,0.42,12.06,67.53,61.83,1.64,42.06,-0.22,0.09,17.00,7000.00,-42.00,0.00,0.00
85861.00,2019-06-30 17:43:49.861,0.00,23.88,0.00,1.51,0.00,1.00,1.00,68.28,0.42,12.09,67.53,61.79,1.64,42.06,-0.21,0.09,17.00,7000.00,-42.00,0.00,0.00
85961.00,2019-06-30 17:43:49.961,0.00,23.88,0.00,1.51,0.00,1.00,1.00,68.28,0.42,12.09,67.53,61.79,1.64,42.09,-0.22,0.09,17.00,7000.00,-42.00,0.00,0.00
86061.00,2019-06-30 17:43:50.061,0.00,23.88,0.00,1.51,0.00,1.00,1.00,68.28,0.42,12.08,67.66,61.81,1.67,42.09,-0.23,0.09,17.00,7000.00,-42.00,0.00,0.00
86161.00,2019-06-30 17:43:50.161,0.00,23.88,0.00,1.51,0.00,1.00,1.00,68.28,0.42,12.09,67.66,61.81,1.67,42.09,-0.19,0.09,17.00,7000.00,-42.00,0.00,0.00
86261.00,2019-06-30 17:43:50.261,0.00,23.88,0.00,1.51,0.00,1.00,1.00,68.28,0.42,11.93,67.59,61.81,1.78,42.09,-0.23,0.09,17.00,7000.00,-42.00,0.00,0.00
86361.00,2019-06-30 17:43:50.361,0.00,23.88,0.00,1.51,0.00,1.00,1.00,68.28,0.42,12.09,67.59,61.88,1.78,42.01,-0.23,0.08,17.00,7000.00,-42.00,0.00,0.00
86461.00,2019-06-30 17:43:50.461,0.00,23.88,0.00,1.51,0.00,1.00,1.00,68.28,0.42,12.06,67.59,61.88,1.78,42.01,-0.21,0.09,17.00,7000.00,-42.00,0.00,0.00
86561.00,2019-06-30 17:43:50.561,0.00,23.88,0.00,1.51,0.00,1.00,1.00,68.28,0.42,11.96,67.60,61.83,1.86,42.01,-0.22,0.08,17.00,7000.00,-42.00,0.00,0.00
86661.00,2019-06-30 17:43:50.661,0.00,23.88,0.00,1.51,0.00,1.00,1.00,68.28,0.42,12.08,67.60,61.83,1.86,42.01,-0.21,0.09,17.00,7000.00,-42.00,0.00,0.00
86761.00,2019-06-30 17:43:50.761,0.00,23.88,0.00,1.51,0.00,1.00,1.00,68.28,0.42,11.95,67.50,61.83,1.97,42.09,-0.23,0.09,17.00,7000.00,-42.00,0.00,0.00
86861.00,2019-06-30 17:43:50.861,0.00,23.88,0.00,1.51,0.00,1.00,1.00,68.28,0.42,11.96,67.50,61.79,1.97,42.09,-0.22,0.09,17.00,7000.00,-42.00,0.00,0.00
86961.00,2019-06-30 17:43:50.961,0.00,23.88,0.00,1.51,0.00,1.00,1.00,68.28,0.42,12.06,67.50,61.79,1.97,42.09,-0.21,0.09,17.00,7000.00,-42.00,0.00,0.00
87061.00,2019-06-30 17:43:51.061,0.00,23.88,0.00,1.51,0.00,1.00,1.00,68.28,0.42,12.09,67.68,61.83,2.10,42.09,-0.22,0.09,17.00,7000.00,-42.00,0.00,0.00
87161.00,2019-06-30 17:43:51.161,0.00,23.88,0.00,1.51,0.00,1.00,1.00,68.28,0.42,11.94,67.68,61.83,2.10,42.03,-0.21,0.09,17.00,7000.00,-42.00,0.00,0.00
87261.00,2019-06-30 17:43:51.261,0.00,23.88,0.00,1.51,0.00,1.00,1.00,68.28,0.42,12.08,67.68,61.83,2.10,42.03,-0.22,0.09,17.00,7000.00,-42.00,0.00,0.00
87361.00,2019-06-30 17:43:51.361,0.00,23.88,0.00,1.51,0.00,1.00,1.00,68.28,0.42,12.09,67.55,61.81,2.20,42.03,-0.18,0.09,17.00,7000.00,-42.00,0.00,0.00
87461.00,2019-06-30 17:43:51.461,0.00,23.88,0.00,1.51,0.00,1.00,1.00,68.28,0.42,11.93,67.55,61.81,2.20,42.03,-0.23,0.08,17.00,7000.00,-42.00,0.00,0.00
87561.00,2019-06-30 17:43:51.561,0.00,23.88,0.00,1.51,0.00,1.00,1.00,68.28,0.42,12.09,67.66,61.78,2.25,42.05,-0.22,0.09,17.00,7000.00,-42.00,0.00,0.00
87661.00,2019-06-30 17:43:51.661,0.00,23.88,0.00,1.51,0.00,1.00,1.00,68.28,0.42,12.06,67.66,61.78,2.25,42.05,-0.20,0.09,17.00,7000.00,-42.00,0.00,0.00
87761.00,2019-06-30 17:43:51.761,0.00,23.88,0.00,1.51,0.00,1.00,1.00,68.28,0.42,11.96,67.66,61.78,2.25,42.05,-0.22,0.09,17.00,7000.00,-42.00,0.00,0.00
87861.00,2019-06-30 17:43:51.861,0.00,23.88,0.00,1.51,0.00,1.00,1.00,68.28,0.42,12.08,67.55,61.77,2.40,42.05,-0.20,0.09,17.00,7000.00,-42.00,0.00,0.00
87961.00,2019-06-30 17:43:51.961,0.00,23.88,0.00,1.51,0.00,1.00,1.00,68.28,0.42,11.96,67.55,61.77,2.40,42.01,-0.22,0.09,17.00,7000.00,-42.00,0.00,0.00
88061.00,2019-06-30 17:43:52.061,0.00,23.88,0.00,1.51,0.00,1.00,1.00,68.28,0.42,12.07,67.58,61.74,2.50,42.01,-0.21,0.09,17.00,7000.00,-42.00,0.00,0.00
88161.00,2019-06-30 17:43:52.161,0.00,23.88,0.00,1.51,0.00,1.00,1.00,68.28,0.42,12.10,67.58,61.74,2.50,42.01,-0.22,0.09,17.00,7000.00,-42.00,0.00,0.00
88261.00,2019-06-30 17:43:52.261,0.00,23.88,0.00,1.51,0.00,1.00,1.00,68.28,0.42,12.09,67.58,61.74,2.50,42.01,-0.21,0.09,17.00,7000.00,-42.00,0.00,0.00
88361.00,2019-06-30 17:43:52.361,0.00,23.88,0.00,1.51,0.00,1.00,1.00,68.28,0.42,12.09,67.45,61.77,2.48,42.02,-0.21,0.09,17.00,7000.00,-42.00,0.00,0.00
88461.00,2019-06-30 17:43:52.461,0.00,23.88,0.00,1.51,0.00,1.00,1.00,68.28,0.42,12.08,67.45,61.77,2.48,42.02,-0.23,0.09,17.00,7000.00,-42.00,0.00,0.00
88561.00,2019-06-30 17:43:52.561,0.00,23.88,0.00,1.51,0.00,1.00,1.00,68.28,0.42,11.94,67.45,61.83,2.48,42.02,-0.20,0.08,17.00,7000.00,-42.00,0.00,0.00
88661.00,2019-06-30 17:43:52.661,0.00,23.88,0.00,1.51,0.00,1.00,1.00,68.28,0.42,12.09,67.52,61.83,2.56,42.02,-0.23,0.08,17.00,7000.00,-42.00,0.00,0.00
88761.00,2019-06-30 17:43:52.761,0.00,23.88,0.00,1.51,0.00,1.00,1.00,68.28,0.42,12.09,67.52,61.83,2.56,42.09,-0.22,0.08,17.00,7000.00,-42.00,0.00,0.00
88861.00,2019-06-30 17:43:52.861,0.00,23.88,0.00,1.51,0.00,1.00,1.00,68.28,0.42,11.96,67.59,61.81,2.84,42.09,-0.21,0.09,17.00,7000.00,-42.00,0.00,0.00
88961.00,2019-06-30 17:43:52.961,0.00,23.88,0.00,1.51,0.00,1.00,1.00,68.28,0.42,11.96,67.59,61.81,2.84,42.09,-0.22,0.08,17.00,7000.00,-42.00,0.00,0.00
89061.00,2019-06-30 17:43:53.061,0.00,23.88,0.00,1.51,0.00,1.00,1.00,68.28,0.42,12.08,67.59,61.76,2.84,42.09,-0.21,0.09,17.00,7000.00,-42.00,0.00,0.00
89161.00,2019-06-30 17:43:53.161,0.00,23.88,0.00,1.51,0.00,1.00,1.00,68.28,0.42,11.96,67.59,61.76,2.84,42.09,-0.23,0.09,17.00,7000.00,-42.00,0.00,0.00
89261.00,2019-06-30 17:43:53.261,0.00,23.88,0.00,1.51,0.00,1.00,1.00,68.28,0.42,11.97,67.59,61.76,2.84,42.09,-0.22,0.09,17.00,7000.00,-42.00,0.00,0.00
89361.00,2019-06-30 17:43:53.361,0.00,23.88,0.00,1.51,0.00,1.00,1.00,68.28,0.42,12.05,67.53,61.81,2.95,42.09,-0.22,0.09,17.00,7000.00,-42.00,0.00,0.00
89461.00,2019-06-30 17:43:53.461,0.00,23.88,0.00,1.51,0.00,1.00,1.00,68.28,0.42,12.09,67.53,61.81,2.95,42.09,-0.20,0.09,17.00,7000.00,-42.00,0.00,0.00
89561.00,2019-06-30 17:43:53.561,0.00,23.88,0.00,1.51,0.00,1.00,1.00,68.28,0.42,12.09,67.53,61.78,2.95,41.98,-0.20,0.09,17.00,7000.00,-42.00,0.00,0.00
89661.00,2019-06-30 17:43:53.661,0.00,23.88,0.00,1.51,0.00,1.00,1.00,68.28,0.42,12.08,67.45,61.78,2.93,41.98,-0.22,0.08,17.00,7000.00,-42.00,0.00,0.00
89761.00,2019-06-30 17:43:53.761,0.00,23.88,0.00,1.51,0.00,1.00,1.00,68.28,0.42,12.09,67.45,61.78,2.93,41.98,-0.19,0.09,17.00,7000.00,-42.00,0.00,0.00
89861.00,2019-06-30 17:43:53.861,0.00,23.88,0.00,1.51,0.00,1.00,1.00,68.28,0.42,11.94,67.45,61.74,2.93,41.98,-0.24,0.09,17.00,7000.00,-42.00,0.00,0.00
89961.00,2019-06-30 17:43:53.961,0.00,23.88,0.00,1.51,0.00,1.00,1.00,68.28,0.42,12.10,67.48,61.74,3.11,42.06,-0.22,0.08,17.00,7000.00,-42.00,0.00,0.00
90061.00,2019-06-30 17:43:54.061,0.00,23.88,0.00,1.51,0.00,1.00,1.00,68.28,0.42,12.09,67.48,61.83,3.11,42.06,-0.21,0.09,17.00,7000.00,-42.00,0.00,0.00
90161.00,2019-06-30 17:43:54.161,0.00,23.88,0.00,1.51,0.00,1.00,1.00,68.28,0.42,12.07,67.48,61.83,3.13,42.06,-0.22,0.09,17.00,7000.00,-42.00,0.00,0.00
90261.00,2019-06-30 17:43:54.261,0.00,23.88,0.00,1.51,0.00,1.00,1.00,68.28,0.42,12.08,67.48,61.83,3.13,42.06,-0.20,0.09,17.00,7000.00,-42.00,0.00,0.00
90361.00,2019-06-30 17:43:54.361,0.00,23.88,0.00,1.51,0.00,1.00,1.00,68.28,0.42,11.94,67.48,61.80,3.13,41.98,-0.23,0.08,17.00,7000.00,-42.00,0.00,0.00
90461.00,2019-06-30 17:43:54.461,0.00,23.88,0.00,1.51,0.00,1.00,1.00,68.28,0.42,12.09,67.44,61.80,3.24,41.98,-0.22,0.08,17.00,7000.00,-42.00,0.00,0.00
90561.00,2019-06-30 17:43:54.561,0.00,23.88,0.00,1.51,0.00,1.00,1.00,68.28,0.42,12.06,67.44,61.80,3.24,41.98,-0.22,0.09,17.00,7000.00,-42.00,0.00,0.00
90661.00,2019-06-30 17:43:54.661,0.00,23.88,0.00,1.51,0.00,1.00,1.00,68.28,0.42,12.06,67.46,61.80,3.37,41.98,-0.22,0.09,17.00,7000.00,-42.00,0.00,0.00
90761.00,2019-06-30 17:43:54.761,0.00,23.88,0.00,1.51,0.00,1.00,1.00,68.28,0.42,12.09,67.46,61.80,3.37,42.01,-0.21,0.09,17.00,7000.00,-42.00,0.00,0.00
90861.00,2019-06-30 17:43:54.861,0.00,23.88,0.00,1.51,0.00,1.00,1.00,68.28,0.42,12.08,67.46,61.78,3.37,42.01,-0.21,0.09,17.00,7000.00,-42.00,0.00,0.00
90961.00,2019-06-30 17:43:54.961,0.00,23.88,0.00,1.51,0.00,1.00,1.00,68.28,0.42,11.96,67.43,61.78,3.41,42.01,-0.18,0.09,17.00,7000.00,-42.00,0.00,0.00
91061.00,2019-06-30 17:43:55.061,0.00,23.88,0.00,1.51,0.00,1.00,1.00,68.28,0.42,12.06,67.43,61.78,3.41,42.01,-0.23,0.09,17.00,7000.00,-42.00,0.00,0.00
91161.00,2019-06-30 17:43:55.161,0.00,23.88,0.00,1.51,0.00,1.00,1.00,68.28,0.42,11.93,67.43,61.78,3.41,41.96,-0.22,0.08,17.00,7000.00,-42.00,0.00,0.00
91261.00,2019-06-30 17:43:55.261,0.00,23.88,0.00,1.51,0.00,1.00,1.00,68.28,0.42,11.93,67.39,61.78,3.50,41.96,-0.21,0.09,17.00,7000.00,-42.00,0.00,0.00
91361.00,2019-06-30 17:43:55.361,0.00,23.88,0.00,1.51,0.00,1.00,1.00,68.28,0.42,12.07,67.39,61.72,3.50,41.96,-0.24,0.09,17.00,7000.00,-42.00,0.00,0.00
91461.00,2019-06-30 17:43:55.461,0.00,23.88,0.00,1.51,0.00,1.00,1.00,68.28,0.42,12.08,67.48,61.72,3.59,41.96,-0.21,0.09,17.00,7000.00,-42.00,0.00,0.00
91561.00,2019-06-30 17:43:55.561,0.00,23.88,0.00,1.51,0.00,1.00,1.00,68.28,0.42,12.09,67.48,61.78,3.59,42.06,-0.23,0.09,17.00,7000.00,-42.00,0.00,0.00
91661.00,2019-06-30 17:43:55.661,0.00,23.88,0.00,1.51,0.00,1.00,1.00,68.28,0.42,12.10,67.48,61.78,3.59,42.06,-0.21,0.08,17.00,7000.00,-42.00,0.00,0.00
91761.00,2019-06-30 17:43:55.761,0.00,23.88,0.00,1.51,0.00,1.00,1.00,68.28,0.42,12.06,67.38,61.78,3.64,42.06,-0.21,0.09,17.00,7000.00,-42.00,0.00,0.00
91861.00,2019-06-30 17:43:55.861,0.00,23.88,0.00,1.51,0.00,1.00,1.00,68.28,0.42,12.06,67.38,61.74,3.64,42.06,-0.21,0.09,17.00,7000.00,-42.00,0.00,0.00
91961.00,2019-06-30 17:43:55.961,0.00,23.88,0.00,1.51,0.00,1.00,1.00,68.28,0.42,12.09,67.37,61.74,3.77,42.00,-0.21,0.09,17.00,7000.00,-42.00,0.00,0.00
92061.00,2019-06-30 17:43:56.061,0.00,23.88,0.00,1.51,0.00,1.00,1.00,68.28,0.42,12.08,67.37,61.76,3.77,42.00,-0.24,0.08,17.00,7000.00,-42.00,0.00,0.00
92161.00,2019-06-30 17:43:56.161,0.00,23.88,0.00,1.51,0.00,1.00,1.00,68.28,0.42,11.96,67.37,61.76,3.77,42.00,-0.19,0.09,17.00,7000.00,-42.00,0.00,0.00
92261.00,2019-06-30 17:43:56.261,0.00,23.88,0.00,1.51,0.00,1.00,1.00,68.28,0.42,12.06,67.39,61.76,3.77,42.00,-0.24,0.09,17.00,7000.00,-42.00,0.00,0.00
92361.00,2019-06-30 17:43:56.361,0.00,23.88,0.00,1.51,0.00,1.00,1.00,68.28,0.42,12.09,67.39,61.76,3.77,41.91,-0.22,0.09,17.00,7000.00,-42.00,0.00,0.00
92461.00,2019-06-30 17:43:56.461,0.00,23.88,0.00,1.51,0.00,1.00,1.00,68.28,0.42,11.93,67.39,61.76,3.77,41.91,-0.21,0.09,17.00,7000.00,-42.00,0.00,0.00
92561.00,2019-06-30 17:43:56.561,0.00,23.88,0.00,1.51,0.00,1.00,1.00,68.28,0.42,12.07,67.44,61.77,3.92,41.91,-0.22,0.09,17.00,7000.00,-42.00,0.00,0.00
92661.00,2019-06-30 17:43:56.661,0.00,23.88,0.00,1.51,0.00,1.00,1.00,68.28,0.42,12.08,67.44,61.77,3.92,41.91,-0.20,0.09,17.00,7000.00,-42.00,0.00,0.00
92761.00,2019-06-30 17:43:56.761,0.00,23.88,0.00,1.51,0.00,1.00,1.00,68.28,0.42,11.94,67.39,61.77,4.07,41.96,-0.22,0.09,17.00,7000.00,-42.00,0.00,0.00
92861.00,2019-06-30 17:43:56.861,0.00,23.88,0.00,1.51,0.00,1.00,1.00,68.28,0.42,12.10,67.39,61.71,4.07,41.96,-0.22,0.08,17.00,7000.00,-42.00,0.00,0.00
92961.00,2019-06-30 17:43:56.961,0.00,23.88,0.00,1.51,0.00,1.00,1.00,68.28,0.42,11.96,67.39,61.71,4.07,41.96,-0.21,0.09,17.00,7000.00,-42.00,0.00,0.00
93061.00,2019-06-30 17:43:57.061,0.00,23.88,0.00,1.51,0.00,1.00,1.00,68.28,0.42,12.06,67.41,61.70,4.05,41.96,-0.22,0.08,17.00,7000.00,-42.00,0.00,0.00
93161.00,2019-06-30 17:43:57.161,0.00,23.88,0.00,1.51,0.00,1.00,1.00,68.28,0.42,12.08,67.41,61.70,4.05,41.98,-0.21,0.09,17.00,7000.00,-42.00,0.00,0.00
93261.00,2019-06-30 17:43:57.261,0.00,23.88,0.00,1.51,0.00,1.00,1.00,68.28,0.42,12.08,67.36,61.70,4.04,41.98,-0.22,0.09,17.00,7000.00,-42.00,0.00,0.00
93361.00,2019-06-30 17:43:57.361,0.00,23.88,0.00,1.51,0.00,1.00,1.00,68.28,0.42,12.07,67.36,61.66,4.04,41.98,-0.20,0.09,17.00,7000.00,-42.00,0.00,0.00
93461.00,2019-06-30 17:43:57.461,0.00,23.88,0.00,1.51,0.00,1.00,1.00,68.28,0.42,12.07,67.36,61.66,4.04,41.98,-0.24,0.09,17.00,7000.00,-42.00,0.00,0.00
93561.00,2019-06-30 17:43:57.561,0.00,23.88,0.00,1.51,0.00,1.00,1.00,68.28,0.42,12.09,67.41,61.64,4.23,42.01,-0.22,0.09,17.00,7000.00,-42.00,0.00,0.00
93661.00,2019-06-30 17:43:57.661,0.00,23.88,0.00,1.51,0.00,1.00,1.00,68.28,0.42,11.93,67.41,61.64,4.23,42.01,-0.21,0.09,17.00,7000.00,-42.00,0.00,0.00
93761.00,2019-06-30 17:43:57.761,0.00,23.88,0.00,1.51,0.00,1.00,1.00,68.28,0.42,12.07,67.41,61.64,4.23,42.01,-0.22,0.09,17.00,7000.00,-42.00,0.00,0.00
93861.00,2019-06-30 17:43:57.861,0.00,23.88,0.00,1.51,0.00,1.00,1.00,68.28,0.42,12.08,67.34,61.69,4.23,42.01,-0.21,0.09,17.00,7000.00,-42.00,0.00,0.00
93961.00,2019-06-30 17:43:57.961,0.00,23.88,0.00,1.51,0.00,1.00,1.00,68.28,0.42,12.09,67.34,61.69,4.23,41.93,-0.22,0.09,17.00,7000.00,-42.00,0.00,0.00
94061.00,2019-06-30 17:43:58.061,0.00,23.88,0.00,1.51,0.00,1.00,1.00,68.28,0.42,12.09,67.27,61.70,4.30,41.93,-0.22,0.08,17.00,7000.00,-42.00,0.00,0.00
94161.00,2019-06-30 17:43:58.161,0.00,23.88,0.00,1.51,0.00,1.00,1.00,68.28,0.42,12.06,67.27,61.70,4.30,41.93,-0.20,0.09,17.00,7000.00,-42.00,0.00,0.00
94261.00,2019-06-30 17:43:58.261,0.00,23.88,0.00,1.51,0.00,1.00,1.00,68.28,0.42,12.06,67.27,61.70,4.30,41.93,-0.22,0.09,17.00,7000.00,-42.00,0.00,0.00
94361.00,2019-06-30 17:43:58.361,0.00,23.88,0.00,1.51,0.00,1.00,1.00,68.28,0.42,12.09,67.29,61.74,4.40,41.94,-0.20,0.09,17.00,7000.00,-42.00,0.00,0.00
94461.00,2019-06-30 17:43:58.461,0.00,23.88,0.00,1.51,0.00,1.00,1.00,68.28,0.42,12.08,67.29,61.74,4.40,41.94,-0.23,0.09,17.00,7000.00,-42.00,0.00,0.00
94561.00,2019-06-30 17:43:58.561,0.00,23.88,0.00,1.51,0.00,1.00,1.00,68.28,0.42,11.96,67.38,61.76,4.47,41.94,-0.20,0.09,17.00,7000.00,-42.00,0.00,0.00
94661.00,2019-06-30 17:43:58.661,0.00,23.88,0.00,1.51,0.00,1.00,1.00,68.28,0.42,12.06,67.38,61.76,4.47,41.94,-0.23,0.09,17.00,7000.00,-42.00,0.00,0.00
94761.00,2019-06-30 17:43:58.761,0.00,23.88,0.00,1.51,0.00,1.00,1.00,68.28,0.42,12.09,67.38,61.76,4.47,41.98,-0.22,0.09,17.00,7000.00,-42.00,0.00,0.00
94861.00,2019-06-30 17:43:58.861,0.00,23.88,0.00,1.51,0.00,1.00,1.00,68.28,0.42,11.93,67.30,61.67,4.57,41.98,-0.21,0.09,17.00,7000.00,-42.00,0.00,0.00
94961.00,2019-06-30 17:43:58.961,0.00,23.88,0.00,1.51,0.00,1.00,1.00,68.28,0.42,12.07,67.30,61.67,4.57,41.98,-0.22,0.09,17.00,7000.00,-42.00,0.00,0.00
95061.00,2019-06-30 17:43:59.061,0.00,23.88,0.00,1.51,0.00,1.00,1.00,68.28,0.42,12.08,67.30,61.63,4.57,41.98,-0.20,0.09,17.00,7000.00,-42.00,0.00,0.00
95161.00,2019-06-30 17:43:59.161,0.00,23.88,0.00,1.51,0.00,1.00,1.00,68.28,0.42,11.94,67.34,61.63,4.61,42.02,-0.23,0.08,17.00,7000.00,-42.00,0.00,0.00
95261.00,2019-06-30 17:43:59.261,0.00,23.88,0.00,1.51,0.00,1.00,1.00,68.28,0.42,12.10,67.34,61.63,4.61,42.02,-0.22,0.08,17.00,7000.00,-42.00,0.00,0.00
95361.00,2019-06-30 17:43:59.361,0.00,23.88,0.00,1.51,0.00,1.00,1.00,68.28,0.42,11.96,67.31,61.72,4.73,42.02,-0.22,0.09,17.00,7000.00,-42.00,0.00,0.00
95461.00,2019-06-30 17:43:59.461,0.00,23.88,0.00,1.51,0.00,1.00,1.00,68.28,0.42,12.06,67.31,61.72,4.73,42.02,-0.22,0.09,17.00,7000.00,-42.00,0.00,0.00
95561.00,2019-06-30 17:43:59.561,0.00,23.88,0.00,1.51,0.00,1.00,1.00,68.28,0.42,12.07,67.31,61.70,4.73,41.91,-0.21,0.09,17.00,7000.00,-42.00,0.00,0.00
95661.00,2019-06-30 17:43:59.661,0.00,23.88,0.00,1.51,0.00,1.00,1.00,68.28,0.42,12.08,67.27,61.70,4.70,41.91,-0.22,0.09,17.00,7000.00,-42.00,0.00,0.00
95761.00,2019-06-30 17:43:59.761,0.00,23.88,0.00,1.51,0.00,1.00,1.00,68.28,0.42,11.96,67.27,61.70,4.70,41.91,-0.18,0.09,17.00,7000.00,-42.00,0.00,0.00
95861.00,2019-06-30 17:43:59.861,0.00,23.88,0.00,1.51,0.00,1.00,1.00,68.28,0.42,12.09,67.27,61.65,4.79,41.91,-0.25,0.09,17.00,7000.00,-42.00,0.00,0.00
95961.00,2019-06-30 17:43:59.961,0.00,23.88,0.00,1.51,0.00,1.00,1.00,68.28,0.42,12.09,67.27,61.65,4.79,42.02,-0.22,0.09,17.00,7000.00,-42.00,0.00,0.00
96061.00,2019-06-30 17:44:00.061,0.00,23.88,0.00,1.51,0.00,1.00,1.00,68.28,0.42,11.93,67.27,61.67,4.79,42.02,-0.20,0.09,17.00,7000.00,-42.00,0.00,0.00
96161.00,2019-06-30 17:44:00.161,0.00,23.88,0.00,1.51,0.00,1.00,1.00,68.28,0.42,12.08,67.34,61.67,4.88,42.02,-0.20,0.09,17.00,7000.00,-42.00,0.00,0.00
96261.00,2019-06-30 17:44:00.261,0.00,23.88,0.00,1.51,0.00,1.00,1.00,68.28,0.42,11.95,67.34,61.67,4.88,42.02,-0.21,0.08,17.00,7000.00,-42.00,0.00,0.00
96361.00,2019-06-30 17:44:00.361,0.00,23.88,0.00,1.51,0.00,1.00,1.00,68.28,0.42,11.94,67.34,61.72,4.88,41.98,-0.23,0.09,17.00,7000.00,-42.00,0.00,0.00
96461.00,2019-06-30 17:44:00.461,0.00,23.88,0.00,1.51,0.00,1.00,1.00,68.28,0.42,12.10,67.27,61.72,4.95,41.98,-0.21,0.08,17.00,7000.00,-42.00,0.00,0.00
96561.00,2019-06-30 17:44:00.561,0.00,23.88,0.00,1.51,0.00,1.00,1.00,68.28,0.42,11.96,67.27,61.66,4.95,41.98,-0.22,0.09,17.00,7000.00,-42.00,0.00,0.00
96661.00,2019-06-30 17:44:00.661,0.00,23.88,0.00,1.51,0.00,1.00,1.00,68.28,0.42,11.96,67.29,61.66,5.05,41.98,-0.22,0.09,17.00,7000.00,-42.00,0.00,0.00
96761.00,2019-06-30 17:44:00.761,0.00,23.88,0.00,1.51,0.00,1.00,1.00,68.28,0.42,12.08,67.29,61.66,5.05,41.91,-0.20,0.09,17.00,7000.00,-42.00,0.00,0.00
96861.00,2019-06-30 17:44:00.861,0.00,23.88,0.00,1.51,0.00,1.00,1.00,68.28,0.42,12.08,67.29,61.73,5.05,41.91,-0.22,0.09,17.00,7000.00,-42.00,0.00,0.00
96961.00,2019-06-30 17:44:00.961,0.00,23.88,0.00,1.51,0.00,1.00,1.00,68.28,0.42,11.96,67.22,61.73,5.02,41.91,-0.20,0.09,17.00,7000.00,-42.00,0.00,0.00
97061.00,2019-06-30 17:44:01.061,0.00,23.88,0.00,1.51,0.00,1.00,1.00,68.28,0.42,12.06,67.22,61.77,5.02,41.91,-0.24,0.09,17.00,7000.00,-42.00,0.00,0.00
97161.00,2019-06-30 17:44:01.161,0.00,23.88,0.00,1.51,0.00,1.00,1.00,68.28,0.42,12.09,67.20,61.77,5.18,41.94,-0.22,0.09,17.00,7000.00,-42.00,0.00,0.00
97261.00,2019-06-30 17:44:01.261,0.00,23.88,0.00,1.51,0.00,1.00,1.00,68.28,0.42,12.09,67.20,61.77,5.18,41.94,-0.20,0.09,17.00,7000.00,-42.00,0.00,0.00
97361.00,2019-06-30 17:44:01.361,0.00,23.88,0.00,1.51,0.00,1.00,1.00,68.28,0.42,12.09,67.20,61.84,5.18,41.94,-0.22,0.08,17.00,7000.00,-42.00,0.00,0.00
97461.00,2019-06-30 17:44:01.461,0.00,23.88,0.00,1.51,0.00,1.00,1.00,68.28,0.42,11.95,67.15,61.84,5.23,41.94,-0.21,0.08,17.00,7000.00,-42.00,0.00,0.00
97561.00,2019-06-30 17:44:01.561,0.00,23.88,0.00,1.51,0.00,1.00,1.00,68.28,0.42,11.93,67.15,61.71,5.23,41.94,-0.22,0.09,17.00,7000.00,-42.00,0.00,0.00
97661.00,2019-06-30 17:44:01.661,0.00,23.88,0.00,1.51,0.00,1.00,1.00,68.28,0.42,12.10,67.15,61.71,5.23,41.94,-0.22,0.09,17.00,7000.00,-42.00,0.00,0.00
97761.00,2019-06-30 17:44:01.761,0.00,23.88,0.00,1.51,0.00,1.00,1.00,68.28,0.42,12.06,67.29,61.71,5.32,41.94,-0.21,0.09,17.00,7000.00,-42.00,0.00,0.00
97861.00,2019-06-30 17:44:01.861,0.00,23.88,0.00,1.51,0.00,1.00,1.00,68.28,0.42,11.96,67.29,61.72,5.32,41.94,-0.23,0.09,17.00,7000.00,-42.00,0.00,0.00
97961.00,2019-06-30 17:44:01.961,0.00,23.88,0.00,1.51,0.00,1.00,1.00,68.28,0.42,12.09,67.18,61.72,5.39,41.98,-0.21,0.09,17.00,7000.00,-42.00,0.00,0.00
98061.00,2019-06-30 17:44:02.061,0.00,23.88,0.00,1.51,0.00,1.00,1.00,68.28,0.42,12.08,67.18,61.74,5.39,41.98,-0.22,0.09,17.00,7000.00,-42.00,0.00,0.00
98161.00,2019-06-30 17:44:02.161,0.00,23.88,0.00,1.51,0.00,1.00,1.00,68.28,0.42,11.96,67.18,61.74,5.39,41.98,-0.19,0.09,17.00,7000.00,-42.00,0.00,0.00
98261.00,2019-06-30 17:44:02.261,0.00,23.88,0.00,1.51,0.00,1.00,1.00,68.28,0.42,12.06,67.17,61.74,5.41,41.98,-0.24,0.09,17.00,7000.00,-42.00,0.00,0.00
98361.00,2019-06-30 17:44:02.361,0.00,23.88,0.00,1.51,0.00,1.00,1.00,68.28,0.42,12.09,67.17,61.64,5.41,41.88,-0.20,0.09,17.00,7000.00,-42.00,0.00,0.00
98461.00,2019-06-30 17:44:02.461,0.00,23.88,0.00,1.51,0.00,1.00,1.00,68.28,0.42,11.93,67.17,61.64,5.45,41.88,-0.21,0.09,17.00,7000.00,-42.00,0.00,0.00
98561.00,2019-06-30 17:44:02.561,0.00,23.88,0.00,1.51,0.00,1.00,1.00,68.28,0.42,12.07,67.17,61.71,5.45,41.88,-0.22,0.09,17.00,7000.00,-42.00,0.00,0.00
98661.00,2019-06-30 17:44:02.661,0.00,23.88,0.00,1.51,0.00,1.00,1.00,68.28,0.42,11.95,67.17,61.71,5.45,41.88,-0.21,0.08,17.00,7000.00,-42.00,0.00,0.00
98761.00,2019-06-30 17:44:02.761,0.00,23.88,0.00,1.51,0.00,1.00,1.00,68.28,0.42,11.94,67.24,61.71,5.58,42.01,-0.23,0.09,17.00,7000.00,-42.00,0.00,0.00
98861.00,2019-06-30 17:44:02.861,0.00,23.88,0.00,1.51,0.00,1.00,1.00,68.28,0.42,12.06,67.24,61.71,5.58,42.01,-0.22,0.08,17.00,7000.00,-42.00,0.00,0.00
98961.00,2019-06-30 17:44:02.961,0.00,23.88,0.00,1.51,0.00,1.00,1.00,68.28,0.42,12.06,67.24,61.71,5.58,42.01,-0.21,0.08,17.00,7000.00,-42.00,0.00,0.00
99061.00,2019-06-30 17:44:03.061,0.00,23.88,0.00,1.51,0.00,1.00,1.00,68.28,0.42,11.96,67.20,61.73,5.56,42.01,-0.21,0.08,17.00,7000.00,-42.00,0.00,0.00
99161.00,2019-06-30 17:44:03.161,0.00,23.88,0.00,1.51,0.00,1.00,1.00,68.28,0.42,12.07,67.20,61.73,5.56,41.91,-0.21,0.09,17.00,7000.00,-42.00,0.00,0.00
99261.00,2019-06-30 17:44:03.261,0.00,23.88,0.00,1.51,0.00,1.00,1.00,68.28,0.42,11.95,67.13,61.73,5.69,41.91,-0.22,0.09,17.00,7000.00,-42.00,0.00,0.00
99361.00,2019-06-30 17:44:03.361,0.00,23.88,0.00,1.51,0.00,1.00,1.00,68.28,0.42,11.96,67.13,61.71,5.69,41.91,-0.19,0.09,17.00,7000.00,-42.00,0.00,0.00
99461.00,2019-06-30 17:44:03.461,0.00,23.88,0.00,1.51,0.00,1.00,1.00,68.28,0.42,12.06,67.13,61.71,5.69,41.91,-0.24,0.09,17.00,7000.00,-42.00,0.00,0.00
99561.00,2019-06-30 17:44:03.561,0.00,23.88,0.00,1.51,0.00,1.00,1.00,68.28,0.42,12.09,67.20,61.73,5.72,41.94,-0.22,0.09,17.00,7000.00,-42.00,0.00,0.00
99661.00,2019-06-30 17:44:03.661,0.00,23.88,0.00,1.51,0.00,1.00,1.00,68.28,0.42,11.93,67.20,61.73,5.72,41.94,-0.21,0.09,17.00,7000.00,-42.00,0.00,0.00
99761.00,2019-06-30 17:44:03.761,0.00,23.88,0.00,1.51,0.00,1.00,1.00,68.28,0.42,12.09,67.11,61.73,5.84,41.94,-0.21,0.09,17.00,7000.00,-42.00,0.00,0.00
99861.00,2019-06-30 17:44:03.861,0.00,23.88,0.00,1.51,0.00,1.00,1.00,68.28,0.42,11.95,67.11,61.67,5.84,41.94,-0.21,0.09,17.00,7000.00,-42.00,0.00,0.00
99961.00,2019-06-30 17:44:03.961,0.00,23.88,0.00,1.51,0.00,1.00,1.00,68.28,0.42,11.94,67.11,61.67,5.84,41.98,-0.23,0.09,17.00,7000.00,-42.00,0.00,0.00
100061.00,2019-06-30 17:44:04.061,0.00,23.88,0.00,1.51,0.00,1.00,1.00,68.28,0.42,12.09,67.16,61.64,5.84,41.98,-0.20,0.08,17.00,7000.00,-42.00,0.00,0.00
100161.00,2019-06-30 17:44:04.161,0.00,23.88,0.00,1.51,0.00,1.00,1.00,68.28,0.42,11.96,67.16,61.64,5.84,41.98,-0.21,0.09,17.00,7000.00,-42.00,0.00,0.00
100261.00,2019-06-30 17:44:04.261,0.00,23.88,0.00,1.51,0.00,1.00,1.00,68.28,0.42,11.96,67.16,61.64,5.84,41.98,-0.22,0.09,17.00,7000.00,-42.00,0.00,0.00
100361.00,2019-06-30 17:44:04.361,0.00,23.88,0.00,1.51,0.00,1.00,1.00,68.28,0.42,12.07,67.11,61.69,5.88,41.93,-0.21,0.09,17.00,7000.00,-42.00,0.00,0.00
100461.00,2019-06-30 17:44:04.461,0.00,23.88,0.00,1.51,0.00,1.00,1.00,68.28,0.42,12.08,67.11,61.69,5.88,41.93,-0.22,0.09,17.00,7000.00,-42.00,0.00,0.00
100561.00,2019-06-30 17:44:04.561,0.00,23.88,0.00,1.51,0.00,1.00,1.00,68.28,0.42,12.07,67.13,61.74,6.02,41.93,-0.19,0.09,17.00,7000.00,-42.00,0.00,0.00
100661.00,2019-06-30 17:44:04.661,0.00,23.88,0.00,1.51,0.00,1.00,1.00,68.28,0.42,12.07,67.13,61.74,6.02,41.93,-0.24,0.09,17.00,7000.00,-42.00,0.00,0.00
100761.00,2019-06-30 17:44:04.761,0.00,23.88,0.00,1.51,0.00,1.00,1.00,68.28,0.42,11.95,67.13,61.74,6.02,41.93,-0.22,0.08,17.00,7000.00,-42.00,0.00,0.00
100861.00,2019-06-30 17:44:04.861,0.00,23.88,0.00,1.51,0.00,1.00,1.00,68.28,0.42,12.09,67.16,61.58,6.02,41.93,-0.21,0.09,17.00,7000.00,-42.00,0.00,0.00
100961.00,2019-06-30 17:44:04.961,0.00,23.88,0.00,1.51,0.00,1.00,1.00,68.28,0.42,12.06,67.16,61.58,6.02,41.93,-0.21,0.08,17.00,7000.00,-42.00,0.00,0.00
101061.00,2019-06-30 17:44:05.061,0.00,23.88,0.00,1.51,0.00,1.00,1.00,68.28,0.42,11.96,67.16,61.74,6.02,41.93,-0.21,0.09,17.00,7000.00,-42.00,0.00,0.00
101161.00,2019-06-30 17:44:05.161,0.00,23.88,0.00,1.51,0.00,1.00,1.00,68.28,0.42,12.06,67.08,61.74,6.01,41.91,-0.22,0.09,17.00,7000.00,-42.00,0.00,0.00
101261.00,2019-06-30 17:44:05.261,0.00,23.88,0.00,1.51,0.00,1.00,1.00,68.28,0.42,12.09,67.08,61.74,6.01,41.91,-0.21,0.09,17.00,7000.00,-42.00,0.00,0.00
101361.00,2019-06-30 17:44:05.361,0.00,23.88,0.00,1.51,0.00,1.00,1.00,68.28,0.42,11.95,67.16,61.70,6.19,41.91,-0.21,0.09,17.00,7000.00,-42.00,0.00,0.00
101461.00,2019-06-30 17:44:05.461,0.00,23.88,0.00,1.51,0.00,1.00,1.00,68.28,0.42,12.07,67.16,61.70,6.19,41.91,-0.22,0.09,17.00,7000.00,-42.00,0.00,0.00
101561.00,2019-06-30 17:44:05.561,0.00,23.88,0.00,1.51,0.00,1.00,1.00,68.28,0.42,12.10,67.16,61.69,6.19,41.87,-0.21,0.09,17.00,7000.00,-42.00,0.00,0.00
101661.00,2019-06-30 17:44:05.661,0.00,23.88,0.00,1.51,0.00,1.00,1.00,68.28,0.42,11.93,67.05,61.69,6.21,41.87,-0.21,0.09,17.00,7000.00,-42.00,0.00,0.00
101761.00,2019-06-30 17:44:05.761,0.00,23.88,0.00,1.51,0.00,1.00,1.00,68.28,0.42,12.09,67.05,61.69,6.21,41.87,-0.19,0.09,17.00,7000.00,-42.00,0.00,0.00
101861.00,2019-06-30 17:44:05.861,0.00,23.88,0.00,1.51,0.00,1.00,1.00,68.28,0.42,12.07,67.05,61.69,6.25,41.87,-0.23,0.08,17.00,7000.00,-42.00,0.00,0.00
101961.00,2019-06-30 17:44:05.961,0.00,23.88,0.00,1.51,0.00,1.00,1.00,68.28,0.42,11.96,67.05,61.69,6.25,41.98,-0.22,0.09,17.00,7000.00,-42.00,0.00,0.00
102061.00,2019-06-30 17:44:06.061,0.00,23.88,0.00,1.51,0.00,1.00,1.00,68.28,0.42,12.09,67.05,61.70,6.25,41.98,-0.21,0.09,17.00,7000.00,-42.00,0.00,0.00
102161.00,2019-06-30 17:44:06.161,0.00,23.88,0.00,1.51,0.00,1.00,1.00,68.28,0.42,11.94,67.13,61.70,6.23,41.98,-0.22,0.09,17.00,7000.00,-42.00,0.00,0.00
102261.00,2019-06-30 17:44:06.261,0.00,23.88,0.00,1.51,0.00,1.00,1.00,68.28,0.42,12.08,67.13,61.70,6.23,41.98,-0.20,0.09,17.00,7000.00,-42.00,0.00,0.00
102361.00,2019-06-30 17:44:06.361,0.00,23.88,0.00,1.51,0.00,1.00,1.00,68.28,0.42,12.09,67.13,61.66,6.23,42.01,-0.23,0.09,17.00,7000.00,-42.00,0.00,0.00
102461.00,2019-06-30 17:44:06.461,0.00,23.88,0.00,1.51,0.00,1.00,1.00,68.28,0.42,12.09,67.02,61.66,6.34,42.01,-0.21,0.09,17.00,7000.00,-42.00,0.00,0.00
102561.00,2019-06-30 17:44:06.561,0.00,23.88,0.00,1.51,0.00,1.00,1.00,68.28,0.42,12.09,67.02,61.65,6.34,42.01,-0.21,0.09,17.00,7000.00,-42.00,0.00,0.00
102661.00,2019-06-30 17:44:06.661,0.00,23.88,0.00,1.51,0.00,1.00,1.00,68.28,0.42,12.06,67.06,61.65,6.42,42.01,-0.23,0.09,17.00,7000.00,-42.00,0.00,0.00
102761.00,2019-06-30 17:44:06.761,0.00,23.88,0.00,1.51,0.00,1.00,1.00,68.28,0.42,12.07,67.06,61.65,6.42,41.94,-0.20,0.09,17.00,7000.00,-42.00,0.00,0.00
102861.00,2019-06-30 17:44:06.861,0.00,23.88,0.00,1.51,0.00,1.00,1.00,68.28,0.42,12.08,67.06,61.67,6.42,41.94,-0.23,0.09,17.00,7000.00,-42.00,0.00,0.00
102961.00,2019-06-30 17:44:06.961,0.00,23.88,0.00,1.51,0.00,1.00,1.00,68.28,0.42,12.09,67.10,61.67,6.47,41.94,-0.21,0.09,17.00,7000.00,-42.00,0.00,0.00
103061.00,2019-06-30 17:44:07.061,0.00,23.88,0.00,1.51,0.00,1.00,1.00,68.28,0.42,11.96,67.10,61.67,6.47,41.94,-0.23,0.09,17.00,7000.00,-42.00,0.00,0.00
103161.00,2019-06-30 17:44:07.161,0.00,23.88,0.00,1.51,0.00,1.00,1.00,68.28,0.42,11.96,67.04,61.67,6.47,41.91,-0.22,0.09,17.00,7000.00,-42.00,0.00,0.00
103261.00,2019-06-30 17:44:07.261,0.00,23.88,0.00,1.51,0.00,1.00,1.00,68.28,0.42,12.06,67.04,61.67,6.47,41.91,-0.21,0.09,17.00,7000.00,-42.00,0.00,0.00
103361.00,2019-06-30 17:44:07.361,0.00,23.88,0.00,1.51,0.00,1.00,1.00,68.28,0.42,11.94,67.04,61.70,6.47,41.91,-0.22,0.09,17.00,7000.00,-42.00,0.00,0.00
103461.00,2019-06-30 17:44:07.461,0.00,23.88,0.00,1.51,0.00,1.00,1.00,68.28,0.42,11.95,67.08,61.70,6.58,41.91,-0.22,0.09,17.00,7000.00,-42.00,0.00,0.00
103561.00,2019-06-30 17:44:07.561,0.00,23.88,0.00,1.51,0.00,1.00,1.00,68.28,0.42,12.09,67.08,61.72,6.58,41.87,-0.22,0.09,17.00,7000.00,-42.00,0.00,0.00
103661.00,2019-06-30 17:44:07.661,0.00,23.88,0.00,1.51,0.00,1.00,1.00,68.28,0.42,11.94,67.08,61.72,6.58,41.87,-0.21,0.09,17.00,7000.00,-42.00,0.00,0.00
103761.00,2019-06-30 17:44:07.761,0.00,23.88,0.00,1.51,0.00,1.00,1.00,68.28,0.42,11.93,67.08,61.72,6.66,41.87,-0.22,0.09,17.00,7000.00,-42.00,0.00,0.00
103861.00,2019-06-30 17:44:07.861,0.00,23.88,0.00,1.51,0.00,1.00,1.00,68.28,0.42,12.06,67.08,61.66,6.66,41.87,-0.21,0.09,17.00,7000.00,-42.00,0.00,0.00
103961.00,2019-06-30 17:44:07.961,0.00,23.88,0.00,1.51,0.00,1.00,1.00,68.28,0.42,11.95,67.02,61.66,6.59,41.91,-0.21,0.08,17.00,7000.00,-42.00,0.00,0.00
104061.00,2019-06-30 17:44:08.061,0.00,23.88,0.00,1.51,0.00,1.00,1.00,68.28,0.42,11.94,67.02,61.64,6.59,41.91,-0.22,0.09,17.00,7000.00,-42.00,0.00,0.00
104161.00,2019-06-30 17:44:08.161,0.00,23.88,0.00,1.51,0.00,1.00,1.00,68.28,0.42,12.07,67.02,61.64,6.59,41.91,-0.18,0.09,17.00,7000.00,-42.00,0.00,0.00
104261.00,2019-06-30 17:44:08.261,0.00,23.88,0.00,1.51,0.00,1.00,1.00,68.28,0.42,12.06,67.10,61.64,6.68,41.91,-0.24,0.08,17.00,7000.00,-42.00,0.00,0.00
104361.00,2019-06-30 17:44:08.361,0.00,23.88,0.00,1.51,0.00,1.00,1.00,68.28,0.42,11.96,67.10,61.67,6.68,41.95,-0.22,0.09,17.00,7000.00,-42.00,0.00,0.00
104461.00,2019-06-30 17:44:08.461,0.00,23.88,0.00,1.51,0.00,1.00,1.00,68.28,0.42,12.06,67.05,61.67,6.73,41.95,-0.21,0.09,17.00,7000.00,-42.00,0.00,0.00
104561.00,2019-06-30 17:44:08.561,0.00,23.88,0.00,1.51,0.00,1.00,1.00,68.28,0.42,12.08,67.05,61.63,6.73,41.95,-0.22,0.09,17.00,7000.00,-42.00,0.00,0.00
104661.00,2019-06-30 17:44:08.661,0.00,23.88,0.00,1.51,0.00,1.00,1.00,68.28,0.42,11.95,67.05,61.63,6.73,41.95,-0.20,0.09,17.00,7000.00,-42.00,0.00,0.00
104761.00,2019-06-30 17:44:08.761,0.00,23.88,0.00,1.51,0.00,1.00,1.00,68.28,0.42,12.09,66.99,61.63,6.81,41.93,-0.22,0.09,17.00,7000.00,-42.00,0.00,0.00
104861.00,2019-06-30 17:44:08.861,0.00,23.88,0.00,1.51,0.00,1.00,1.00,68.28,0.42,11.93,66.99,61.73,6.81,41.93,-0.22,0.09,17.00,7000.00,-42.00,0.00,0.00
104961.00,2019-06-30 17:44:08.961,0.00,23.88,0.00,1.51,0.00,1.00,1.00,68.28,0.42,12.09,66.99,61.73,6.81,41.93,-0.21,0.09,17.00,7000.00,-42.00,0.00,0.00
105061.00,2019-06-30 17:44:09.061,0.00,23.88,0.00,1.51,0.00,1.00,1.00,68.28,0.42,12.06,67.01,61.66,6.81,41.93,-0.22,0.09,17.00,7000.00,-42.00,0.00,0.00
105161.00,2019-06-30 17:44:09.161,0.00,23.88,0.00,1.51,0.00,1.00,1.00,68.28,0.42,11.96,67.01,61.66,6.81,41.87,-0.21,0.08,17.00,7000.00,-42.00,0.00,0.00
105261.00,2019-06-30 17:44:09.261,0.00,23.88,0.00,1.51,0.00,1.00,1.00,68.28,0.42,11.95,67.02,61.66,6.91,41.87,-0.22,0.08,17.00,7000.00,-42.00,0.00,0.00
105361.00,2019-06-30 17:44:09.361,0.00,23.88,0.00,1.51,0.00,1.00,1.00,68.28,0.42,12.07,67.02,61.57,6.91,41.87,-0.19,0.09,17.00,7000.00,-42.00,0.00,0.00
105461.00,2019-06-30 17:44:09.461,0.00,23.88,0.00,1.51,0.00,1.00,1.00,68.28,0.42,11.96,67.02,61.57,6.91,41.87,-0.24,0.09,17.00,7000.00,-42.00,0.00,0.00
105561.00,2019-06-30 17:44:09.561,0.00,23.88,0.00,1.51,0.00,1.00,1.00,68.28,0.42,12.06,67.06,61.65,6.94,41.91,-0.22,0.08,17.00,7000.00,-42.00,0.00,0.00
105661.00,2019-06-30 17:44:09.661,0.00,23.88,0.00,1.51,0.00,1.00,1.00,68.28,0.42,12.09,67.06,61.65,6.94,41.91,-0.20,0.09,17.00,7000.00,-42.00,0.00,0.00
105761.00,2019-06-30 17:44:09.761,0.00,23.88,0.00,1.51,0.00,1.00,1.00,68.28,0.42,11.94,66.97,61.65,6.91,41.91,-0.22,0.09,17.00,7000.00,-42.00,0.00,0.00
105861.00,2019-06-30 17:44:09.861,0.00,23.88,0.00,1.51,0.00,1.00,1.00,68.28,0.42,12.09,66.97,61.55,6.91,41.91,-0.21,0.09,17.00,7000.00,-42.00,0.00,0.00
105961.00,2019-06-30 17:44:09.961,0.00,23.88,0.00,1.51,0.00,1.00,1.00,68.28,0.42,12.06,66.97,61.55,6.91,41.83,-0.22,0.08,17.00,7000.00,-42.00,0.00,0.00
106061.00,2019-06-30 17:44:10.061,0.00,23.88,0.00,1.51,0.00,1.00,1.00,68.28,0.42,11.95,67.02,61.55,7.16,41.83,-0.21,0.08,17.00,7000.00,-42.00,0.00,0.00
106161.00,2019-06-30 17:44:10.161,0.00,23.88,0.00,1.51,0.00,1.00,1.00,68.28,0.42,12.08,67.02,61.55,7.16,41.83,-0.21,0.09,17.00,7000.00,-42.00,0.00,0.00
106261.00,2019-06-30 17:44:10.261,0.00,23.88,0.00,1.51,0.00,1.00,1.00,68.28,0.42,12.07,67.02,61.55,7.16,41.83,-0.22,0.09,17.00,7000.00,-42.00,0.00,0.00
106361.00,2019-06-30 17:44:10.361,0.00,23.88,0.00,1.51,0.00,1.00,1.00,68.28,0.42,11.96,66.98,61.64,7.07,41.87,-0.21,0.08,17.00,7000.00,-42.00,0.00,0.00
106461.00,2019-06-30 17:44:10.461,0.00,23.88,0.00,1.51,0.00,1.00,1.00,68.28,0.42,12.06,66.98,61.64,7.07,41.87,-0.22,0.09,17.00,7000.00,-42.00,0.00,0.00
106561.00,2019-06-30 17:44:10.561,0.00,23.88,0.00,1.51,0.00,1.00,1.00,68.28,0.42,12.09,66.89,61.72,7.12,41.87,-0.20,0.08,17.00,7000.00,-42.00,0.00,0.00
106661.00,2019-06-30 17:44:10.661,0.00,23.88,0.00,1.51,0.00,1.00,1.00,68.28,0.42,11.94,66.89,61.72,7.12,41.87,-0.23,0.09,17.00,7000.00,-42.00,0.00,0.00
106761.00,2019-06-30 17:44:10.761,0.00,23.88,0.00,1.51,0.00,1.00,1.00,68.28,0.42,12.08,66.89,61.72,7.12,41.95,-0.22,0.09,17.00,7000.00,-42.00,0.00,0.00
106861.00,2019-06-30 17:44:10.861,0.00,23.88,0.00,1.51,0.00,1.00,1.00,68.28,0.42,12.09,66.94,61.64,7.16,41.95,-0.21,0.09,17.00,7000.00,-42.00,0.00,0.00
106961.00,2019-06-30 17:44:10.961,0.00,23.88,0.00,1.51,0.00,1.00,1.00,68.28,0.42,11.93,66.94,61.64,7.16,41.95,-0.22,0.09,17.00,7000.00,-42.00,0.00,0.00
107061.00,2019-06-30 17:44:11.061,0.00,23.88,0.00,1.51,0.00,1.00,1.00,68.28,0.42,12.09,66.94,61.60,7.19,41.95,-0.20,0.08,17.00,7000.00,-42.00,0.00,0.00
107161.00,2019-06-30 17:44:11.161,0.00,23.88,0.00,1.51,0.00,1.00,1.00,68.28,0.42,12.06,66.94,61.60,7.19,41.85,-0.25,0.08,17.00,7000.00,-42.00,0.00,0.00
107261.00,2019-06-30 17:44:11.261,0.00,23.88,0.00,1.51,0.00,1.00,1.00,68.28,0.42,12.06,66.94,61.60,7.19,41.85,-0.21,0.09,17.00,7000.00,-42.00,0.00,0.00
107361.00,2019-06-30 17:44:11.361,0.00,23.88,0.00,1.51,0.00,1.00,1.00,68.28,0.42,12.09,66.95,61.65,7.24,41.85,-0.22,0.09,17.00,7000.00,-42.00,0.00,0.00
107461.00,2019-06-30 17:44:11.461,0.00,23.88,0.00,1.51,0.00,1.00,1.00,68.28,0.42,11.93,66.95,61.65,7.24,41.85,-0.22,0.09,17.00,7000.00,-42.00,0.00,0.00
107561.00,2019-06-30 17:44:11.561,0.00,23.88,0.00,1.51,0.00,1.00,1.00,68.28,0.42,11.94,66.95,61.63,7.24,41.91,-0.21,0.09,17.00,7000.00,-42.00,0.00,0.00
107661.00,2019-06-30 17:44:11.661,0.00,23.88,0.00,1.51,0.00,1.00,1.00,68.28,0.42,12.08,66.97,61.63,7.29,41.91,-0.23,0.08,17.00,7000.00,-42.00,0.00,0.00
107761.00,2019-06-30 17:44:11.761,0.00,23.88,0.00,1.51,0.00,1.00,1.00,68.28,0.42,11.93,66.97,61.63,7.29,41.91,-0.19,0.09,17.00,7000.00,-42.00,0.00,0.00
107861.00,2019-06-30 17:44:11.861,0.00,23.88,0.00,1.51,0.00,1.00,1.00,68.28,0.42,12.09,66.92,61.65,7.39,41.91,-0.24,0.08,17.00,7000.00,-42.00,0.00,0.00
107961.00,2019-06-30 17:44:11.961,0.00,23.88,0.00,1.51,0.00,1.00,1.00,68.28,0.42,12.06,66.92,61.65,7.39,41.84,-0.21,0.08,17.00,7000.00,-42.00,0.00,0.00
108061.00,2019-06-30 17:44:12.061,0.00,23.88,0.00,1.51,0.00,1.00,1.00,68.28,0.42,12.06,66.92,61.63,7.39,41.84,-0.21,0.08,17.00,7000.00,-42.00,0.00,0.00
108161.00,2019-06-30 17:44:12.161,0.00,23.88,0.00,1.51,0.00,1.00,1.00,68.28,0.42,12.07,66.94,61.63,7.33,41.84,-0.22,0.08,17.00,7000.00,-42.00,0.00,0.00
108261.00,2019-06-30 17:44:12.261,0.00,23.88,0.00,1.51,0.00,1.00,1.00,68.28,0.42,12.08,66.94,61.63,7.33,41.84,-0.21,0.09,17.00,7000.00,-42.00,0.00,0.00
108361.00,2019-06-30 17:44:12.361,0.00,23.88,0.00,1.51,0.00,1.00,1.00,68.28,0.42,12.07,66.92,61.64,7.48,41.87,-0.22,0.08,17.00,7000.00,-42.00,0.00,0.00
108461.00,2019-06-30 17:44:12.461,0.00,23.88,0.00,1.51,0.00,1.00,1.00,68.28,0.42,12.06,66.92,61.64,7.48,41.87,-0.24,0.08,17.00,7000.00,-42.00,0.00,0.00
108561.00,2019-06-30 17:44:12.561,0.00,23.88,0.00,1.51,0.00,1.00,1.00,68.28,0.42,12.06,66.92,61.62,7.48,41.87,-0.21,0.09,17.00,7000.00,-42.00,0.00,0.00
108661.00,2019-06-30 17:44:12.661,0.00,23.88,0.00,1.51,0.00,1.00,1.00,68.28,0.42,11.93,66.91,61.62,7.48,41.87,-0.21,0.09,17.00,7000.00,-42.00,0.00,0.00
108761.00,2019-06-30 17:44:12.761,0.00,23.88,0.00,1.51,0.00,1.00,1.00,68.28,0.42,11.94,66.91,61.62,7.48,41.91,-0.21,0.09,17.00,7000.00,-42.00,0.00,0.00
108861.00,2019-06-30 17:44:12.861,0.00,23.88,0.00,1.51,0.00,1.00,1.00,68.28,0.42,12.08,66.91,61.60,7.48,41.91,-0.22,0.09,17.00,7000.00,-42.00,0.00,0.00
108961.00,2019-06-30 17:44:12.961,0.00,23.88,0.00,1.51,0.00,1.00,1.00,68.28,0.42,11.93,66.96,61.60,7.41,41.91,-0.18,0.09,17.00,7000.00,-42.00,0.00,0.00
109061.00,2019-06-30 17:44:13.061,0.00,23.88,0.00,1.51,0.00,1.00,1.00,68.28,0.42,12.09,66.96,61.63,7.41,41.91,-0.24,0.08,17.00,7000.00,-42.00,0.00,0.00
109161.00,2019-06-30 17:44:13.161,0.00,23.88,0.00,1.51,0.00,1.00,1.00,68.28,0.42,12.06,66.99,61.63,7.59,41.85,-0.21,0.09,17.00,7000.00,-42.00,0.00,0.00
109261.00,2019-06-30 17:44:13.261,0.00,23.88,0.00,1.51,0.00,1.00,1.00,68.28,0.42,11.96,66.99,61.63,7.59,41.85,-0.21,0.09,17.00,7000.00,-42.00,0.00,0.00
109361.00,2019-06-30 17:44:13.361,0.00,23.88,0.00,1.51,0.00,1.00,1.00,68.28,0.42,12.07,66.99,61.58,7.59,41.85,-0.21,0.08,17.00,7000.00,-42.00,0.00,0.00
109461.00,2019-06-30 17:44:13.461,0.00,23.88,0.00,1.51,0.00,1.00,1.00,68.28,0.42,12.08,67.05,61.58,7.67,41.85,-0.19,0.09,17.00,7000.00,-42.00,0.00,0.00
109561.00,2019-06-30 17:44:13.561,0.00,23.88,0.00,1.51,0.00,1.00,1.00,68.28,0.42,11.95,67.05,61.60,7.67,41.83,-0.22,0.09,17.00,7000.00,-42.00,0.00,0.00
109661.00,2019-06-30 17:44:13.661,0.00,23.88,0.00,1.51,0.00,1.00,1.00,68.28,0.42,11.96,66.96,61.60,7.70,41.83,-0.21,0.09,17.00,7000.00,-42.00,0.00,0.00
109761.00,2019-06-30 17:44:13.761,0.00,23.88,0.00,1.51,0.00,1.00,1.00,68.28,0.42,12.06,66.96,61.60,7.70,41.83,-0.21,0.09,17.00,7000.00,-42.00,0.00,0.00
109861.00,2019-06-30 17:44:13.861,0.00,23.88,0.00,1.51,0.00,1.00,1.00,68.28,0.42,11.93,66.96,61.66,7.70,41.83,-0.22,0.09,17.00,7000.00,-42.00,0.00,0.00
109961.00,2019-06-30 17:44:13.961,0.00,23.88,0.00,1.51,0.00,1.00,1.00,68.28,0.42,11.94,67.03,61.66,7.78,41.85,-0.20,0.09,17.00,7000.00,-42.00,0.00,0.00
110061.00,2019-06-30 17:44:14.061,0.00,23.88,0.00,1.51,0.00,1.00,1.00,68.28,0.42,12.08,67.03,61.66,7.78,41.85,-0.23,0.09,17.00,7000.00,-42.00,0.00,0.00
110161.00,2019-06-30 17:44:14.161,0.00,23.88,0.00,1.51,0.00,1.00,1.00,68.28,0.42,12.07,67.03,61.66,7.78,41.85,-0.17,0.09,17.00,7000.00,-42.00,0.00,0.00
110261.00,2019-06-30 17:44:14.261,0.00,23.88,0.00,1.51,0.00,1.00,1.00,68.28,0.42,12.06,66.90,61.66,7.70,41.85,-0.25,0.09,17.00,7000.00,-42.00,0.00,0.00
110361.00,2019-06-30 17:44:14.361,0.00,23.88,0.00,1.51,0.00,1.00,1.00,68.28,0.42,12.09,66.90,61.64,7.70,41.82,-0.22,0.09,17.00,7000.00,-42.00,0.00,0.00
110461.00,2019-06-30 17:44:14.461,0.00,23.88,0.00,1.51,0.00,1.00,1.00,68.28,0.42,11.93,66.96,61.64,7.73,41.82,-0.22,0.09,17.00,7000.00,-42.00,0.00,0.00
110561.00,2019-06-30 17:44:14.561,0.00,23.88,0.00,1.51,0.00,1.00,1.00,68.28,0.42,12.08,66.96,61.62,7.73,41.82,-0.22,0.09,17.00,7000.00,-42.00,0.00,0.00
110661.00,2019-06-30 17:44:14.661,0.00,23.88,0.00,1.51,0.00,1.00,1.00,68.28,0.42,12.08,66.96,61.62,7.73,41.82,-0.21,0.09,17.00,7000.00,-42.00,0.00,0.00
110761.00,2019-06-30 17:44:14.761,0.00,23.88,0.00,1.51,0.00,1.00,1.00,68.28,0.42,11.94,67.02,61.62,7.77,41.73,-0.23,0.09,17.00,7000.00,-42.00,0.00,0.00
110861.00,2019-06-30 17:44:14.861,0.00,23.88,0.00,1.51,0.00,1.00,1.00,68.28,0.42,12.06,67.02,61.55,7.77,41.73,-0.22,0.08,17.00,7000.00,-42.00,0.00,0.00
110961.00,2019-06-30 17:44:14.961,0.00,23.88,0.00,1.51,0.00,1.00,1.00,68.28,0.42,11.96,67.02,61.55,7.77,41.73,-0.22,0.09,17.00,7000.00,-42.00,0.00,0.00
111061.00,2019-06-30 17:44:15.061,0.00,23.88,0.00,1.51,0.00,1.00,1.00,68.28,0.42,12.06,67.01,61.57,7.88,41.73,-0.22,0.08,17.00,7000.00,-42.00,0.00,0.00
111161.00,2019-06-30 17:44:15.161,0.00,23.88,0.00,1.51,0.00,1.00,1.00,68.28,0.42,12.07,67.01,61.57,7.88,41.83,-0.21,0.09,17.00,7000.00,-42.00,0.00,0.00
111261.00,2019-06-30 17:44:15.261,0.00,23.88,0.00,1.51,0.00,1.00,1.00,68.28,0.42,12.08,66.92,61.57,7.89,41.83,-0.22,0.09,17.00,7000.00,-42.00,0.00,0.00
111361.00,2019-06-30 17:44:15.361,0.00,23.88,0.00,1.51,0.00,1.00,1.00,68.28,0.42,11.96,66.92,61.57,7.89,41.83,-0.19,0.09,17.00,7000.00,-42.00,0.00,0.00
111461.00,2019-06-30 17:44:15.461,0.00,23.88,0.00,1.51,0.00,1.00,1.00,68.28,0.42,12.06,66.92,61.57,7.89,41.83,-0.23,0.09,17.00,7000.00,-42.00,0.00,0.00
111561.00,2019-06-30 17:44:15.561,0.00,23.88,0.00,1.51,0.00,1.00,1.00,68.28,0.42,11.92,66.92,61.52,7.96,41.83,-0.21,0.09,17.00,7000.00,-42.00,0.00,0.00
111661.00,2019-06-30 17:44:15.661,0.00,23.88,0.00,1.51,0.00,1.00,1.00,68.28,0.42,11.93,66.92,61.52,7.96,41.83,-0.21,0.09,17.00,7000.00,-42.00,0.00,0.00
111761.00,2019-06-30 17:44:15.761,0.00,23.88,0.00,1.51,0.00,1.00,1.00,68.28,0.42,12.08,66.94,61.52,7.96,41.83,-0.22,0.09,17.00,7000.00,-42.00,0.00,0.00
111861.00,2019-06-30 17:44:15.861,0.00,23.88,0.00,1.51,0.00,1.00,1.00,68.28,0.42,12.08,66.94,61.55,7.96,41.83,-0.20,0.09,17.00,7000.00,-42.00,0.00,0.00
111961.00,2019-06-30 17:44:15.961,0.00,23.88,0.00,1.51,0.00,1.00,1.00,68.28,0.42,11.94,66.94,61.55,7.96,41.76,-0.22,0.09,17.00,7000.00,-42.00,0.00,0.00
112061.00,2019-06-30 17:44:16.061,0.00,23.88,0.00,1.51,0.00,1.00,1.00,68.28,0.42,12.09,66.94,61.51,8.03,41.76,-0.22,0.08,17.00,7000.00,-42.00,0.00,0.00
112161.00,2019-06-30 17:44:16.161,0.00,23.88,0.00,1.51,0.00,1.00,1.00,68.28,0.42,12.06,66.94,61.51,8.03,41.76,-0.22,0.09,17.00,7000.00,-42.00,0.00,0.00
112261.00,2019-06-30 17:44:16.261,0.00,23.88,0.00,1.51,0.00,1.00,1.00,68.28,0.42,11.96,66.94,61.51,8.03,41.76,-0.22,0.09,17.00,7000.00,-42.00,0.00,0.00
112361.00,2019-06-30 17:44:16.361,0.00,23.88,0.00,1.51,0.00,1.00,1.00,68.28,0.42,12.08,66.92,61.53,8.11,41.76,-0.21,0.09,17.00,7000.00,-42.00,0.00,0.00
112461.00,2019-06-30 17:44:16.461,0.00,23.88,0.00,1.51,0.00,1.00,1.00,68.28,0.42,11.95,66.92,61.53,8.11,41.76,-0.22,0.09,17.00,7000.00,-42.00,0.00,0.00
112561.00,2019-06-30 17:44:16.561,0.00,23.88,0.00,1.51,0.00,1.00,1.00,68.28,0.42,11.96,66.99,61.45,8.07,41.76,-0.19,0.09,17.00,7000.00,-42.00,0.00,0.00
112661.00,2019-06-30 17:44:16.661,0.00,23.88,0.00,1.51,0.00,1.00,1.00,68.28,0.42,12.09,66.99,61.45,8.07,41.76,-0.23,0.09,17.00,7000.00,-42.00,0.00,0.00
112761.00,2019-06-30 17:44:16.761,0.00,23.88,0.00,1.51,0.00,1.00,1.00,68.28,0.42,12.09,66.99,61.45,8.07,41.80,-0.21,0.09,17.00,7000.00,-42.00,0.00,0.00
112861.00,2019-06-30 17:44:16.861,0.00,23.88,0.00,1.51,0.00,1.00,1.00,68.28,0.42,12.09,66.90,61.41,8.13,41.80,-0.20,0.09,17.00,7000.00,-42.00,0.00,0.00
112961.00,2019-06-30 17:44:16.961,0.00,23.88,0.00,1.51,0.00,1.00,1.00,68.28,0.42,12.08,66.90,61.41,8.13,41.80,-0.22,0.09,17.00,7000.00,-42.00,0.00,0.00
113061.00,2019-06-30 17:44:17.061,0.00,23.88,0.00,1.51,0.00,1.00,1.00,68.28,0.42,11.95,66.91,61.44,8.16,41.80,-0.21,0.08,17.00,7000.00,-42.00,0.00,0.00
113161.00,2019-06-30 17:44:17.161,0.00,23.88,0.00,1.51,0.00,1.00,1.00,68.28,0.42,11.93,66.91,61.44,8.16,41.80,-0.23,0.09,17.00,7000.00,-42.00,0.00,0.00
113261.00,2019-06-30 17:44:17.261,0.00,23.88,0.00,1.51,0.00,1.00,1.00,68.28,0.42,12.06,66.91,61.44,8.16,41.80,-0.22,0.08,17.00,7000.00,-42.00,0.00,0.00
113361.00,2019-06-30 17:44:17.361,0.00,23.88,0.00,1.51,0.00,1.00,1.00,68.28,0.42,11.96,66.88,61.53,8.17,41.80,-0.21,0.09,17.00,7000.00,-42.00,0.00,0.00
113461.00,2019-06-30 17:44:17.461,0.00,23.88,0.00,1.51,0.00,1.00,1.00,68.28,0.42,11.96,66.88,61.53,8.17,41.80,-0.22,0.09,17.00,7000.00,-42.00,0.00,0.00
113561.00,2019-06-30 17:44:17.561,0.00,23.88,0.00,1.51,0.00,1.00,1.00,68.28,0.42,12.07,66.88,61.53,8.17,41.82,-0.22,0.09,17.00,7000.00,-42.00,0.00,0.00
113661.00,2019-06-30 17:44:17.661,0.00,23.88,0.00,1.51,0.00,1.00,1.00,68.28,0.42,11.95,66.87,61.53,8.30,41.82,-0.22,0.09,17.00,7000.00,-42.00,0.00,0.00
113761.00,2019-06-30 17:44:17.761,0.00,23.88,0.00,1.51,0.00,1.00,1.00,68.28,0.42,12.06,66.87,61.53,8.30,41.82,-0.20,0.09,17.00,7000.00,-42.00,0.00,0.00
113861.00,2019-06-30 17:44:17.861,0.00,23.88,0.00,1.51,0.00,1.00,1.00,68.28,0.42,12.05,66.87,61.52,8.34,41.82,-0.24,0.09,17.00,7000.00,-42.00,0.00,0.00
113961.00,2019-06-30 17:44:17.961,0.00,23.88,0.00,1.51,0.00,1.00,1.00,68.28,0.42,12.09,66.87,61.52,8.34,41.82,-0.22,0.09,17.00,7000.00,-42.00,0.00,0.00
114061.00,2019-06-30 17:44:18.061,0.00,23.88,0.00,1.51,0.00,1.00,1.00,68.28,0.42,11.93,66.87,61.55,8.34,41.82,-0.21,0.09,17.00,7000.00,-42.00,0.00,0.00
114161.00,2019-06-30 17:44:18.161,0.00,23.88,0.00,1.51,0.00,1.00,1.00,68.28,0.42,12.08,66.95,61.55,8.33,41.82,-0.21,0.09,17.00,7000.00,-42.00,0.00,0.00
114261.00,2019-06-30 17:44:18.261,0.00,23.88,0.00,1.51,0.00,1.00,1.00,68.28,0.42,11.95,66.95,61.55,8.33,41.82,-0.20,0.08,17.00,7000.00,-42.00,0.00,0.00
114361.00,2019-06-30 17:44:18.361,0.00,23.88,0.00,1.51,0.00,1.00,1.00,68.28,0.42,12.09,66.85,61.46,8.34,41.82,-0.22,0.09,17.00,7000.00,-42.00,0.00,0.00
114461.00,2019-06-30 17:44:18.461,0.00,23.88,0.00,1.51,0.00,1.00,1.00,68.28,0.42,12.06,66.85,61.46,8.34,41.82,-0.22,0.08,17.00,7000.00,-42.00,0.00,0.00
114561.00,2019-06-30 17:44:18.561,0.00,23.88,0.00,1.51,0.00,1.00,1.00,68.28,0.42,12.06,66.85,61.44,8.34,41.82,-0.22,0.08,17.00,7000.00,-42.00,0.00,0.00
114661.00,2019-06-30 17:44:18.661,0.00,23.88,0.00,1.51,0.00,1.00,1.00,68.28,0.42,12.06,66.84,61.44,8.44,41.82,-0.24,0.08,17.00,7000.00,-42.00,0.00,0.00
114761.00,2019-06-30 17:44:18.761,0.00,23.88,0.00,1.51,0.00,1.00,1.00,68.28,0.42,12.07,66.84,61.44,8.44,41.87,-0.21,0.09,17.00,7000.00,-42.00,0.00,0.00
114861.00,2019-06-30 17:44:18.861,0.00,23.88,0.00,1.51,0.00,1.00,1.00,68.28,0.42,12.08,66.84,61.48,8.44,41.87,-0.23,0.09,17.00,7000.00,-42.00,0.00,0.00
114961.00,2019-06-30 17:44:18.961,0.00,23.88,0.00,1.51,0.00,1.00,1.00,68.28,0.42,11.96,66.97,61.48,8.45,41.87,-0.19,0.09,17.00,7000.00,-42.00,0.00,0.00
115061.00,2019-06-30 17:44:19.061,0.00,23.88,0.00,1.51,0.00,1.00,1.00,68.28,0.42,12.09,66.97,61.50,8.45,41.87,-0.24,0.09,17.00,7000.00,-42.00,0.00,0.00
115161.00,2019-06-30 17:44:19.161,0.00,23.88,0.00,1.51,0.00,1.00,1.00,68.28,0.42,11.93,66.92,61.50,8.48,41.82,-0.20,0.09,17.00,7000.00,-42.00,0.00,0.00
115261.00,2019-06-30 17:44:19.261,0.00,23.88,0.00,1.51,0.00,1.00,1.00,68.28,0.42,11.93,66.92,61.50,8.48,41.82,-0.21,0.09,17.00,7000.00,-42.00,0.00,0.00
115361.00,2019-06-30 17:44:19.361,0.00,23.88,0.00,1.51,0.00,1.00,1.00,68.28,0.42,12.08,66.92,61.55,8.48,41.82,-0.21,0.09,17.00,7000.00,-42.00,0.00,0.00
115461.00,2019-06-30 17:44:19.461,0.00,23.88,0.00,1.51,0.00,1.00,1.00,68.28,0.42,11.94,66.85,61.55,8.48,41.82,-0.22,0.09,17.00,7000.00,-42.00,0.00,0.00
115561.00,2019-06-30 17:44:19.561,0.00,23.88,0.00,1.51,0.00,1.00,1.00,68.28,0.42,11.93,66.85,61.48,8.48,41.84,-0.22,0.09,17.00,7000.00,-42.00,0.00,0.00
115661.00,2019-06-30 17:44:19.661,0.00,23.88,0.00,1.51,0.00,1.00,1.00,68.28,0.42,12.09,66.87,61.48,8.48,41.84,-0.22,0.08,17.00,7000.00,-42.00,0.00,0.00
115761.00,2019-06-30 17:44:19.761,0.00,23.88,0.00,1.51,0.00,1.00,1.00,68.28,0.42,12.06,66.87,61.48,8.48,41.84,-0.21,0.08,17.00,7000.00,-42.00,0.00,0.00
115861.00,2019-06-30 17:44:19.861,0.00,23.88,0.00,1.51,0.00,1.00,1.00,68.28,0.42,11.95,66.87,61.51,8.48,41.84,-0.22,0.08,17.00,7000.00,-42.00,0.00,0.00
115961.00,2019-06-30 17:44:19.961,0.00,23.88,0.00,1.51,0.00,1.00,1.00,68.28,0.42,12.07,66.94,61.51,8.52,41.93,-0.22,0.09,17.00,7000.00,-42.00,0.00,0.00
116061.00,2019-06-30 17:44:20.061,0.00,23.88,0.00,1.51,0.00,1.00,1.00,68.28,0.42,11.95,66.94,61.58,8.52,41.93,-0.21,0.09,17.00,7000.00,-42.00,0.00,0.00
116161.00,2019-06-30 17:44:20.161,0.00,23.88,0.00,1.51,0.00,1.00,1.00,68.28,0.42,11.96,66.94,61.58,8.52,41.93,-0.20,0.09,17.00,7000.00,-42.00,0.00,0.00
116261.00,2019-06-30 17:44:20.261,0.00,23.88,0.00,1.51,0.00,1.00,1.00,68.28,0.42,12.09,66.97,61.58,8.69,41.93,-0.23,0.09,17.00,7000.00,-42.00,0.00,0.00
116361.00,2019-06-30 17:44:20.361,0.00,23.88,0.00,1.51,0.00,1.00,1.00,68.28,0.42,11.93,66.97,61.51,8.69,41.80,-0.22,0.09,17.00,7000.00,-42.00,0.00,0.00
116461.00,2019-06-30 17:44:20.461,0.00,23.88,0.00,1.51,0.00,1.00,1.00,68.28,0.42,11.93,66.96,61.51,8.57,41.80,-0.21,0.09,17.00,7000.00,-42.00,0.00,0.00
116561.00,2019-06-30 17:44:20.561,0.00,23.88,0.00,1.51,0.00,1.00,1.00,68.28,0.42,12.07,66.96,61.52,8.57,41.80,-0.23,0.09,17.00,7000.00,-42.00,0.00,0.00
116661.00,2019-06-30 17:44:20.661,0.00,23.88,0.00,1.51,0.00,1.00,1.00,68.28,0.42,11.95,66.96,61.52,8.57,41.80,-0.20,0.08,17.00,7000.00,-42.00,0.00,0.00
116761.00,2019-06-30 17:44:20.761,0.00,23.88,0.00,1.51,0.00,1.00,1.00,68.28,0.42,11.93,66.94,61.52,8.72,41.94,-0.23,0.08,17.00,7000.00,-42.00,0.00,0.00
116861.00,2019-06-30 17:44:20.861,0.00,23.88,0.00,1.51,0.00,1.00,1.00,68.28,0.42,12.06,66.94,61.48,8.72,41.94,-0.21,0.08,17.00,7000.00,-42.00,0.00,0.00
116961.00,2019-06-30 17:44:20.961,0.00,23.88,0.00,1.51,0.00,1.00,1.00,68.28,0.42,11.96,66.84,61.48,8.74,41.94,-0.21,0.09,17.00,7000.00,-42.00,0.00,0.00
117061.00,2019-06-30 17:44:21.061,0.00,23.88,0.00,1.51,0.00,1.00,1.00,68.28,0.42,12.06,66.84,61.52,8.74,41.94,-0.20,0.08,17.00,7000.00,-42.00,0.00,0.00
117161.00,2019-06-30 17:44:21.161,0.00,23.88,0.00,1.51,0.00,1.00,1.00,68.28,0.42,12.08,66.84,61.52,8.74,41.80,-0.21,0.09,17.00,7000.00,-42.00,0.00,0.00
117261.00,2019-06-30 17:44:21.261,0.00,23.88,0.00,1.51,0.00,1.00,1.00,68.28,0.42,12.07,66.95,61.52,8.67,41.80,-0.21,0.09,17.00,7000.00,-42.00,0.00,0.00
117361.00,2019-06-30 17:44:21.361,0.00,23.88,0.00,1.51,0.00,1.00,1.00,68.28,0.42,11.96,66.95,61.53,8.67,41.80,-0.19,0.09,17.00,7000.00,-42.00,0.00,0.00
117461.00,2019-06-30 17:44:21.461,0.00,23.88,0.00,1.51,0.00,1.00,1.00,68.28,0.42,12.06,66.95,61.53,8.67,41.80,-0.24,0.09,17.00,7000.00,-42.00,0.00,0.00
117561.00,2019-06-30 17:44:21.561,0.00,23.88,0.00,1.51,0.00,1.00,1.00,68.28,0.42,11.93,66.96,61.46,8.76,41.88,-0.22,0.08,17.00,7000.00,-42.00,0.00,0.00
117661.00,2019-06-30 17:44:21.661,0.00,23.88,0.00,1.51,0.00,1.00,1.00,68.28,0.42,12.09,66.96,61.46,8.76,41.88,-0.22,0.09,17.00,7000.00,-42.00,0.00,0.00
117761.00,2019-06-30 17:44:21.761,0.00,23.88,0.00,1.51,0.00,1.00,1.00,68.28,0.42,12.07,66.95,61.46,8.85,41.88,-0.21,0.08,17.00,7000.00,-42.00,0.00,0.00
117861.00,2019-06-30 17:44:21.861,0.00,23.88,0.00,1.51,0.00,1.00,1.00,68.28,0.42,12.08,66.95,61.45,8.85,41.88,-0.21,0.09,17.00,7000.00,-42.00,0.00,0.00
117961.00,2019-06-30 17:44:21.961,0.00,23.88,0.00,1.51,0.00,1.00,1.00,68.28,0.42,12.09,66.95,61.45,8.85,41.85,-0.23,0.08,17.00,7000.00,-42.00,0.00,0.00
118061.00,2019-06-30 17:44:22.061,0.00,23.88,0.00,1.51,0.00,1.00,1.00,68.28,0.42,12.09,66.87,61.48,8.89,41.85,-0.21,0.09,17.00,7000.00,-42.00,0.00,0.00
118161.00,2019-06-30 17:44:22.161,0.00,23.88,0.00,1.51,0.00,1.00,1.00,68.28,0.42,11.96,66.87,61.48,8.89,41.85,-0.21,0.09,17.00,7000.00,-42.00,0.00,0.00
118261.00,2019-06-30 17:44:22.261,0.00,23.88,0.00,1.51,0.00,1.00,1.00,68.28,0.42,11.96,66.94,61.48,8.94,41.85,-0.22,0.09,17.00,7000.00,-42.00,0.00,0.00
118361.00,2019-06-30 17:44:22.361,0.00,23.88,0.00,1.51,0.00,1.00,1.00,68.28,0.42,12.08,66.94,61.41,8.94,41.80,-0.21,0.09,17.00,7000.00,-42.00,0.00,0.00
118461.00,2019-06-30 17:44:22.461,0.00,23.88,0.00,1.51,0.00,1.00,1.00,68.28,0.42,12.07,66.94,61.41,8.94,41.80,-0.22,0.09,17.00,7000.00,-42.00,0.00,0.00
118561.00,2019-06-30 17:44:22.561,0.00,23.88,0.00,1.51,0.00,1.00,1.00,68.28,0.42,11.96,66.95,61.45,8.93,41.80,-0.19,0.09,17.00,7000.00,-42.00,0.00,0.00
118661.00,2019-06-30 17:44:22.661,0.00,23.88,0.00,1.51,0.00,1.00,1.00,68.28,0.42,12.05,66.95,61.45,8.93,41.80,-0.24,0.09,17.00,7000.00,-42.00,0.00,0.00
118761.00,2019-06-30 17:44:22.761,0.00,23.88,0.00,1.51,0.00,1.00,1.00,68.28,0.42,12.09,66.95,61.45,8.93,41.84,-0.21,0.09,17.00,7000.00,-42.00,0.00,0.00
118861.00,2019-06-30 17:44:22.861,0.00,23.88,0.00,1.51,0.00,1.00,1.00,68.28,0.42,12.08,66.96,61.46,8.98,41.84,-0.20,0.09,17.00,7000.00,-42.00,0.00,0.00
118961.00,2019-06-30 17:44:22.961,0.00,23.88,0.00,1.51,0.00,1.00,1.00,68.28,0.42,12.08,66.96,61.46,8.98,41.84,-0.22,0.09,17.00,7000.00,-42.00,0.00,0.00
119061.00,2019-06-30 17:44:23.061,0.00,23.88,0.00,1.51,0.00,1.00,1.00,68.28,0.42,11.94,66.96,61.44,9.02,41.84,-0.20,0.08,17.00,7000.00,-42.00,0.00,0.00
119161.00,2019-06-30 17:44:23.161,0.00,23.88,0.00,1.51,0.00,1.00,1.00,68.28,0.42,11.93,66.96,61.44,9.02,41.82,-0.23,0.08,17.00,7000.00,-42.00,0.00,0.00
119261.00,2019-06-30 17:44:23.261,0.00,23.88,0.00,1.51,0.00,1.00,1.00,68.28,0.42,12.09,66.96,61.44,9.02,41.82,-0.23,0.08,17.00,7000.00,-42.00,0.00,0.00
119361.00,2019-06-30 17:44:23.361,0.00,23.88,0.00,1.51,0.00,1.00,1.00,68.28,0.42,11.96,66.98,61.45,9.04,41.82,-0.20,0.09,17.00,7000.00,-42.00,0.00,0.00
119461.00,2019-06-30 17:44:23.461,0.00,23.88,0.00,1.51,0.00,1.00,1.00,68.28,0.42,12.06,66.98,61.45,9.04,41.82,-0.22,0.09,17.00,7000.00,-42.00,0.00,0.00
119561.00,2019-06-30 17:44:23.561,0.00,23.88,0.00,1.51,0.00,1.00,1.00,68.28,0.42,12.07,66.92,61.50,9.10,41.83,-0.22,0.09,17.00,7000.00,-42.00,0.00,0.00
119661.00,2019-06-30 17:44:23.661,0.00,23.88,0.00,1.51,0.00,1.00,1.00,68.28,0.42,12.07,66.92,61.50,9.10,41.83,-0.22,0.09,17.00,7000.00,-42.00,0.00,0.00
119761.00,2019-06-30 17:44:23.761,0.00,23.88,0.00,1.51,0.00,1.00,1.00,68.28,0.42,12.07,66.92,61.50,9.10,41.83,-0.19,0.09,17.00,7000.00,-42.00,0.00,0.00
119861.00,2019-06-30 17:44:23.861,0.00,23.88,0.00,1.51,0.00,1.00,1.00,68.28,0.42,12.06,66.90,61.43,9.05,41.83,-0.24,0.09,17.00,7000.00,-42.00,0.00,0.00
119961.00,2019-06-30 17:44:23.961,0.00,23.88,0.00,1.51,0.00,1.00,1.00,68.28,0.42,11.93,66.90,61.43,9.05,41.91,-0.22,0.09,17.00,7000.00,-42.00,0.00,0.00
120061.00,2019-06-30 17:44:24.061,0.00,23.88,0.00,1.51,0.00,1.00,1.00,68.28,0.42,11.93,66.90,61.46,9.05,41.91,-0.21,0.09,17.00,7000.00,-42.00,0.00,0.00
120161.00,2019-06-30 17:44:24.161,0.00,23.88,0.00,1.51,0.00,1.00,1.00,68.28,0.42,12.08,66.92,61.46,9.07,41.91,-0.22,0.08,17.00,7000.00,-42.00,0.00,0.00
120261.00,2019-06-30 17:44:24.261,0.00,23.88,0.00,1.51,0.00,1.00,1.00,68.28,0.42,11.94,66.92,61.46,9.07,41.91,-0.20,0.09,17.00,7000.00,-42.00,0.00,0.00
120361.00,2019-06-30 17:44:24.361,0.00,23.88,0.00,1.51,0.00,1.00,1.00,68.28,0.42,11.93,66.96,61.39,9.26,41.76,-0.24,0.08,17.00,7000.00,-42.00,0.00,0.00
120461.00,2019-06-30 17:44:24.461,0.00,23.88,0.00,1.51,0.00,1.00,1.00,68.28,0.42,12.06,66.96,61.39,9.26,41.76,-0.21,0.08,17.00,7000.00,-42.00,0.00,0.00
120561.00,2019-06-30 17:44:24.561,0.00,23.88,0.00,1.51,0.00,1.00,1.00,68.28,0.42,12.06,66.96,61.50,9.26,41.76,-0.21,0.08,17.00,7000.00,-42.00,0.00,0.00
120661.00,2019-06-30 17:44:24.661,0.00,23.88,0.00,1.51,0.00,1.00,1.00,68.28,0.42,11.96,66.94,61.50,9.19,41.76,-0.21,0.09,17.00,7000.00,-42.00,0.00,0.00
120761.00,2019-06-30 17:44:24.761,0.00,23.88,0.00,1.51,0.00,1.00,1.00,68.28,0.42,12.07,66.94,61.50,9.19,41.82,-0.20,0.09,17.00,7000.00,-42.00,0.00,0.00
120861.00,2019-06-30 17:44:24.861,0.00,23.88,0.00,1.51,0.00,1.00,1.00,68.28,0.42,11.95,66.83,61.48,9.24,41.82,-0.23,0.09,17.00,7000.00,-42.00,0.00,0.00
120961.00,2019-06-30 17:44:24.961,0.00,23.88,0.00,1.51,0.00,1.00,1.00,68.28,0.42,11.96,66.83,61.48,9.24,41.82,-0.19,0.09,17.00,7000.00,-42.00,0.00,0.00
121061.00,2019-06-30 17:44:25.061,0.00,23.88,0.00,1.51,0.00,1.00,1.00,68.28,0.42,12.06,66.83,61.41,9.24,41.82,-0.25,0.09,17.00,7000.00,-42.00,0.00,0.00
121161.00,2019-06-30 17:44:25.161,0.00,23.88,0.00,1.51,0.00,1.00,1.00,68.28,0.42,11.93,66.91,61.41,9.30,41.76,-0.20,0.09,17.00,7000.00,-42.00,0.00,0.00
121261.00,2019-06-30 17:44:25.261,0.00,23.88,0.00,1.51,0.00,1.00,1.00,68.28,0.42,11.93,66.91,61.41,9.30,41.76,-0.21,0.09,17.00,7000.00,-42.00,0.00,0.00
121361.00,2019-06-30 17:44:25.361,0.00,23.88,0.00,1.51,0.00,1.00,1.00,68.28,0.42,12.07,66.91,61.36,9.30,41.76,-0.21,0.08,17.00,7000.00,-42.00,0.00,0.00
121461.00,2019-06-30 17:44:25.461,0.00,23.88,0.00,1.51,0.00,1.00,1.00,68.28,0.42,12.08,66.89,61.36,9.30,41.76,-0.22,0.09,17.00,7000.00,-42.00,0.00,0.00
121561.00,2019-06-30 17:44:25.561,0.00,23.88,0.00,1.51,0.00,1.00,1.00,68.28,0.42,11.94,66.89,61.44,9.30,41.84,-0.22,0.09,17.00,7000.00,-42.00,0.00,0.00
121661.00,2019-06-30 17:44:25.661,0.00,23.88,0.00,1.51,0.00,1.00,1.00,68.28,0.42,12.09,66.90,61.44,9.30,41.84,-0.22,0.08,17.00,7000.00,-42.00,0.00,0.00
121761.00,2019-06-30 17:44:25.761,0.00,23.88,0.00,1.51,0.00,1.00,1.00,68.28,0.42,12.06,66.90,61.44,9.30,41.84,-0.21,0.09,17.00,7000.00,-42.00,0.00,0.00
121861.00,2019-06-30 17:44:25.861,0.00,23.88,0.00,1.51,0.00,1.00,1.00,68.28,0.42,11.96,66.90,61.37,9.30,41.84,-0.21,0.08,17.00,7000.00,-42.00,0.00,0.00
121961.00,2019-06-30 17:44:25.961,0.00,23.88,0.00,1.51,0.00,1.00,1.00,68.28,0.42,12.08,66.89,61.37,9.34,41.80,-0.20,0.09,17.00,7000.00,-42.00,0.00,0.00
122061.00,2019-06-30 17:44:26.061,0.00,23.88,0.00,1.51,0.00,1.00,1.00,68.28,0.42,11.95,66.89,61.43,9.34,41.80,-0.22,0.09,17.00,7000.00,-42.00,0.00,0.00
122161.00,2019-06-30 17:44:26.161,0.00,23.88,0.00,1.51,0.00,1.00,1.00,68.28,0.42,11.96,66.97,61.43,9.46,41.80,-0.19,0.09,17.00,7000.00,-42.00,0.00,0.00
122261.00,2019-06-30 17:44:26.261,0.00,23.88,0.00,1.51,0.00,1.00,1.00,68.28,0.42,12.09,66.97,61.43,9.46,41.80,-0.25,0.09,17.00,7000.00,-42.00,0.00,0.00
122361.00,2019-06-30 17:44:26.361,0.00,23.88,0.00,1.51,0.00,1.00,1.00,68.28,0.42,12.09,66.97,61.30,9.46,41.77,-0.22,0.09,17.00,7000.00,-42.00,0.00,0.00
122461.00,2019-06-30 17:44:26.461,0.00,23.88,0.00,1.51,0.00,1.00,1.00,68.28,0.42,12.08,66.90,61.30,9.39,41.77,-0.21,0.09,17.00,7000.00,-42.00,0.00,0.00
122561.00,2019-06-30 17:44:26.561,0.00,23.88,0.00,1.51,0.00,1.00,1.00,68.28,0.42,12.08,66.90,61.41,9.39,41.77,-0.22,0.09,17.00,7000.00,-42.00,0.00,0.00
122661.00,2019-06-30 17:44:26.661,0.00,23.88,0.00,1.51,0.00,1.00,1.00,68.28,0.42,12.08,66.90,61.41,9.39,41.77,-0.20,0.09,17.00,7000.00,-42.00,0.00,0.00
122761.00,2019-06-30 17:44:26.761,0.00,23.88,0.00,1.51,0.00,1.00,1.00,68.28,0.42,11.94,66.89,61.41,9.41,41.80,-0.22,0.09,17.00,7000.00,-42.00,0.00,0.00
122861.00,2019-06-30 17:44:26.861,0.00,23.88,0.00,1.51,0.00,1.00,1.00,68.28,0.42,12.09,66.89,61.39,9.41,41.80,-0.20,0.08,17.00,7000.00,-42.00,0.00,0.00
122961.00,2019-06-30 17:44:26.961,0.00,23.88,0.00,1.51,0.00,1.00,1.00,68.28,0.42,12.06,66.84,61.39,9.48,41.80,-0.22,0.08,17.00,7000.00,-42.00,0.00,0.00
123061.00,2019-06-30 17:44:27.061,0.00,23.88,0.00,1.51,0.00,1.00,1.00,68.28,0.42,11.95,66.84,61.38,9.48,41.80,-0.22,0.08,17.00,7000.00,-42.00,0.00,0.00
123161.00,2019-06-30 17:44:27.161,0.00,23.88,0.00,1.51,0.00,1.00,1.00,68.28,0.42,12.07,66.84,61.38,9.48,41.82,-0.21,0.09,17.00,7000.00,-42.00,0.00,0.00
123261.00,2019-06-30 17:44:27.261,0.00,23.88,0.00,1.51,0.00,1.00,1.00,68.28,0.42,11.95,66.83,61.38,9.48,41.82,-0.23,0.09,17.00,7000.00,-42.00,0.00,0.00
123361.00,2019-06-30 17:44:27.361,0.00,23.88,0.00,1.51,0.00,1.00,1.00,68.28,0.42,11.96,66.83,61.38,9.48,41.82,-0.21,0.09,17.00,7000.00,-42.00,0.00,0.00
123461.00,2019-06-30 17:44:27.461,0.00,23.88,0.00,1.51,0.00,1.00,1.00,68.28,0.42,12.09,66.95,61.38,9.52,41.82,-0.23,0.09,17.00,7000.00,-42.00,0.00,0.00
123561.00,2019-06-30 17:44:27.561,0.00,23.88,0.00,1.51,0.00,1.00,1.00,68.28,0.42,12.09,66.95,61.32,9.52,41.75,-0.21,0.09,17.00,7000.00,-42.00,0.00,0.00
123661.00,2019-06-30 17:44:27.661,0.00,23.88,0.00,1.51,0.00,1.00,1.00,68.28,0.42,11.93,66.95,61.32,9.52,41.75,-0.21,0.09,17.00,7000.00,-42.00,0.00,0.00
123761.00,2019-06-30 17:44:27.761,0.00,23.88,0.00,1.51,0.00,1.00,1.00,68.28,0.42,12.08,66.99,61.32,9.54,41.75,-0.22,0.09,17.00,7000.00,-42.00,0.00,0.00
123861.00,2019-06-30 17:44:27.861,0.00,23.88,0.00,1.51,0.00,1.00,1.00,68.28,0.42,11.94,66.99,61.34,9.54,41.75,-0.20,0.08,17.00,7000.00,-42.00,0.00,0.00
123961.00,2019-06-30 17:44:27.961,0.00,23.88,0.00,1.51,0.00,1.00,1.00,68.28,0.42,11.93,66.99,61.34,9.54,41.82,-0.22,0.08,17.00,7000.00,-42.00,0.00,0.00
124061.00,2019-06-30 17:44:28.061,0.00,23.88,0.00,1.51,0.00,1.00,1.00,68.28,0.42,12.06,66.91,61.37,9.54,41.82,-0.22,0.08,17.00,7000.00,-42.00,0.00,0.00
124161.00,2019-06-30 17:44:28.161,0.00,23.88,0.00,1.51,0.00,1.00,1.00,68.28,0.42,11.96,66.91,61.37,9.54,41.82,-0.24,0.09,17.00,7000.00,-42.00,0.00,0.00
124261.00,2019-06-30 17:44:28.261,0.00,23.88,0.00,1.51,0.00,1.00,1.00,68.28,0.42,12.06,66.90,61.37,9.56,41.82,-0.22,0.08,17.00,7000.00,-42.00,0.00,0.00
124361.00,2019-06-30 17:44:28.361,0.00,23.88,0.00,1.51,0.00,1.00,1.00,68.28,0.42,12.07,66.90,61.44,9.56,41.75,-0.22,0.09,17.00,7000.00,-42.00,0.00,0.00
124461.00,2019-06-30 17:44:28.461,0.00,23.88,0.00,1.51,0.00,1.00,1.00,68.28,0.42,12.07,66.90,61.44,9.56,41.75,-0.22,0.09,17.00,7000.00,-42.00,0.00,0.00
124561.00,2019-06-30 17:44:28.561,0.00,23.88,0.00,1.51,0.00,1.00,1.00,68.28,0.42,11.96,66.87,61.37,9.61,41.75,-0.19,0.09,17.00,7000.00,-42.00,0.00,0.00
124661.00,2019-06-30 17:44:28.661,0.00,23.88,0.00,1.51,0.00,1.00,1.00,68.28,0.42,12.09,66.87,61.37,9.61,41.75,-0.23,0.09,17.00,7000.00,-42.00,0.00,0.00
124761.00,2019-06-30 17:44:28.761,0.00,23.88,0.00,1.51,0.00,1.00,1.00,68.28,0.42,12.09,66.94,61.37,9.61,41.77,-0.22,0.09,17.00,7000.00,-42.00,0.00,0.00
124861.00,2019-06-30 17:44:28.861,0.00,23.88,0.00,1.51,0.00,1.00,1.00,68.28,0.42,12.09,66.94,61.30,9.61,41.77,-0.20,0.09,17.00,7000.00,-42.00,0.00,0.00
124961.00,2019-06-30 17:44:28.961,0.00,23.88,0.00,1.51,0.00,1.00,1.00,68.28,0.42,12.08,66.94,61.30,9.61,41.77,-0.22,0.09,17.00,7000.00,-42.00,0.00,0.00
125061.00,2019-06-30 17:44:29.061,0.00,23.88,0.00,1.51,0.00,1.00,1.00,68.28,0.42,12.08,66.95,61.32,9.63,41.77,-0.19,0.09,17.00,7000.00,-42.00,0.00,0.00
125161.00,2019-06-30 17:44:29.161,0.00,23.88,0.00,1.51,0.00,1.00,1.00,68.28,0.42,12.09,66.95,61.32,9.63,41.80,-0.22,0.08,17.00,7000.00,-42.00,0.00,0.00
125261.00,2019-06-30 17:44:29.261,0.00,23.88,0.00,1.51,0.00,1.00,1.00,68.28,0.42,12.06,66.95,61.32,9.63,41.80,-0.21,0.08,17.00,7000.00,-42.00,0.00,0.00
125361.00,2019-06-30 17:44:29.361,0.00,23.88,0.00,1.51,0.00,1.00,1.00,68.28,0.42,11.96,66.91,61.28,9.74,41.80,-0.19,0.09,17.00,7000.00,-42.00,0.00,0.00
125461.00,2019-06-30 17:44:29.461,0.00,23.88,0.00,1.51,0.00,1.00,1.00,68.28,0.42,12.06,66.91,61.28,9.74,41.80,-0.22,0.09,17.00,7000.00,-42.00,0.00,0.00
125561.00,2019-06-30 17:44:29.561,0.00,23.88,0.00,1.51,0.00,1.00,1.00,68.28,0.42,12.07,66.90,61.41,9.76,41.77,-0.21,0.09,17.00,7000.00,-42.00,0.00,0.00
125661.00,2019-06-30 17:44:29.661,0.00,23.88,0.00,1.51,0.00,1.00,1.00,68.28,0.42,12.07,66.90,61.41,9.76,41.77,-0.22,0.09,17.00,7000.00,-42.00,0.00,0.00
125761.00,2019-06-30 17:44:29.761,0.00,23.88,0.00,1.51,0.00,1.00,1.00,68.28,0.42,11.96,66.90,61.41,9.76,41.77,-0.20,0.09,17.00,7000.00,-42.00,0.00,0.00
125861.00,2019-06-30 17:44:29.861,0.00,23.88,0.00,1.51,0.00,1.00,1.00,68.28,0.42,12.06,66.91,61.41,9.80,41.77,-0.24,0.09,17.00,7000.00,-42.00,0.00,0.00
125961.00,2019-06-30 17:44:29.961,0.00,23.88,0.00,1.51,0.00,1.00,1.00,68.28,0.42,12.09,66.91,61.41,9.80,41.80,-0.22,0.09,17.00,7000.00,-42.00,0.00,0.00
126061.00,2019-06-30 17:44:30.061,0.00,23.88,0.00,1.51,0.00,1.00,1.00,68.28,0.42,11.93,66.94,61.27,9.83,41.80,-0.20,0.09,17.00,7000.00,-42.00,0.00,0.00
126161.00,2019-06-30 17:44:30.161,0.00,23.88,0.00,1.51,0.00,1.00,1.00,68.28,0.42,12.07,66.94,61.27,9.83,41.80,-0.23,0.08,17.00,7000.00,-42.00,0.00,0.00
126261.00,2019-06-30 17:44:30.261,0.00,23.88,0.00,1.51,0.00,1.00,1.00,68.28,0.42,11.94,66.94,61.27,9.83,41.80,-0.20,0.09,17.00,7000.00,-42.00,0.00,0.00
126361.00,2019-06-30 17:44:30.361,0.00,23.88,0.00,1.51,0.00,1.00,1.00,68.28,0.42,12.09,66.89,61.28,9.84,41.78,-0.22,0.08,17.00,7000.00,-42.00,0.00,0.00
126461.00,2019-06-30 17:44:30.461,0.00,23.88,0.00,1.51,0.00,1.00,1.00,68.28,0.42,12.06,66.89,61.28,9.84,41.78,-0.22,0.08,17.00,7000.00,-42.00,0.00,0.00
126561.00,2019-06-30 17:44:30.561,0.00,23.88,0.00,1.51,0.00,1.00,1.00,68.28,0.42,11.96,66.89,61.30,9.84,41.78,-0.22,0.09,17.00,7000.00,-42.00,0.00,0.00
126661.00,2019-06-30 17:44:30.661,0.00,23.88,0.00,1.51,0.00,1.00,1.00,68.28,0.42,12.07,66.94,61.30,9.90,41.78,-0.22,0.08,17.00,7000.00,-42.00,0.00,0.00
126761.00,2019-06-30 17:44:30.761,0.00,23.88,0.00,1.51,0.00,1.00,1.00,68.28,0.42,12.07,66.94,61.30,9.90,41.75,-0.21,0.09,17.00,7000.00,-42.00,0.00,0.00
126861.00,2019-06-30 17:44:30.861,0.00,23.88,0.00,1.51,0.00,1.00,1.00,68.28,0.42,12.07,66.90,61.28,9.85,41.75,-0.22,0.09,17.00,7000.00,-42.00,0.00,0.00
126961.00,2019-06-30 17:44:30.961,0.00,23.88,0.00,1.51,0.00,1.00,1.00,68.28,0.42,11.96,66.90,61.28,9.85,41.75,-0.19,0.09,17.00,7000.00,-42.00,0.00,0.00
127061.00,2019-06-30 17:44:31.061,0.00,23.88,0.00,1.51,0.00,1.00,1.00,68.28,0.42,12.06,66.90,61.34,9.85,41.75,-0.23,0.09,17.00,7000.00,-42.00,0.00,0.00
127161.00,2019-06-30 17:44:31.161,0.00,23.88,0.00,1.51,0.00,1.00,1.00,68.28,0.42,12.09,66.97,61.34,9.91,41.76,-0.20,0.09,17.00,7000.00,-42.00,0.00,0.00
127261.00,2019-06-30 17:44:31.261,0.00,23.88,0.00,1.51,0.00,1.00,1.00,68.28,0.42,12.09,66.97,61.34,9.91,41.76,-0.21,0.09,17.00,7000.00,-42.00,0.00,0.00
127361.00,2019-06-30 17:44:31.361,0.00,23.88,0.00,1.51,0.00,1.00,1.00,68.28,0.42,12.08,66.95,61.34,9.90,41.76,-0.22,0.09,17.00,7000.00,-42.00,0.00,0.00
127461.00,2019-06-30 17:44:31.461,0.00,23.88,0.00,1.51,0.00,1.00,1.00,68.28,0.42,11.94,66.95,61.34,9.90,41.76,-0.21,0.08,17.00,7000.00,-42.00,0.00,0.00
127561.00,2019-06-30 17:44:31.561,0.00,23.88,0.00,1.51,0.00,1.00,1.00,68.28,0.42,11.93,66.95,61.30,9.90,41.78,-0.22,0.08,17.00,7000.00,-42.00,0.00,0.00
127661.00,2019-06-30 17:44:31.661,0.00,23.88,0.00,1.51,0.00,1.00,1.00,68.28,0.42,12.06,66.89,61.30,9.91,41.78,-0.22,0.08,17.00,7000.00,-42.00,0.00,0.00
127761.00,2019-06-30 17:44:31.761,0.00,23.88,0.00,1.51,0.00,1.00,1.00,68.28,0.42,12.06,66.89,61.30,9.91,41.78,-0.22,0.08,17.00,7000.00,-42.00,0.00,0.00
127861.00,2019-06-30 17:44:31.861,0.00,23.88,0.00,1.51,0.00,1.00,1.00,68.28,0.42,11.94,66.89,61.23,9.91,41.78,-0.22,0.08,17.00,7000.00,-42.00,0.00,0.00
127961.00,2019-06-30 17:44:31.961,0.00,23.88,0.00,1.51,0.00,1.00,1.00,68.28,0.42,12.07,66.96,61.23,10.06,41.80,-0.21,0.09,17.00,7000.00,-42.00,0.00,0.00
128061.00,2019-06-30 17:44:32.061,0.00,23.88,0.00,1.51,0.00,1.00,1.00,68.28,0.42,11.95,66.96,61.30,10.06,41.80,-0.23,0.09,17.00,7000.00,-42.00,0.00,0.00
128161.00,2019-06-30 17:44:32.161,0.00,23.88,0.00,1.51,0.00,1.00,1.00,68.28,0.42,11.96,66.94,61.30,10.02,41.80,-0.19,0.09,17.00,7000.00,-42.00,0.00,0.00
128261.00,2019-06-30 17:44:32.261,0.00,23.88,0.00,1.51,0.00,1.00,1.00,68.28,0.42,12.05,66.94,61.30,10.02,41.80,-0.23,0.09,17.00,7000.00,-42.00,0.00,0.00
128361.00,2019-06-30 17:44:32.361,0.00,23.88,0.00,1.51,0.00,1.00,1.00,68.28,0.42,11.93,66.94,61.32,10.02,41.76,-0.22,0.09,17.00,7000.00,-42.00,0.00,0.00
128461.00,2019-06-30 17:44:32.461,0.00,23.88,0.00,1.51,0.00,1.00,1.00,68.28,0.42,11.93,66.89,61.32,9.98,41.76,-0.21,0.09,17.00,7000.00,-42.00,0.00,0.00
128561.00,2019-06-30 17:44:32.561,0.00,23.88,0.00,1.51,0.00,1.00,1.00,68.28,0.42,12.08,66.89,61.30,9.98,41.76,-0.22,0.08,17.00,7000.00,-42.00,0.00,0.00
128661.00,2019-06-30 17:44:32.661,0.00,23.88,0.00,1.51,0.00,1.00,1.00,68.28,0.42,12.08,66.95,61.30,10.02,41.76,-0.22,0.09,17.00,7000.00,-42.00,0.00,0.00
128761.00,2019-06-30 17:44:32.761,0.00,23.88,0.00,1.51,0.00,1.00,1.00,68.28,0.42,11.93,66.95,61.30,10.02,41.76,-0.22,0.09,17.00,7000.00,-42.00,0.00,0.00
128861.00,2019-06-30 17:44:32.861,0.00,23.88,0.00,1.51,0.00,1.00,1.00,68.28,0.42,12.06,66.95,61.26,10.02,41.76,-0.21,0.09,17.00,7000.00,-42.00,0.00,0.00
128961.00,2019-06-30 17:44:32.961,0.00,23.88,0.00,1.51,0.00,1.00,1.00,68.28,0.42,12.06,66.92,61.26,10.15,41.76,-0.22,0.09,17.00,7000.00,-42.00,0.00,0.00
129061.00,2019-06-30 17:44:33.061,0.00,23.88,0.00,1.51,0.00,1.00,1.00,68.28,0.42,11.96,66.92,61.27,10.15,41.76,-0.22,0.08,17.00,7000.00,-42.00,0.00,0.00
129161.00,2019-06-30 17:44:33.161,0.00,23.88,0.00,1.51,0.00,1.00,1.00,68.28,0.42,12.08,66.92,61.27,10.15,41.76,-0.21,0.09,17.00,7000.00,-42.00,0.00,0.00
129261.00,2019-06-30 17:44:33.261,0.00,23.88,0.00,1.51,0.00,1.00,1.00,68.28,0.42,11.95,66.85,61.27,10.16,41.76,-0.22,0.09,17.00,7000.00,-42.00,0.00,0.00
129361.00,2019-06-30 17:44:33.361,0.00,23.88,0.00,1.51,0.00,1.00,1.00,68.28,0.42,11.96,66.85,61.25,10.16,41.76,-0.19,0.09,17.00,7000.00,-42.00,0.00,0.00
129461.00,2019-06-30 17:44:33.461,0.00,23.88,0.00,1.51,0.00,1.00,1.00,68.28,0.42,12.09,66.89,61.25,10.20,41.76,-0.23,0.09,17.00,7000.00,-42.00,0.00,0.00
129561.00,2019-06-30 17:44:33.561,0.00,23.88,0.00,1.51,0.00,1.00,1.00,68.28,0.42,12.09,66.89,61.28,10.20,41.73,-0.22,0.09,17.00,7000.00,-42.00,0.00,0.00
129661.00,2019-06-30 17:44:33.661,0.00,23.88,0.00,1.51,0.00,1.00,1.00,68.28,0.42,11.93,66.89,61.28,10.20,41.73,-0.20,0.09,17.00,7000.00,-42.00,0.00,0.00
129761.00,2019-06-30 17:44:33.761,0.00,23.88,0.00,1.51,0.00,1.00,1.00,68.28,0.42,12.08,66.89,61.28,10.18,41.73,-0.21,0.09,17.00,7000.00,-42.00,0.00,0.00
129861.00,2019-06-30 17:44:33.861,0.00,23.88,0.00,1.51,0.00,1.00,1.00,68.28,0.42,12.08,66.89,61.32,10.18,41.73,-0.21,0.09,17.00,7000.00,-42.00,0.00,0.00
129961.00,2019-06-30 17:44:33.961,0.00,23.88,0.00,1.51,0.00,1.00,1.00,68.28,0.42,11.93,66.94,61.32,10.17,41.76,-0.22,0.09,17.00,7000.00,-42.00,0.00,0.00
130061.00,2019-06-30 17:44:34.061,0.00,23.88,0.00,1.51,0.00,1.00,1.00,68.28,0.42,12.09,66.94,61.27,10.17,41.76,-0.22,0.09,17.00,7000.00,-42.00,0.00,0.00
130161.00,2019-06-30 17:44:34.161,0.00,23.88,0.00,1.51,0.00,1.00,1.00,68.28,0.42,12.09,66.94,61.27,10.17,41.76,-0.22,0.09,17.00,7000.00,-42.00,0.00,0.00
130261.00,2019-06-30 17:44:34.261,0.00,23.88,0.00,1.51,0.00,1.00,1.00,68.28,0.42,12.07,66.91,61.27,10.20,41.76,-0.22,0.09,17.00,7000.00,-42.00,0.00,0.00
130361.00,2019-06-30 17:44:34.361,0.00,23.88,0.00,1.51,0.00,1.00,1.00,68.28,0.42,12.07,66.91,61.23,10.20,41.71,-0.22,0.09,17.00,7000.00,-42.00,0.00,0.00
130461.00,2019-06-30 17:44:34.461,0.00,23.88,0.00,1.51,0.00,1.00,1.00,68.28,0.42,12.08,66.91,61.23,10.20,41.71,-0.23,0.09,17.00,7000.00,-42.00,0.00,0.00
130561.00,2019-06-30 17:44:34.561,0.00,23.88,0.00,1.51,0.00,1.00,1.00,68.28,0.42,12.09,67.01,61.28,10.23,41.71,-0.19,0.09,17.00,7000.00,-42.00,0.00,0.00
130661.00,2019-06-30 17:44:34.661,0.00,23.88,0.00,1.51,0.00,1.00,1.00,68.28,0.42,12.06,67.01,61.28,10.23,41.71,-0.24,0.09,17.00,7000.00,-42.00,0.00,0.00
130761.00,2019-06-30 17:44:34.761,0.00,23.88,0.00,1.51,0.00,1.00,1.00,68.28,0.42,11.96,66.96,61.28,10.24,41.73,-0.21,0.09,17.00,7000.00,-42.00,0.00,0.00
130861.00,2019-06-30 17:44:34.861,0.00,23.88,0.00,1.51,0.00,1.00,1.00,68.28,0.42,12.09,66.96,61.28,10.24,41.73,-0.19,0.09,17.00,7000.00,-42.00,0.00,0.00
130961.00,2019-06-30 17:44:34.961,0.00,23.88,0.00,1.51,0.00,1.00,1.00,68.28,0.42,11.94,66.96,61.28,10.24,41.73,-0.21,0.09,17.00,7000.00,-42.00,0.00,0.00
131061.00,2019-06-30 17:44:35.061,0.00,23.88,0.00,1.51,0.00,1.00,1.00,68.28,0.42,11.95,66.94,61.23,10.24,41.73,-0.21,0.09,17.00,7000.00,-42.00,0.00,0.00
131161.00,2019-06-30 17:44:35.161,0.00,23.88,0.00,1.51,0.00,1.00,1.00,68.28,0.42,12.06,66.94,61.23,10.24,41.80,-0.22,0.09,17.00,7000.00,-42.00,0.00,0.00
131261.00,2019-06-30 17:44:35.261,0.00,23.88,0.00,1.51,0.00,1.00,1.00,68.28,0.42,12.09,66.96,61.23,10.32,41.80,-0.22,0.09,17.00,7000.00,-42.00,0.00,0.00
131361.00,2019-06-30 17:44:35.361,0.00,23.88,0.00,1.51,0.00,1.00,1.00,68.28,0.42,11.93,66.96,61.23,10.32,41.80,-0.21,0.09,17.00,7000.00,-42.00,0.00,0.00
131461.00,2019-06-30 17:44:35.461,0.00,23.88,0.00,1.51,0.00,1.00,1.00,68.28,0.42,12.09,66.96,61.23,10.32,41.80,-0.22,0.08,17.00,7000.00,-42.00,0.00,0.00
131561.00,2019-06-30 17:44:35.561,0.00,23.88,0.00,1.51,0.00,1.00,1.00,68.28,0.42,12.08,66.96,61.21,10.32,41.77,-0.23,0.09,17.00,7000.00,-42.00,0.00,0.00
131661.00,2019-06-30 17:44:35.661,0.00,23.88,0.00,1.51,0.00,1.00,1.00,68.28,0.42,11.94,66.96,61.21,10.32,41.77,-0.21,0.09,17.00,7000.00,-42.00,0.00,0.00
131761.00,2019-06-30 17:44:35.761,1.44,23.88,0.00,1.51,0.00,1.00,1.00,68.28,0.42,12.09,66.96,61.21,10.32,41.77,-0.18,0.09,17.00,7000.00,-42.00,0.00,0.00
131861.00,2019-06-30 17:44:35.861,1.44,23.88,0.00,1.51,0.00,1.00,1.00,68.28,0.42,11.96,66.99,61.25,10.28,41.77,-0.24,0.09,17.00,7000.00,-42.00,0.00,0.00
131961.00,2019-06-30 17:44:35.961,1.44,23.88,0.00,1.51,0.00,1.00,1.00,68.28,0.42,11.96,66.99,61.25,10.28,41.82,-0.21,0.09,17.00,7000.00,-42.00,0.00,0.00
132061.00,2019-06-30 17:44:36.061,1.44,23.88,0.00,1.51,0.00,1.00,1.00,68.28,0.42,12.08,66.94,61.25,10.35,41.82,-0.21,0.09,17.00,7000.00,-42.00,0.00,0.00
132161.00,2019-06-30 17:44:36.161,0.00,23.88,0.00,1.51,0.00,1.00,1.00,68.28,0.42,12.08,66.94,61.25,10.35,41.82,-0.20,7000.00,17.00,7000.00,-42.00,0.00,0.00
132261.00,2019-06-30 17:44:36.261,0.00,23.88,0.00,1.51,0.00,1.00,1.00,68.28,0.42,11.95,66.94,61.25,10.35,41.82,-0.19,0.09,17.00,7000.00,-42.00,0.00,0.00
132361.00,2019-06-30 17:44:36.361,0.00,23.88,0.00,1.51,0.00,1.00,1.00,68.28,0.42,12.06,66.94,61.26,10.29,41.73,-0.22,0.09,17.00,7000.00,-42.00,0.00,0.00
132461.00,2019-06-30 17:44:36.461,0.00,23.88,0.00,1.51,0.00,1.00,1.00,68.28,0.42,12.09,66.94,61.26,10.29,41.73,-0.21,0.09,17.00,7000.00,-42.00,0.00,0.00
132561.00,2019-06-30 17:44:36.561,0.00,23.88,0.00,1.51,0.00,1.00,1.00,68.28,0.42,11.93,66.94,61.28,10.44,41.73,-0.21,0.09,17.00,7000.00,-42.00,0.00,0.00
132661.00,2019-06-30 17:44:36.661,0.00,23.88,0.00,1.51,0.00,1.00,1.00,68.28,0.42,12.08,66.94,61.28,10.44,41.73,-0.22,0.09,17.00,7000.00,-42.00,0.00,0.00
132761.00,2019-06-30 17:44:36.761,0.00,23.88,0.00,1.51,0.00,1.00,1.00,68.28,0.42,11.95,66.94,61.28,10.44,41.78,-0.21,0.09,17.00,7000.00,-42.00,0.00,0.00
132861.00,2019-06-30 17:44:36.861,0.00,23.88,5500.00,1.51,0.00,1.00,1.00,68.28,0.42,11.94,67.04,61.20,10.33,41.78,-0.22,0.09,17.00,7000.00,-42.00,0.00,0.00
132961.00,2019-06-30 17:44:36.961,0.00,23.88,0.00,1.51,0.00,1.00,1.00,68.28,0.42,12.06,67.04,61.20,10.33,41.78,-0.18,0.09,17.00,7000.00,-42.00,0.00,0.00
133061.00,2019-06-30 17:44:37.061,0.00,23.88,0.00,1.51,0.00,1.00,1.00,68.28,0.42,11.96,67.04,61.21,10.33,41.78,-0.24,0.09,17.00,7000.00,-42.00,0.00,0.00
133161.00,2019-06-30 17:44:37.161,0.00,23.88,0.00,1.51,0.00,1.00,1.00,68.28,0.42,12.06,66.95,61.21,10.39,41.65,-0.21,0.09,17.00,7000.00,-42.00,0.00,0.00
133261.00,2019-06-30 17:44:37.261,0.00,23.88,0.00,1.51,0.00,1.00,1.00,68.28,0.42,12.08,66.95,61.21,10.39,41.65,-0.21,0.09,17.00,7000.00,-42.00,0.00,0.00
133361.00,2019-06-30 17:44:37.361,0.00,23.88,0.00,1.51,0.00,1.00,1.00,68.28,0.42,12.08,66.99,61.21,10.41,41.65,-0.22,0.09,17.00,7000.00,-42.00,0.00,0.00
133461.00,2019-06-30 17:44:37.461,0.00,23.88,0.00,1.51,0.00,1.00,1.00,68.28,0.42,11.95,66.99,61.21,10.41,41.65,-0.21,0.09,17.00,7000.00,-42.00,0.00,0.00
133561.00,2019-06-30 17:44:37.561,0.00,23.88,0.00,1.51,0.00,1.00,1.00,68.28,0.42,12.06,66.99,61.30,10.41,41.82,-0.22,0.08,17.00,7000.00,-42.00,0.00,0.00
133661.00,2019-06-30 17:44:37.661,0.00,23.88,0.00,1.51,0.00,1.00,1.00,68.28,0.42,11.92,66.95,61.30,10.48,41.82,-0.21,0.08,17.00,7000.00,-42.00,0.00,0.00
133761.00,2019-06-30 17:44:37.761,0.00,23.88,0.00,1.51,0.00,1.00,1.00,68.28,0.42,12.09,66.95,61.30,10.48,41.82,-0.21,0.09,17.00,7000.00,-42.00,0.00,0.00
133861.00,2019-06-30 17:44:37.861,0.00,23.88,0.00,1.51,0.00,1.00,1.00,68.28,0.42,12.08,66.92,61.25,10.45,41.82,-0.22,0.08,17.00,7000.00,-42.00,0.00,0.00
133961.00,2019-06-30 17:44:37.961,0.00,23.88,0.00,1.51,0.00,1.00,1.00,68.28,0.42,11.95,66.92,61.25,10.45,41.78,-0.21,0.09,17.00,7000.00,-42.00,0.00,0.00
134061.00,2019-06-30 17:44:38.061,0.00,23.88,0.00,1.51,0.00,1.00,1.00,68.28,0.42,12.08,66.92,61.28,10.45,41.78,-0.22,0.09,17.00,7000.00,-42.00,0.00,0.00
134161.00,2019-06-30 17:44:38.161,0.00,23.88,0.00,1.51,0.00,1.00,1.00,68.28,0.42,12.07,66.94,61.28,10.54,41.78,-0.19,0.09,17.00,7000.00,-42.00,0.00,0.00
134261.00,2019-06-30 17:44:38.261,0.00,23.88,0.00,1.51,0.00,1.00,1.00,68.28,0.42,12.06,66.94,61.28,10.54,41.78,-0.23,0.09,17.00,7000.00,-42.00,0.00,0.00
134361.00,2019-06-30 17:44:38.361,0.00,23.88,0.00,1.51,0.00,1.00,1.00,68.28,0.42,11.96,66.94,61.21,10.54,41.77,-0.22,0.09,17.00,7000.00,-42.00,0.00,0.00
134461.00,2019-06-30 17:44:38.461,0.00,23.88,0.00,1.51,0.00,1.00,1.00,68.28,0.42,12.08,66.95,61.21,10.56,41.77,-0.21,0.09,17.00,7000.00,-42.00,0.00,0.00
134561.00,2019-06-30 17:44:38.561,0.00,23.88,0.00,1.51,0.00,1.00,1.00,68.28,0.42,12.08,66.95,61.26,10.56,41.77,-0.22,0.09,17.00,7000.00,-42.00,0.00,0.00
134661.00,2019-06-30 17:44:38.661,0.00,23.88,0.00,1.51,0.00,1.00,1.00,68.28,0.42,11.95,66.87,61.26,10.59,41.77,-0.20,0.09,17.00,7000.00,-42.00,0.00,0.00
134761.00,2019-06-30 17:44:38.761,0.00,23.88,0.00,1.51,0.00,1.00,1.00,68.28,0.42,12.06,66.87,61.26,10.59,41.76,-0.22,0.09,17.00,7000.00,-42.00,0.00,0.00
134861.00,2019-06-30 17:44:38.861,0.00,23.88,0.00,1.51,0.00,1.00,1.00,68.28,0.42,11.93,66.87,61.18,10.59,41.76,-0.21,0.08,17.00,7000.00,-42.00,0.00,0.00
134961.00,2019-06-30 17:44:38.961,0.00,23.88,0.00,1.51,0.00,1.00,1.00,68.28,0.42,11.93,66.98,61.18,10.59,41.76,-0.20,0.09,17.00,7000.00,-42.00,0.00,0.00
135061.00,2019-06-30 17:44:39.061,0.00,23.88,0.00,1.51,0.00,1.00,1.00,68.28,0.42,12.07,66.98,61.25,10.59,41.76,-0.21,0.08,17.00,7000.00,-42.00,0.00,0.00
135161.00,2019-06-30 17:44:39.161,0.00,23.88,0.00,1.51,0.00,1.00,1.00,68.28,0.42,12.08,66.92,61.25,10.65,41.75,-0.21,0.09,17.00,7000.00,-42.00,0.00,0.00
135261.00,2019-06-30 17:44:39.261,0.00,23.88,0.00,1.51,0.00,1.00,1.00,68.28,0.42,12.09,66.92,61.25,10.65,41.75,-0.23,0.09,17.00,7000.00,-42.00,0.00,0.00
135361.00,2019-06-30 17:44:39.361,0.00,23.88,0.00,1.51,0.00,1.00,1.00,68.28,0.42,12.06,66.92,61.15,10.65,41.75,-0.19,0.08,17.00,7000.00,-42.00,0.00,0.00
135461.00,2019-06-30 17:44:39.461,0.00,23.88,0.00,1.51,0.00,1.00,1.00,68.28,0.42,11.96,66.98,61.15,10.65,41.75,-0.22,0.09,17.00,7000.00,-42.00,0.00,0.00
135561.00,2019-06-30 17:44:39.561,0.00,23.88,0.00,1.51,0.00,1.00,1.00,68.28,0.42,11.96,66.98,61.20,10.65,41.73,-0.22,0.09,17.00,7000.00,-42.00,0.00,0.00
135661.00,2019-06-30 17:44:39.661,0.00,23.88,0.00,1.51,0.00,1.00,1.00,68.28,0.42,12.07,66.98,61.20,10.65,41.73,-0.21,0.09,17.00,7000.00,-42.00,0.00,0.00
135761.00,2019-06-30 17:44:39.761,0.00,23.88,0.00,1.51,0.00,1.00,1.00,68.28,0.42,12.08,66.98,61.20,10.73,41.73,-0.22,0.09,17.00,7000.00,-42.00,0.00,0.00
135861.00,2019-06-30 17:44:39.861,0.00,23.88,0.00,1.51,0.00,1.00,1.00,68.28,0.42,11.95,66.98,61.27,10.73,41.73,-0.21,0.09,17.00,7000.00,-42.00,0.00,0.00
135961.00,2019-06-30 17:44:39.961,0.00,23.88,0.00,1.51,0.00,1.00,1.00,68.28,0.42,12.06,67.01,61.27,10.66,41.84,-0.22,0.09,17.00,7000.00,-42.00,0.00,0.00
136061.00,2019-06-30 17:44:40.061,0.00,23.88,0.00,1.51,0.00,1.00,1.00,68.28,0.42,11.93,67.01,61.16,10.66,41.84,-0.21,0.09,17.00,7000.00,-42.00,0.00,0.00
136161.00,2019-06-30 17:44:40.161,0.00,23.88,0.00,1.51,0.00,1.00,1.00,68.28,0.42,11.93,67.01,61.16,10.66,41.84,-0.21,0.09,17.00,7000.00,-42.00,0.00,0.00
136261.00,2019-06-30 17:44:40.261,0.00,23.88,0.00,1.51,0.00,1.00,1.00,68.28,0.42,12.09,67.05,61.16,10.66,41.84,-0.21,0.08,17.00,7000.00,-42.00,0.00,0.00
136361.00,2019-06-30 17:44:40.361,0.00,23.88,0.00,1.51,0.00,1.00,1.00,68.28,0.42,12.08,67.05,61.11,10.66,41.83,-0.21,0.08,17.00,7000.00,-42.00,0.00,0.00
136461.00,2019-06-30 17:44:40.461,0.00,23.88,0.00,1.51,0.00,1.00,1.00,68.28,0.42,11.94,66.94,61.11,10.77,41.83,-0.23,0.08,17.00,7000.00,-42.00,0.00,0.00
136561.00,2019-06-30 17:44:40.561,0.00,23.88,0.00,1.51,0.00,1.00,1.00,68.28,0.42,12.06,66.94,61.18,10.77,41.83,-0.18,0.08,17.00,7000.00,-42.00,0.00,0.00
136661.00,2019-06-30 17:44:40.661,0.00,23.88,0.00,1.51,0.00,1.00,1.00,68.28,0.42,12.06,66.94,61.18,10.77,41.83,-0.24,0.08,17.00,7000.00,-42.00,0.00,0.00
136761.00,2019-06-30 17:44:40.761,0.00,23.88,0.00,1.51,0.00,1.00,1.00,68.28,0.42,11.96,66.97,61.18,10.74,41.75,-0.22,0.08,17.00,7000.00,-42.00,0.00,0.00
136861.00,2019-06-30 17:44:40.861,0.00,23.88,0.00,1.51,0.00,1.00,1.00,68.28,0.42,12.08,66.97,61.20,10.74,41.75,-0.21,0.08,17.00,7000.00,-42.00,0.00,0.00
136961.00,2019-06-30 17:44:40.961,0.00,23.88,0.00,1.51,0.00,1.00,1.00,68.28,0.42,12.08,66.97,61.20,10.74,41.75,-0.22,0.09,17.00,7000.00,-42.00,0.00,0.00
137061.00,2019-06-30 17:44:41.061,0.00,23.88,0.00,1.51,0.00,1.00,1.00,68.28,0.42,12.07,67.01,61.23,10.77,41.75,-0.21,0.09,17.00,7000.00,-42.00,0.00,0.00
137161.00,2019-06-30 17:44:41.161,0.00,23.88,0.00,1.51,0.00,1.00,1.00,68.28,0.42,12.09,67.01,61.23,10.77,41.80,-0.21,0.09,17.00,7000.00,-42.00,0.00,0.00
137261.00,2019-06-30 17:44:41.261,0.00,23.88,0.00,1.51,0.00,1.00,1.00,68.28,0.42,11.93,67.01,61.23,10.80,41.80,-0.22,0.08,17.00,7000.00,-42.00,0.00,0.00
137361.00,2019-06-30 17:44:41.361,0.00,23.88,0.00,1.51,0.00,1.00,1.00,68.28,0.42,11.93,67.01,61.18,10.80,41.80,-0.20,0.09,17.00,7000.00,-42.00,0.00,0.00
137461.00,2019-06-30 17:44:41.461,0.00,23.88,0.00,1.51,0.00,1.00,1.00,68.28,0.42,12.08,67.01,61.18,10.80,41.80,-0.21,0.09,17.00,7000.00,-42.00,0.00,0.00
137561.00,2019-06-30 17:44:41.561,0.00,23.88,0.00,1.51,0.00,1.00,1.00,68.28,0.42,12.08,66.90,61.20,10.78,41.78,-0.21,0.09,17.00,7000.00,-42.00,0.00,0.00
137661.00,2019-06-30 17:44:41.661,0.00,23.88,0.00,1.51,0.00,1.00,1.00,68.28,0.42,11.94,66.90,61.20,10.78,41.78,-0.22,0.09,17.00,7000.00,-42.00,0.00,0.00
137761.00,2019-06-30 17:44:41.761,0.00,23.88,0.00,1.51,0.00,1.00,1.00,68.28,0.42,12.09,67.03,61.20,10.87,41.78,-0.19,0.08,17.00,7000.00,-42.00,0.00,0.00
137861.00,2019-06-30 17:44:41.861,0.00,23.88,0.00,1.51,0.00,1.00,1.00,68.28,0.42,11.96,67.03,61.15,10.87,41.78,-0.24,0.09,17.00,7000.00,-42.00,0.00,0.00
137961.00,2019-06-30 17:44:41.961,0.00,23.88,0.00,1.51,0.00,1.00,1.00,68.28,0.42,11.96,67.03,61.15,10.87,41.77,-0.21,0.09,17.00,7000.00,-42.00,0.00,0.00
138061.00,2019-06-30 17:44:42.061,0.00,23.88,0.00,1.51,0.00,1.00,1.00,68.28,0.42,12.07,66.99,61.18,10.82,41.77,-0.21,0.09,17.00,7000.00,-42.00,0.00,0.00
138161.00,2019-06-30 17:44:42.161,0.00,23.88,0.00,1.51,0.00,1.00,1.00,68.28,0.42,12.08,66.99,61.18,10.82,41.77,-0.21,0.08,17.00,7000.00,-42.00,0.00,0.00
138261.00,2019-06-30 17:44:42.261,0.00,23.88,0.00,1.51,0.00,1.00,1.00,68.28,0.42,12.07,66.99,61.18,10.82,41.77,-0.20,0.09,17.00,7000.00,-42.00,0.00,0.00
138361.00,2019-06-30 17:44:42.361,0.00,23.88,0.00,1.51,0.00,1.00,1.00,68.28,0.42,12.06,67.02,61.20,10.83,41.77,-0.21,0.09,17.00,7000.00,-42.00,0.00,0.00
138461.00,2019-06-30 17:44:42.461,0.00,23.88,0.00,1.51,0.00,1.00,1.00,68.28,0.42,12.09,67.02,61.20,10.83,41.77,-0.20,0.09,17.00,7000.00,-42.00,0.00,0.00
138561.00,2019-06-30 17:44:42.561,0.00,23.88,0.00,1.51,0.00,1.00,1.00,68.28,0.42,11.93,66.97,61.17,10.88,41.77,-0.22,0.09,17.00,7000.00,-42.00,0.00,0.00
138661.00,2019-06-30 17:44:42.661,0.00,23.88,0.00,1.51,0.00,1.00,1.00,68.28,0.42,12.07,66.97,61.17,10.88,41.77,-0.21,0.08,17.00,7000.00,-42.00,0.00,0.00
138761.00,2019-06-30 17:44:42.761,0.00,23.88,0.00,1.51,0.00,1.00,1.00,68.28,0.42,12.08,66.97,61.17,10.88,41.83,-0.21,0.09,17.00,7000.00,-42.00,0.00,0.00
138861.00,2019-06-30 17:44:42.861,0.00,23.88,0.00,1.51,0.00,1.00,1.00,68.28,0.42,11.94,67.06,61.26,10.91,41.83,-0.22,0.08,17.00,7000.00,-42.00,0.00,0.00
138961.00,2019-06-30 17:44:42.961,0.00,23.88,0.00,1.51,0.00,1.00,1.00,68.28,0.42,12.09,67.06,61.26,10.91,41.83,-0.19,0.08,17.00,7000.00,-42.00,0.00,0.00
139061.00,2019-06-30 17:44:43.061,0.00,23.88,0.00,1.51,0.00,1.00,1.00,68.28,0.42,11.96,67.04,61.26,10.98,41.83,-0.24,0.08,17.00,7000.00,-42.00,0.00,0.00
139161.00,2019-06-30 17:44:43.161,0.00,23.88,0.00,1.51,0.00,1.00,1.00,68.28,0.42,11.96,67.04,61.26,10.98,41.80,-0.22,0.08,17.00,7000.00,-42.00,0.00,0.00
139261.00,2019-06-30 17:44:43.261,0.00,23.88,0.00,1.51,0.00,1.00,1.00,68.28,0.42,12.07,67.04,61.26,10.98,41.80,-0.20,0.09,17.00,7000.00,-42.00,0.00,0.00
139361.00,2019-06-30 17:44:43.361,0.00,23.88,0.00,1.51,0.00,1.00,1.00,68.28,0.42,11.94,67.02,61.23,11.04,41.80,-0.22,0.09,17.00,7000.00,-42.00,0.00,0.00
139461.00,2019-06-30 17:44:43.461,0.00,23.88,0.00,1.51,0.00,1.00,1.00,68.28,0.42,12.07,67.02,61.23,11.04,41.80,-0.21,0.09,17.00,7000.00,-42.00,0.00,0.00
139561.00,2019-06-30 17:44:43.561,0.00,23.88,0.00,1.51,0.00,1.00,1.00,68.28,0.42,12.06,67.02,61.13,11.04,41.75,-0.22,0.09,17.00,7000.00,-42.00,0.00,0.00
139661.00,2019-06-30 17:44:43.661,0.00,23.88,0.00,1.51,0.00,1.00,1.00,68.28,0.42,11.92,66.95,61.13,10.98,41.75,-0.21,0.09,17.00,7000.00,-42.00,0.00,0.00
139761.00,2019-06-30 17:44:43.761,0.00,23.88,0.00,1.51,0.00,1.00,1.00,68.28,0.42,11.93,66.95,61.13,10.98,41.75,-0.21,0.09,17.00,7000.00,-42.00,0.00,0.00
139861.00,2019-06-30 17:44:43.861,0.00,23.88,0.00,1.51,0.00,1.00,1.00,68.28,0.42,12.08,67.02,61.16,11.02,41.75,-0.21,0.09,17.00,7000.00,-42.00,0.00,0.00
139961.00,2019-06-30 17:44:43.961,0.00,23.88,0.00,1.51,0.00,1.00,1.00,68.28,0.42,12.08,67.02,61.16,11.02,41.78,-0.21,0.09,17.00,7000.00,-42.00,0.00,0.00
140061.00,2019-06-30 17:44:44.061,0.00,23.88,0.00,1.51,0.00,1.00,1.00,68.28,0.42,11.93,67.02,61.16,11.02,41.78,-0.22,0.09,17.00,7000.00,-42.00,0.00,0.00
140161.00,2019-06-30 17:44:44.161,0.00,23.88,0.00,1.51,0.00,1.00,1.00,68.28,0.42,12.08,66.99,61.16,11.07,41.78,-0.19,0.09,17.00,7000.00,-42.00,0.00,0.00
140261.00,2019-06-30 17:44:44.261,0.00,23.88,0.00,1.51,0.00,1.00,1.00,68.28,0.42,12.08,66.99,61.16,11.07,41.78,-0.23,0.08,17.00,7000.00,-42.00,0.00,0.00
140361.00,2019-06-30 17:44:44.361,0.00,23.88,0.00,1.51,0.00,1.00,1.00,68.28,0.42,11.94,66.98,61.21,11.05,41.76,-0.22,0.09,17.00,7000.00,-42.00,0.00,0.00
140461.00,2019-06-30 17:44:44.461,0.00,23.88,0.00,1.51,0.00,1.00,1.00,68.28,0.42,12.09,66.98,61.21,11.05,41.76,-0.22,0.08,17.00,7000.00,-42.00,0.00,0.00
140561.00,2019-06-30 17:44:44.561,0.00,23.88,0.00,1.51,0.00,1.00,1.00,68.28,0.42,12.06,66.98,61.16,11.05,41.76,-0.22,0.08,17.00,7000.00,-42.00,0.00,0.00
140661.00,2019-06-30 17:44:44.661,0.00,23.88,0.00,1.51,0.00,1.00,1.00,68.28,0.42,11.96,67.02,61.16,11.10,41.76,-0.19,0.09,17.00,7000.00,-42.00,0.00,0.00
140761.00,2019-06-30 17:44:44.761,0.00,23.88,0.00,1.51,0.00,1.00,1.00,68.28,0.42,12.07,67.02,61.16,11.10,41.77,-0.23,0.08,17.00,7000.00,-42.00,0.00,0.00
140861.00,2019-06-30 17:44:44.861,0.00,23.88,0.00,1.51,0.00,1.00,1.00,68.28,0.42,12.08,67.02,61.17,11.10,41.77,-0.22,0.08,17.00,7000.00,-42.00,0.00,0.00
140961.00,2019-06-30 17:44:44.961,0.00,23.88,0.00,1.51,0.00,1.00,1.00,68.28,0.42,11.95,66.98,61.17,11.07,41.77,-0.22,0.09,17.00,7000.00,-42.00,0.00,0.00
141061.00,2019-06-30 17:44:45.061,0.00,23.88,0.00,1.51,0.00,1.00,1.00,68.28,0.42,12.06,66.98,61.17,11.07,41.77,-0.22,0.09,17.00,7000.00,-42.00,0.00,0.00
141161.00,2019-06-30 17:44:45.161,0.00,23.88,0.00,1.51,0.00,1.00,1.00,68.28,0.42,12.09,67.01,61.17,11.07,41.85,-0.20,0.09,17.00,7000.00,-42.00,0.00,0.00
141261.00,2019-06-30 17:44:45.261,0.00,23.88,0.00,1.51,0.00,1.00,1.00,68.28,0.42,11.93,67.01,61.17,11.07,41.85,-0.23,0.09,17.00,7000.00,-42.00,0.00,0.00
141361.00,2019-06-30 17:44:45.361,0.00,23.88,0.00,1.51,0.00,1.00,1.00,68.28,0.42,12.08,67.01,61.20,11.07,41.85,-0.19,0.09,17.00,7000.00,-42.00,0.00,0.00
141461.00,2019-06-30 17:44:45.461,0.00,23.88,0.00,1.51,0.00,1.00,1.00,68.28,0.42,12.08,67.02,61.20,11.17,41.85,-0.23,0.09,17.00,7000.00,-42.00,0.00,0.00
141561.00,2019-06-30 17:44:45.561,0.00,23.88,0.00,1.51,0.00,1.00,1.00,68.28,0.42,11.94,67.02,61.11,11.17,41.73,-0.22,0.08,17.00,7000.00,-42.00,0.00,0.00
141661.00,2019-06-30 17:44:45.661,0.00,23.88,0.00,1.51,0.00,1.00,1.00,68.28,0.42,12.09,67.03,61.11,11.13,41.73,-0.21,0.08,17.00,7000.00,-42.00,0.00,0.00
141761.00,2019-06-30 17:44:45.761,0.00,23.88,0.00,1.51,0.00,1.00,1.00,68.28,0.42,12.06,67.03,61.11,11.13,41.73,-0.23,0.08,17.00,7000.00,-42.00,0.00,0.00
141861.00,2019-06-30 17:44:45.861,0.00,23.88,0.00,1.51,0.00,1.00,1.00,68.28,0.42,11.96,67.03,61.13,11.13,41.73,-0.22,0.09,17.00,7000.00,-42.00,0.00,0.00
141961.00,2019-06-30 17:44:45.961,0.00,23.88,0.00,1.51,0.00,1.00,1.00,68.28,0.42,12.07,67.01,61.13,11.22,41.83,-0.22,0.09,17.00,7000.00,-42.00,0.00,0.00
142061.00,2019-06-30 17:44:46.061,0.00,23.88,0.00,1.51,0.00,1.00,1.00,68.28,0.42,12.08,67.01,61.06,11.22,41.83,-0.22,0.09,17.00,7000.00,-42.00,0.00,0.00
142161.00,2019-06-30 17:44:46.161,0.00,23.88,0.00,1.51,0.00,1.00,1.00,68.28,0.42,11.95,67.01,61.06,11.22,41.83,-0.21,0.09,17.00,7000.00,-42.00,0.00,0.00
142261.00,2019-06-30 17:44:46.261,0.00,23.88,0.00,1.51,0.00,1.00,1.00,68.28,0.42,12.06,66.98,61.06,11.23,41.83,-0.21,0.09,17.00,7000.00,-42.00,0.00,0.00
142361.00,2019-06-30 17:44:46.361,0.00,23.88,0.00,1.51,0.00,1.00,1.00,68.28,0.42,12.09,66.98,61.13,11.23,41.75,-0.22,0.08,17.00,7000.00,-42.00,0.00,0.00
142461.00,2019-06-30 17:44:46.461,0.00,23.88,0.00,1.51,0.00,1.00,1.00,68.28,0.42,11.93,67.01,61.13,11.22,41.75,-0.22,0.09,17.00,7000.00,-42.00,0.00,0.00
142561.00,2019-06-30 17:44:46.561,0.00,23.88,0.00,1.51,0.00,1.00,1.00,68.28,0.42,12.08,67.01,61.13,11.22,41.75,-0.19,0.09,17.00,7000.00,-42.00,0.00,0.00
142661.00,2019-06-30 17:44:46.661,0.00,23.88,0.00,1.51,0.00,1.00,1.00,68.28,0.42,12.08,67.01,61.13,11.22,41.75,-0.24,0.09,17.00,7000.00,-42.00,0.00,0.00
142761.00,2019-06-30 17:44:46.761,0.00,23.88,0.00,1.51,0.00,1.00,1.00,68.28,0.42,11.94,67.01,61.13,11.26,41.78,-0.22,0.09,17.00,7000.00,-42.00,0.00,0.00
142861.00,2019-06-30 17:44:46.861,0.00,23.88,0.00,1.51,0.00,1.00,1.00,68.28,0.42,12.09,67.01,61.13,11.26,41.78,-0.21,0.08,17.00,7000.00,-42.00,0.00,0.00
142961.00,2019-06-30 17:44:46.961,0.00,23.88,0.00,1.51,0.00,1.00,1.00,68.28,0.42,12.06,67.01,61.13,11.24,41.78,-0.22,0.08,17.00,7000.00,-42.00,0.00,0.00
143061.00,2019-06-30 17:44:47.061,0.00,23.88,0.00,1.51,0.00,1.00,1.00,68.28,0.42,11.95,67.01,61.06,11.24,41.78,-0.22,0.09,17.00,7000.00,-42.00,0.00,0.00
143161.00,2019-06-30 17:44:47.161,0.00,23.88,0.00,1.51,0.00,1.00,1.00,68.28,0.42,12.09,67.01,61.06,11.24,41.78,-0.21,0.09,17.00,7000.00,-42.00,0.00,0.00
143261.00,2019-06-30 17:44:47.261,0.00,23.88,0.00,1.51,0.00,1.00,1.00,68.28,0.42,12.09,66.95,61.06,11.33,41.78,-0.22,0.09,17.00,7000.00,-42.00,0.00,0.00
143361.00,2019-06-30 17:44:47.361,0.00,23.88,0.00,1.51,0.00,1.00,1.00,68.28,0.42,11.93,66.95,61.15,11.33,41.78,-0.20,0.09,17.00,7000.00,-42.00,0.00,0.00
143461.00,2019-06-30 17:44:47.461,0.00,23.88,0.00,1.51,0.00,1.00,1.00,68.28,0.42,12.08,66.95,61.15,11.33,41.78,-0.22,0.08,17.00,7000.00,-42.00,0.00,0.00
143561.00,2019-06-30 17:44:47.561,0.00,23.88,0.00,1.51,0.00,1.00,1.00,68.28,0.42,12.08,67.03,61.10,11.30,41.83,-0.21,0.08,17.00,7000.00,-42.00,0.00,0.00
143661.00,2019-06-30 17:44:47.661,0.00,23.88,0.00,1.51,0.00,1.00,1.00,68.28,0.42,11.94,67.03,61.10,11.30,41.83,-0.23,0.08,17.00,7000.00,-42.00,0.00,0.00
143761.00,2019-06-30 17:44:47.761,0.00,23.88,0.00,1.51,0.00,1.00,1.00,68.28,0.42,12.09,67.03,61.10,11.32,41.83,-0.19,0.08,17.00,7000.00,-42.00,0.00,0.00
143861.00,2019-06-30 17:44:47.861,0.00,23.88,0.00,1.51,0.00,1.00,1.00,68.28,0.42,12.06,67.03,61.05,11.32,41.83,-0.23,0.08,17.00,7000.00,-42.00,0.00,0.00
143961.00,2019-06-30 17:44:47.961,0.00,23.88,0.00,1.51,0.00,1.00,1.00,68.28,0.42,12.06,67.03,61.05,11.32,41.78,-0.22,0.08,17.00,7000.00,-42.00,0.00,0.00
144061.00,2019-06-30 17:44:48.061,0.00,23.88,0.00,1.51,0.00,1.00,1.00,68.28,0.42,12.07,66.98,61.09,11.43,41.78,-0.21,0.09,17.00,7000.00,-42.00,0.00,0.00
144161.00,2019-06-30 17:44:48.161,0.00,23.88,0.00,1.51,0.00,1.00,1.00,68.28,0.42,11.94,66.98,61.09,11.43,41.78,-0.24,0.09,17.00,7000.00,-42.00,0.00,0.00
144261.00,2019-06-30 17:44:48.261,0.00,23.88,0.00,1.51,0.00,1.00,1.00,68.28,0.42,11.96,66.98,61.09,11.38,41.78,-0.20,0.09,17.00,7000.00,-42.00,0.00,0.00
144361.00,2019-06-30 17:44:48.361,0.00,23.88,0.00,1.51,0.00,1.00,1.00,68.28,0.42,12.09,66.98,61.13,11.38,41.80,-0.22,0.09,17.00,7000.00,-42.00,0.00,0.00
144461.00,2019-06-30 17:44:48.461,0.00,23.88,0.00,1.51,0.00,1.00,1.00,68.28,0.42,12.09,66.98,61.13,11.38,41.80,-0.21,0.09,17.00,7000.00,-42.00,0.00,0.00
144561.00,2019-06-30 17:44:48.561,0.00,23.88,0.00,1.51,0.00,1.00,1.00,68.28,0.42,11.93,66.99,61.08,11.46,41.80,-0.21,0.09,17.00,7000.00,-42.00,0.00,0.00
144661.00,2019-06-30 17:44:48.661,0.00,23.88,0.00,1.51,0.00,1.00,1.00,68.28,0.42,12.07,66.99,61.08,11.46,41.80,-0.22,0.08,17.00,7000.00,-42.00,0.00,0.00
144761.00,2019-06-30 17:44:48.761,0.00,23.88,0.00,1.51,0.00,1.00,1.00,68.28,0.42,12.08,66.99,61.08,11.46,41.78,-0.22,0.09,17.00,7000.00,-42.00,0.00,0.00
144861.00,2019-06-30 17:44:48.861,0.00,23.88,0.00,1.51,0.00,1.00,1.00,68.28,0.42,11.94,66.99,61.05,11.41,41.78,-0.22,0.09,17.00,7000.00,-42.00,0.00,0.00
144961.00,2019-06-30 17:44:48.961,0.00,23.88,0.00,1.51,0.00,1.00,1.00,68.28,0.42,12.09,66.99,61.05,11.41,41.78,-0.19,0.08,17.00,7000.00,-42.00,0.00,0.00
145061.00,2019-06-30 17:44:49.061,0.00,23.88,0.00,1.51,0.00,1.00,1.00,68.28,0.42,12.06,67.06,61.13,11.43,41.78,-0.24,0.09,17.00,7000.00,-42.00,0.00,0.00
145161.00,2019-06-30 17:44:49.161,0.00,23.88,0.00,1.51,0.00,1.00,1.00,68.28,0.42,11.96,67.06,61.13,11.43,41.78,-0.21,0.09,17.00,7000.00,-42.00,0.00,0.00
145261.00,2019-06-30 17:44:49.261,0.00,23.88,0.00,1.51,0.00,1.00,1.00,68.28,0.42,12.07,67.06,61.13,11.43,41.78,-0.21,0.09,17.00,7000.00,-42.00,0.00,0.00
145361.00,2019-06-30 17:44:49.361,0.00,23.88,0.00,1.51,0.00,1.00,1.00,68.28,0.42,12.08,67.13,61.11,11.44,41.78,-0.22,0.09,17.00,7000.00,-42.00,0.00,0.00
145461.00,2019-06-30 17:44:49.461,0.00,23.88,0.00,1.51,0.00,1.00,1.00,68.28,0.42,11.96,67.13,61.11,11.44,41.78,-0.21,0.09,17.00,7000.00,-42.00,0.00,0.00
145561.00,2019-06-30 17:44:49.561,0.00,23.88,0.00,1.51,0.00,1.00,1.00,68.28,0.42,12.06,67.01,61.15,11.43,41.70,-0.21,0.09,17.00,7000.00,-42.00,0.00,0.00
145661.00,2019-06-30 17:44:49.661,0.00,23.88,0.00,1.51,0.00,1.00,1.00,68.28,0.42,12.09,67.01,61.15,11.43,41.70,-0.22,0.09,17.00,7000.00,-42.00,0.00,0.00
145761.00,2019-06-30 17:44:49.761,0.00,23.88,0.00,1.51,0.00,1.00,1.00,68.28,0.42,11.93,67.01,61.15,11.43,41.70,-0.22,0.09,17.00,7000.00,-42.00,0.00,0.00
145861.00,2019-06-30 17:44:49.861,0.00,23.88,0.00,1.51,0.00,1.00,1.00,68.28,0.42,12.08,67.02,61.11,11.60,41.70,-0.21,0.08,17.00,7000.00,-42.00,0.00,0.00
145961.00,2019-06-30 17:44:49.961,0.00,23.88,0.00,1.51,0.00,1.00,1.00,68.28,0.42,11.95,67.02,61.11,11.60,41.80,-0.21,0.08,17.00,7000.00,-42.00,0.00,0.00
146061.00,2019-06-30 17:44:50.061,0.00,23.88,0.00,1.51,0.00,1.00,1.00,68.28,0.42,12.09,67.02,61.08,11.60,41.80,-0.22,0.08,17.00,7000.00,-42.00,0.00,0.00
146161.00,2019-06-30 17:44:50.161,0.00,23.88,0.00,1.51,0.00,1.00,1.00,68.28,0.42,12.09,67.05,61.08,11.52,41.80,-0.19,0.08,17.00,7000.00,-42.00,0.00,0.00
146261.00,2019-06-30 17:44:50.261,0.00,23.88,0.00,1.51,0.00,1.00,1.00,68.28,0.42,12.05,67.05,61.08,11.52,41.80,-0.24,0.09,17.00,7000.00,-42.00,0.00,0.00
146361.00,2019-06-30 17:44:50.361,0.00,23.88,0.00,1.51,0.00,1.00,1.00,68.28,0.42,11.96,67.04,61.08,11.63,41.82,-0.21,0.09,17.00,7000.00,-42.00,0.00,0.00
146461.00,2019-06-30 17:44:50.461,0.00,23.88,0.00,1.51,0.00,1.00,1.00,68.28,0.42,12.07,67.04,61.08,11.63,41.82,-0.22,0.09,17.00,7000.00,-42.00,0.00,0.00
146561.00,2019-06-30 17:44:50.561,0.00,23.88,0.00,1.51,0.00,1.00,1.00,68.28,0.42,11.94,67.04,61.06,11.63,41.82,-0.22,0.09,17.00,7000.00,-42.00,0.00,0.00
146661.00,2019-06-30 17:44:50.661,0.00,23.88,0.00,1.51,0.00,1.00,1.00,68.28,0.42,11.95,67.05,61.06,11.60,41.82,-0.21,0.09,17.00,7000.00,-42.00,0.00,0.00
146761.00,2019-06-30 17:44:50.761,0.00,23.88,0.00,1.51,0.00,1.00,1.00,68.28,0.42,12.06,67.05,61.06,11.60,41.77,-0.23,0.09,17.00,7000.00,-42.00,0.00,0.00
146861.00,2019-06-30 17:44:50.861,0.00,23.88,0.00,1.51,0.00,1.00,1.00,68.28,0.42,12.09,67.05,61.00,11.63,41.77,-0.22,0.09,17.00,7000.00,-42.00,0.00,0.00
146961.00,2019-06-30 17:44:50.961,0.00,23.88,0.00,1.51,0.00,1.00,1.00,68.28,0.42,12.09,67.05,61.00,11.63,41.77,-0.21,0.09,17.00,7000.00,-42.00,0.00,0.00
147061.00,2019-06-30 17:44:51.061,0.00,23.88,0.00,1.51,0.00,1.00,1.00,68.28,0.42,12.08,67.05,61.06,11.63,41.77,-0.21,0.09,17.00,7000.00,-42.00,0.00,0.00
147161.00,2019-06-30 17:44:51.161,0.00,23.88,0.00,1.51,0.00,1.00,1.00,68.28,0.42,11.95,67.02,61.06,11.61,41.75,-0.22,0.08,17.00,7000.00,-42.00,0.00,0.00
147261.00,2019-06-30 17:44:51.261,0.00,23.88,0.00,1.51,0.00,1.00,1.00,68.28,0.42,11.94,67.02,61.06,11.61,41.75,-0.23,0.09,17.00,7000.00,-42.00,0.00,0.00
147361.00,2019-06-30 17:44:51.361,0.00,23.88,0.00,1.51,0.00,1.00,1.00,68.28,0.42,12.09,67.02,61.06,11.61,41.75,-0.19,0.08,17.00,7000.00,-42.00,0.00,0.00
147461.00,2019-06-30 17:44:51.461,0.00,23.88,0.00,1.51,0.00,1.00,1.00,68.28,0.42,11.95,67.04,61.06,11.63,41.75,-0.24,0.09,17.00,7000.00,-42.00,0.00,0.00
147561.00,2019-06-30 17:44:51.561,0.00,23.88,0.00,1.51,0.00,1.00,1.00,68.28,0.42,11.95,67.04,61.08,11.63,41.75,-0.21,0.08,17.00,7000.00,-42.00,0.00,0.00
147661.00,2019-06-30 17:44:51.661,0.00,23.88,0.00,1.51,0.00,1.00,1.00,68.28,0.42,12.07,67.05,61.08,11.67,41.75,-0.20,0.09,17.00,7000.00,-42.00,0.00,0.00
147761.00,2019-06-30 17:44:51.761,0.00,23.88,0.00,1.51,0.00,1.00,1.00,68.28,0.42,12.07,67.05,61.08,11.67,41.75,-0.22,0.09,17.00,7000.00,-42.00,0.00,0.00
147861.00,2019-06-30 17:44:51.861,0.00,23.88,0.00,1.51,0.00,1.00,1.00,68.28,0.42,11.96,67.05,60.98,11.67,41.75,-0.21,0.09,17.00,7000.00,-42.00,0.00,0.00
147961.00,2019-06-30 17:44:51.961,0.00,23.88,0.00,1.51,0.00,1.00,1.00,68.28,0.42,12.06,67.06,60.98,11.66,41.76,-0.22,0.09,17.00,7000.00,-42.00,0.00,0.00
148061.00,2019-06-30 17:44:52.061,0.00,23.88,0.00,1.51,0.00,1.00,1.00,68.28,0.42,12.09,67.06,61.05,11.66,41.76,-0.21,0.09,17.00,7000.00,-42.00,0.00,0.00
148161.00,2019-06-30 17:44:52.161,0.00,23.88,0.00,1.51,0.00,1.00,1.00,68.28,0.42,11.93,67.05,61.05,11.73,41.76,-0.20,0.09,17.00,7000.00,-42.00,0.00,0.00
148261.00,2019-06-30 17:44:52.261,0.00,23.88,0.00,1.51,0.00,1.00,1.00,68.28,0.42,12.07,67.05,61.05,11.73,41.76,-0.22,0.09,17.00,7000.00,-42.00,0.00,0.00
148361.00,2019-06-30 17:44:52.361,0.00,23.88,0.00,1.51,0.00,1.00,1.00,68.28,0.42,12.08,67.05,60.92,11.73,41.73,-0.21,0.09,17.00,7000.00,-42.00,0.00,0.00
148461.00,2019-06-30 17:44:52.461,0.00,23.88,0.00,1.51,0.00,1.00,1.00,68.28,0.42,11.94,67.05,60.92,11.66,41.73,-0.22,0.08,17.00,7000.00,-42.00,0.00,0.00
148561.00,2019-06-30 17:44:52.561,0.00,23.88,0.00,1.51,0.00,1.00,1.00,68.28,0.42,12.06,67.05,60.95,11.66,41.73,-0.19,0.08,17.00,7000.00,-42.00,0.00,0.00
148661.00,2019-06-30 17:44:52.661,0.00,23.88,0.00,1.51,0.00,1.00,1.00,68.28,0.42,12.06,67.05,60.95,11.66,41.73,-0.23,0.08,17.00,7000.00,-42.00,0.00,0.00
148761.00,2019-06-30 17:44:52.761,0.00,23.88,0.00,1.51,0.00,1.00,1.00,68.28,0.42,12.06,67.05,60.95,11.73,41.76,-0.21,0.09,17.00,7000.00,-42.00,0.00,0.00
148861.00,2019-06-30 17:44:52.861,0.00,23.88,0.00,1.51,0.00,1.00,1.00,68.28,0.42,12.09,67.05,60.98,11.73,41.76,-0.21,0.09,17.00,7000.00,-42.00,0.00,0.00
148961.00,2019-06-30 17:44:52.961,0.00,23.88,0.00,1.51,0.00,1.00,1.00,68.28,0.42,12.07,67.09,60.98,11.67,41.76,-0.22,0.09,17.00,7000.00,-42.00,0.00,0.00
149061.00,2019-06-30 17:44:53.061,0.00,23.88,0.00,1.51,0.00,1.00,1.00,68.28,0.42,12.07,67.09,61.02,11.67,41.76,-0.22,0.09,17.00,7000.00,-42.00,0.00,0.00
149161.00,2019-06-30 17:44:53.161,0.00,23.88,0.00,1.51,0.00,1.00,1.00,68.28,0.42,12.10,67.09,61.02,11.67,41.73,-0.22,0.09,17.00,7000.00,-42.00,0.00,0.00
149261.00,2019-06-30 17:44:53.261,0.00,23.88,0.00,1.51,0.00,1.00,1.00,68.28,0.42,12.09,67.03,61.02,11.73,41.73,-0.21,0.09,17.00,7000.00,-42.00,0.00,0.00
149361.00,2019-06-30 17:44:53.361,0.00,23.88,0.00,1.51,0.00,1.00,1.00,68.28,0.42,11.93,67.03,61.02,11.73,41.73,-0.21,0.10,17.00,7000.00,-42.00,0.00,0.00
149461.00,2019-06-30 17:44:53.461,0.00,23.88,0.00,1.51,0.00,1.00,1.00,68.28,0.42,12.09,67.09,61.02,11.80,41.73,-0.24,0.09,17.00,7000.00,-42.00,0.00,0.00
149561.00,2019-06-30 17:44:53.561,0.00,23.88,0.00,1.51,0.00,1.00,1.00,68.28,0.42,12.08,67.09,60.99,11.80,41.75,-0.20,0.09,17.00,7000.00,-42.00,0.00,0.00
149661.00,2019-06-30 17:44:53.661,0.00,23.88,0.00,1.51,0.00,1.00,1.00,68.28,0.42,11.94,67.09,60.99,11.80,41.75,-0.22,0.08,17.00,7000.00,-42.00,0.00,0.00
149761.00,2019-06-30 17:44:53.761,0.00,23.88,0.00,1.51,0.00,1.00,1.00,68.28,0.42,12.09,67.16,60.99,11.76,41.75,-0.19,0.08,17.00,7000.00,-42.00,0.00,0.00
149861.00,2019-06-30 17:44:53.861,0.00,23.88,0.00,1.51,0.00,1.00,1.00,68.28,0.42,12.06,67.16,60.99,11.76,41.75,-0.24,0.08,17.00,7000.00,-42.00,0.00,0.00
149961.00,2019-06-30 17:44:53.961,0.00,23.88,0.00,1.51,0.00,1.00,1.00,68.28,0.42,11.96,67.16,60.99,11.76,41.71,-0.21,0.09,17.00,7000.00,-42.00,0.00,0.00
150061.00,2019-06-30 17:44:54.061,0.00,23.88,0.00,1.51,0.00,1.00,1.00,68.28,0.42,11.95,67.13,60.93,11.89,41.71,-0.21,0.08,17.00,7000.00,-42.00,0.00,0.00
150161.00,2019-06-30 17:44:54.161,0.00,23.88,0.00,1.51,0.00,1.00,1.00,68.28,0.42,11.95,67.13,60.93,11.89,41.71,-0.21,0.08,17.00,7000.00,-42.00,0.00,0.00
150261.00,2019-06-30 17:44:54.261,0.00,23.88,0.00,1.51,0.00,1.00,1.00,68.28,0.42,12.09,67.10,60.93,11.78,41.71,-0.21,0.09,17.00,7000.00,-42.00,0.00,0.00
150361.00,2019-06-30 17:44:54.361,0.00,23.88,0.00,1.51,0.00,1.00,1.00,68.28,0.42,11.96,67.10,61.05,11.78,41.73,-0.22,0.09,17.00,7000.00,-42.00,0.00,0.00
150461.00,2019-06-30 17:44:54.461,0.00,23.88,0.00,1.51,0.00,1.00,1.00,68.28,0.42,11.96,67.10,61.05,11.78,41.73,-0.21,0.09,17.00,7000.00,-42.00,0.00,0.00
150561.00,2019-06-30 17:44:54.561,0.00,23.88,0.00,1.51,0.00,1.00,1.00,68.28,0.42,12.07,67.03,60.98,11.80,41.73,-0.20,0.08,17.00,7000.00,-42.00,0.00,0.00
150661.00,2019-06-30 17:44:54.661,0.00,23.88,0.00,1.51,0.00,1.00,1.00,68.28,0.42,12.08,67.03,60.98,11.80,41.73,-0.22,0.09,17.00,7000.00,-42.00,0.00,0.00
150761.00,2019-06-30 17:44:54.761,0.00,23.88,0.00,1.51,0.00,1.00,1.00,68.28,0.42,11.95,67.03,60.98,11.80,41.76,-0.20,0.09,17.00,7000.00,-42.00,0.00,0.00
150861.00,2019-06-30 17:44:54.861,0.00,23.88,0.00,1.51,0.00,1.00,1.00,68.28,0.42,12.07,67.03,60.95,11.93,41.76,-0.22,0.10,17.00,7000.00,-42.00,0.00,0.00
150961.00,2019-06-30 17:44:54.961,0.00,23.88,0.00,1.51,0.00,1.00,1.00,68.28,0.42,12.09,67.03,60.95,11.93,41.76,-0.19,0.09,17.00,7000.00,-42.00,0.00,0.00
151061.00,2019-06-30 17:44:55.061,0.00,23.88,0.00,1.51,0.00,1.00,1.00,68.28,0.42,11.93,67.02,61.00,11.91,41.76,-0.24,0.09,17.00,7000.00,-42.00,0.00,0.00
151161.00,2019-06-30 17:44:55.161,0.00,23.88,0.00,1.51,0.00,1.00,1.00,68.28,0.42,12.09,67.02,61.00,11.91,41.71,-0.22,0.09,17.00,7000.00,-42.00,0.00,0.00
151261.00,2019-06-30 17:44:55.261,0.00,23.88,0.00,1.51,0.00,1.00,1.00,68.28,0.42,12.07,67.02,61.00,11.91,41.71,-0.21,0.09,17.00,7000.00,-42.00,0.00,0.00
151361.00,2019-06-30 17:44:55.361,0.00,23.88,0.00,1.51,0.00,1.00,1.00,68.28,0.42,12.08,67.06,60.99,11.91,41.71,-0.22,0.09,17.00,7000.00,-42.00,0.00,0.00
151461.00,2019-06-30 17:44:55.461,0.00,23.88,0.00,1.51,0.00,1.00,1.00,68.28,0.42,12.09,67.06,60.99,11.91,41.71,-0.20,0.09,17.00,7000.00,-42.00,0.00,0.00
151561.00,2019-06-30 17:44:55.561,0.00,23.88,0.00,1.51,0.00,1.00,1.00,68.28,0.42,11.96,67.09,61.02,11.97,41.75,-0.22,0.09,17.00,7000.00,-42.00,0.00,0.00
151661.00,2019-06-30 17:44:55.661,0.00,23.88,0.00,1.51,0.00,1.00,1.00,68.28,0.42,12.06,67.09,61.02,11.97,41.75,-0.21,0.09,17.00,7000.00,-42.00,0.00,0.00
151761.00,2019-06-30 17:44:55.761,0.00,23.88,0.00,1.51,0.00,1.00,1.00,68.28,0.42,12.06,67.09,61.02,11.97,41.75,-0.21,0.09,17.00,7000.00,-42.00,0.00,0.00
151861.00,2019-06-30 17:44:55.861,0.00,23.88,0.00,1.51,0.00,1.00,1.00,68.28,0.42,11.94,67.02,60.88,11.95,41.75,-0.22,0.09,17.00,7000.00,-42.00,0.00,0.00
151961.00,2019-06-30 17:44:55.961,0.00,23.88,0.00,1.51,0.00,1.00,1.00,68.28,0.42,11.95,67.02,60.88,11.95,41.70,-0.21,0.09,17.00,7000.00,-42.00,0.00,0.00
152061.00,2019-06-30 17:44:56.061,0.00,23.88,0.00,1.51,0.00,1.00,1.00,68.28,0.42,12.07,67.02,60.91,11.95,41.70,-0.22,0.09,17.00,7000.00,-42.00,0.00,0.00
152161.00,2019-06-30 17:44:56.161,0.00,23.88,0.00,1.51,0.00,1.00,1.00,68.28,0.42,11.93,67.06,60.91,12.05,41.70,-0.19,0.09,17.00,7000.00,-42.00,0.00,0.00
152261.00,2019-06-30 17:44:56.261,0.00,23.88,0.00,1.51,0.00,1.00,1.00,68.28,0.42,12.09,67.06,60.91,12.05,41.70,-0.24,0.09,17.00,7000.00,-42.00,0.00,0.00
152361.00,2019-06-30 17:44:56.361,0.00,23.88,0.00,1.51,0.00,1.00,1.00,68.28,0.42,12.09,67.16,60.88,12.02,41.75,-0.22,0.08,17.00,7000.00,-42.00,0.00,0.00
152461.00,2019-06-30 17:44:56.461,0.00,23.88,0.00,1.51,0.00,1.00,1.00,68.28,0.42,11.95,67.16,60.88,12.02,41.75,-0.21,0.09,17.00,7000.00,-42.00,0.00,0.00
152561.00,2019-06-30 17:44:56.561,0.00,23.88,0.00,1.51,0.00,1.00,1.00,68.28,0.42,11.95,67.16,60.90,12.02,41.75,-0.23,0.09,17.00,7000.00,-42.00,0.00,0.00
152661.00,2019-06-30 17:44:56.661,0.00,23.88,0.00,1.51,0.00,1.00,1.00,68.28,0.42,12.09,67.06,60.90,12.02,41.75,-0.21,0.09,17.00,7000.00,-42.00,0.00,0.00
152761.00,2019-06-30 17:44:56.761,0.00,23.88,0.00,1.51,0.00,1.00,1.00,68.28,0.42,12.06,67.06,60.90,12.02,41.73,-0.22,0.08,17.00,7000.00,-42.00,0.00,0.00
152861.00,2019-06-30 17:44:56.861,0.00,23.88,0.00,1.51,0.00,1.00,1.00,68.28,0.42,12.06,67.09,60.91,12.00,41.73,-0.22,0.09,17.00,7000.00,-42.00,0.00,0.00
152961.00,2019-06-30 17:44:56.961,0.00,23.88,0.00,1.51,0.00,1.00,1.00,68.28,0.42,12.06,67.09,60.91,12.00,41.73,-0.22,0.09,17.00,7000.00,-42.00,0.00,0.00
153061.00,2019-06-30 17:44:57.061,0.00,23.88,0.00,1.51,0.00,1.00,1.00,68.28,0.42,12.09,67.09,60.90,12.00,41.73,-0.21,0.09,17.00,7000.00,-42.00,0.00,0.00
153161.00,2019-06-30 17:44:57.161,0.00,23.88,0.00,1.51,0.00,1.00,1.00,68.28,0.42,11.95,67.13,60.90,12.04,41.70,-0.21,0.09,17.00,7000.00,-42.00,0.00,0.00
153261.00,2019-06-30 17:44:57.261,0.00,23.88,0.00,1.51,0.00,1.00,1.00,68.28,0.42,12.07,67.13,60.90,12.04,41.70,-0.22,0.10,17.00,7000.00,-42.00,0.00,0.00
153361.00,2019-06-30 17:44:57.361,0.00,23.88,0.00,1.51,0.00,1.00,1.00,68.28,0.42,11.93,67.13,60.86,12.04,41.70,-0.20,0.08,17.00,7000.00,-42.00,0.00,0.00
153461.00,2019-06-30 17:44:57.461,0.00,23.88,0.00,1.51,0.00,1.00,1.00,68.28,0.42,11.93,67.05,60.86,12.08,41.70,-0.24,0.09,17.00,7000.00,-42.00,0.00,0.00
153561.00,2019-06-30 17:44:57.561,0.00,23.88,0.00,1.51,0.00,1.00,1.00,68.28,0.42,12.06,67.05,60.88,12.08,41.69,-0.21,0.08,17.00,7000.00,-42.00,0.00,0.00
153661.00,2019-06-30 17:44:57.661,0.00,23.88,0.00,1.51,0.00,1.00,1.00,68.28,0.42,11.95,67.06,60.88,12.05,41.69,-0.21,0.08,17.00,7000.00,-42.00,0.00,0.00
153761.00,2019-06-30 17:44:57.761,0.00,23.88,0.00,1.51,0.00,1.00,1.00,68.28,0.42,12.08,67.06,60.88,12.05,41.69,-0.22,0.08,17.00,7000.00,-42.00,0.00,0.00
153861.00,2019-06-30 17:44:57.861,0.00,23.88,0.00,1.51,0.00,1.00,1.00,68.28,0.42,12.09,67.06,60.88,12.05,41.69,-0.20,0.09,17.00,7000.00,-42.00,0.00,0.00
153961.00,2019-06-30 17:44:57.961,0.00,23.88,0.00,1.51,0.00,1.00,1.00,68.28,0.42,12.06,67.10,60.88,12.11,41.75,-0.22,0.08,17.00,7000.00,-42.00,0.00,0.00
154061.00,2019-06-30 17:44:58.061,0.00,23.88,0.00,1.51,0.00,1.00,1.00,68.28,0.42,11.96,67.10,60.92,12.11,41.75,-0.22,0.09,17.00,7000.00,-42.00,0.00,0.00
154161.00,2019-06-30 17:44:58.161,0.00,23.88,0.00,1.51,0.00,1.00,1.00,68.28,0.42,12.07,67.02,60.92,12.16,41.75,-0.21,0.09,17.00,7000.00,-42.00,0.00,0.00
154261.00,2019-06-30 17:44:58.261,0.00,23.88,0.00,1.51,0.00,1.00,1.00,68.28,0.42,12.09,67.02,60.92,12.16,41.75,-0.21,0.09,17.00,7000.00,-42.00,0.00,0.00
154361.00,2019-06-30 17:44:58.361,0.00,23.88,0.00,1.51,0.00,1.00,1.00,68.28,0.42,11.95,67.02,60.93,12.16,41.66,-0.21,0.09,17.00,7000.00,-42.00,0.00,0.00
154461.00,2019-06-30 17:44:58.461,0.00,23.88,0.00,1.51,0.00,1.00,1.00,68.28,0.42,12.07,67.06,60.93,12.16,41.66,-0.22,0.09,17.00,7000.00,-42.00,0.00,0.00
154561.00,2019-06-30 17:44:58.561,0.00,23.88,0.00,1.51,0.00,1.00,1.00,68.28,0.42,12.09,67.06,60.88,12.16,41.66,-0.21,0.09,17.00,7000.00,-42.00,0.00,0.00
154661.00,2019-06-30 17:44:58.661,0.00,23.88,0.00,1.51,0.00,1.00,1.00,68.28,0.42,11.93,67.06,60.88,12.16,41.66,-0.25,0.09,17.00,7000.00,-42.00,0.00,0.00
154761.00,2019-06-30 17:44:58.761,0.00,23.88,0.00,1.51,0.00,1.00,1.00,68.28,0.42,12.09,67.17,60.88,12.19,41.71,-0.22,0.09,17.00,7000.00,-42.00,0.00,0.00
154861.00,2019-06-30 17:44:58.861,0.00,23.88,0.00,1.51,0.00,1.00,1.00,68.28,0.42,12.07,67.17,60.88,12.19,41.71,-0.21,0.08,17.00,7000.00,-42.00,0.00,0.00
154961.00,2019-06-30 17:44:58.961,0.00,23.88,0.00,1.51,0.00,1.00,1.00,68.28,0.42,12.08,67.08,60.88,12.16,41.71,-0.21,0.09,17.00,7000.00,-42.00,0.00,0.00
155061.00,2019-06-30 17:44:59.061,0.00,23.88,0.00,1.51,0.00,1.00,1.00,68.28,0.42,12.09,67.08,60.95,12.16,41.71,-0.20,0.09,17.00,7000.00,-42.00,0.00,0.00
155161.00,2019-06-30 17:44:59.161,0.00,23.88,0.00,1.51,0.00,1.00,1.00,68.28,0.42,12.06,67.08,60.95,12.16,41.75,-0.22,0.09,17.00,7000.00,-42.00,0.00,0.00
155261.00,2019-06-30 17:44:59.261,0.00,23.88,0.00,1.51,0.00,1.00,1.00,68.28,0.42,11.96,67.08,60.95,12.23,41.75,-0.23,0.09,17.00,7000.00,-42.00,0.00,0.00
155361.00,2019-06-30 17:44:59.361,0.00,23.88,0.00,1.51,0.00,1.00,1.00,68.28,0.42,12.07,67.08,60.74,12.23,41.75,-0.21,0.09,17.00,7000.00,-42.00,0.00,0.00
155461.00,2019-06-30 17:44:59.461,0.00,23.88,0.00,1.51,0.00,1.00,1.00,68.28,0.42,12.08,67.13,60.74,12.26,41.75,-0.22,0.09,17.00,7000.00,-42.00,0.00,0.00
155561.00,2019-06-30 17:44:59.561,0.00,23.88,0.00,1.51,0.00,1.00,1.00,68.28,0.42,12.08,67.13,60.80,12.26,41.76,-0.21,0.09,17.00,7000.00,-42.00,0.00,0.00
155661.00,2019-06-30 17:44:59.661,0.00,23.88,0.00,1.51,0.00,1.00,1.00,68.28,0.42,12.09,67.13,60.80,12.26,41.76,-0.22,0.09,17.00,7000.00,-42.00,0.00,0.00
155761.00,2019-06-30 17:44:59.761,0.00,23.88,0.00,1.51,0.00,1.00,1.00,68.28,0.42,12.09,67.06,60.80,12.23,41.76,-0.19,0.09,17.00,7000.00,-42.00,0.00,0.00
155861.00,2019-06-30 17:44:59.861,0.00,23.88,0.00,1.51,0.00,1.00,1.00,68.28,0.42,11.93,67.06,60.88,12.23,41.76,-0.23,0.09,17.00,7000.00,-42.00,0.00,0.00
155961.00,2019-06-30 17:44:59.961,0.00,23.88,0.00,1.51,0.00,1.00,1.00,68.28,0.42,12.08,67.06,60.88,12.23,41.65,-0.21,0.09,17.00,7000.00,-42.00,0.00,0.00
156061.00,2019-06-30 17:45:00.061,0.00,0.00,0.00,1.51,1.00,1.00,1.00,0.00,0.00,9.68,67.08,60.84,12.17,41.65,-0.18,0.04,23.00,7000.00,-42.00,1.00,2.00
156161.00,2019-06-30 17:45:00.161,0.00,0.00,0.00,1.51,1.00,1.00,1.00,0.00,0.00,11.01,67.08,60.84,12.17,41.65,-0.25,0.04,23.00,7000.00,-42.00,1.00,2.00
156261.00,2019-06-30 17:45:00.261,0.00,0.00,1.10,1.51,1.00,1.00,1.00,0.00,0.01,10.87,67.18,60.84,12.32,41.69,-0.29,0.04,23.00,7000.00,-20.00,1.00,2.00
156361.00,2019-06-30 17:45:00.361,0.00,0.00,1116.23,1.51,1.00,1.00,1.00,0.00,0.01,11.04,67.18,60.88,12.32,41.69,-0.26,0.03,23.00,7000.00,-40.00,1.00,2.00
156461.00,2019-06-30 17:45:00.461,0.00,0.00,1501.71,1.51,0.00,1.00,1.00,0.00,0.02,11.73,67.18,60.88,12.32,41.69,-0.22,0.09,21.00,6993.03,-52.00,1.00,2.00
156561.00,2019-06-30 17:45:00.561,1.10,0.12,1815.18,1.51,0.00,1.00,1.00,4.71,0.03,11.89,67.06,60.80,12.23,41.73,-0.21,0.08,21.00,5448.42,-59.00,1.00,2.00
156661.00,2019-06-30 17:45:00.661,1.41,0.12,1842.10,1.51,0.00,1.00,1.00,4.04,0.03,11.92,67.06,60.80,12.23,41.73,-0.22,0.07,21.00,5231.67,-61.00,1.00,2.00
156761.00,2019-06-30 17:45:00.761,1.41,0.12,1811.79,1.51,0.00,1.00,1.00,3.13,0.04,11.84,67.16,60.80,4.77,41.63,-0.21,0.06,21.00,5475.78,-59.00,1.00,2.00
156861.00,2019-06-30 17:45:00.861,1.41,0.12,1807.77,1.51,0.00,1.00,1.00,2.80,0.05,11.95,67.16,60.84,4.77,41.63,-0.22,0.09,21.00,5511.20,-59.00,1.00,2.00
156961.00,2019-06-30 17:45:00.961,1.41,0.12,1815.54,1.51,0.00,1.00,1.00,2.33,0.06,11.80,67.16,60.84,4.77,41.63,-0.19,0.06,21.00,5448.70,-59.00,1.00,2.00
157061.00,2019-06-30 17:45:01.061,1.83,0.23,1827.49,1.51,0.00,1.00,1.00,4.30,0.06,11.98,67.11,60.78,-6.50,41.63,-0.23,0.10,21.00,5352.60,-60.00,1.00,2.00
157161.00,2019-06-30 17:45:01.161,1.83,0.23,1794.07,1.51,0.00,1.00,1.00,3.71,0.08,11.93,67.11,60.78,-6.50,41.63,-0.21,0.09,21.00,5616.17,-58.00,1.00,2.00
157261.00,2019-06-30 17:45:01.261,1.83,0.23,1790.30,1.51,0.00,1.00,1.00,3.47,0.08,11.99,67.13,60.78,-17.31,41.45,-0.21,0.10,21.00,5646.57,-58.00,1.00,2.00
157361.00,2019-06-30 17:45:01.361,1.72,0.35,1794.39,1.51,0.00,1.00,1.00,4.60,0.09,11.88,67.13,60.79,-17.31,41.45,-0.22,0.09,21.00,5614.33,-58.00,1.00,2.00
157461.00,2019-06-30 17:45:01.461,1.72,0.35,1786.99,1.51,0.00,1.00,1.00,4.35,0.10,12.01,67.13,60.79,-17.31,41.45,-0.21,0.08,21.00,5673.95,-58.00,1.00,2.00
157561.00,2019-06-30 17:45:01.561,2.03,0.47,1775.94,1.47,0.00,1.00,1.00,5.23,0.11,11.96,67.11,60.86,-27.14,41.48,-0.22,0.09,21.00,5769.53,-57.00,1.00,2.00
157661.00,2019-06-30 17:45:01.661,2.33,0.59,1767.85,1.44,0.00,1.00,1.00,6.22,0.11,12.00,67.11,60.86,-27.14,41.48,-0.21,0.09,21.00,5834.54,-56.00,1.00,2.00
157761.00,2019-06-30 17:45:01.761,2.33,0.59,1773.73,1.43,0.00,1.00,1.00,5.68,0.12,12.02,67.20,60.86,-36.53,41.34,-0.20,0.08,21.00,5787.26,-56.00,1.00,2.00
157861.00,2019-06-30 17:45:01.861,2.66,0.70,1771.03,1.40,0.00,1.00,1.00,6.53,0.13,12.01,67.20,60.86,-36.53,41.34,-0.21,0.09,21.00,5808.94,-56.00,1.00,2.00
157961.00,2019-06-30 17:45:01.961,2.93,0.82,1776.25,1.38,0.00,1.00,1.00,7.03,0.14,11.98,67.20,60.86,-36.53,41.34,-0.20,0.09,21.00,5767.00,-57.00,1.00,2.00
158061.00,2019-06-30 17:45:02.061,3.20,0.94,1778.52,1.36,0.00,1.00,1.00,7.74,0.14,12.04,67.13,60.72,-45.18,41.26,-0.23,0.07,21.00,5748.79,-58.00,1.00,2.00
158161.00,2019-06-30 17:45:02.161,3.39,1.05,1770.04,1.32,0.00,1.00,1.00,8.11,0.15,12.01,67.13,60.72,-45.18,41.26,-0.19,0.08,21.00,5804.05,-56.00,1.00,2.00
158261.00,2019-06-30 17:45:02.261,3.47,1.05,1750.29,1.31,0.00,1.00,1.00,7.84,0.16,12.03,67.16,60.72,-53.32,41.21,-0.24,0.07,21.00,5963.44,-56.00,1.00,2.00
158361.00,2019-06-30 17:45:02.361,3.70,1.17,1772.05,1.31,0.00,1.00,1.00,8.15,0.17,12.01,67.16,60.88,-53.32,41.21,-0.21,0.09,21.00,5802.18,-56.00,1.00,2.00
158461.00,2019-06-30 17:45:02.461,3.92,1.29,1783.62,1.30,0.00,1.00,1.00,8.70,0.18,12.05,67.16,60.88,-53.32,41.21,-0.20,0.08,21.00,5709.24,-58.00,1.00,2.00
158561.00,2019-06-30 17:45:02.561,4.32,1.52,1764.01,1.26,0.00,1.00,1.00,9.98,0.18,12.01,67.22,60.79,-61.16,41.10,-0.22,0.07,21.00,5866.87,-56.00,1.00,2.00
158661.00,2019-06-30 17:45:02.661,4.52,1.64,1754.18,1.24,0.00,1.00,1.00,10.13,0.19,12.03,67.22,60.79,-61.16,41.10,-0.22,0.09,21.00,5938.26,-56.00,1.00,2.00
158761.00,2019-06-30 17:45:02.761,4.71,1.76,1775.25,1.24,0.00,1.00,1.00,10.56,0.20,12.03,67.22,60.79,-68.77,41.02,-0.23,0.08,21.00,5768.51,-57.00,1.00,2.00
158861.00,2019-06-30 17:45:02.861,4.89,1.87,1767.80,1.21,0.00,1.00,1.00,10.69,0.21,12.01,67.22,60.83,-68.77,41.02,-0.22,0.09,21.00,5832.11,-56.00,1.00,2.00
158961.00,2019-06-30 17:45:02.961,5.25,2.11,1756.88,1.19,0.00,1.00,1.00,11.72,0.21,12.05,67.22,60.83,-68.77,41.02,-0.21,0.10,21.00,5920.00,-56.00,1.00,2.00
159061.00,2019-06-30 17:45:03.061,5.43,2.22,1768.45,1.18,0.00,1.00,1.00,11.78,0.22,12.01,67.30,60.90,-76.14,41.00,-0.22,0.11,21.00,5833.28,-56.00,1.00,2.00
159161.00,2019-06-30 17:45:03.161,5.58,2.34,1774.94,1.18,0.00,1.00,1.00,12.11,0.23,12.05,67.30,60.90,-76.14,41.00,-0.21,0.11,21.00,5781.17,-56.00,1.00,2.00
159261.00,2019-06-30 17:45:03.261,5.83,2.57,1771.66,1.18,0.00,1.00,1.00,12.73,0.24,11.96,67.27,60.90,-83.09,40.91,-0.21,0.11,21.00,5807.49,-56.00,1.00,2.00
159361.00,2019-06-30 17:45:03.361,5.97,2.69,1773.89,1.16,0.00,1.00,1.00,13.02,0.25,12.04,67.27,60.79,-83.09,40.91,-0.18,0.10,21.00,5779.50,-56.00,1.00,2.00
159461.00,2019-06-30 17:45:03.461,6.31,2.93,1768.63,1.17,0.00,1.00,1.00,13.56,0.26,12.04,67.27,60.79,-83.09,40.91,-0.20,0.08,21.00,5821.83,-56.00,1.00,2.00
159561.00,2019-06-30 17:45:03.561,6.61,3.16,1785.42,1.16,0.00,1.00,1.00,14.35,0.26,12.04,67.27,60.72,-89.92,40.93,-0.23,0.09,21.00,5686.59,-58.00,1.00,2.00
159661.00,2019-06-30 17:45:03.661,6.72,3.28,1777.44,1.15,0.00,1.00,1.00,14.30,0.27,12.04,67.27,60.72,-89.92,40.93,-0.21,0.07,21.00,5744.38,-57.00,1.00,2.00
159761.00,2019-06-30 17:45:03.761,7.02,3.51,1811.13,1.14,0.00,1.00,1.00,15.04,0.28,12.05,67.32,60.72,-96.70,40.87,-0.22,0.07,21.00,5472.45,-59.00,1.00,2.00
159861.00,2019-06-30 17:45:03.861,7.25,3.75,1832.20,1.13,0.00,1.00,1.00,15.49,0.29,12.02,67.32,60.79,-96.70,40.87,-0.20,0.06,21.00,5309.76,-60.00,1.00,2.00
159961.00,2019-06-30 17:45:03.961,7.49,3.98,1843.69,1.15,0.00,1.00,1.00,16.18,0.29,12.06,67.32,60.79,-96.70,40.87,-0.24,0.07,21.00,5217.23,-61.00,1.00,2.00
160061.00,2019-06-30 17:45:04.061,7.74,4.21,1901.14,1.17,0.00,1.00,1.00,16.61,0.30,12.03,67.32,60.83,-102.81,40.80,-0.22,0.08,21.00,4759.06,-65.00,1.00,2.00
160161.00,2019-06-30 17:45:04.161,7.92,4.45,1937.70,1.16,0.00,1.00,1.00,17.28,0.31,12.06,67.32,60.83,-102.81,40.80,-0.21,0.10,21.00,4464.82,-66.00,1.00,2.00
160261.00,2019-06-30 17:45:04.261,9.82,4.80,1917.76,1.15,0.00,1.00,1.00,18.13,0.31,12.03,67.39,60.83,-109.27,40.69,-0.21,0.10,21.00,4625.31,-65.00,1.00,2.00
160361.00,2019-06-30 17:45:04.361,9.35,5.03,2007.19,1.18,0.00,1.00,1.00,18.54,0.32,11.96,67.39,60.83,-109.27,40.69,-0.20,0.08,21.00,4004.95,-71.00,1.00,2.00
160461.00,2019-06-30 17:45:04.461,9.20,5.27,1996.54,1.24,0.00,1.00,1.00,19.17,0.33,12.04,67.39,60.83,-109.27,40.69,-0.23,0.10,21.00,3991.34,-69.00,1.00,2.00
160561.00,2019-06-30 17:45:04.561,9.23,5.50,2035.90,1.27,0.00,1.00,1.00,19.54,0.33,12.05,67.41,60.83,-116.05,40.67,-0.19,0.09,21.00,4170.44,-71.00,1.00,2.00
160661.00,2019-06-30 17:45:04.661,9.29,5.73,2104.82,1.31,0.00,1.00,1.00,19.86,0.34,12.05,67.41,60.83,-116.05,40.67,-0.22,0.07,21.00,4567.74,-72.00,1.00,2.00
160761.00,2019-06-30 17:45:04.761,9.43,5.97,2129.02,1.37,0.00,1.00,1.00,20.15,0.35,12.04,67.34,60.83,-122.02,40.57,-0.21,0.10,21.00,4707.24,-73.00,1.00,2.00
160861.00,2019-06-30 17:45:04.861,9.54,6.32,2147.38,1.46,0.00,1.00,1.00,21.06,0.36,12.04,67.34,60.71,-122.02,40.57,-0.21,0.11,21.00,4807.16,-73.00,1.00,2.00
160961.00,2019-06-30 17:45:04.961,9.68,6.55,2203.09,1.43,0.00,1.00,1.00,21.27,0.37,12.03,67.34,60.71,-122.02,40.57,-0.23,0.09,21.00,5132.24,-74.00,1.00,2.00
161061.00,2019-06-30 17:45:05.061,9.90,6.91,2216.52,1.42,0.00,1.00,1.00,21.83,0.38,12.03,67.34,60.91,-128.07,40.48,-0.21,0.09,21.00,5210.61,-74.00,1.00,2.00
161161.00,2019-06-30 17:45:05.161,10.19,7.14,2296.21,1.41,0.00,1.00,1.00,21.99,0.39,12.03,67.34,60.91,-128.07,40.48,-0.23,0.11,21.00,5344.72,-76.00,1.00,2.00
161261.00,2019-06-30 17:45:05.261,10.53,7.49,2348.29,1.33,0.00,1.00,1.00,22.49,0.40,12.06,67.45,60.91,-134.60,40.44,-0.21,0.08,21.00,5278.19,-77.00,1.00,2.00
161361.00,2019-06-30 17:45:05.361,10.71,7.72,2362.25,1.32,0.00,1.00,1.00,22.63,0.41,12.04,67.45,60.81,-134.60,40.44,-0.21,0.08,21.00,5260.02,-77.00,1.00,2.00
161461.00,2019-06-30 17:45:05.461,10.92,8.08,2463.00,1.29,0.00,1.00,1.00,23.11,0.42,12.04,67.45,60.81,-134.60,40.44,-0.21,0.09,21.00,5130.04,-79.00,1.00,2.00
161561.00,2019-06-30 17:45:05.561,11.23,8.43,2461.39,1.30,0.00,1.00,1.00,23.57,0.42,12.03,67.36,60.72,-142.33,40.28,-0.22,0.08,21.00,5132.13,-79.00,1.00,2.00
161661.00,2019-06-30 17:45:05.661,11.42,8.66,2491.95,1.33,0.00,1.00,1.00,23.69,0.43,12.03,67.36,60.72,-142.33,40.28,-0.23,0.07,21.00,5090.73,-79.00,1.00,2.00
161761.00,2019-06-30 17:45:05.761,11.73,9.01,2580.81,1.32,0.00,1.00,1.00,24.12,0.44,12.06,67.38,60.72,-150.73,40.25,-0.19,0.08,21.00,5156.14,-81.00,1.00,2.00
161861.00,2019-06-30 17:45:05.861,12.07,9.36,2655.45,1.36,0.00,1.00,1.00,24.26,0.46,12.06,67.38,60.81,-150.73,40.25,-0.22,0.09,21.00,5225.30,-82.00,1.00,2.00
161961.00,2019-06-30 17:45:05.961,12.31,9.71,2710.46,1.38,0.00,1.00,1.00,24.64,0.47,12.02,67.38,60.81,-150.73,40.25,-0.22,0.10,21.00,5275.89,-83.00,1.00,2.00
162061.00,2019-06-30 17:45:06.061,12.55,10.06,2741.17,1.36,0.00,1.00,1.00,25.00,0.48,12.04,67.30,60.74,-159.02,40.30,-0.21,0.14,21.00,5306.06,-84.00,1.00,2.00
162161.00,2019-06-30 17:45:06.161,12.94,10.53,2766.12,1.34,0.00,1.00,1.00,25.63,0.49,12.03,67.30,60.74,-159.02,40.30,-0.22,0.07,21.00,5325.08,-84.00,1.00,2.00
162261.00,2019-06-30 17:45:06.261,13.21,10.88,2883.44,1.31,0.00,1.00,1.00,25.70,0.50,11.94,67.37,60.74,-169.31,40.14,-0.20,0.10,21.00,5403.40,-86.00,1.00,2.00
162361.00,2019-06-30 17:45:06.361,13.52,11.24,2951.38,1.31,0.00,1.00,1.00,26.00,0.51,12.04,67.37,60.85,-169.31,40.14,-0.24,0.13,21.00,5444.67,-88.00,1.00,2.00
162461.00,2019-06-30 17:45:06.461,13.84,11.70,3000.00,1.34,0.00,1.00,1.00,26.31,0.53,11.98,67.37,60.85,-169.31,40.14,-0.22,0.09,21.00,5476.92,-89.00,1.00,2.00
162561.00,2019-06-30 17:45:06.561,14.14,12.05,3029.23,1.32,0.00,1.00,1.00,26.59,0.54,12.06,67.32,60.80,-180.46,40.05,-0.21,0.11,21.00,5476.73,-89.00,1.00,2.00
162661.00,2019-06-30 17:45:06.661,14.48,12.52,3114.05,1.32,0.00,1.00,1.00,26.86,0.55,12.01,67.32,60.80,-180.46,40.05,-0.22,0.09,21.00,5477.72,-91.00,1.00,2.00
162761.00,2019-06-30 17:45:06.761,14.77,12.87,3189.03,1.29,0.00,1.00,1.00,27.11,0.56,12.05,67.31,60.80,-194.70,39.94,-0.20,0.09,21.00,5477.04,-92.00,1.00,2.00
162861.00,2019-06-30 17:45:06.861,15.12,13.34,3280.75,1.30,0.00,1.00,1.00,27.36,0.58,12.03,67.31,60.79,-194.70,39.94,-0.24,0.08,21.00,5454.23,-94.00,1.00,2.00
162961.00,2019-06-30 17:45:06.961,15.52,13.81,3328.34,1.30,0.00,1.00,1.00,27.60,0.59,12.03,67.31,60.79,-194.70,39.94,-0.21,0.08,21.00,5419.15,-94.00,1.00,2.00
163061.00,2019-06-30 17:45:07.061,15.87,14.28,3361.25,1.28,0.00,1.00,1.00,27.83,0.61,11.94,67.36,60.81,-199.92,39.76,-0.22,0.08,21.00,5394.69,-95.00,1.00,2.00
163161.00,2019-06-30 17:45:07.161,16.20,14.75,3484.32,1.30,0.00,1.00,1.00,28.06,0.62,12.00,67.36,60.81,-199.92,39.76,-0.22,0.07,21.00,5304.42,-97.00,1.00,2.00
163261.00,2019-06-30 17:45:07.261,16.46,15.21,3552.50,1.29,0.00,1.00,1.00,28.28,0.64,12.05,67.41,60.81,-199.92,39.80,-0.21,0.09,21.00,5280.82,-98.00,1.00,2.00
163361.00,2019-06-30 17:45:07.361,16.88,15.68,3582.84,1.28,0.00,1.00,1.00,28.49,0.65,12.03,67.41,60.81,-199.92,39.80,-0.23,0.10,21.00,5273.82,-99.00,1.00,2.00
163461.00,2019-06-30 17:45:07.461,17.14,16.15,3675.01,1.26,0.00,1.00,1.00,28.69,0.67,12.03,67.41,60.81,-199.92,39.80,-0.21,0.07,21.00,5252.57,-101.00,1.00,2.00
163561.00,2019-06-30 17:45:07.561,17.50,16.62,3751.41,1.27,0.00,1.00,1.00,28.89,0.68,11.98,67.52,60.79,-199.92,39.77,-0.23,0.11,21.00,5235.08,-102.00,1.00,2.00
163661.00,2019-06-30 17:45:07.661,17.86,17.20,3806.14,1.30,0.00,1.00,1.00,29.28,0.70,12.01,67.52,60.79,-199.92,39.77,-0.24,0.16,21.00,5249.37,-103.00,1.00,2.00
163761.00,2019-06-30 17:45:07.761,18.17,17.67,3599.50,1.33,0.00,1.00,1.00,29.45,0.71,12.06,67.58,60.79,-199.92,39.77,-0.21,0.07,21.00,5269.58,-99.00,1.00,2.00
163861.00,2019-06-30 17:45:07.861,18.08,18.14,3126.55,1.34,0.00,1.00,1.00,29.60,0.73,12.03,67.58,60.84,-199.92,39.66,-0.20,0.09,21.00,5476.60,-91.00,1.00,2.00
163961.00,2019-06-30 17:45:07.961,17.99,18.73,2946.09,1.51,0.00,1.00,1.00,30.14,0.74,12.05,67.58,60.84,-199.92,39.66,-0.21,0.08,21.00,5441.74,-88.00,1.00,2.00
164061.00,2019-06-30 17:45:08.061,18.09,19.19,2751.16,1.51,0.00,2.00,1.00,30.48,0.75,11.72,67.66,60.84,-199.92,39.66,-0.23,0.03,21.00,5312.34,-84.00,1.00,2.00
164161.00,2019-06-30 17:45:08.161,18.05,19.66,2551.07,1.51,0.00,2.00,1.00,30.83,0.76,12.02,67.66,60.84,-199.92,39.66,-0.20,0.07,21.00,4978.02,-80.00,1.00,2.00
164261.00,2019-06-30 17:45:08.261,18.06,20.13,2334.68,1.51,0.00,2.00,1.00,31.18,0.77,12.06,67.68,60.84,-199.92,39.39,-0.22,0.08,21.00,4940.10,-77.00,1.00,2.00
164361.00,2019-06-30 17:45:08.361,18.15,20.72,2021.60,1.51,0.00,2.00,1.00,31.60,0.78,11.90,67.68,60.83,-199.92,39.39,-0.24,0.12,21.00,7099.60,-71.00,1.00,2.00
164461.00,2019-06-30 17:45:08.461,18.28,21.18,2092.27,1.51,0.00,2.00,1.00,31.84,0.79,12.02,67.68,60.83,-199.92,39.39,-0.19,0.08,21.00,6427.26,-72.00,1.00,2.00
164561.00,2019-06-30 17:45:08.561,18.46,21.77,2117.90,1.51,0.00,2.00,1.00,32.26,0.80,12.03,67.64,60.83,-199.92,39.33,-0.22,0.11,21.00,6183.46,-73.00,1.00,2.00
164661.00,2019-06-30 17:45:08.661,18.46,22.24,2127.85,1.37,0.00,2.00,1.00,32.73,0.81,12.05,67.64,60.83,-199.92,39.33,-0.20,0.07,21.00,6088.78,-73.00,1.00,2.00
164761.00,2019-06-30 17:45:08.761,18.64,22.70,2110.19,1.30,0.00,2.00,1.00,32.95,0.82,12.05,67.52,60.83,-199.92,39.30,-0.24,0.08,21.00,6256.80,-72.00,1.00,2.00
164861.00,2019-06-30 17:45:08.861,18.75,23.29,2123.93,1.34,0.00,2.00,1.00,33.35,0.83,12.03,67.52,60.86,-199.92,39.30,-0.21,0.06,21.00,6121.77,-73.00,1.00,2.00
164961.00,2019-06-30 17:45:08.961,18.80,23.76,2127.21,1.34,0.00,2.00,1.00,33.57,0.84,12.03,67.52,60.86,-199.92,39.30,-0.21,0.09,21.00,6090.76,-73.00,1.00,2.00
165061.00,2019-06-30 17:45:09.061,18.94,24.34,2163.25,1.34,0.00,2.00,1.00,34.18,0.85,12.03,67.29,60.90,-199.92,39.21,-0.22,0.09,21.00,5749.55,-73.00,1.00,2.00
165161.00,2019-06-30 17:45:09.161,19.02,24.81,2155.83,1.35,0.00,2.00,1.00,34.40,0.86,12.06,67.29,60.90,-199.92,39.21,-0.21,0.09,21.00,5816.36,-73.00,1.00,2.00
165261.00,2019-06-30 17:45:09.261,19.14,25.40,2168.77,1.32,0.00,2.00,1.00,34.79,0.87,12.04,67.10,60.90,-199.92,39.16,-0.23,0.12,21.00,5694.68,-74.00,1.00,2.00
165361.00,2019-06-30 17:45:09.361,19.24,25.98,2188.78,1.25,0.00,2.00,1.00,35.18,0.88,12.06,67.10,60.90,-199.92,39.16,-0.17,0.08,21.00,5506.39,-74.00,1.00,2.00
165461.00,2019-06-30 17:45:09.461,19.38,26.45,2166.89,1.24,0.00,2.00,1.00,35.39,0.89,12.04,67.10,60.90,-199.92,39.16,-0.20,0.10,21.00,5712.36,-74.00,1.00,2.00
165561.00,2019-06-30 17:45:09.561,19.52,27.04,2225.31,1.24,0.00,2.00,1.00,35.79,0.90,12.05,66.77,60.90,-199.92,39.03,-0.22,0.12,21.00,5162.76,-75.00,1.00,2.00
165661.00,2019-06-30 17:45:09.661,19.57,27.62,2194.67,1.25,0.00,2.00,1.00,36.36,0.90,12.06,66.77,60.90,-199.92,39.03,-0.22,0.07,21.00,5451.03,-74.00,1.00,2.00
165761.00,2019-06-30 17:45:09.761,19.77,28.09,2227.34,1.23,0.00,2.00,1.00,36.58,0.91,12.03,66.38,60.90,-199.92,39.00,-0.22,0.08,21.00,5143.72,-75.00,1.00,2.00
165861.00,2019-06-30 17:45:09.861,19.94,28.67,2238.85,1.22,0.00,2.00,1.00,36.95,0.92,12.05,66.38,60.90,-199.92,39.00,-0.21,0.08,21.00,5035.44,-75.00,1.00,2.00
165961.00,2019-06-30 17:45:09.961,19.96,29.26,2240.31,1.21,0.00,2.00,1.00,37.33,0.93,12.04,66.38,60.90,-199.92,39.00,-0.24,0.09,21.00,5021.68,-75.00,1.00,2.00
166061.00,2019-06-30 17:45:10.061,20.17,29.84,2256.87,1.23,0.00,2.00,1.00,37.70,0.94,12.03,66.10,61.09,-199.92,38.98,-0.22,0.08,21.00,4941.52,-75.00,1.00,2.00
166161.00,2019-06-30 17:45:10.161,20.32,30.43,2279.25,1.25,0.00,2.00,1.00,38.05,0.95,12.04,66.10,61.09,-199.92,38.98,-0.22,0.10,21.00,4943.99,-76.00,1.00,2.00
166261.00,2019-06-30 17:45:10.261,20.31,30.90,2267.27,1.25,0.00,2.00,1.00,38.26,0.96,12.00,65.86,61.09,-199.92,38.84,-0.22,0.10,21.00,4942.67,-75.00,1.00,2.00
166361.00,2019-06-30 17:45:10.361,20.50,31.48,2290.25,1.27,0.00,2.00,1.00,38.61,0.97,12.06,65.86,61.02,-199.92,38.84,-0.21,0.10,21.00,4941.85,-76.00,1.00,2.00
166461.00,2019-06-30 17:45:10.461,20.56,32.07,2275.23,1.28,0.00,2.00,1.00,39.14,0.97,12.04,65.86,61.02,-199.92,38.84,-0.24,0.08,21.00,4940.01,-75.00,1.00,2.00
166561.00,2019-06-30 17:45:10.561,20.66,32.65,2318.84,1.24,0.00,2.00,1.00,39.48,0.98,12.04,65.70,61.09,-199.92,38.77,-0.19,0.07,21.00,4945.34,-76.00,1.00,2.00
166661.00,2019-06-30 17:45:10.661,20.84,33.24,2302.25,1.28,0.00,2.00,1.00,39.81,0.99,12.06,65.70,61.09,-199.92,38.77,-0.22,0.10,21.00,4946.52,-76.00,1.00,2.00
166761.00,2019-06-30 17:45:10.761,21.05,33.82,2317.05,1.29,0.00,2.00,1.00,40.13,1.00,12.03,65.54,61.09,-199.92,38.65,-0.21,0.08,21.00,4948.15,-76.00,1.00,2.00
166861.00,2019-06-30 17:45:10.861,21.08,34.41,2342.19,1.29,0.00,2.00,1.00,40.45,1.01,12.05,65.54,61.08,-199.92,38.65,-0.21,0.08,21.00,4950.61,-77.00,1.00,2.00
166961.00,2019-06-30 17:45:10.961,21.26,34.99,2357.66,1.30,0.00,2.00,1.00,40.76,1.02,12.03,65.54,61.08,-199.92,38.65,-0.22,0.09,21.00,4952.34,-77.00,1.00,2.00
167061.00,2019-06-30 17:45:11.061,21.38,35.58,2339.41,1.31,0.00,2.00,1.00,41.06,1.03,12.06,65.33,61.04,-199.92,38.67,-0.19,0.10,21.00,4950.30,-77.00,1.00,2.00
167161.00,2019-06-30 17:45:11.161,21.48,36.28,2388.11,1.30,0.00,2.00,1.00,41.50,1.04,12.03,65.33,61.04,-199.92,38.67,-0.26,0.09,21.00,4954.53,-77.00,1.00,2.00
167261.00,2019-06-30 17:45:11.261,21.59,36.87,2374.92,1.30,0.00,2.00,1.00,41.79,1.05,12.06,65.21,61.04,-199.92,38.58,-0.22,0.09,21.00,4952.97,-77.00,1.00,2.00
167361.00,2019-06-30 17:45:11.361,21.86,37.45,2404.86,1.31,0.00,2.00,1.00,42.08,1.06,12.04,65.21,61.15,-199.92,38.58,-0.22,0.09,21.00,4959.55,-78.00,1.00,2.00
167461.00,2019-06-30 17:45:11.461,21.82,38.04,2392.20,1.31,0.00,2.00,1.00,42.36,1.07,12.04,65.21,61.15,-199.92,38.58,-0.21,0.10,21.00,4958.30,-78.00,1.00,2.00
167561.00,2019-06-30 17:45:11.561,22.06,38.62,2438.63,1.31,0.00,2.00,1.00,42.64,1.08,12.03,65.07,61.16,-199.92,38.56,-0.23,0.08,21.00,4962.91,-78.00,1.00,2.00
167661.00,2019-06-30 17:45:11.661,22.15,39.32,2422.58,1.31,0.00,2.00,1.00,43.04,1.09,12.03,65.07,61.16,-199.92,38.56,-0.24,0.08,21.00,4961.51,-78.00,1.00,2.00
167761.00,2019-06-30 17:45:11.761,22.27,39.91,2460.78,1.31,0.00,2.00,1.00,43.31,1.09,12.03,64.99,61.16,-199.92,38.46,-0.19,0.09,21.00,4965.25,-79.00,1.00,2.00
0.00,2019-06-30 17:42:24.000
180440.00,2019-06-30 17:45:24.440,39.13,152.73,1522.36,1.22,0.00,2.00,1.00,66.41,2.73,12.00,62.21,64.12,-199.92,35.41,-0.15,0.09,17.00,7000.00,-52.00,0.00,4.00
180540.00,2019-06-30 17:45:24.540,38.96,153.90,424.38,1.51,0.00,2.00,1.00,66.76,2.74,11.92,62.21,64.23,-199.92,35.41,-0.12,0.15,17.00,7000.00,-27.00,0.00,4.00
180640.00,2019-06-30 17:45:24.640,39.01,154.95,1035.13,1.51,0.00,2.00,1.00,67.07,2.75,12.07,62.21,64.23,-199.92,35.41,0.06,0.24,17.00,7000.00,-38.00,0.00,4.00
180740.00,2019-06-30 17:45:24.740,38.94,156.01,1035.13,1.51,0.00,2.00,1.00,67.52,2.75,12.07,62.02,64.32,-199.92,35.41,0.12,0.30,17.00,7000.00,-38.00,0.00,4.00
180840.00,2019-06-30 17:45:24.840,38.99,157.06,1035.13,1.51,0.00,2.00,1.00,67.98,2.75,11.90,62.02,64.32,-199.92,35.13,0.23,0.34,17.00,7000.00,-38.00,0.00,4.00
180940.00,2019-06-30 17:45:24.940,38.94,158.11,1035.13,1.51,0.00,2.00,1.00,68.43,2.75,12.06,62.05,64.32,-199.92,35.13,0.34,0.38,17.00,7000.00,-38.00,0.00,4.00
181040.00,2019-06-30 17:45:25.040,38.86,159.28,1035.13,1.51,0.00,2.00,1.00,68.94,2.75,12.05,62.05,64.39,-199.92,35.13,0.45,0.48,17.00,7000.00,-38.00,0.00,4.00
181140.00,2019-06-30 17:45:25.140,38.80,160.34,0.00,1.51,0.00,2.00,1.00,69.40,2.75,11.92,62.05,64.39,-199.92,35.13,0.63,0.54,17.00,7000.00,-38.00,0.00,4.00
181240.00,2019-06-30 17:45:25.240,38.78,161.39,0.00,1.51,0.00,2.00,1.00,69.85,2.75,12.07,62.06,64.47,-199.92,35.20,0.59,0.57,17.00,7000.00,-38.00,0.00,4.00
181340.00,2019-06-30 17:45:25.340,38.76,162.44,0.00,1.51,0.00,2.00,1.00,70.31,2.75,12.04,62.06,64.47,-199.92,35.20,0.61,0.59,17.00,7000.00,-38.00,0.00,4.00
181440.00,2019-06-30 17:45:25.440,38.62,163.50,0.00,1.51,0.00,2.00,1.00,70.76,2.75,11.94,62.06,64.47,-199.92,35.20,0.62,0.61,17.00,7000.00,-38.00,0.00,4.00
181540.00,2019-06-30 17:45:25.540,38.68,164.67,0.00,1.51,0.00,2.00,1.00,71.27,2.75,12.05,62.16,64.54,-199.92,35.20,0.61,0.69,17.00,7000.00,-38.00,0.00,4.00
181640.00,2019-06-30 17:45:25.640,38.64,165.72,0.00,1.51,0.00,2.00,1.00,71.73,2.75,11.92,62.16,64.54,-199.92,35.30,0.65,0.63,17.00,7000.00,-38.00,0.00,4.00
181740.00,2019-06-30 17:45:25.740,38.60,166.77,0.00,1.51,0.00,2.00,1.00,72.18,2.75,12.06,62.02,64.63,-199.92,35.30,0.70,0.74,17.00,7000.00,-38.00,0.00,4.00
181840.00,2019-06-30 17:45:25.840,38.48,167.83,0.00,1.51,0.00,2.00,1.00,72.64,2.75,12.05,62.02,64.63,-199.92,35.30,0.93,0.84,17.00,7000.00,-38.00,0.00,4.00
181940.00,2019-06-30 17:45:25.940,38.40,168.88,0.00,1.51,0.00,2.00,1.00,73.09,2.75,11.93,62.02,64.63,-199.92,35.30,1.18,0.98,17.00,7000.00,-38.00,0.00,4.00
182040.00,2019-06-30 17:45:26.040,38.36,169.93,0.00,1.51,0.00,2.00,1.00,73.55,2.75,12.07,62.07,64.67,-199.92,35.26,1.25,1.07,17.00,7000.00,-38.00,0.00,4.00
182140.00,2019-06-30 17:45:26.140,38.34,170.99,0.00,1.51,0.00,2.00,1.00,74.01,2.75,12.05,62.07,64.67,-199.92,35.26,1.39,1.08,17.00,7000.00,-38.00,0.00,4.00
182240.00,2019-06-30 17:45:26.240,38.15,172.04,0.00,1.51,0.00,2.00,1.00,74.46,2.75,11.92,61.97,64.88,-199.92,35.26,1.39,1.13,17.00,7000.00,-38.00,0.00,4.00
182340.00,2019-06-30 17:45:26.340,38.16,173.09,0.00,1.51,0.00,2.00,1.00,74.92,2.75,12.06,61.97,64.88,-199.92,35.26,1.47,1.23,17.00,7000.00,-38.00,0.00,4.00
182440.00,2019-06-30 17:45:26.440,38.08,174.15,0.00,1.51,0.00,2.00,1.00,75.37,2.75,12.08,61.97,64.88,-199.92,35.33,1.41,1.18,17.00,7000.00,-38.00,0.00,4.00
182540.00,2019-06-30 17:45:26.540,38.00,175.20,0.00,1.51,0.00,2.00,1.00,75.83,2.75,11.91,61.97,64.90,-199.92,35.33,1.45,1.13,17.00,7000.00,-38.00,0.00,4.00
182640.00,2019-06-30 17:45:26.640,38.12,176.25,0.00,1.51,0.00,2.00,1.00,76.29,2.75,12.08,61.97,64.90,-199.92,35.33,1.44,1.15,17.00,7000.00,-38.00,0.00,4.00
182740.00,2019-06-30 17:45:26.740,37.92,177.31,0.00,1.51,0.00,2.00,1.00,76.74,2.75,12.06,61.97,65.00,-199.92,35.33,1.46,1.18,17.00,7000.00,-38.00,0.00,4.00
182840.00,2019-06-30 17:45:26.840,37.75,178.36,0.00,1.51,0.00,2.00,1.00,77.20,2.75,12.06,62.02,65.00,-199.92,35.32,1.49,1.26,17.00,7000.00,-38.00,0.00,4.00
182940.00,2019-06-30 17:45:26.940,37.83,179.41,0.00,1.51,0.00,2.00,1.00,77.65,2.75,12.08,62.02,65.00,-199.92,35.32,1.46,1.18,17.00,7000.00,-38.00,0.00,4.00
183040.00,2019-06-30 17:45:27.040,37.73,180.47,0.00,1.51,0.00,2.00,1.00,78.11,2.75,11.92,62.04,65.08,-199.92,35.32,1.51,1.26,17.00,7000.00,-38.00,0.00,4.00
183140.00,2019-06-30 17:45:27.140,37.69,181.52,0.00,1.51,0.00,2.00,1.00,78.57,2.75,12.08,62.04,65.08,-199.92,35.32,1.53,1.20,17.00,7000.00,-38.00,0.00,4.00
183240.00,2019-06-30 17:45:27.240,37.51,182.57,0.00,1.51,0.00,2.00,1.00,79.02,2.75,12.05,62.04,65.17,-199.92,35.44,1.56,1.21,17.00,7000.00,-38.00,0.00,4.00
183340.00,2019-06-30 17:45:27.340,37.51,183.63,0.00,1.51,0.00,2.00,1.00,79.48,2.75,11.95,61.97,65.17,-199.92,35.44,1.59,1.20,17.00,7000.00,-38.00,0.00,4.00
183440.00,2019-06-30 17:45:27.440,37.42,184.68,0.00,1.51,0.00,2.00,1.00,79.93,2.75,12.06,61.97,65.17,-199.92,35.44,1.62,1.22,17.00,7000.00,-38.00,0.00,4.00
183540.00,2019-06-30 17:45:27.540,37.31,185.62,0.00,1.51,0.00,2.00,1.00,80.34,2.75,12.07,62.09,65.33,-199.92,35.44,1.69,1.38,17.00,7000.00,-38.00,0.00,4.00
183640.00,2019-06-30 17:45:27.640,37.25,186.67,0.00,1.51,0.00,2.00,1.00,80.79,2.75,12.06,62.09,65.33,-199.92,35.39,1.69,1.30,17.00,7000.00,-38.00,0.00,4.00
183740.00,2019-06-30 17:45:27.740,37.08,187.72,0.00,1.51,0.00,2.00,1.00,81.25,2.75,12.06,62.09,65.31,-199.92,35.39,1.72,1.30,17.00,7000.00,-38.00,0.00,4.00
183840.00,2019-06-30 17:45:27.840,37.12,188.78,0.00,1.51,0.00,2.00,1.00,81.71,2.75,11.95,62.00,65.31,-199.92,35.39,1.72,1.35,17.00,7000.00,-38.00,0.00,4.00
183940.00,2019-06-30 17:45:27.940,36.98,189.71,0.00,1.51,0.00,2.00,1.00,82.11,2.75,12.06,62.00,65.31,-199.92,35.39,1.72,1.38,17.00,7000.00,-38.00,0.00,4.00
184040.00,2019-06-30 17:45:28.040,36.91,190.77,0.00,1.51,0.00,2.00,1.00,82.57,2.75,12.07,62.02,65.52,-199.92,35.47,1.73,1.27,17.00,7000.00,-38.00,0.00,4.00
184140.00,2019-06-30 17:45:28.140,36.75,191.82,0.00,1.51,0.00,2.00,1.00,83.02,2.75,12.07,62.02,65.52,-195.12,35.47,1.70,1.41,17.00,7000.00,-38.00,0.00,4.00
184240.00,2019-06-30 17:45:28.240,36.72,192.76,0.00,1.51,0.00,2.00,1.00,83.43,2.75,12.06,62.02,65.59,-195.12,35.47,1.73,1.32,17.00,7000.00,-38.00,0.00,4.00
184340.00,2019-06-30 17:45:28.340,36.63,193.81,0.00,1.51,0.00,2.00,1.00,83.88,2.75,11.94,61.97,65.59,-189.57,35.47,1.72,1.22,17.00,7000.00,-38.00,0.00,4.00
184440.00,2019-06-30 17:45:28.440,36.59,194.86,0.00,1.51,0.00,2.00,1.00,84.34,2.75,12.08,61.97,65.59,-189.57,35.49,1.73,1.43,17.00,7000.00,-38.00,0.00,4.00
184540.00,2019-06-30 17:45:28.540,36.47,195.80,0.00,1.51,0.00,2.00,1.00,84.74,2.75,12.05,61.97,65.70,-189.57,35.49,1.77,1.38,17.00,7000.00,-38.00,0.00,4.00
184640.00,2019-06-30 17:45:28.640,36.36,196.85,0.00,1.51,0.00,2.00,1.00,85.20,2.75,11.95,62.06,65.70,-184.69,35.49,2.08,1.67,17.00,7000.00,-38.00,0.00,4.00
184740.00,2019-06-30 17:45:28.740,36.17,197.79,0.00,1.51,0.00,2.00,1.00,85.61,2.75,12.05,62.06,65.75,-184.69,35.49,2.30,1.65,17.00,7000.00,-38.00,0.00,4.00
184840.00,2019-06-30 17:45:28.840,36.15,198.84,0.00,1.51,0.00,2.00,1.00,86.06,2.75,12.08,61.99,65.75,-180.23,35.58,2.25,1.74,17.00,7000.00,-38.00,0.00,4.00
184940.00,2019-06-30 17:45:28.940,35.91,199.78,0.00,1.51,0.00,2.00,1.00,86.47,2.75,11.92,61.99,65.75,-180.23,35.58,2.27,1.68,17.00,7000.00,-38.00,0.00,4.00
185040.00,2019-06-30 17:45:29.040,35.97,200.83,0.00,1.51,0.00,2.00,1.00,86.92,2.75,12.07,61.99,65.88,-180.23,35.58,2.26,1.65,17.00,7000.00,-38.00,0.00,4.00
185140.00,2019-06-30 17:45:29.140,35.86,201.77,0.00,1.51,0.00,2.00,1.00,87.33,2.75,11.95,62.09,65.88,-176.06,35.58,2.27,1.87,17.00,7000.00,-38.00,0.00,4.00
185240.00,2019-06-30 17:45:29.240,35.68,202.82,0.00,1.51,0.00,2.00,1.00,87.78,2.75,12.05,62.09,65.97,-176.06,35.53,2.30,1.64,17.00,7000.00,-38.00,0.00,4.00
185340.00,2019-06-30 17:45:29.340,35.51,203.76,0.00,1.51,0.00,2.00,1.00,88.19,2.75,12.09,62.02,65.97,-172.27,35.53,2.30,1.73,17.00,7000.00,-38.00,0.00,4.00
185440.00,2019-06-30 17:45:29.440,35.46,204.69,0.00,1.51,0.00,2.00,1.00,88.59,2.75,12.09,62.02,65.97,-172.27,35.53,2.41,1.89,17.00,7000.00,-38.00,0.00,4.00
185540.00,2019-06-30 17:45:29.540,35.22,205.75,0.00,1.51,0.00,2.00,1.00,89.05,2.75,12.09,62.02,66.09,-172.27,35.53,2.71,1.86,17.00,7000.00,-38.00,0.00,4.00
185640.00,2019-06-30 17:45:29.640,35.18,206.68,0.00,1.51,0.00,2.00,1.00,89.46,2.75,12.06,61.98,66.09,-168.44,35.55,2.82,2.10,17.00,7000.00,-38.00,0.00,4.00
185740.00,2019-06-30 17:45:29.740,35.02,207.62,0.00,1.51,0.00,2.00,1.00,89.86,2.75,11.95,61.98,66.14,-168.44,35.55,3.03,2.24,17.00,7000.00,-38.00,0.00,4.00
185840.00,2019-06-30 17:45:29.840,34.78,208.67,0.00,1.51,0.00,2.00,1.00,90.32,2.75,12.07,62.11,66.14,-168.44,35.55,3.34,2.34,17.00,7000.00,-38.00,0.00,4.00
185940.00,2019-06-30 17:45:29.940,34.78,209.61,0.00,1.51,0.00,2.00,1.00,90.72,2.75,12.07,62.11,66.14,-165.22,35.55,3.88,2.64,17.00,7000.00,-38.00,0.00,4.00
186040.00,2019-06-30 17:45:30.040,34.57,210.55,0.00,1.51,0.00,2.00,1.00,91.13,2.75,11.95,62.11,66.17,-165.22,35.69,4.11,2.87,17.00,7000.00,-38.00,0.00,4.00
186140.00,2019-06-30 17:45:30.140,34.38,211.48,0.00,1.51,0.00,2.00,1.00,91.53,2.75,12.05,62.09,66.17,-161.93,35.69,4.23,2.91,17.00,7000.00,-38.00,0.00,4.00
186240.00,2019-06-30 17:45:30.240,34.02,212.42,0.00,1.51,0.00,2.00,1.00,91.94,2.75,12.09,62.09,66.29,-161.93,35.69,4.40,2.95,17.00,7000.00,-38.00,0.00,4.00
186340.00,2019-06-30 17:45:30.340,33.86,213.35,0.00,1.51,0.00,2.00,1.00,92.34,2.75,12.08,62.09,66.29,-161.93,35.69,4.42,2.95,17.00,7000.00,-38.00,0.00,4.00
186440.00,2019-06-30 17:45:30.440,33.56,214.29,0.00,1.51,0.00,2.00,1.00,92.75,2.75,12.07,61.99,66.29,-158.94,35.69,4.91,3.36,17.00,7000.00,-38.00,0.00,4.00
186540.00,2019-06-30 17:45:30.540,33.35,215.23,0.00,1.51,0.00,2.00,1.00,93.15,2.75,11.93,61.99,66.34,-158.94,35.69,5.02,3.41,17.00,7000.00,-38.00,0.00,4.00
186640.00,2019-06-30 17:45:30.640,33.14,216.05,0.00,1.51,0.00,2.00,1.00,93.51,2.75,12.06,62.06,66.34,-155.97,35.69,5.06,3.49,17.00,7000.00,-38.00,0.00,4.00
186740.00,2019-06-30 17:45:30.740,32.86,216.98,0.00,1.51,0.00,2.00,1.00,93.91,2.75,12.08,62.06,66.52,-155.97,35.69,5.06,3.49,17.00,7000.00,-38.00,0.00,4.00
186840.00,2019-06-30 17:45:30.840,32.54,217.92,0.00,1.51,0.00,2.00,1.00,94.32,2.75,11.92,62.06,66.52,-155.97,35.64,5.04,3.46,17.00,7000.00,-38.00,0.00,4.00
186940.00,2019-06-30 17:45:30.940,32.33,218.74,0.00,1.51,0.00,2.00,1.00,94.67,2.75,12.08,62.11,66.52,-153.27,35.64,5.06,3.49,17.00,7000.00,-38.00,0.00,4.00
187040.00,2019-06-30 17:45:31.040,32.15,219.67,0.00,1.51,0.00,2.00,1.00,95.08,2.75,11.96,62.11,66.50,-153.27,35.64,5.03,3.47,17.00,7000.00,-38.00,0.00,4.00
187140.00,2019-06-30 17:45:31.140,31.85,220.49,0.00,1.51,0.00,2.00,1.00,95.43,2.75,11.95,62.12,66.50,-153.27,35.64,5.08,3.48,17.00,7000.00,-38.00,0.00,4.00
187240.00,2019-06-30 17:45:31.240,31.51,221.43,0.00,1.51,0.00,2.00,1.00,95.84,2.75,12.09,62.12,66.54,-150.67,35.71,5.01,3.48,17.00,7000.00,-38.00,0.00,4.00
187340.00,2019-06-30 17:45:31.340,31.29,222.25,0.00,1.51,0.00,2.00,1.00,96.19,2.75,12.06,62.12,66.54,-150.67,35.71,5.05,3.47,17.00,7000.00,-38.00,0.00,4.00
187440.00,2019-06-30 17:45:31.440,31.00,223.07,0.00,1.51,0.00,2.00,1.00,96.55,2.75,11.96,62.05,66.54,-148.32,35.71,5.04,3.43,17.00,7000.00,-38.00,0.00,4.00
187540.00,2019-06-30 17:45:31.540,30.88,223.89,0.00,1.51,0.00,2.00,1.00,96.90,2.75,12.06,62.05,66.66,-148.32,35.71,5.00,3.41,17.00,7000.00,-38.00,0.00,4.00
187640.00,2019-06-30 17:45:31.640,30.55,224.71,0.00,1.51,0.00,2.00,1.00,97.26,2.75,11.92,62.05,66.66,-148.32,35.82,5.01,3.42,17.00,7000.00,-38.00,0.00,4.00
187740.00,2019-06-30 17:45:31.740,30.21,225.64,0.00,1.51,0.00,2.00,1.00,97.66,2.75,12.09,62.14,66.75,-145.59,35.82,4.99,3.49,17.00,7000.00,-38.00,0.00,4.00
187840.00,2019-06-30 17:45:31.840,29.99,226.46,0.00,1.51,0.00,2.00,1.00,98.02,2.75,12.06,62.14,66.75,-145.59,35.82,5.01,3.45,17.00,7000.00,-38.00,0.00,4.00
187940.00,2019-06-30 17:45:31.940,29.79,227.16,0.00,1.51,0.00,2.00,1.00,98.32,2.75,11.95,62.16,66.75,-143.38,35.82,4.98,3.45,17.00,7000.00,-38.00,0.00,4.00
188040.00,2019-06-30 17:45:32.040,29.40,227.98,0.00,1.51,0.00,2.00,1.00,98.67,2.75,12.08,62.16,66.80,-143.38,35.80,5.00,3.40,17.00,7000.00,-38.00,0.00,4.00
188140.00,2019-06-30 17:45:32.140,29.18,228.80,0.00,1.51,0.00,2.00,1.00,99.03,2.75,12.06,62.16,66.80,-143.38,35.80,4.99,3.43,17.00,7000.00,-38.00,0.00,4.00
188240.00,2019-06-30 17:45:32.240,28.78,229.62,0.00,1.51,0.00,2.00,1.00,99.38,2.75,12.08,62.21,66.88,-141.05,35.80,4.99,3.45,17.00,7000.00,-38.00,0.00,4.00
188340.00,2019-06-30 17:45:32.340,28.60,230.44,0.00,1.51,0.00,2.00,1.00,99.74,2.75,12.07,62.21,66.88,-141.05,35.80,5.01,3.41,17.00,7000.00,-38.00,0.00,4.00
188440.00,2019-06-30 17:45:32.440,28.27,231.14,0.00,1.51,0.00,2.00,1.00,100.04,2.75,12.09,62.09,66.88,-138.88,35.87,4.97,3.44,17.00,7000.00,-38.00,0.00,4.00
188540.00,2019-06-30 17:45:32.540,28.03,231.96,0.00,1.51,0.00,2.00,1.00,100.40,2.75,11.92,62.09,66.89,-138.88,35.87,5.00,3.46,17.00,7000.00,-38.00,0.00,4.00
188640.00,2019-06-30 17:45:32.640,27.79,232.67,0.00,1.51,0.00,2.00,1.00,100.70,2.75,12.09,62.09,66.89,-138.88,35.87,4.97,3.40,17.00,7000.00,-38.00,0.00,4.00
188756.00,2019-06-30 17:45:32.756,27.49,233.60,0.00,1.51,0.00,2.00,1.00,101.11,2.75,12.11,62.16,67.01,-136.86,35.87,4.97,3.49,17.00,7000.00,-38.00,0.00,4.00
188856.00,2019-06-30 17:45:32.856,27.25,234.30,0.00,1.51,0.00,2.00,1.00,101.41,2.75,11.94,62.16,67.01,-136.86,35.88,4.99,3.44,17.00,7000.00,-38.00,0.00,4.00
188956.00,2019-06-30 17:45:32.956,26.87,235.01,0.00,1.51,0.00,2.00,1.00,101.71,2.75,12.08,62.24,67.01,-136.86,35.88,4.96,3.39,17.00,7000.00,-38.00,0.00,4.00
189056.00,2019-06-30 17:45:33.056,26.71,235.83,0.00,1.51,0.00,2.00,1.00,102.07,2.75,11.94,62.24,67.09,-134.85,35.88,4.93,3.43,17.00,7000.00,-38.00,0.00,4.00
189156.00,2019-06-30 17:45:33.156,26.34,236.53,0.00,1.51,0.00,2.00,1.00,102.37,2.75,12.07,62.24,67.09,-134.85,35.88,4.96,3.41,17.00,7000.00,-38.00,0.00,4.00
189256.00,2019-06-30 17:45:33.256,26.14,237.23,0.00,1.51,0.00,2.00,1.00,102.68,2.75,12.09,62.20,67.15,-132.88,35.89,4.93,3.45,17.00,7000.00,-38.00,0.00,4.00
189356.00,2019-06-30 17:45:33.356,25.76,237.93,0.00,1.51,0.00,2.00,1.00,102.98,2.75,11.92,62.20,67.15,-132.88,35.89,4.96,3.47,17.00,7000.00,-38.00,0.00,4.00
189456.00,2019-06-30 17:45:33.456,25.55,238.63,0.00,1.51,0.00,2.00,1.00,103.28,2.75,12.09,62.20,67.15,-132.88,35.89,4.93,3.43,17.00,7000.00,-38.00,0.00,4.00
189556.00,2019-06-30 17:45:33.556,25.33,239.34,0.00,1.51,0.00,2.00,1.00,103.59,2.75,12.06,62.20,67.29,-130.98,35.89,4.93,3.39,17.00,7000.00,-38.00,0.00,4.00
189656.00,2019-06-30 17:45:33.656,24.93,239.92,0.00,1.51,0.00,2.00,1.00,103.84,2.75,11.95,62.20,67.29,-130.98,35.93,4.96,3.44,17.00,7000.00,-38.00,0.00,4.00
189756.00,2019-06-30 17:45:33.756,24.75,240.62,0.00,1.51,0.00,2.00,1.00,104.15,2.75,12.08,62.19,67.27,-129.18,35.93,4.92,3.43,17.00,7000.00,-38.00,0.00,4.00
189856.00,2019-06-30 17:45:33.856,24.43,241.33,0.00,1.51,0.00,2.00,1.00,104.45,2.75,12.06,62.19,67.27,-129.18,35.93,4.93,3.42,17.00,7000.00,-38.00,0.00,4.00
189956.00,2019-06-30 17:45:33.956,24.14,241.91,0.00,1.51,0.00,2.00,1.00,104.70,2.75,11.96,62.19,67.27,-129.18,35.93,4.90,3.42,17.00,7000.00,-38.00,0.00,4.00
190056.00,2019-06-30 17:45:34.056,23.88,242.61,0.00,1.51,0.00,2.00,1.00,105.01,2.75,12.06,62.25,67.31,-127.54,35.91,4.93,3.44,17.00,7000.00,-38.00,0.00,4.00
190156.00,2019-06-30 17:45:34.156,23.60,243.20,0.00,1.51,0.00,2.00,1.00,105.26,2.75,12.08,62.25,67.31,-127.54,35.91,4.92,3.40,17.00,7000.00,-38.00,0.00,4.00
190256.00,2019-06-30 17:45:34.256,23.32,243.90,0.00,1.51,0.00,2.00,1.00,105.56,2.75,11.94,62.30,67.38,-127.54,35.91,4.92,3.41,17.00,7000.00,-38.00,0.00,4.00
190356.00,2019-06-30 17:45:34.356,23.04,244.49,0.00,1.51,0.00,2.00,1.00,105.82,2.75,12.07,62.30,67.38,-125.71,35.91,4.92,3.43,17.00,7000.00,-38.00,0.00,4.00
190456.00,2019-06-30 17:45:34.456,22.78,245.07,0.00,1.51,0.00,2.00,1.00,106.07,2.75,12.09,62.30,67.38,-125.71,35.98,4.92,3.41,17.00,7000.00,-38.00,0.00,4.00
190556.00,2019-06-30 17:45:34.556,22.52,245.77,0.00,1.51,0.00,2.00,1.00,106.37,2.75,11.92,62.32,67.52,-124.06,35.98,4.94,3.45,17.00,7000.00,-38.00,0.00,4.00
190656.00,2019-06-30 17:45:34.656,22.29,246.36,0.00,1.51,0.00,2.00,1.00,106.63,2.75,12.09,62.32,67.52,-124.06,35.98,4.90,3.46,17.00,7000.00,-38.00,0.00,4.00
190756.00,2019-06-30 17:45:34.756,21.89,246.94,0.00,1.51,0.00,2.00,1.00,106.88,2.75,12.07,62.32,67.58,-124.06,35.98,4.90,3.48,17.00,7000.00,-38.00,0.00,4.00
190856.00,2019-06-30 17:45:34.856,21.64,247.53,0.00,1.51,0.00,2.00,1.00,107.13,2.75,11.95,62.37,67.58,-122.46,35.98,4.91,3.47,17.00,7000.00,-38.00,0.00,4.00
190956.00,2019-06-30 17:45:34.956,21.37,248.11,0.00,1.51,0.00,2.00,1.00,107.39,2.75,12.08,62.37,67.58,-122.46,35.98,4.90,3.44,17.00,7000.00,-38.00,0.00,4.00
191056.00,2019-06-30 17:45:35.056,20.98,248.70,0.00,1.51,0.00,2.00,1.00,107.64,2.75,12.06,62.27,67.63,-121.03,35.98,4.92,3.45,17.00,7000.00,-38.00,0.00,4.00
191156.00,2019-06-30 17:45:35.156,20.85,249.28,0.00,1.51,0.00,2.00,1.00,107.89,2.75,11.96,62.27,67.63,-121.03,35.98,4.90,3.46,17.00,7000.00,-38.00,0.00,4.00
191256.00,2019-06-30 17:45:35.256,20.54,249.75,0.00,1.51,0.00,2.00,1.00,108.10,2.75,12.07,62.27,67.69,-121.03,36.05,4.93,3.42,17.00,7000.00,-38.00,0.00,4.00
191356.00,2019-06-30 17:45:35.356,20.25,250.34,0.00,1.51,0.00,2.00,1.00,108.35,2.75,12.09,62.27,67.69,-119.58,36.05,4.92,3.43,17.00,7000.00,-38.00,0.00,4.00
191456.00,2019-06-30 17:45:35.456,19.95,250.92,0.00,1.51,0.00,2.00,1.00,108.60,2.75,11.92,62.27,67.69,-119.58,36.05,4.91,3.43,17.00,7000.00,-38.00,0.00,4.00
191556.00,2019-06-30 17:45:35.556,19.70,251.39,0.00,1.51,0.00,2.00,1.00,108.81,2.75,12.09,62.37,67.73,-119.58,36.05,4.90,3.39,17.00,7000.00,-38.00,0.00,4.00
191656.00,2019-06-30 17:45:35.656,19.37,251.98,0.00,1.51,0.00,2.00,1.00,109.06,2.75,12.06,62.37,67.73,-118.22,36.07,4.90,3.45,17.00,7000.00,-38.00,0.00,4.00
191756.00,2019-06-30 17:45:35.756,19.16,252.44,0.00,1.51,0.00,2.00,1.00,109.26,2.75,11.95,62.37,67.88,-118.22,36.07,4.93,3.41,17.00,7000.00,-38.00,0.00,4.00
191856.00,2019-06-30 17:45:35.856,18.93,253.03,0.00,1.51,0.00,2.00,1.00,109.52,2.75,12.08,62.34,67.88,-116.75,36.07,4.88,3.42,17.00,7000.00,-38.00,0.00,4.00
191956.00,2019-06-30 17:45:35.956,18.63,253.50,0.00,1.51,0.00,2.00,1.00,109.72,2.75,11.93,62.34,67.88,-116.75,36.07,4.90,3.44,17.00,7000.00,-38.00,0.00,4.00
192056.00,2019-06-30 17:45:36.056,18.25,253.97,0.00,1.51,0.00,2.00,1.00,109.92,2.75,12.08,62.34,67.86,-116.75,36.14,4.90,3.44,17.00,7000.00,-38.00,0.00,4.00
192156.00,2019-06-30 17:45:36.156,17.99,254.43,0.00,1.51,0.00,2.00,1.00,110.12,2.75,12.08,62.38,67.86,-115.27,36.14,4.90,3.41,17.00,7000.00,-38.00,0.00,4.00
192256.00,2019-06-30 17:45:36.256,17.77,254.90,0.00,1.51,0.00,2.00,1.00,110.33,2.75,11.93,62.38,67.95,-115.27,36.14,4.98,3.45,17.00,7000.00,-38.00,0.00,4.00
192356.00,2019-06-30 17:45:36.356,17.47,255.37,0.00,1.51,0.00,2.00,1.00,110.53,2.75,12.09,62.38,67.95,-113.96,36.14,5.50,3.92,17.00,7000.00,-38.00,0.00,4.00
192456.00,2019-06-30 17:45:36.456,17.05,255.84,0.00,1.51,0.00,2.00,1.00,110.73,2.75,12.06,62.38,67.95,-113.96,36.13,5.91,4.13,17.00,7000.00,-38.00,0.00,4.00
192556.00,2019-06-30 17:45:36.556,16.83,256.31,0.00,1.51,0.00,2.00,1.00,110.93,2.75,11.96,62.38,67.95,-113.96,36.13,6.19,4.33,17.00,7000.00,-38.00,0.00,4.00
192656.00,2019-06-30 17:45:36.656,16.48,256.77,0.00,1.51,0.00,2.00,1.00,111.14,2.75,12.05,62.44,67.95,-112.67,36.13,6.41,4.46,17.00,7000.00,-38.00,0.00,4.00
192756.00,2019-06-30 17:45:36.756,16.04,257.24,0.00,1.51,0.00,2.00,1.00,111.34,2.75,11.94,62.44,68.07,-112.67,36.13,6.40,4.45,17.00,7000.00,-38.00,0.00,4.00
192856.00,2019-06-30 17:45:36.856,15.75,257.59,0.00,1.51,0.00,2.00,1.00,111.49,2.75,12.06,62.48,68.07,-112.67,36.14,6.42,4.46,17.00,7000.00,-38.00,0.00,4.00
192956.00,2019-06-30 17:45:36.956,15.37,258.06,0.00,1.51,0.00,2.00,1.00,111.69,2.75,11.93,62.48,68.07,-111.43,36.14,6.42,4.48,17.00,7000.00,-38.00,0.00,4.00
193056.00,2019-06-30 17:45:37.056,15.02,258.41,0.00,1.51,0.00,2.00,1.00,111.85,2.75,12.08,62.48,68.05,-111.43,36.14,6.39,4.47,17.00,7000.00,-38.00,0.00,4.00
193156.00,2019-06-30 17:45:37.156,14.78,258.76,0.00,1.51,0.00,2.00,1.00,112.00,2.75,12.07,62.50,68.05,-110.10,36.14,6.40,4.46,17.00,7000.00,-38.00,0.00,4.00
193256.00,2019-06-30 17:45:37.256,14.21,259.23,0.00,1.51,0.00,2.00,1.00,112.20,2.75,12.06,62.50,68.14,-110.10,36.12,6.40,4.47,17.00,7000.00,-38.00,0.00,4.00
193356.00,2019-06-30 17:45:37.356,13.92,259.58,0.00,1.51,0.00,2.00,1.00,112.35,2.75,12.06,62.50,68.14,-110.10,36.12,6.38,4.46,17.00,7000.00,-38.00,0.00,4.00
193456.00,2019-06-30 17:45:37.456,13.61,259.93,0.00,1.51,0.00,2.00,1.00,112.50,2.75,12.08,62.41,68.14,-108.79,36.12,6.37,4.47,17.00,7000.00,-38.00,0.00,4.00
193556.00,2019-06-30 17:45:37.556,13.28,260.29,0.00,1.51,0.00,2.00,1.00,112.66,2.75,12.09,62.41,68.16,-108.79,36.12,6.36,4.46,17.00,7000.00,-38.00,0.00,4.00
193656.00,2019-06-30 17:45:37.656,12.93,260.64,0.00,1.51,0.00,2.00,1.00,112.81,2.75,12.06,62.43,68.16,-107.63,36.20,6.38,4.43,17.00,7000.00,-38.00,0.00,4.00
193756.00,2019-06-30 17:45:37.756,12.44,260.99,0.00,1.51,0.00,2.00,1.00,112.96,2.75,11.96,62.43,68.19,-107.63,36.20,6.36,4.45,17.00,7000.00,-38.00,0.00,4.00
193856.00,2019-06-30 17:45:37.856,12.22,261.22,0.00,1.51,0.00,2.00,1.00,113.06,2.75,12.07,62.43,68.19,-107.63,36.20,6.34,4.44,17.00,7000.00,-38.00,0.00,4.00
193956.00,2019-06-30 17:45:37.956,11.86,261.57,0.00,1.51,0.00,1.00,1.00,113.21,2.75,11.99,62.50,68.19,-106.57,36.20,6.31,4.41,17.00,7000.00,-38.00,0.00,4.00
194056.00,2019-06-30 17:45:38.056,12.64,261.92,0.00,1.51,0.00,1.00,1.00,113.36,2.75,11.82,62.50,68.30,-106.57,36.16,5.96,4.16,17.00,7000.00,-38.00,0.00,4.00
194156.00,2019-06-30 17:45:38.156,11.89,262.16,0.00,1.51,0.00,1.00,1.00,113.47,2.75,12.08,62.44,68.30,-106.57,36.16,4.27,3.23,17.00,7000.00,-38.00,0.00,4.00
194256.00,2019-06-30 17:45:38.256,11.34,262.51,0.00,1.51,0.00,1.00,1.00,113.62,2.75,11.94,62.44,68.30,-105.53,36.16,3.36,2.61,17.00,7000.00,-38.00,0.00,4.00
194356.00,2019-06-30 17:45:38.356,10.80,262.74,0.00,1.51,0.00,1.00,1.00,113.72,2.75,11.93,62.44,68.30,-105.53,36.16,2.09,1.64,17.00,7000.00,-38.00,0.00,4.00
194456.00,2019-06-30 17:45:38.456,10.58,262.98,0.00,1.51,0.00,1.00,1.00,113.82,2.75,12.09,62.44,68.30,-104.32,36.30,1.37,1.11,17.00,7000.00,-38.00,0.00,4.00
194556.00,2019-06-30 17:45:38.556,10.35,263.33,0.00,1.51,0.00,1.00,1.00,113.97,2.75,12.06,62.44,68.33,-104.32,36.30,0.98,0.88,17.00,7000.00,-38.00,0.00,4.00
194656.00,2019-06-30 17:45:38.656,10.20,263.56,0.00,1.51,0.00,1.00,1.00,114.07,2.75,11.95,62.44,68.33,-104.32,36.30,0.83,0.77,17.00,7000.00,-38.00,0.00,4.00
194756.00,2019-06-30 17:45:38.756,10.08,263.80,0.00,1.51,0.00,1.00,1.00,114.18,2.75,12.07,62.50,68.40,-103.34,36.30,0.71,0.69,17.00,7000.00,-38.00,0.00,4.00
194856.00,2019-06-30 17:45:38.856,9.98,264.15,0.00,1.51,0.00,1.00,1.00,114.33,2.75,12.07,62.50,68.40,-103.34,36.28,0.69,0.63,17.00,7000.00,-38.00,0.00,4.00
194956.00,2019-06-30 17:45:38.956,9.91,264.38,0.00,1.51,0.00,1.00,1.00,114.43,2.75,11.96,62.48,68.40,-102.25,36.28,0.53,0.53,17.00,7000.00,-38.00,0.00,4.00
195056.00,2019-06-30 17:45:39.056,9.88,264.62,0.00,1.51,0.00,1.00,1.00,114.53,2.75,12.09,62.48,68.40,-102.25,36.28,0.44,0.50,17.00,7000.00,-38.00,0.00,4.00
195156.00,2019-06-30 17:45:39.156,9.84,264.97,0.00,1.51,0.00,1.00,1.00,114.68,2.75,11.93,62.48,68.40,-102.25,36.28,0.43,0.50,17.00,7000.00,-38.00,0.00,4.00
195256.00,2019-06-30 17:45:39.256,9.83,265.20,0.00,1.51,0.00,1.00,1.00,114.78,2.75,12.08,62.55,68.46,-101.21,36.25,0.43,0.48,17.00,7000.00,-38.00,0.00,4.00
195356.00,2019-06-30 17:45:39.356,9.78,265.43,0.00,1.51,0.00,1.00,1.00,114.88,2.75,12.08,62.55,68.46,-101.21,36.25,0.43,0.46,17.00,7000.00,-38.00,0.00,4.00
195456.00,2019-06-30 17:45:39.456,9.78,265.79,0.00,1.51,0.00,1.00,1.00,115.04,2.75,12.08,62.51,68.46,-101.21,36.25,0.36,0.48,17.00,7000.00,-38.00,0.00,4.00
195556.00,2019-06-30 17:45:39.556,9.74,266.02,0.00,1.51,0.00,1.00,1.00,115.14,2.75,12.09,62.51,68.48,-100.17,36.25,0.40,0.47,17.00,7000.00,-38.00,0.00,4.00
195656.00,2019-06-30 17:45:39.656,9.66,266.25,0.00,1.51,0.00,1.00,1.00,115.24,2.75,12.05,62.51,68.48,-100.17,36.41,0.41,0.48,17.00,7000.00,-38.00,0.00,4.00
195756.00,2019-06-30 17:45:39.756,9.67,266.49,0.00,1.51,0.00,1.00,1.00,115.34,2.75,11.96,62.57,68.57,-99.30,36.41,0.42,0.49,17.00,7000.00,-38.00,0.00,4.00
195856.00,2019-06-30 17:45:39.856,9.69,266.84,0.00,1.51,0.00,1.00,1.00,115.49,2.75,11.95,62.57,68.57,-99.30,36.41,0.44,0.49,17.00,7000.00,-38.00,0.00,4.00
195956.00,2019-06-30 17:45:39.956,9.66,267.07,0.00,1.51,0.00,1.00,1.00,115.59,2.75,12.09,62.57,68.57,-99.30,36.41,0.45,0.53,17.00,7000.00,-38.00,0.00,4.00
196056.00,2019-06-30 17:45:40.056,9.63,267.31,0.00,1.51,0.00,1.00,1.00,115.69,2.75,11.92,62.53,68.59,-98.34,36.30,0.50,0.55,17.00,7000.00,-38.00,0.00,4.00
196156.00,2019-06-30 17:45:40.156,9.60,267.66,0.00,1.51,0.00,1.00,1.00,115.85,2.75,12.08,62.53,68.59,-98.34,36.30,0.55,0.59,17.00,7000.00,-38.00,0.00,4.00
196256.00,2019-06-30 17:45:40.256,9.52,267.89,0.00,1.51,0.00,1.00,1.00,115.95,2.75,12.05,62.53,68.65,-97.43,36.30,0.56,0.61,17.00,7000.00,-38.00,0.00,4.00
196356.00,2019-06-30 17:45:40.356,9.50,268.13,0.00,1.51,0.00,1.00,1.00,116.05,2.75,12.06,62.53,68.65,-97.43,36.30,0.60,0.62,17.00,7000.00,-38.00,0.00,4.00
196456.00,2019-06-30 17:45:40.456,9.53,268.36,0.00,1.51,0.00,1.00,1.00,116.15,2.75,12.09,62.53,68.65,-97.43,36.34,0.63,0.64,17.00,7000.00,-38.00,0.00,4.00
196556.00,2019-06-30 17:45:40.556,9.51,268.59,0.00,1.51,0.00,1.00,1.00,116.25,2.75,11.94,62.57,68.62,-96.55,36.34,0.70,0.68,17.00,7000.00,-38.00,0.00,4.00
196656.00,2019-06-30 17:45:40.656,9.49,268.95,0.00,1.51,0.00,1.00,1.00,116.40,2.75,12.07,62.57,68.62,-96.55,36.34,0.73,0.76,17.00,7000.00,-38.00,0.00,4.00
196756.00,2019-06-30 17:45:40.756,9.44,269.18,0.00,1.51,0.00,1.00,1.00,116.51,2.75,12.06,62.64,68.77,-96.55,36.34,0.78,0.73,17.00,7000.00,-38.00,0.00,4.00
196856.00,2019-06-30 17:45:40.856,9.40,269.41,0.00,1.51,0.00,1.00,1.00,116.61,2.75,11.92,62.64,68.77,-95.64,36.39,0.79,0.74,17.00,7000.00,-38.00,0.00,4.00
196956.00,2019-06-30 17:45:40.956,9.31,269.65,0.00,1.51,0.00,1.00,1.00,116.71,2.75,11.93,62.64,68.77,-95.64,36.39,0.78,0.76,17.00,7000.00,-38.00,0.00,4.00
197056.00,2019-06-30 17:45:41.056,9.30,270.00,0.00,1.51,0.00,1.00,1.00,116.86,2.75,12.06,62.51,68.74,-94.77,36.39,0.83,0.80,17.00,7000.00,-38.00,0.00,4.00
197156.00,2019-06-30 17:45:41.156,9.29,270.23,0.00,1.51,0.00,1.00,1.00,116.96,2.75,11.94,62.51,68.74,-94.77,36.39,1.06,1.08,17.00,7000.00,-38.00,0.00,4.00
197256.00,2019-06-30 17:45:41.256,9.28,270.47,0.00,1.51,0.00,1.00,1.00,117.06,2.75,12.07,62.51,68.71,-94.77,36.44,1.62,1.41,17.00,7000.00,-38.00,0.00,4.00
197356.00,2019-06-30 17:45:41.356,9.21,270.70,0.00,1.51,0.00,1.00,1.00,117.16,2.75,12.09,62.57,68.71,-94.09,36.44,2.00,1.57,17.00,7000.00,-38.00,0.00,4.00
197456.00,2019-06-30 17:45:41.456,9.15,270.94,0.00,1.51,0.00,1.00,1.00,117.27,2.75,12.09,62.57,68.71,-94.09,36.44,1.96,1.55,17.00,7000.00,-38.00,0.00,4.00
197556.00,2019-06-30 17:45:41.556,9.08,271.17,0.00,1.51,0.00,1.00,1.00,117.37,2.75,12.09,62.57,68.80,-93.03,36.44,1.94,1.53,17.00,7000.00,-38.00,0.00,4.00
197656.00,2019-06-30 17:45:41.656,8.97,271.40,0.00,1.51,0.00,1.00,1.00,117.47,2.75,11.96,62.57,68.80,-93.03,36.45,1.92,1.54,17.00,7000.00,-38.00,0.00,4.00
197756.00,2019-06-30 17:45:41.756,8.88,271.64,0.00,1.51,0.00,1.00,1.00,117.57,2.75,12.06,62.57,68.82,-93.03,36.45,1.94,1.54,17.00,7000.00,-38.00,0.00,4.00
197856.00,2019-06-30 17:45:41.856,8.80,271.87,0.00,1.51,0.00,1.00,1.00,117.67,2.75,12.09,62.60,68.82,-92.28,36.45,1.92,1.53,17.00,7000.00,-38.00,0.00,4.00
197956.00,2019-06-30 17:45:41.956,8.72,272.11,0.00,1.51,0.00,1.00,1.00,117.77,2.75,12.09,62.60,68.82,-92.28,36.45,1.89,1.52,17.00,7000.00,-38.00,0.00,4.00
198056.00,2019-06-30 17:45:42.056,8.64,272.46,0.00,1.51,0.00,1.00,1.00,117.92,2.75,12.09,62.57,68.82,-92.28,36.39,1.85,1.47,17.00,7000.00,-38.00,0.00,4.00
198156.00,2019-06-30 17:45:42.156,8.52,272.69,0.00,1.51,0.00,1.00,1.00,118.03,2.75,12.06,62.57,68.82,-91.45,36.39,1.72,1.38,17.00,7000.00,-38.00,0.00,4.00
198256.00,2019-06-30 17:45:42.256,8.50,272.81,0.00,1.51,0.00,1.00,1.00,118.08,2.75,12.06,62.57,68.84,-91.45,36.39,1.24,0.97,17.00,7000.00,-38.00,0.00,4.00
198356.00,2019-06-30 17:45:42.356,8.37,273.04,0.00,1.51,0.00,1.00,1.00,118.18,2.75,12.09,62.60,68.84,-90.63,36.39,0.73,0.71,17.00,7000.00,-38.00,0.00,4.00
198456.00,2019-06-30 17:45:42.456,8.27,273.28,0.00,1.51,0.00,1.00,1.00,118.28,2.75,11.94,62.60,68.84,-90.63,36.41,0.68,0.62,17.00,7000.00,-38.00,0.00,4.00
198556.00,2019-06-30 17:45:42.556,8.27,273.51,0.00,1.51,0.00,1.00,1.00,118.38,2.75,12.09,62.60,68.91,-90.63,36.41,0.50,0.50,17.00,7000.00,-38.00,0.00,4.00
198656.00,2019-06-30 17:45:42.656,8.23,273.74,0.00,1.51,0.00,1.00,1.00,118.48,2.75,12.06,62.52,68.91,-89.95,36.41,0.26,0.28,17.00,7000.00,-38.00,0.00,4.00
198764.00,2019-06-30 17:45:42.764,8.18,273.98,0.00,1.51,0.00,1.00,1.00,118.58,2.75,11.93,62.52,68.91,-89.95,36.41,0.02,0.15,17.00,7000.00,-38.00,0.00,4.00
198864.00,2019-06-30 17:45:42.864,8.15,274.21,0.00,1.51,0.00,1.00,1.00,118.68,2.75,11.93,62.60,68.91,-89.13,36.47,-0.09,0.04,17.00,7000.00,-38.00,0.00,4.00
198964.00,2019-06-30 17:45:42.964,8.16,274.45,0.00,1.51,0.00,1.00,1.00,118.78,2.75,12.07,62.60,68.91,-89.13,36.47,-0.12,0.02,17.00,7000.00,-38.00,0.00,4.00
199064.00,2019-06-30 17:45:43.064,8.14,274.68,0.00,1.51,0.00,1.00,1.00,118.89,2.75,11.94,62.60,68.91,-89.13,36.47,-0.22,0.08,17.00,7000.00,-38.00,0.00,4.00
199164.00,2019-06-30 17:45:43.164,8.06,274.91,0.00,1.51,0.00,1.00,1.00,118.99,2.75,11.93,62.57,68.91,-88.34,36.47,-0.24,0.07,17.00,7000.00,-38.00,0.00,4.00
199264.00,2019-06-30 17:45:43.264,8.03,275.15,0.00,1.51,0.00,1.00,1.00,119.09,2.75,12.06,62.57,69.00,-88.34,36.57,-0.22,0.06,17.00,7000.00,-38.00,0.00,4.00
199364.00,2019-06-30 17:45:43.364,8.06,275.38,0.00,1.51,0.00,1.00,1.00,119.19,2.75,11.96,62.67,69.00,-87.71,36.57,-0.24,0.07,17.00,7000.00,-38.00,0.00,4.00
199464.00,2019-06-30 17:45:43.464,8.08,275.62,0.00,1.51,0.00,1.00,1.00,119.29,2.75,12.05,62.67,69.00,-87.71,36.57,-0.22,0.07,17.00,7000.00,-38.00,0.00,4.00
199564.00,2019-06-30 17:45:43.564,8.05,275.85,0.00,1.51,0.00,1.00,1.00,119.39,2.75,12.09,62.67,68.98,-87.71,36.57,-0.24,0.07,17.00,7000.00,-38.00,0.00,4.00
199664.00,2019-06-30 17:45:43.664,8.06,275.97,0.00,1.51,0.00,1.00,1.00,119.44,2.75,11.93,62.60,68.98,-86.86,36.55,-0.23,0.06,17.00,7000.00,-38.00,0.00,4.00
199764.00,2019-06-30 17:45:43.764,8.04,276.20,0.00,1.51,0.00,1.00,1.00,119.54,2.75,12.09,62.60,68.96,-86.86,36.55,-0.24,0.06,17.00,7000.00,-38.00,0.00,4.00
199864.00,2019-06-30 17:45:43.864,8.01,276.44,0.00,1.51,0.00,1.00,1.00,119.65,2.75,11.95,62.60,68.96,-86.86,36.55,-0.22,0.08,17.00,7000.00,-38.00,0.00,4.00
199964.00,2019-06-30 17:45:43.964,7.95,276.67,0.00,1.51,0.00,1.00,1.00,119.75,2.75,12.07,62.66,68.96,-86.16,36.55,-0.25,0.08,17.00,7000.00,-38.00,0.00,4.00
200064.00,2019-06-30 17:45:44.064,7.97,276.90,0.00,1.51,0.00,1.00,1.00,119.85,2.75,12.09,62.66,69.03,-86.16,36.54,-0.25,0.07,17.00,7000.00,-38.00,0.00,4.00
200164.00,2019-06-30 17:45:44.164,7.96,277.14,0.00,1.51,0.00,1.00,1.00,119.95,2.75,11.94,62.63,69.03,-85.63,36.54,-0.20,0.06,17.00,7000.00,-38.00,0.00,4.00
200264.00,2019-06-30 17:45:44.264,7.96,277.37,0.00,1.51,0.00,1.00,1.00,120.05,2.75,12.07,62.63,69.02,-85.63,36.54,-0.24,0.07,17.00,7000.00,-38.00,0.00,4.00
200364.00,2019-06-30 17:45:44.364,7.96,277.61,0.00,1.51,0.00,1.00,1.00,120.15,2.75,11.94,62.63,69.02,-85.63,36.54,-0.22,0.07,17.00,7000.00,-38.00,0.00,4.00
200464.00,2019-06-30 17:45:44.464,7.95,277.72,0.00,1.51,0.00,1.00,1.00,120.20,2.75,12.08,62.65,69.02,-84.90,36.52,-0.22,0.07,17.00,7000.00,-38.00,0.00,4.00
200564.00,2019-06-30 17:45:44.564,7.95,277.96,0.00,1.51,0.00,1.00,1.00,120.30,2.75,12.09,62.65,69.09,-84.90,36.52,-0.23,0.08,17.00,7000.00,-38.00,0.00,4.00
200664.00,2019-06-30 17:45:44.664,7.95,278.19,0.00,1.51,0.00,1.00,1.00,120.41,2.75,11.92,62.66,69.09,-84.20,36.52,-0.22,0.08,17.00,7000.00,-38.00,0.00,4.00
200764.00,2019-06-30 17:45:44.764,7.86,278.43,0.00,1.51,0.00,1.00,1.00,120.51,2.75,12.09,62.66,69.09,-84.20,36.52,-0.25,0.08,17.00,7000.00,-38.00,0.00,4.00
200864.00,2019-06-30 17:45:44.864,7.86,278.66,0.00,1.51,0.00,1.00,1.00,120.61,2.75,12.06,62.66,69.09,-84.20,36.63,-0.23,0.07,17.00,7000.00,-38.00,0.00,4.00
200964.00,2019-06-30 17:45:44.964,7.90,278.89,0.00,1.51,0.00,1.00,1.00,120.71,2.75,11.95,62.69,69.09,-83.65,36.63,-0.23,0.07,17.00,7000.00,-38.00,0.00,4.00
201064.00,2019-06-30 17:45:45.064,7.89,279.13,0.00,1.51,0.00,1.00,1.00,120.81,2.75,12.09,62.69,69.15,-83.65,36.63,-0.22,0.07,17.00,7000.00,-38.00,0.00,4.00
201164.00,2019-06-30 17:45:45.164,7.87,279.25,0.00,1.51,0.00,1.00,1.00,120.86,2.75,11.94,62.69,69.15,-83.65,36.63,-0.21,0.07,17.00,7000.00,-38.00,0.00,4.00
201264.00,2019-06-30 17:45:45.264,7.88,279.48,0.00,1.51,0.00,1.00,1.00,120.96,2.75,12.09,62.64,69.13,-82.88,36.59,-0.23,0.07,17.00,7000.00,-38.00,0.00,4.00
201364.00,2019-06-30 17:45:45.364,7.85,279.71,0.00,1.51,0.00,1.00,1.00,121.06,2.75,12.06,62.64,69.13,-82.88,36.59,-0.20,0.07,17.00,7000.00,-38.00,0.00,4.00
201464.00,2019-06-30 17:45:45.464,7.83,279.95,0.00,1.51,0.00,1.00,1.00,121.17,2.75,11.95,62.63,69.13,-82.30,36.59,-0.27,0.07,17.00,7000.00,-38.00,0.00,4.00
201564.00,2019-06-30 17:45:45.564,7.78,280.18,0.00,1.51,0.00,1.00,1.00,121.27,2.75,12.07,62.63,69.13,-82.30,36.59,-0.21,0.07,17.00,7000.00,-38.00,0.00,4.00
201664.00,2019-06-30 17:45:45.664,7.79,280.42,0.00,1.51,0.00,1.00,1.00,121.37,2.75,12.07,62.63,69.13,-82.30,36.68,-0.22,0.08,17.00,7000.00,-38.00,0.00,4.00
201764.00,2019-06-30 17:45:45.764,7.80,280.53,0.00,1.51,0.00,1.00,1.00,121.42,2.75,11.96,62.74,69.21,-81.64,36.68,-0.23,0.08,17.00,7000.00,-38.00,0.00,4.00
201864.00,2019-06-30 17:45:45.864,7.80,280.77,0.00,1.51,0.00,1.00,1.00,121.52,2.75,12.06,62.74,69.21,-81.64,36.68,-0.22,0.07,17.00,7000.00,-38.00,0.00,4.00
201964.00,2019-06-30 17:45:45.964,7.77,281.00,0.00,1.51,0.00,1.00,1.00,121.62,2.75,12.09,62.69,69.21,-81.12,36.68,-0.24,0.08,17.00,7000.00,-38.00,0.00,4.00
202064.00,2019-06-30 17:45:46.064,7.79,281.23,0.00,1.51,0.00,1.00,1.00,121.72,2.75,11.93,62.69,69.20,-81.12,36.68,-0.22,0.07,17.00,7000.00,-38.00,0.00,4.00
202164.00,2019-06-30 17:45:46.164,7.76,281.47,0.00,1.51,0.00,1.00,1.00,121.82,2.75,12.05,62.69,69.20,-81.12,36.68,-0.22,0.07,17.00,7000.00,-38.00,0.00,4.00
202264.00,2019-06-30 17:45:46.264,7.74,281.70,0.00,1.51,0.00,1.00,1.00,121.93,2.75,11.95,62.71,69.16,-80.45,36.68,-0.22,0.08,17.00,7000.00,-38.00,0.00,4.00
202364.00,2019-06-30 17:45:46.364,7.69,281.82,0.00,1.51,0.00,1.00,1.00,121.98,2.75,12.08,62.71,69.16,-80.45,36.68,-0.22,0.07,17.00,7000.00,-38.00,0.00,4.00
202464.00,2019-06-30 17:45:46.464,7.64,282.05,0.00,1.51,0.00,1.00,1.00,122.08,2.75,12.07,62.71,69.16,-80.45,36.68,-0.23,0.08,17.00,7000.00,-38.00,0.00,4.00
202564.00,2019-06-30 17:45:46.564,7.71,282.29,0.00,1.51,0.00,1.00,1.00,122.18,2.75,11.94,62.73,69.22,-79.82,36.68,-0.20,0.08,17.00,7000.00,-38.00,0.00,4.00
202664.00,2019-06-30 17:45:46.664,7.69,282.52,0.00,1.51,0.00,1.00,1.00,122.28,2.75,12.09,62.73,69.22,-79.82,36.68,-0.25,0.07,17.00,7000.00,-38.00,0.00,4.00
202764.00,2019-06-30 17:45:46.764,7.70,282.76,0.00,1.51,0.00,1.00,1.00,122.38,2.75,11.94,62.76,69.22,-79.22,36.68,-0.23,0.07,17.00,7000.00,-38.00,0.00,4.00
202864.00,2019-06-30 17:45:46.864,7.69,282.99,0.00,1.51,0.00,1.00,1.00,122.48,2.75,12.08,62.76,69.22,-79.22,36.79,-0.21,0.07,17.00,7000.00,-38.00,0.00,4.00
202964.00,2019-06-30 17:45:46.964,7.68,283.11,0.00,1.51,0.00,1.00,1.00,122.53,2.75,12.09,62.76,69.22,-79.22,36.79,-0.23,0.08,17.00,7000.00,-38.00,0.00,4.00
203064.00,2019-06-30 17:45:47.064,7.67,283.34,0.00,1.51,0.00,1.00,1.00,122.63,2.75,12.07,62.77,69.29,-78.77,36.79,-0.22,0.08,17.00,7000.00,-38.00,0.00,4.00
203164.00,2019-06-30 17:45:47.164,7.61,283.58,0.00,1.51,0.00,1.00,1.00,122.74,2.75,12.08,62.77,69.29,-78.77,36.79,-0.22,0.07,17.00,7000.00,-38.00,0.00,4.00
203264.00,2019-06-30 17:45:47.264,7.57,283.81,0.00,1.51,0.00,1.00,1.00,122.84,2.75,12.07,62.77,69.26,-78.13,36.77,-0.22,0.07,17.00,7000.00,-38.00,0.00,4.00
203364.00,2019-06-30 17:45:47.364,7.59,283.93,0.00,1.51,0.00,1.00,1.00,122.89,2.75,12.08,62.77,69.26,-78.13,36.77,-0.25,0.08,17.00,7000.00,-38.00,0.00,4.00
203464.00,2019-06-30 17:45:47.464,7.62,284.16,0.00,1.51,0.00,1.00,1.00,122.99,2.75,12.06,62.77,69.26,-78.13,36.77,-0.22,0.07,17.00,7000.00,-38.00,0.00,4.00
203564.00,2019-06-30 17:45:47.564,7.58,284.39,0.00,1.51,0.00,1.00,1.00,123.09,2.75,12.06,62.71,69.38,-77.66,36.77,-0.22,0.08,17.00,7000.00,-38.00,0.00,4.00
203664.00,2019-06-30 17:45:47.664,7.58,284.63,0.00,1.51,0.00,1.00,1.00,123.19,2.75,12.07,62.71,69.38,-77.66,36.79,-0.23,0.07,17.00,7000.00,-38.00,0.00,4.00
203764.00,2019-06-30 17:45:47.764,7.58,284.86,0.00,1.51,0.00,1.00,1.00,123.29,2.75,12.08,62.71,69.30,-77.66,36.79,-0.21,0.07,17.00,7000.00,-38.00,0.00,4.00
203864.00,2019-06-30 17:45:47.864,7.60,284.98,0.00,1.51,0.00,1.00,1.00,123.34,2.75,12.08,62.71,69.30,-77.15,36.79,-0.24,0.08,17.00,7000.00,-38.00,0.00,4.00
203964.00,2019-06-30 17:45:47.964,7.57,285.21,0.00,1.51,0.00,1.00,1.00,123.45,2.75,11.93,62.71,69.30,-77.15,36.79,-0.22,0.08,17.00,7000.00,-38.00,0.00,4.00
204064.00,2019-06-30 17:45:48.064,7.46,285.45,0.00,1.51,0.00,1.00,1.00,123.55,2.75,12.07,62.81,69.26,-76.62,36.77,-0.21,0.08,17.00,7000.00,-38.00,0.00,4.00
204164.00,2019-06-30 17:45:48.164,7.48,285.68,0.00,1.51,0.00,1.00,1.00,123.65,2.75,12.09,62.81,69.26,-76.62,36.77,-0.23,0.08,17.00,7000.00,-38.00,0.00,4.00
204264.00,2019-06-30 17:45:48.264,7.53,285.80,0.00,1.51,0.00,1.00,1.00,123.70,2.75,11.92,62.81,69.31,-76.62,36.77,-0.22,0.08,17.00,7000.00,-38.00,0.00,4.00
204364.00,2019-06-30 17:45:48.364,7.49,286.03,0.00,1.51,0.00,1.00,1.00,123.80,2.75,12.09,62.85,69.31,-75.95,36.77,-0.22,0.08,17.00,7000.00,-38.00,0.00,4.00
204464.00,2019-06-30 17:45:48.464,7.51,286.27,0.00,1.51,0.00,1.00,1.00,123.90,2.75,12.06,62.85,69.31,-75.95,36.88,-0.22,0.07,17.00,7000.00,-38.00,0.00,4.00
204564.00,2019-06-30 17:45:48.564,7.49,286.50,0.00,1.51,0.00,1.00,1.00,124.00,2.75,12.05,62.84,69.42,-75.54,36.88,-0.24,0.07,17.00,7000.00,-38.00,0.00,4.00
204664.00,2019-06-30 17:45:48.664,7.47,286.74,0.00,1.51,0.00,1.00,1.00,124.10,2.75,12.06,62.84,69.42,-75.54,36.88,-0.22,0.08,17.00,7000.00,-38.00,0.00,4.00
204764.00,2019-06-30 17:45:48.764,7.48,286.85,0.00,1.51,0.00,1.00,1.00,124.15,2.75,11.93,62.84,69.43,-75.54,36.88,-0.22,0.07,17.00,7000.00,-38.00,0.00,4.00
204864.00,2019-06-30 17:45:48.864,7.44,287.09,0.00,1.51,0.00,1.00,1.00,124.26,2.75,12.09,62.80,69.43,-75.00,36.81,-0.23,0.07,17.00,7000.00,-38.00,0.00,4.00
204964.00,2019-06-30 17:45:48.964,7.36,287.32,0.00,1.51,0.00,1.00,1.00,124.36,2.75,12.06,62.80,69.43,-75.00,36.81,-0.20,0.08,17.00,7000.00,-38.00,0.00,4.00
205064.00,2019-06-30 17:45:49.064,7.40,287.55,0.00,1.51,0.00,1.00,1.00,124.46,2.75,11.96,62.79,69.35,-75.00,36.81,-0.24,0.08,17.00,7000.00,-38.00,0.00,4.00
205164.00,2019-06-30 17:45:49.164,7.40,287.67,0.00,1.51,0.00,1.00,1.00,124.51,2.75,12.06,62.79,69.35,-74.60,36.81,-0.24,0.08,17.00,7000.00,-38.00,0.00,4.00
205264.00,2019-06-30 17:45:49.264,7.39,287.91,0.00,1.51,0.00,1.00,1.00,124.61,2.75,11.94,62.79,69.38,-74.60,36.89,-0.22,0.08,17.00,7000.00,-38.00,0.00,4.00
205364.00,2019-06-30 17:45:49.364,7.41,288.14,0.00,1.51,0.00,1.00,1.00,124.71,2.75,12.09,62.84,69.38,-74.15,36.89,-0.22,0.07,17.00,7000.00,-38.00,0.00,4.00
205464.00,2019-06-30 17:45:49.464,7.40,288.37,0.00,1.51,0.00,1.00,1.00,124.81,2.75,12.06,62.84,69.38,-74.15,36.89,-0.22,0.07,17.00,7000.00,-38.00,0.00,4.00
205564.00,2019-06-30 17:45:49.564,7.37,288.49,0.00,1.51,0.00,1.00,1.00,124.86,2.75,11.95,62.81,69.47,-74.15,36.89,-0.23,0.08,17.00,7000.00,-38.00,0.00,4.00
205664.00,2019-06-30 17:45:49.664,7.35,288.72,0.00,1.51,0.00,1.00,1.00,124.96,2.75,12.06,62.81,69.47,-73.67,36.81,-0.22,0.08,17.00,7000.00,-38.00,0.00,4.00
205764.00,2019-06-30 17:45:49.764,7.28,288.96,0.00,1.51,0.00,1.00,1.00,125.07,2.75,12.08,62.81,69.45,-73.67,36.81,-0.23,0.08,17.00,7000.00,-38.00,0.00,4.00
205864.00,2019-06-30 17:45:49.864,7.57,289.08,0.00,1.51,0.00,1.00,1.00,125.12,2.75,11.94,62.90,69.45,-73.07,36.81,-0.22,0.08,17.00,7000.00,-38.00,0.00,4.00
205964.00,2019-06-30 17:45:49.964,8.85,289.31,0.00,1.51,0.00,1.00,1.00,125.22,2.75,12.06,62.90,69.45,-73.07,36.81,-0.22,0.07,17.00,7000.00,-38.00,0.00,4.00
206064.00,2019-06-30 17:45:50.064,8.18,289.54,0.00,1.51,0.00,1.00,1.00,125.32,2.75,12.07,62.90,69.42,-73.07,36.95,-0.22,0.07,17.00,7000.00,-38.00,0.00,4.00
206164.00,2019-06-30 17:45:50.164,7.78,289.78,0.00,1.51,0.00,1.00,1.00,125.42,2.75,12.06,62.91,69.42,-72.66,36.95,-0.22,0.07,17.00,7000.00,-38.00,0.00,4.00
206264.00,2019-06-30 17:45:50.264,7.61,289.90,0.00,1.51,0.00,1.00,1.00,125.47,2.75,12.08,62.91,69.47,-72.66,36.95,-0.22,0.08,17.00,7000.00,-38.00,0.00,4.00
206364.00,2019-06-30 17:45:50.364,7.40,290.13,0.00,1.51,0.00,1.00,1.00,125.57,2.75,11.94,62.85,69.47,-72.66,36.95,-0.23,0.08,17.00,7000.00,-38.00,0.00,4.00
206464.00,2019-06-30 17:45:50.464,7.29,290.36,0.00,1.51,0.00,1.00,1.00,125.67,2.75,12.07,62.85,69.47,-72.26,36.97,-0.21,0.08,17.00,7000.00,-38.00,0.00,4.00
206564.00,2019-06-30 17:45:50.564,7.28,290.60,0.00,1.51,0.00,1.00,1.00,125.78,2.75,11.95,62.85,69.49,-72.26,36.97,-0.23,0.08,17.00,7000.00,-38.00,0.00,4.00
206664.00,2019-06-30 17:45:50.664,7.22,290.71,0.00,1.51,0.00,1.00,1.00,125.83,2.75,11.95,62.95,69.49,-71.79,36.97,-0.21,0.08,17.00,7000.00,-38.00,0.00,4.00
206764.00,2019-06-30 17:45:50.764,7.22,290.95,0.00,1.51,0.00,1.00,1.00,125.93,2.75,12.09,62.95,69.43,-71.79,36.97,-0.24,0.08,17.00,7000.00,-38.00,0.00,4.00
206864.00,2019-06-30 17:45:50.864,7.24,291.18,0.00,1.51,0.00,1.00,1.00,126.03,2.75,11.93,62.86,69.43,-71.79,37.02,-0.24,0.08,17.00,7000.00,-38.00,0.00,4.00
206964.00,2019-06-30 17:45:50.964,7.21,291.30,0.00,1.51,0.00,1.00,1.00,126.08,2.75,12.08,62.86,69.43,-71.31,37.02,-0.24,0.07,17.00,7000.00,-38.00,0.00,4.00
207064.00,2019-06-30 17:45:51.064,7.20,291.53,0.00,1.51,0.00,1.00,1.00,126.18,2.75,12.08,62.86,69.52,-71.31,37.02,-0.22,0.08,17.00,7000.00,-38.00,0.00,4.00
207164.00,2019-06-30 17:45:51.164,7.19,291.77,0.00,1.51,0.00,1.00,1.00,126.28,2.75,11.95,62.95,69.52,-70.85,37.02,-0.22,0.07,17.00,7000.00,-38.00,0.00,4.00
207264.00,2019-06-30 17:45:51.264,7.21,291.88,0.00,1.51,0.00,1.00,1.00,126.33,2.75,12.09,62.95,69.48,-70.85,36.95,-0.22,0.07,17.00,7000.00,-38.00,0.00,4.00
207364.00,2019-06-30 17:45:51.364,7.18,292.12,0.00,1.51,0.00,1.00,1.00,126.43,2.75,11.94,62.95,69.48,-70.85,36.95,-0.20,0.08,17.00,7000.00,-38.00,0.00,4.00
207464.00,2019-06-30 17:45:51.464,7.13,292.35,0.00,1.51,0.00,1.00,1.00,126.53,2.75,12.09,62.92,69.48,-70.46,36.95,-0.09,0.15,17.00,7000.00,-38.00,0.00,4.00
207564.00,2019-06-30 17:45:51.564,7.07,292.47,0.00,1.51,0.00,1.00,1.00,126.59,2.75,12.06,62.92,69.50,-70.46,36.95,1.05,1.63,17.00,7000.00,-38.00,0.00,4.00
207664.00,2019-06-30 17:45:51.664,7.10,292.70,0.00,1.51,0.00,1.00,1.00,126.69,2.75,12.07,62.91,69.50,-70.46,37.07,4.19,2.91,17.00,7000.00,-38.00,0.00,4.00
207764.00,2019-06-30 17:45:51.764,6.95,292.94,0.00,1.51,0.00,1.00,1.00,126.79,2.75,12.06,62.91,69.59,-70.09,37.07,7.79,5.06,17.00,7000.00,-38.00,0.00,4.00
207864.00,2019-06-30 17:45:51.864,6.82,293.06,0.00,1.51,0.00,1.00,1.00,126.84,2.75,12.07,62.91,69.59,-70.09,37.07,10.02,6.54,17.00,7000.00,-38.00,0.00,4.00
207964.00,2019-06-30 17:45:51.964,6.40,293.29,0.00,1.51,0.00,1.00,1.00,126.94,2.75,12.08,62.97,69.59,-69.58,37.07,11.22,7.44,17.00,7000.00,-38.00,0.00,4.00
208064.00,2019-06-30 17:45:52.064,6.14,293.41,0.00,1.51,0.00,1.00,1.00,126.99,2.75,11.93,62.97,69.45,-69.58,36.95,11.30,7.50,17.00,7000.00,-38.00,0.00,4.00
208164.00,2019-06-30 17:45:52.164,5.80,293.52,0.00,1.51,0.00,1.00,1.00,127.04,2.75,12.08,62.97,69.45,-69.58,36.95,11.15,7.47,17.00,7000.00,-38.00,0.00,4.00
208264.00,2019-06-30 17:45:52.264,5.39,293.64,0.00,1.51,0.00,1.00,1.00,127.09,2.75,11.96,62.97,69.54,-69.20,36.95,11.03,7.39,17.00,7000.00,-38.00,0.00,4.00
208364.00,2019-06-30 17:45:52.364,4.90,293.76,0.00,1.51,0.00,1.00,1.00,127.14,2.75,11.95,62.97,69.54,-69.20,36.95,10.91,7.32,17.00,7000.00,-38.00,0.00,4.00
208464.00,2019-06-30 17:45:52.464,4.33,293.87,0.00,1.51,0.00,1.00,1.00,127.19,2.75,12.07,62.95,69.54,-68.70,37.07,10.84,7.36,17.00,7000.00,-38.00,0.00,4.00
208564.00,2019-06-30 17:45:52.564,4.33,293.87,0.00,1.51,0.00,1.00,1.00,127.19,2.75,12.07,62.95,69.59,-68.70,37.07,10.83,7.32,17.00,7000.00,-38.00,0.00,4.00
208664.00,2019-06-30 17:45:52.664,3.56,293.99,0.00,1.51,0.00,1.00,1.00,127.24,2.75,12.08,62.95,69.59,-68.70,37.07,10.80,7.28,17.00,7000.00,-38.00,0.00,4.00
208764.00,2019-06-30 17:45:52.764,3.56,293.99,0.00,1.51,0.00,1.00,1.00,127.24,2.75,11.94,62.88,69.52,-68.38,37.07,10.77,7.27,17.00,7000.00,-38.00,0.00,4.00
208864.00,2019-06-30 17:45:52.864,2.43,294.11,0.00,1.51,0.00,1.00,1.00,127.29,2.75,12.07,62.88,69.52,-68.38,36.99,10.76,7.28,17.00,7000.00,-38.00,0.00,4.00
208964.00,2019-06-30 17:45:52.964,2.43,294.11,0.00,1.51,0.00,1.00,1.00,127.29,2.75,12.09,62.88,69.52,-68.38,36.99,10.73,7.30,17.00,7000.00,-38.00,0.00,4.00
209064.00,2019-06-30 17:45:53.064,2.43,294.11,0.00,1.51,0.00,1.00,1.00,127.29,2.75,12.07,62.88,69.52,-68.00,36.99,10.72,7.29,17.00,7000.00,-38.00,0.00,4.00
209164.00,2019-06-30 17:45:53.164,2.43,294.11,0.00,1.51,0.00,1.00,1.00,127.29,2.75,12.07,62.88,69.52,-68.00,36.99,10.65,7.24,17.00,7000.00,-38.00,0.00,4.00
209264.00,2019-06-30 17:45:53.264,-0.00,294.11,0.00,1.51,0.00,1.00,1.00,127.29,2.75,12.05,63.00,69.54,-67.75,37.07,10.56,7.29,17.00,7000.00,-38.00,0.00,7.00
209364.00,2019-06-30 17:45:53.364,-0.00,294.11,0.00,1.51,0.00,1.00,1.00,127.29,2.75,12.09,63.00,69.54,-67.75,37.07,10.49,7.32,17.00,7000.00,-38.00,0.00,7.00
209464.00,2019-06-30 17:45:53.464,-0.00,294.11,0.00,1.51,0.00,1.00,1.00,127.29,2.75,11.93,62.97,69.54,-67.75,37.07,10.05,7.08,17.00,7000.00,-38.00,0.00,7.00
209564.00,2019-06-30 17:45:53.564,-0.00,294.11,0.00,1.51,0.00,1.00,1.00,127.29,2.75,12.09,62.97,69.56,-67.29,37.07,9.92,6.95,17.00,7000.00,-38.00,0.00,7.00
209664.00,2019-06-30 17:45:53.664,0.00,294.11,0.00,1.51,0.00,1.00,1.00,127.29,2.75,11.95,62.97,69.56,-67.29,37.13,9.90,6.93,17.00,7000.00,-38.00,0.00,7.00
209764.00,2019-06-30 17:45:53.764,0.00,294.11,0.00,1.51,0.00,1.00,1.00,127.29,2.75,12.05,63.00,69.59,-66.89,37.13,9.91,6.94,17.00,7000.00,-38.00,0.00,7.00
209864.00,2019-06-30 17:45:53.864,0.00,294.11,0.00,1.51,0.00,1.00,1.00,127.29,2.75,12.08,63.00,69.59,-66.89,37.13,9.90,6.99,17.00,7000.00,-38.00,0.00,7.00
209964.00,2019-06-30 17:45:53.964,0.00,294.11,0.00,1.51,0.00,1.00,1.00,127.29,2.75,11.93,63.00,69.59,-66.89,37.13,9.91,7.01,17.00,7000.00,-38.00,0.00,7.00
210064.00,2019-06-30 17:45:54.064,-0.00,294.11,0.00,1.51,0.00,1.00,1.00,127.29,2.75,12.08,62.95,69.59,-66.56,37.16,9.91,6.98,17.00,7000.00,-38.00,0.00,7.00
210164.00,2019-06-30 17:45:54.164,-0.00,294.11,0.00,1.51,0.00,1.00,1.00,127.29,2.75,11.94,62.95,69.59,-66.56,37.16,9.89,6.95,17.00,7000.00,-38.00,0.00,7.00
210264.00,2019-06-30 17:45:54.264,-0.00,294.11,0.00,1.51,0.00,1.00,1.00,127.29,2.75,12.08,63.05,69.52,-66.56,37.16,9.91,6.94,17.00,7000.00,-38.00,0.00,7.00
210364.00,2019-06-30 17:45:54.364,-0.00,294.11,0.00,1.51,0.00,1.00,1.00,127.29,2.75,12.07,63.05,69.52,-66.20,37.16,9.88,6.94,17.00,7000.00,-38.00,0.00,7.00
210464.00,2019-06-30 17:45:54.464,0.00,294.11,0.00,1.51,0.00,1.00,1.00,127.29,2.75,11.94,63.05,69.52,-66.20,37.17,9.89,6.94,17.00,7000.00,-38.00,0.00,7.00
210564.00,2019-06-30 17:45:54.564,0.00,294.11,0.00,1.51,0.00,1.00,1.00,127.29,2.75,12.07,62.97,69.70,-65.73,37.17,9.88,6.98,17.00,7000.00,-38.00,0.00,7.00
210664.00,2019-06-30 17:45:54.664,0.00,294.11,0.00,1.51,0.00,1.00,1.00,127.29,2.75,12.06,62.97,69.70,-65.73,37.17,9.87,6.97,17.00,7000.00,-38.00,0.00,7.00
210764.00,2019-06-30 17:45:54.764,0.00,294.11,0.00,1.51,0.00,1.00,1.00,127.29,2.75,12.05,63.07,69.66,-65.73,37.17,9.89,6.96,17.00,7000.00,-38.00,0.00,7.00
210864.00,2019-06-30 17:45:54.864,-0.00,294.11,0.00,1.51,0.00,1.00,1.00,127.29,2.75,12.06,63.07,69.66,-65.51,37.18,9.88,6.95,17.00,7000.00,-38.00,0.00,7.00
210964.00,2019-06-30 17:45:54.964,-0.00,294.11,0.00,1.51,0.00,1.00,1.00,127.29,2.75,12.08,63.07,69.66,-65.51,37.18,9.87,6.93,17.00,7000.00,-38.00,0.00,7.00
211064.00,2019-06-30 17:45:55.064,-0.00,294.11,0.00,1.51,0.00,1.00,1.00,127.29,2.75,11.94,63.07,69.66,-65.02,37.18,9.68,6.79,17.00,7000.00,-38.00,0.00,7.00
211164.00,2019-06-30 17:45:55.164,-0.00,294.11,0.00,1.51,0.00,1.00,1.00,127.29,2.75,12.09,63.07,69.66,-65.02,37.18,9.00,6.35,17.00,7000.00,-38.00,0.00,7.00
211264.00,2019-06-30 17:45:55.264,0.00,294.11,0.00,1.51,0.00,1.00,1.00,127.29,2.75,12.09,63.07,69.57,-65.02,37.15,8.12,5.78,17.00,7000.00,-38.00,0.00,7.00
211364.00,2019-06-30 17:45:55.364,0.00,294.11,0.00,1.51,0.00,1.00,1.00,127.29,2.75,12.08,63.05,69.57,-64.78,37.15,6.43,4.76,17.00,7000.00,-38.00,0.00,7.00
211464.00,2019-06-30 17:45:55.464,0.00,294.11,0.00,1.51,0.00,1.00,1.00,127.29,2.75,12.07,63.05,69.57,-64.78,37.15,4.62,3.42,17.00,7000.00,-38.00,0.00,7.00
211564.00,2019-06-30 17:45:55.564,0.00,294.11,0.00,1.51,0.00,1.00,1.00,127.29,2.75,11.96,63.02,69.63,-64.78,37.15,3.04,2.29,17.00,7000.00,-38.00,0.00,7.00
211664.00,2019-06-30 17:45:55.664,-0.00,294.11,0.00,1.51,0.00,1.00,1.00,127.29,2.75,12.08,63.02,69.63,-64.38,37.11,1.41,0.93,17.00,7000.00,-38.00,0.00,7.00
211764.00,2019-06-30 17:45:55.764,-0.00,294.11,0.00,1.51,0.00,1.00,1.00,127.29,2.75,12.09,63.02,69.66,-64.38,37.11,0.09,0.11,17.00,7000.00,-38.00,0.00,7.00
211864.00,2019-06-30 17:45:55.864,-0.00,294.11,0.00,1.51,0.00,1.00,1.00,127.29,2.75,11.93,63.09,69.66,-64.12,37.11,-0.41,-0.17,17.00,7000.00,-38.00,0.00,7.00
211964.00,2019-06-30 17:45:55.964,-0.00,294.11,0.00,1.51,0.00,1.00,1.00,127.29,2.75,12.09,63.09,69.66,-64.12,37.11,-0.22,0.12,17.00,7000.00,-38.00,0.00,7.00
212064.00,2019-06-30 17:45:56.064,0.00,294.11,0.00,1.51,0.00,1.00,1.00,127.29,2.75,12.06,63.12,69.63,-64.12,37.16,-0.23,0.05,17.00,7000.00,-38.00,0.00,7.00
212164.00,2019-06-30 17:45:56.164,0.00,294.11,0.00,1.51,0.00,1.00,1.00,127.29,2.75,11.95,63.12,69.63,-63.73,37.16,-0.25,0.07,17.00,7000.00,-38.00,0.00,7.00
212264.00,2019-06-30 17:45:56.264,0.00,294.11,0.00,1.51,0.00,1.00,1.00,127.29,2.75,12.09,63.12,69.68,-63.73,37.16,-0.23,0.07,17.00,7000.00,-38.00,0.00,7.00
212364.00,2019-06-30 17:45:56.364,0.00,294.11,0.00,1.51,0.00,1.00,1.00,127.29,2.75,11.92,63.11,69.68,-63.49,37.16,-0.25,0.07,17.00,7000.00,-38.00,0.00,7.00
212464.00,2019-06-30 17:45:56.464,-0.00,294.11,0.00,1.51,0.00,1.00,1.00,127.29,2.75,12.08,63.11,69.68,-63.49,37.24,-0.22,0.07,17.00,7000.00,-38.00,0.00,7.00
212564.00,2019-06-30 17:45:56.564,-0.00,294.11,0.00,1.51,0.00,1.00,1.00,127.29,2.75,12.08,63.14,69.61,-63.49,37.24,-0.23,0.07,17.00,7000.00,-38.00,0.00,7.00
212664.00,2019-06-30 17:45:56.664,-0.00,294.11,0.00,1.51,0.00,1.00,1.00,127.29,2.75,11.94,63.14,69.61,-63.13,37.24,-0.21,0.07,17.00,7000.00,-38.00,0.00,7.00
212764.00,2019-06-30 17:45:56.764,-0.00,294.11,0.00,1.51,0.00,1.00,1.00,127.29,2.75,12.09,63.14,69.62,-63.13,37.24,-0.23,0.07,17.00,7000.00,-38.00,0.00,7.00
212864.00,2019-06-30 17:45:56.864,0.00,294.11,0.00,1.51,0.00,1.00,1.00,127.29,2.75,12.06,63.09,69.62,-63.13,37.20,-0.22,0.07,17.00,7000.00,-38.00,0.00,7.00
212964.00,2019-06-30 17:45:56.964,0.00,294.11,0.00,1.51,0.00,1.00,1.00,127.29,2.75,11.95,63.09,69.62,-62.84,37.20,-0.22,0.07,17.00,7000.00,-38.00,0.00,7.00
213064.00,2019-06-30 17:45:57.064,0.00,294.11,0.00,1.51,0.00,1.00,1.00,127.29,2.75,12.07,63.09,69.72,-62.84,37.20,-0.23,0.07,17.00,7000.00,-38.00,0.00,7.00
213164.00,2019-06-30 17:45:57.164,1.18,294.23,0.00,1.51,0.00,1.00,1.00,127.35,2.75,12.07,63.14,69.72,-62.53,37.20,-0.22,0.07,17.00,7000.00,-38.00,0.00,7.00
213264.00,2019-06-30 17:45:57.264,1.18,294.23,0.00,1.51,0.00,1.00,1.00,127.35,2.75,11.95,63.14,69.66,-62.53,37.23,-0.22,0.07,17.00,7000.00,-38.00,0.00,7.00
213364.00,2019-06-30 17:45:57.364,1.18,294.23,0.00,1.51,0.00,1.00,1.00,127.35,2.75,12.06,63.18,69.66,-62.53,37.23,-0.22,0.07,17.00,7000.00,-38.00,0.00,7.00
213464.00,2019-06-30 17:45:57.464,1.18,294.23,0.00,1.51,0.00,1.00,1.00,127.35,2.75,12.09,63.18,69.66,-62.07,37.23,-0.22,0.07,17.00,7000.00,-38.00,0.00,7.00
213564.00,2019-06-30 17:45:57.564,-0.00,294.23,0.00,1.51,0.00,1.00,1.00,127.35,2.75,11.93,63.18,69.66,-62.07,37.23,-0.22,0.07,17.00,7000.00,-38.00,0.00,7.00
213664.00,2019-06-30 17:45:57.664,0.00,294.23,0.00,1.51,0.00,1.00,1.00,127.35,2.75,12.08,63.16,69.66,-61.83,37.28,-0.22,0.07,17.00,7000.00,-38.00,0.00,7.00
213764.00,2019-06-30 17:45:57.764,0.00,294.23,0.00,1.51,0.00,1.00,1.00,127.35,2.75,12.06,63.16,69.70,-61.83,37.28,-0.23,0.07,17.00,7000.00,-38.00,0.00,7.00
213864.00,2019-06-30 17:45:57.864,0.00,294.23,0.00,1.51,0.00,1.00,1.00,127.35,2.75,12.06,63.11,69.70,-61.83,37.28,-0.20,0.06,17.00,7000.00,-38.00,0.00,7.00
213964.00,2019-06-30 17:45:57.964,0.00,294.23,0.00,1.51,0.00,1.00,1.00,127.35,2.75,12.09,63.11,69.70,-61.59,37.28,-0.23,0.07,17.00,7000.00,-38.00,0.00,7.00
214064.00,2019-06-30 17:45:58.064,0.00,294.23,0.00,1.51,0.00,1.00,1.00,127.35,2.75,11.95,63.11,69.73,-61.59,37.28,-0.22,0.07,17.00,7000.00,-38.00,0.00,7.00
214164.00,2019-06-30 17:45:58.164,0.00,294.23,0.00,1.51,0.00,1.00,1.00,127.35,2.75,12.09,63.23,69.73,-61.59,37.28,-0.21,0.07,17.00,7000.00,-38.00,0.00,7.00
214264.00,2019-06-30 17:45:58.264,0.00,294.23,0.00,1.51,0.00,1.00,1.00,127.35,2.75,12.09,63.23,69.79,-61.23,37.28,-0.23,0.07,17.00,7000.00,-38.00,0.00,7.00
214364.00,2019-06-30 17:45:58.364,-0.00,294.23,0.00,1.51,0.00,1.00,1.00,127.35,2.75,12.09,63.23,69.79,-61.23,37.28,-0.22,0.07,17.00,7000.00,-38.00,0.00,7.00
214464.00,2019-06-30 17:45:58.464,0.00,294.23,0.00,1.51,0.00,1.00,1.00,127.35,2.75,11.95,63.11,69.79,-60.97,37.25,-0.22,0.07,17.00,7000.00,-38.00,0.00,7.00
214564.00,2019-06-30 17:45:58.564,0.00,294.23,0.00,1.51,0.00,1.00,1.00,127.35,2.75,12.06,63.11,69.77,-60.97,37.25,-0.22,0.07,17.00,7000.00,-38.00,0.00,7.00
214664.00,2019-06-30 17:45:58.664,0.00,294.23,0.00,1.51,0.00,1.00,1.00,127.35,2.75,12.07,63.22,69.77,-60.97,37.25,-0.25,0.07,17.00,7000.00,-38.00,0.00,7.00
214764.00,2019-06-30 17:45:58.764,0.00,294.23,0.00,1.51,0.00,1.00,1.00,127.35,2.75,12.08,63.22,69.74,-60.66,37.25,-0.23,0.07,17.00,7000.00,-38.00,0.00,7.00
214864.00,2019-06-30 17:45:58.864,0.00,294.23,0.00,1.51,0.00,1.00,1.00,127.35,2.75,12.08,63.22,69.74,-60.66,37.25,-0.23,0.07,17.00,7000.00,-38.00,0.00,7.00
214964.00,2019-06-30 17:45:58.964,0.00,294.23,0.00,1.51,0.00,1.00,1.00,127.35,2.75,11.94,63.20,69.74,-60.44,37.25,-0.23,0.07,17.00,7000.00,-38.00,0.00,7.00
215064.00,2019-06-30 17:45:59.064,0.00,294.23,0.00,1.51,0.00,1.00,1.00,127.35,2.75,12.07,63.20,69.81,-60.44,37.25,-0.20,0.07,17.00,7000.00,-38.00,0.00,7.00
215164.00,2019-06-30 17:45:59.164,-0.00,294.23,0.00,1.51,0.00,1.00,1.00,127.35,2.75,12.09,63.27,69.81,-60.44,37.25,-0.23,0.07,17.00,7000.00,-38.00,0.00,7.00
215264.00,2019-06-30 17:45:59.264,0.00,294.23,0.00,1.51,0.00,1.00,1.00,127.35,2.75,11.92,63.27,69.72,-60.05,37.35,-0.22,0.07,17.00,7000.00,-38.00,0.00,7.00
215364.00,2019-06-30 17:45:59.364,0.00,294.23,0.00,1.51,0.00,1.00,1.00,127.35,2.75,12.08,63.27,69.72,-60.05,37.35,-0.22,0.08,17.00,7000.00,-38.00,0.00,7.00
215464.00,2019-06-30 17:45:59.464,0.00,294.23,0.00,1.51,0.00,1.00,1.00,127.35,2.75,12.05,63.31,69.72,-60.05,37.35,-0.22,0.07,17.00,7000.00,-38.00,0.00,7.00
215564.00,2019-06-30 17:45:59.564,0.00,294.23,0.00,1.51,0.00,1.00,1.00,127.35,2.75,11.96,63.31,69.73,-59.78,37.35,-0.22,0.07,17.00,7000.00,-38.00,0.00,7.00
215664.00,2019-06-30 17:45:59.664,0.00,294.23,0.00,1.51,0.00,1.00,1.00,127.35,2.75,12.08,63.30,69.73,-59.78,37.34,-0.23,0.07,17.00,7000.00,-38.00,0.00,7.00
215764.00,2019-06-30 17:45:59.764,0.00,294.23,0.00,1.51,0.00,1.00,1.00,127.35,2.75,11.95,63.30,69.77,-59.40,37.34,-0.22,0.07,17.00,7000.00,-38.00,0.00,7.00
215864.00,2019-06-30 17:45:59.864,0.00,294.23,0.00,1.51,0.00,1.00,1.00,127.35,2.75,12.08,63.30,69.77,-59.40,37.34,-0.23,0.07,17.00,7000.00,-38.00,0.00,7.00
215964.00,2019-06-30 17:45:59.964,0.00,294.23,0.00,1.51,0.00,1.00,1.00,127.35,2.75,12.06,63.34,69.77,-59.40,37.34,-0.22,0.07,17.00,7000.00,-38.00,0.00,7.00
216064.00,2019-06-30 17:46:00.064,0.00,294.23,0.00,1.51,0.00,1.00,1.00,127.35,2.75,11.96,63.34,69.77,-59.15,37.38,-0.22,0.07,17.00,7000.00,-38.00,0.00,7.00
216164.00,2019-06-30 17:46:00.164,0.00,294.23,0.00,1.51,0.00,1.00,1.00,127.35,2.75,12.06,63.34,69.77,-59.15,37.38,-0.23,0.08,17.00,7000.00,-38.00,0.00,7.00
216264.00,2019-06-30 17:46:00.264,0.00,294.23,0.00,1.51,0.00,1.00,1.00,127.35,2.75,12.08,63.31,69.84,-58.91,37.38,-0.22,0.08,17.00,7000.00,-38.00,0.00,7.00
216364.00,2019-06-30 17:46:00.364,0.00,294.23,0.00,1.51,0.00,1.00,1.00,127.35,2.75,11.93,63.31,69.84,-58.91,37.38,-0.24,0.07,17.00,7000.00,-38.00,0.00,7.00
216464.00,2019-06-30 17:46:00.464,0.00,294.23,0.00,1.51,0.00,1.00,1.00,127.35,2.75,12.07,63.27,69.84,-58.91,37.38,-0.23,0.08,17.00,7000.00,-38.00,0.00,7.00
216564.00,2019-06-30 17:46:00.564,0.00,294.23,0.00,1.51,0.00,1.00,1.00,127.35,2.75,12.08,63.27,69.80,-58.60,37.38,-0.22,0.08,17.00,7000.00,-38.00,0.00,7.00
216664.00,2019-06-30 17:46:00.664,0.00,294.23,0.00,1.51,0.00,1.00,1.00,127.35,2.75,11.92,63.27,69.80,-58.60,37.38,-0.23,0.07,17.00,7000.00,-38.00,0.00,7.00
216764.00,2019-06-30 17:46:00.764,0.00,294.23,0.00,1.51,0.00,1.00,1.00,127.35,2.75,12.08,63.34,69.86,-58.60,37.38,-0.22,0.07,17.00,7000.00,-38.00,0.00,7.00
216864.00,2019-06-30 17:46:00.864,0.00,294.23,0.00,1.51,0.00,1.00,1.00,127.35,2.75,11.95,63.34,69.86,-58.38,37.36,-0.22,0.07,17.00,7000.00,-38.00,0.00,7.00
216964.00,2019-06-30 17:46:00.964,0.00,294.23,0.00,1.51,0.00,1.00,1.00,127.35,2.75,12.06,63.34,69.86,-58.38,37.36,-0.23,0.08,17.00,7000.00,-38.00,0.00,7.00
217064.00,2019-06-30 17:46:01.064,0.00,294.23,0.00,1.51,0.00,1.00,1.00,127.35,2.75,12.09,63.34,69.86,-58.08,37.36,-0.25,0.07,17.00,7000.00,-38.00,0.00,7.00
217164.00,2019-06-30 17:46:01.164,0.00,294.23,0.00,1.51,0.00,1.00,1.00,127.35,2.75,11.92,63.34,69.86,-58.08,37.36,-0.21,0.08,17.00,7000.00,-38.00,0.00,7.00
217264.00,2019-06-30 17:46:01.264,0.00,294.23,0.00,1.51,0.00,1.00,1.00,127.35,2.75,12.08,63.25,69.84,-58.08,37.43,-0.22,0.08,17.00,7000.00,-38.00,0.00,7.00
217364.00,2019-06-30 17:46:01.364,0.00,294.23,0.00,1.51,0.00,1.00,1.00,127.35,2.75,12.08,63.25,69.84,-57.82,37.43,-0.23,0.08,17.00,7000.00,-38.00,0.00,7.00
217464.00,2019-06-30 17:46:01.464,0.00,294.23,0.00,1.51,0.00,1.00,1.00,127.35,2.75,11.93,63.25,69.84,-57.82,37.43,-0.21,0.07,17.00,7000.00,-38.00,0.00,7.00
217564.00,2019-06-30 17:46:01.564,0.00,294.23,0.00,1.51,0.00,1.00,1.00,127.35,2.75,12.09,63.34,69.91,-57.52,37.43,-0.23,0.07,17.00,7000.00,-38.00,0.00,7.00
217664.00,2019-06-30 17:46:01.664,0.00,294.23,0.00,1.51,0.00,1.00,1.00,127.35,2.75,12.05,63.34,69.91,-57.52,37.49,-0.22,0.07,17.00,7000.00,-38.00,0.00,7.00
217764.00,2019-06-30 17:46:01.764,0.00,294.23,0.00,1.51,0.00,1.00,1.00,127.35,2.75,11.95,63.37,69.82,-57.52,37.49,-0.21,0.07,17.00,7000.00,-38.00,0.00,7.00
217864.00,2019-06-30 17:46:01.864,0.00,294.23,0.00,1.51,0.00,1.00,1.00,127.35,2.75,12.07,63.37,69.82,-57.44,37.49,-0.21,0.07,17.00,7000.00,-38.00,0.00,7.00
217964.00,2019-06-30 17:46:01.964,0.00,294.23,0.00,1.51,0.00,1.00,1.00,127.35,2.75,12.07,63.37,69.82,-57.44,37.49,-0.21,0.08,17.00,7000.00,-38.00,0.00,7.00
218064.00,2019-06-30 17:46:02.064,0.00,294.23,0.00,1.51,0.00,1.00,1.00,127.35,2.75,11.95,63.38,69.82,-57.44,37.45,-0.23,0.07,17.00,7000.00,-38.00,0.00,7.00
218164.00,2019-06-30 17:46:02.164,0.00,294.23,0.00,1.51,0.00,1.00,1.00,127.35,2.75,12.08,63.38,69.82,-57.11,37.45,-0.23,0.07,17.00,7000.00,-38.00,0.00,7.00
218264.00,2019-06-30 17:46:02.264,0.00,294.23,0.00,1.51,0.00,1.00,1.00,127.35,2.75,12.08,63.37,69.86,-57.11,37.45,-0.23,0.08,17.00,7000.00,-38.00,0.00,7.00
218364.00,2019-06-30 17:46:02.364,0.00,294.23,0.00,1.51,0.00,1.00,1.00,127.35,2.75,12.06,63.37,69.86,-56.88,37.45,-0.22,0.07,17.00,7000.00,-38.00,0.00,7.00
218464.00,2019-06-30 17:46:02.464,0.00,294.23,0.00,1.51,0.00,1.00,1.00,127.35,2.75,12.08,63.37,69.86,-56.88,37.47,-0.22,0.08,17.00,7000.00,-38.00,0.00,7.00
218564.00,2019-06-30 17:46:02.564,0.00,294.23,0.00,1.51,0.00,1.00,1.00,127.35,2.75,11.94,63.39,69.80,-56.88,37.47,-0.22,0.08,17.00,7000.00,-38.00,0.00,7.00
218664.00,2019-06-30 17:46:02.664,0.00,294.23,0.00,1.51,0.00,1.00,1.00,127.35,2.75,12.06,63.39,69.80,-56.64,37.47,-0.21,0.08,17.00,7000.00,-38.00,0.00,7.00
218764.00,2019-06-30 17:46:02.764,0.00,294.23,0.00,1.51,0.00,1.00,1.00,127.35,2.75,12.07,63.31,69.84,-56.64,37.47,-0.23,0.07,17.00,7000.00,-38.00,0.00,7.00
218864.00,2019-06-30 17:46:02.864,0.00,294.23,0.00,1.51,0.00,1.00,1.00,127.35,2.75,11.94,63.31,69.84,-56.34,37.49,-0.22,0.08,17.00,7000.00,-38.00,0.00,7.00
218964.00,2019-06-30 17:46:02.964,0.00,294.23,0.00,1.51,0.00,1.00,1.00,127.35,2.75,11.96,63.31,69.84,-56.34,37.49,-0.21,0.08,17.00,7000.00,-38.00,0.00,7.00
219064.00,2019-06-30 17:46:03.064,0.00,294.23,0.00,1.51,0.00,1.00,1.00,127.35,2.75,12.05,63.41,69.80,-56.34,37.49,-0.22,0.07,17.00,7000.00,-38.00,0.00,7.00
219164.00,2019-06-30 17:46:03.164,0.00,294.23,0.00,1.51,0.00,1.00,1.00,127.35,2.75,12.08,63.41,69.80,-56.18,37.49,-0.22,0.08,17.00,7000.00,-38.00,0.00,7.00
219264.00,2019-06-30 17:46:03.264,0.00,294.23,0.00,1.51,0.00,1.00,1.00,127.35,2.75,12.08,63.41,69.81,-56.18,37.46,-0.24,0.08,17.00,7000.00,-38.00,0.00,7.00
219364.00,2019-06-30 17:46:03.364,0.00,294.23,0.00,1.51,0.00,1.00,1.00,127.35,2.75,12.07,63.42,69.81,-56.18,37.46,-0.22,0.07,17.00,7000.00,-38.00,0.00,7.00
219464.00,2019-06-30 17:46:03.464,0.00,294.23,0.00,1.51,0.00,1.00,1.00,127.35,2.75,11.96,63.42,69.81,-55.99,37.46,-0.24,0.08,17.00,7000.00,-38.00,0.00,7.00
219564.00,2019-06-30 17:46:03.564,0.00,294.23,0.00,1.51,0.00,1.00,1.00,127.35,2.75,12.06,63.41,69.81,-55.99,37.46,-0.22,0.07,17.00,7000.00,-38.00,0.00,7.00
219664.00,2019-06-30 17:46:03.664,0.00,294.23,0.00,1.51,0.00,1.00,1.00,127.35,2.75,11.92,63.41,69.81,-55.67,37.46,-0.21,0.08,17.00,7000.00,-38.00,0.00,7.00
219764.00,2019-06-30 17:46:03.764,0.00,294.23,0.00,1.51,0.00,1.00,1.00,127.35,2.75,11.92,63.41,69.86,-55.67,37.46,-0.23,0.08,17.00,7000.00,-38.00,0.00,7.00
219864.00,2019-06-30 17:46:03.864,0.00,294.23,0.00,1.51,0.00,1.00,1.00,127.35,2.75,12.08,63.37,69.86,-55.67,37.46,-0.20,0.07,17.00,7000.00,-38.00,0.00,7.00
219964.00,2019-06-30 17:46:03.964,0.00,294.23,0.00,1.51,0.00,1.00,1.00,127.35,2.75,12.07,63.37,69.86,-55.57,37.46,-0.24,0.07,17.00,7000.00,-38.00,0.00,7.00
220064.00,2019-06-30 17:46:04.064,0.00,294.23,0.00,1.51,0.00,1.00,1.00,127.35,2.75,11.94,63.47,69.88,-55.57,37.46,-0.23,0.07,17.00,7000.00,-38.00,0.00,7.00
220164.00,2019-06-30 17:46:04.164,0.00,294.23,0.00,1.51,0.00,1.00,1.00,127.35,2.75,12.09,63.47,69.88,-55.23,37.46,-0.21,0.07,17.00,7000.00,-38.00,0.00,7.00
220264.00,2019-06-30 17:46:04.264,0.00,294.23,0.00,1.51,0.00,1.00,1.00,127.35,2.75,12.05,63.47,69.98,-55.23,37.46,-0.22,0.07,17.00,7000.00,-38.00,0.00,7.00
220364.00,2019-06-30 17:46:04.364,0.00,294.23,0.00,1.51,0.00,1.00,1.00,127.35,2.75,11.95,63.39,69.98,-55.23,37.46,-0.20,0.08,17.00,7000.00,-38.00,0.00,7.00
220464.00,2019-06-30 17:46:04.464,0.00,294.23,0.00,1.51,0.00,1.00,1.00,127.35,2.75,12.06,63.39,69.98,-55.09,37.49,-0.23,0.08,17.00,7000.00,-38.00,0.00,7.00
220564.00,2019-06-30 17:46:04.564,0.00,294.23,0.00,1.51,0.00,1.00,1.00,127.35,2.75,12.08,63.45,69.91,-55.09,37.49,-0.22,0.08,17.00,7000.00,-38.00,0.00,7.00
220664.00,2019-06-30 17:46:04.664,0.00,294.23,0.00,1.51,0.00,1.00,1.00,127.35,2.75,11.94,63.45,69.91,-55.09,37.49,-0.22,0.08,17.00,7000.00,-38.00,0.00,7.00
220764.00,2019-06-30 17:46:04.764,0.00,294.23,0.00,1.51,0.00,1.00,1.00,127.35,2.75,12.06,63.45,69.91,-54.88,37.49,-0.22,0.08,17.00,7000.00,-38.00,0.00,7.00
220864.00,2019-06-30 17:46:04.864,0.00,294.23,0.00,1.51,0.00,1.00,1.00,127.35,2.75,12.09,63.47,69.91,-54.88,37.49,-0.22,0.08,17.00,7000.00,-38.00,0.00,7.00
220964.00,2019-06-30 17:46:04.964,0.00,294.23,0.00,1.51,0.00,1.00,1.00,127.35,2.75,12.08,63.47,69.91,-54.58,37.49,-0.22,0.07,17.00,7000.00,-38.00,0.00,7.00
221064.00,2019-06-30 17:46:05.064,0.00,294.23,0.00,1.51,0.00,1.00,1.00,127.35,2.75,12.07,63.47,69.86,-54.58,37.49,-0.21,0.08,17.00,7000.00,-38.00,0.00,7.00
221164.00,2019-06-30 17:46:05.164,0.00,294.23,0.00,1.51,0.00,1.00,1.00,127.35,2.75,11.96,63.52,69.86,-54.58,37.49,-0.24,0.08,17.00,7000.00,-38.00,0.00,7.00
221264.00,2019-06-30 17:46:05.264,0.00,294.23,0.00,1.51,0.00,1.00,1.00,127.35,2.75,12.05,63.52,69.94,-54.34,37.53,-0.22,0.08,17.00,7000.00,-38.00,0.00,7.00
221364.00,2019-06-30 17:46:05.364,0.00,294.23,0.00,1.51,0.00,1.00,1.00,127.35,2.75,12.08,63.45,69.94,-54.34,37.53,-0.22,0.08,17.00,7000.00,-38.00,0.00,7.00
221464.00,2019-06-30 17:46:05.464,0.00,294.23,0.00,1.51,0.00,1.00,1.00,127.35,2.75,11.93,63.45,69.94,-54.13,37.53,-0.22,0.08,17.00,7000.00,-38.00,0.00,7.00
221564.00,2019-06-30 17:46:05.564,0.00,294.23,0.00,1.51,0.00,1.00,1.00,127.35,2.75,12.07,63.45,69.88,-54.13,37.53,-0.21,0.08,17.00,7000.00,-38.00,0.00,7.00
221664.00,2019-06-30 17:46:05.664,0.00,294.23,0.00,1.51,0.00,1.00,1.00,127.35,2.75,12.08,63.49,69.88,-54.13,37.63,-0.22,0.08,17.00,7000.00,-38.00,0.00,7.00
221764.00,2019-06-30 17:46:05.764,0.00,294.23,0.00,1.51,0.00,1.00,1.00,127.35,2.75,11.92,63.49,69.75,-54.02,37.63,-0.23,0.07,17.00,7000.00,-38.00,0.00,7.00
221864.00,2019-06-30 17:46:05.864,0.00,294.23,0.00,1.51,0.00,1.00,1.00,127.35,2.75,12.09,63.47,69.75,-54.02,37.63,-0.23,0.08,17.00,7000.00,-38.00,0.00,7.00
221964.00,2019-06-30 17:46:05.964,0.00,294.23,0.00,1.51,0.00,1.00,1.00,127.35,2.75,12.06,63.47,69.75,-54.02,37.63,-0.22,0.07,17.00,7000.00,-38.00,0.00,7.00
222064.00,2019-06-30 17:46:06.064,0.00,294.23,0.00,1.51,0.00,1.00,1.00,127.35,2.75,11.96,63.47,69.86,-53.73,37.63,-0.22,0.08,17.00,7000.00,-38.00,0.00,7.00
222164.00,2019-06-30 17:46:06.164,0.00,294.23,0.00,1.51,0.00,1.00,1.00,127.35,2.75,12.06,63.52,69.86,-53.73,37.63,-0.22,0.08,17.00,7000.00,-38.00,0.00,7.00
222264.00,2019-06-30 17:46:06.264,0.00,294.23,0.00,1.51,0.00,1.00,1.00,127.35,2.75,12.08,63.52,69.86,-53.55,37.63,-0.21,0.08,17.00,7000.00,-38.00,0.00,7.00
222364.00,2019-06-30 17:46:06.364,0.00,294.23,0.00,1.51,0.00,1.00,1.00,127.35,2.75,11.93,63.52,69.86,-53.55,37.63,-0.23,0.08,17.00,7000.00,-38.00,0.00,7.00
222464.00,2019-06-30 17:46:06.464,0.00,294.23,0.00,1.51,0.00,1.00,1.00,127.35,2.75,12.07,63.49,69.86,-53.55,37.53,-0.22,0.08,17.00,7000.00,-38.00,0.00,7.00
222564.00,2019-06-30 17:46:06.564,0.00,294.23,0.00,1.51,0.00,1.00,1.00,127.35,2.75,11.93,63.49,69.77,-53.34,37.53,-0.21,0.08,17.00,7000.00,-38.00,0.00,7.00
222664.00,2019-06-30 17:46:06.664,0.00,294.23,0.00,1.51,0.00,1.00,1.00,127.35,2.75,12.07,63.49,69.77,-53.34,37.53,-0.23,0.08,17.00,7000.00,-38.00,0.00,7.00
222764.00,2019-06-30 17:46:06.764,0.00,294.23,0.00,1.51,0.00,1.00,1.00,127.35,2.75,12.08,63.49,69.87,-53.21,37.53,-0.22,0.07,17.00,7000.00,-38.00,0.00,7.00
222864.00,2019-06-30 17:46:06.864,0.00,294.23,0.00,1.51,0.00,1.00,1.00,127.35,2.75,12.08,63.49,69.87,-53.21,37.67,-0.22,0.08,17.00,7000.00,-38.00,0.00,7.00
222964.00,2019-06-30 17:46:06.964,0.00,294.23,0.00,1.51,0.00,1.00,1.00,127.35,2.75,12.08,63.53,69.87,-53.21,37.67,-0.23,0.08,17.00,7000.00,-38.00,0.00,7.00
223064.00,2019-06-30 17:46:07.064,0.00,294.23,0.00,1.51,0.00,1.00,1.00,127.35,2.75,12.07,63.53,69.82,-52.92,37.67,-0.26,0.08,17.00,7000.00,-38.00,0.00,7.00
223164.00,2019-06-30 17:46:07.164,0.00,294.23,0.00,1.51,0.00,1.00,1.00,127.35,2.75,11.93,63.51,69.82,-52.92,37.67,-0.22,0.08,17.00,7000.00,-38.00,0.00,7.00
223264.00,2019-06-30 17:46:07.264,0.00,294.23,0.00,1.51,0.00,1.00,1.00,127.35,2.75,12.08,63.51,69.82,-52.92,37.63,-0.23,0.08,17.00,7000.00,-38.00,0.00,7.00
223364.00,2019-06-30 17:46:07.364,0.00,294.23,0.00,1.51,0.00,1.00,1.00,127.35,2.75,11.94,63.51,69.82,-52.76,37.63,-0.22,0.08,17.00,7000.00,-38.00,0.00,7.00
223464.00,2019-06-30 17:46:07.464,0.00,294.23,0.00,1.51,0.00,1.00,1.00,127.35,2.75,12.06,63.48,69.82,-52.76,37.63,-0.21,0.08,17.00,7000.00,-38.00,0.00,7.00
223564.00,2019-06-30 17:46:07.564,0.00,294.23,0.00,1.51,0.00,1.00,1.00,127.35,2.75,12.09,63.48,69.86,-52.57,37.63,-0.23,0.08,17.00,7000.00,-38.00,0.00,7.00
223664.00,2019-06-30 17:46:07.664,0.00,294.23,0.00,1.51,0.00,1.00,1.00,127.35,2.75,11.92,63.49,69.86,-52.57,37.70,-0.22,0.08,17.00,7000.00,-38.00,0.00,7.00
223764.00,2019-06-30 17:46:07.764,0.00,294.23,0.00,1.51,0.00,1.00,1.00,127.35,2.75,12.08,63.49,69.84,-52.57,37.70,-0.21,0.08,17.00,7000.00,-38.00,0.00,7.00
223864.00,2019-06-30 17:46:07.864,0.00,294.23,0.00,1.51,0.00,1.00,1.00,127.35,2.75,12.05,63.49,69.84,-52.29,37.70,-0.22,0.07,17.00,7000.00,-38.00,0.00,7.00
223964.00,2019-06-30 17:46:07.964,0.00,294.23,0.00,1.51,0.00,1.00,1.00,127.35,2.75,11.95,63.53,69.84,-52.29,37.70,-0.22,0.08,17.00,7000.00,-38.00,0.00,7.00
224064.00,2019-06-30 17:46:08.064,0.00,294.23,0.00,1.51,0.00,1.00,1.00,127.35,2.75,12.08,63.53,69.84,-52.13,37.61,-0.23,0.08,17.00,7000.00,-38.00,0.00,7.00
224164.00,2019-06-30 17:46:08.164,0.00,294.23,0.00,1.51,0.00,1.00,1.00,127.35,2.75,11.92,63.53,69.84,-52.13,37.61,-0.22,0.08,17.00,7000.00,-38.00,0.00,7.00
224264.00,2019-06-30 17:46:08.264,0.00,294.23,0.00,1.51,0.00,1.00,1.00,127.35,2.75,12.08,63.47,69.91,-52.13,37.61,-0.23,0.08,17.00,7000.00,-38.00,0.00,7.00
224364.00,2019-06-30 17:46:08.364,0.00,294.23,0.00,1.51,0.00,1.00,1.00,127.35,2.75,12.06,63.47,69.91,-51.99,37.61,-0.22,0.08,17.00,7000.00,-38.00,0.00,7.00
224464.00,2019-06-30 17:46:08.464,0.00,294.23,0.00,1.51,0.00,1.00,1.00,127.35,2.75,11.94,63.60,69.91,-51.99,37.73,-0.22,0.07,17.00,7000.00,-38.00,0.00,7.00
224564.00,2019-06-30 17:46:08.564,0.00,294.23,0.00,1.51,0.00,1.00,1.00,127.35,2.75,12.07,63.60,69.80,-51.99,37.73,-0.23,0.08,17.00,7000.00,-38.00,0.00,7.00
224664.00,2019-06-30 17:46:08.664,0.00,294.23,0.00,1.51,0.00,1.00,1.00,127.35,2.75,12.06,63.60,69.80,-51.77,37.73,-0.21,0.08,17.00,7000.00,-38.00,0.00,7.00
224764.00,2019-06-30 17:46:08.764,0.00,294.23,0.00,1.51,0.00,1.00,1.00,127.35,2.75,11.96,63.51,69.88,-51.77,37.73,-0.24,0.08,17.00,7000.00,-38.00,0.00,7.00
224864.00,2019-06-30 17:46:08.864,0.00,294.23,0.00,1.51,0.00,1.00,1.00,127.35,2.75,12.05,63.51,69.88,-51.56,37.74,-0.21,0.08,17.00,7000.00,-38.00,0.00,7.00
224964.00,2019-06-30 17:46:08.964,0.00,294.23,0.00,1.51,0.00,1.00,1.00,127.35,2.75,12.08,63.49,69.88,-51.56,37.74,-0.22,0.07,17.00,7000.00,-38.00,0.00,7.00
225064.00,2019-06-30 17:46:09.064,0.00,294.23,0.00,1.51,0.00,1.00,1.00,127.35,2.75,11.93,63.49,69.82,-51.56,37.74,-0.23,0.08,17.00,7000.00,-38.00,0.00,7.00
225164.00,2019-06-30 17:46:09.164,0.00,294.23,0.00,1.51,0.00,1.00,1.00,127.35,2.75,12.07,63.49,69.82,-51.41,37.74,-0.23,0.08,17.00,7000.00,-38.00,0.00,7.00
225264.00,2019-06-30 17:46:09.264,0.00,294.23,0.00,1.51,0.00,1.00,1.00,127.35,2.75,12.09,63.55,69.84,-51.41,37.70,-0.23,0.08,17.00,7000.00,-38.00,0.00,7.00
225364.00,2019-06-30 17:46:09.364,0.00,294.23,0.00,1.51,0.00,1.00,1.00,127.35,2.75,11.92,63.55,69.84,-51.18,37.70,-0.22,0.08,17.00,7000.00,-38.00,0.00,7.00
225464.00,2019-06-30 17:46:09.464,0.00,294.23,0.00,1.51,0.00,1.00,1.00,127.35,2.75,12.09,63.55,69.84,-51.18,37.70,-0.24,0.08,17.00,7000.00,-38.00,0.00,7.00
225564.00,2019-06-30 17:46:09.564,0.00,294.23,0.00,1.51,0.00,1.00,1.00,127.35,2.75,12.06,63.56,69.82,-51.18,37.70,-0.21,0.08,17.00,7000.00,-38.00,0.00,7.00
225664.00,2019-06-30 17:46:09.664,0.00,294.23,0.00,1.51,0.00,1.00,1.00,127.35,2.75,11.95,63.56,69.82,-51.05,37.67,-0.22,0.07,17.00,7000.00,-38.00,0.00,7.00
225764.00,2019-06-30 17:46:09.764,0.00,294.23,0.00,1.51,0.00,1.00,1.00,127.35,2.75,12.08,63.54,69.70,-51.05,37.67,-0.23,0.08,17.00,7000.00,-38.00,0.00,7.00
225864.00,2019-06-30 17:46:09.864,0.00,294.23,0.00,1.51,0.00,1.00,1.00,127.35,2.75,12.06,63.54,69.70,-51.05,37.67,-0.20,0.07,17.00,7000.00,-38.00,0.00,7.00
225964.00,2019-06-30 17:46:09.964,0.00,294.23,0.00,1.51,0.00,1.00,1.00,127.35,2.75,11.96,63.54,69.70,-50.77,37.67,-0.22,0.08,17.00,7000.00,-38.00,0.00,7.00
226064.00,2019-06-30 17:46:10.064,0.00,294.23,0.00,1.51,0.00,1.00,1.00,127.35,2.75,12.05,63.65,69.77,-50.77,37.72,-0.22,0.08,17.00,7000.00,-38.00,0.00,7.00
226164.00,2019-06-30 17:46:10.164,0.00,294.23,0.00,1.51,0.00,1.00,1.00,127.35,2.75,12.09,63.65,69.77,-50.62,37.72,-0.22,0.08,17.00,7000.00,-38.00,0.00,7.00
226264.00,2019-06-30 17:46:10.264,0.00,294.23,0.00,1.51,0.00,1.00,1.00,127.35,2.75,11.92,63.60,69.75,-50.62,37.72,-0.22,0.08,17.00,7000.00,-38.00,0.00,7.00
226364.00,2019-06-30 17:46:10.364,0.00,294.23,0.00,1.51,0.00,1.00,1.00,127.35,2.75,12.09,63.60,69.75,-50.62,37.72,-0.21,0.08,17.00,7000.00,-38.00,0.00,7.00
226464.00,2019-06-30 17:46:10.464,0.00,294.23,0.00,1.51,0.00,1.00,1.00,127.35,2.75,11.95,63.60,69.75,-50.47,37.68,-0.22,0.08,17.00,7000.00,-38.00,0.00,7.00
226564.00,2019-06-30 17:46:10.564,0.00,294.23,0.00,1.51,0.00,1.00,1.00,127.35,2.75,11.94,63.52,69.84,-50.47,37.68,-0.22,0.08,17.00,7000.00,-38.00,0.00,7.00
226664.00,2019-06-30 17:46:10.664,0.00,294.23,0.00,1.51,0.00,1.00,1.00,127.35,2.75,12.07,63.52,69.84,-50.28,37.68,-0.22,0.08,17.00,7000.00,-38.00,0.00,7.00
226764.00,2019-06-30 17:46:10.764,0.00,294.23,0.00,1.51,0.00,1.00,1.00,127.35,2.75,11.93,63.59,69.80,-50.28,37.68,-0.22,0.08,17.00,7000.00,-38.00,0.00,7.00
226864.00,2019-06-30 17:46:10.864,0.00,294.23,0.00,1.51,0.00,1.00,1.00,127.35,2.75,12.08,63.59,69.80,-50.28,37.86,-0.22,0.08,17.00,7000.00,-38.00,0.00,7.00
226964.00,2019-06-30 17:46:10.964,0.00,294.23,0.00,1.51,0.00,1.00,1.00,127.35,2.75,12.08,63.59,69.80,-50.06,37.86,-0.21,0.08,17.00,7000.00,-38.00,0.00,7.00
227064.00,2019-06-30 17:46:11.064,0.00,294.23,0.00,1.51,0.00,1.00,1.00,127.35,2.75,11.92,63.64,69.82,-50.06,37.86,-0.21,0.08,17.00,7000.00,-38.00,0.00,7.00
227164.00,2019-06-30 17:46:11.164,0.00,294.23,0.00,1.51,0.00,1.00,1.00,127.35,2.75,12.09,63.64,69.82,-50.06,37.86,-0.23,0.08,17.00,7000.00,-38.00,0.00,7.00
227264.00,2019-06-30 17:46:11.264,0.00,294.23,0.00,1.51,0.00,1.00,1.00,127.35,2.75,12.05,63.64,69.84,-49.88,37.77,-0.22,0.08,17.00,7000.00,-38.00,0.00,7.00
227364.00,2019-06-30 17:46:11.364,0.00,294.23,0.00,1.51,0.00,1.00,1.00,127.35,2.75,11.95,63.63,69.84,-49.88,37.77,-0.23,0.08,17.00,7000.00,-38.00,0.00,7.00
227464.00,2019-06-30 17:46:11.464,0.00,294.23,0.00,1.51,0.00,1.00,1.00,127.35,2.75,12.05,63.63,69.84,-49.74,37.77,-0.23,0.08,17.00,7000.00,-38.00,0.00,7.00
227564.00,2019-06-30 17:46:11.564,0.00,294.23,0.00,1.51,0.00,1.00,1.00,127.35,2.75,11.94,63.63,69.80,-49.74,37.77,-0.22,0.08,17.00,7000.00,-38.00,0.00,7.00
227664.00,2019-06-30 17:46:11.664,0.00,294.23,0.00,1.51,0.00,1.00,1.00,127.35,2.75,12.09,63.63,69.80,-49.74,37.86,-0.23,0.08,17.00,7000.00,-38.00,0.00,7.00
227764.00,2019-06-30 17:46:11.764,0.00,294.23,0.00,1.51,0.00,1.00,1.00,127.35,2.75,12.05,63.63,69.74,-49.59,37.86,-0.22,0.07,17.00,7000.00,-38.00,0.00,7.00
227864.00,2019-06-30 17:46:11.864,0.00,294.23,0.00,1.51,0.00,1.00,1.00,127.35,2.75,11.95,63.53,69.74,-49.59,37.86,-0.24,0.08,17.00,7000.00,-38.00,0.00,7.00
227964.00,2019-06-30 17:46:11.964,0.00,294.23,0.00,1.51,0.00,1.00,1.00,127.35,2.75,12.06,63.53,69.74,-49.31,37.86,-0.22,0.07,17.00,7000.00,-38.00,0.00,7.00
228064.00,2019-06-30 17:46:12.064,0.00,294.23,0.00,1.51,0.00,1.00,1.00,127.35,2.75,12.09,63.56,69.80,-49.31,37.84,-0.22,0.08,17.00,7000.00,-38.00,0.00,7.00
228164.00,2019-06-30 17:46:12.164,0.00,294.23,0.00,1.51,0.00,1.00,1.00,127.35,2.75,12.08,63.56,69.80,-49.31,37.84,-0.23,0.08,17.00,7000.00,-38.00,0.00,7.00
228264.00,2019-06-30 17:46:12.264,0.00,294.23,0.00,1.51,0.00,1.00,1.00,127.35,2.75,12.06,63.56,69.81,-49.20,37.84,-0.21,0.08,17.00,7000.00,-38.00,0.00,7.00
228364.00,2019-06-30 17:46:12.364,0.00,294.23,0.00,1.51,0.00,1.00,1.00,127.35,2.75,11.93,63.64,69.81,-49.20,37.84,-0.23,0.08,17.00,7000.00,-38.00,0.00,7.00
228464.00,2019-06-30 17:46:12.464,0.00,294.23,0.00,1.51,0.00,1.00,1.00,127.35,2.75,12.07,63.64,69.81,-49.20,37.74,-0.22,0.09,17.00,7000.00,-38.00,0.00,7.00
228564.00,2019-06-30 17:46:12.564,0.00,294.23,0.00,1.51,0.00,1.00,1.00,127.35,2.75,11.93,63.64,69.80,-49.15,37.74,-0.21,0.08,17.00,7000.00,-38.00,0.00,7.00
228664.00,2019-06-30 17:46:12.664,0.00,294.23,0.00,1.51,0.00,1.00,1.00,127.35,2.75,11.91,63.65,69.80,-49.15,37.74,-0.23,0.08,17.00,7000.00,-38.00,0.00,7.00
228764.00,2019-06-30 17:46:12.764,0.00,294.23,0.00,1.51,0.00,1.00,1.00,127.35,2.75,11.94,63.65,69.79,-48.89,37.74,-0.21,0.08,17.00,7000.00,-38.00,0.00,7.00
228864.00,2019-06-30 17:46:12.864,0.00,294.23,0.00,1.51,0.00,1.00,1.00,127.35,2.75,12.08,63.58,69.79,-48.89,37.88,-0.21,0.07,17.00,7000.00,-38.00,0.00,7.00
228964.00,2019-06-30 17:46:12.964,0.00,294.23,0.00,1.51,0.00,1.00,1.00,127.35,2.75,12.06,63.58,69.79,-48.89,37.88,-0.22,0.07,17.00,7000.00,-38.00,0.00,7.00
229064.00,2019-06-30 17:46:13.064,0.00,294.23,0.00,1.51,0.00,1.00,1.00,127.35,2.75,11.96,63.58,69.77,-48.78,37.88,-0.24,0.08,17.00,7000.00,-38.00,0.00,7.00
229164.00,2019-06-30 17:46:13.164,0.00,294.23,0.00,1.51,0.00,1.00,1.00,127.35,2.75,12.06,63.66,69.77,-48.78,37.88,-0.22,0.07,17.00,7000.00,-38.00,0.00,7.00
229264.00,2019-06-30 17:46:13.264,0.00,294.23,0.00,1.51,0.00,1.00,1.00,127.35,2.75,12.07,63.66,69.84,-48.78,37.91,-0.21,0.08,17.00,7000.00,-38.00,0.00,7.00
229364.00,2019-06-30 17:46:13.364,0.00,294.23,0.00,1.51,0.00,1.00,1.00,127.35,2.75,11.94,63.64,69.84,-48.54,37.91,-0.23,0.08,17.00,7000.00,-38.00,0.00,7.00
229464.00,2019-06-30 17:46:13.464,0.00,294.23,0.00,1.51,0.00,1.00,1.00,127.35,2.75,12.06,63.64,69.84,-48.54,37.91,-0.20,0.08,17.00,7000.00,-38.00,0.00,7.00
229564.00,2019-06-30 17:46:13.564,0.00,294.23,0.00,1.51,0.00,1.00,1.00,127.35,2.75,12.09,63.64,69.82,-48.41,37.91,-0.23,0.08,17.00,7000.00,-38.00,0.00,7.00
229664.00,2019-06-30 17:46:13.664,0.00,294.23,0.00,1.51,0.00,1.00,1.00,127.35,2.75,11.94,63.63,69.82,-48.41,37.86,-0.22,0.08,17.00,7000.00,-38.00,0.00,7.00
229764.00,2019-06-30 17:46:13.764,0.00,294.23,0.00,1.51,0.00,1.00,1.00,127.35,2.75,12.09,63.63,69.88,-48.41,37.86,-0.22,0.08,17.00,7000.00,-38.00,0.00,7.00
229864.00,2019-06-30 17:46:13.864,0.00,294.23,0.00,1.51,0.00,1.00,1.00,127.35,2.75,12.05,63.63,69.88,-48.20,37.86,-0.23,0.07,17.00,7000.00,-38.00,0.00,7.00
229964.00,2019-06-30 17:46:13.964,0.00,294.23,0.00,1.51,0.00,1.00,1.00,127.35,2.75,11.95,63.74,69.88,-48.20,37.86,-0.22,0.08,17.00,7000.00,-38.00,0.00,7.00
230064.00,2019-06-30 17:46:14.064,0.00,294.23,0.00,1.51,0.00,1.00,1.00,127.35,2.75,12.09,63.74,69.77,-48.07,37.95,-0.23,0.08,17.00,7000.00,-38.00,0.00,7.00
230164.00,2019-06-30 17:46:14.164,0.00,294.23,0.00,1.51,0.00,1.00,1.00,127.35,2.75,11.92,63.63,69.77,-48.07,37.95,-0.22,0.08,17.00,7000.00,-38.00,0.00,7.00
230264.00,2019-06-30 17:46:14.264,0.00,294.23,0.00,1.51,0.00,1.00,1.00,127.35,2.75,12.07,63.63,69.73,-48.07,37.95,-0.24,0.08,17.00,7000.00,-38.00,0.00,7.00
230364.00,2019-06-30 17:46:14.364,0.00,294.23,0.00,1.51,0.00,1.00,1.00,127.35,2.75,11.93,63.63,69.73,-47.88,37.95,-0.22,0.08,17.00,7000.00,-38.00,0.00,7.00
230464.00,2019-06-30 17:46:14.464,0.00,294.23,0.00,1.51,0.00,1.00,1.00,127.35,2.75,12.08,63.69,69.73,-47.88,37.94,-0.22,0.08,17.00,7000.00,-38.00,0.00,7.00
230564.00,2019-06-30 17:46:14.564,0.00,294.23,0.00,1.51,0.00,1.00,1.00,127.35,2.75,12.08,63.69,69.75,-47.88,37.94,-0.24,0.08,17.00,7000.00,-38.00,0.00,7.00
230664.00,2019-06-30 17:46:14.664,0.00,294.23,0.00,1.51,0.00,1.00,1.00,127.35,2.75,11.93,63.63,69.75,-47.77,37.94,-0.20,0.08,17.00,7000.00,-38.00,0.00,7.00
230764.00,2019-06-30 17:46:14.764,0.00,294.23,0.00,1.51,0.00,1.00,1.00,127.35,2.75,12.09,63.63,69.75,-47.77,37.94,-0.23,0.07,17.00,7000.00,-38.00,0.00,7.00
230864.00,2019-06-30 17:46:14.864,0.00,294.23,0.00,1.51,0.00,1.00,1.00,127.35,2.75,12.05,63.63,69.75,-47.61,37.98,-0.22,0.08,17.00,7000.00,-38.00,0.00,7.00
230964.00,2019-06-30 17:46:14.964,0.00,294.23,0.00,1.51,0.00,1.00,1.00,127.35,2.75,11.95,63.73,69.75,-47.61,37.98,-0.22,0.08,17.00,7000.00,-38.00,0.00,7.00
231064.00,2019-06-30 17:46:15.064,0.00,294.23,0.00,1.51,0.00,1.00,1.00,127.35,2.75,12.07,63.73,69.70,-47.61,37.98,-0.22,0.07,17.00,7000.00,-38.00,0.00,7.00
231164.00,2019-06-30 17:46:15.164,0.00,294.23,0.00,1.51,0.00,1.00,1.00,127.35,2.75,12.08,63.71,69.70,-47.38,37.98,-0.22,0.08,17.00,7000.00,-38.00,0.00,7.00
231264.00,2019-06-30 17:46:15.264,0.00,294.23,0.00,1.51,0.00,1.00,1.00,127.35,2.75,11.93,63.71,69.70,-47.38,37.88,-0.23,0.08,17.00,7000.00,-38.00,0.00,7.00
231364.00,2019-06-30 17:46:15.364,0.00,294.23,0.00,1.51,0.00,1.00,1.00,127.35,2.75,12.05,63.71,69.70,-47.34,37.88,-0.22,0.08,17.00,7000.00,-38.00,0.00,7.00
231464.00,2019-06-30 17:46:15.464,0.00,294.23,0.00,1.51,0.00,1.00,1.00,127.35,2.75,11.95,63.76,69.70,-47.34,37.88,-0.24,0.08,17.00,7000.00,-38.00,0.00,7.00
231564.00,2019-06-30 17:46:15.564,0.00,294.23,0.00,1.51,0.00,1.00,1.00,127.35,2.75,12.06,63.76,69.70,-47.34,37.88,-0.21,0.07,17.00,7000.00,-38.00,0.00,7.00
231664.00,2019-06-30 17:46:15.664,0.00,294.23,0.00,1.51,0.00,1.00,1.00,127.35,2.75,12.08,63.76,69.70,-47.14,37.94,-0.23,0.08,17.00,7000.00,-38.00,0.00,7.00
231764.00,2019-06-30 17:46:15.764,0.00,294.23,0.00,1.51,0.00,1.00,1.00,127.35,2.75,11.92,63.76,69.75,-47.14,37.94,-0.22,0.08,17.00,7000.00,-38.00,0.00,7.00
231864.00,2019-06-30 17:46:15.864,0.00,294.23,0.00,1.51,0.00,1.00,1.00,127.35,2.75,12.08,63.76,69.75,-47.14,37.94,-0.21,0.08,17.00,7000.00,-38.00,0.00,7.00
231964.00,2019-06-30 17:46:15.964,0.00,294.23,0.00,1.51,0.00,1.00,1.00,127.35,2.75,12.07,63.76,69.75,-47.05,37.94,-0.24,0.08,17.00,7000.00,-38.00,0.00,7.00
232064.00,2019-06-30 17:46:16.064,0.00,294.23,0.00,1.51,0.00,1.00,1.00,127.35,2.75,11.93,63.76,69.73,-47.05,37.91,-0.22,0.08,17.00,7000.00,-38.00,0.00,7.00
232164.00,2019-06-30 17:46:16.164,0.00,294.23,0.00,1.51,0.00,1.00,1.00,127.35,2.75,12.09,63.76,69.73,-46.92,37.91,-0.21,0.08,17.00,7000.00,-38.00,0.00,7.00
232264.00,2019-06-30 17:46:16.264,0.00,294.23,0.00,1.51,0.00,1.00,1.00,127.35,2.75,12.05,63.70,69.75,-46.92,37.91,-0.22,0.08,17.00,7000.00,-38.00,0.00,7.00
232364.00,2019-06-30 17:46:16.364,0.00,294.23,0.00,1.51,0.00,1.00,1.00,127.35,2.75,11.95,63.70,69.75,-46.92,37.91,-0.23,0.08,17.00,7000.00,-38.00,0.00,7.00
232464.00,2019-06-30 17:46:16.464,0.00,294.23,0.00,1.51,0.00,1.00,1.00,127.35,2.75,12.09,63.72,69.75,-46.64,37.97,-0.23,0.08,17.00,7000.00,-38.00,0.00,7.00
232564.00,2019-06-30 17:46:16.564,0.00,294.23,0.00,1.51,0.00,1.00,1.00,127.35,2.75,11.91,63.72,69.67,-46.64,37.97,-0.22,0.08,17.00,7000.00,-38.00,0.00,7.00
232664.00,2019-06-30 17:46:16.664,0.00,294.23,0.00,1.51,0.00,1.00,1.00,127.35,2.75,12.08,63.72,69.67,-46.55,37.97,-0.24,0.09,17.00,7000.00,-38.00,0.00,7.00
232764.00,2019-06-30 17:46:16.764,0.00,294.23,0.00,1.51,0.00,1.00,1.00,127.35,2.75,12.06,63.69,69.70,-46.55,37.97,-0.22,0.08,17.00,7000.00,-38.00,0.00,7.00
232864.00,2019-06-30 17:46:16.864,0.00,294.23,0.00,1.51,0.00,1.00,1.00,127.35,2.75,12.07,63.69,69.70,-46.55,37.94,-0.21,0.08,17.00,7000.00,-38.00,0.00,7.00
232964.00,2019-06-30 17:46:16.964,0.00,294.23,0.00,1.51,0.00,1.00,1.00,127.35,2.75,12.08,63.69,69.70,-46.37,37.94,-0.22,0.08,17.00,7000.00,-38.00,0.00,7.00
233064.00,2019-06-30 17:46:17.064,0.00,294.23,0.00,1.51,0.00,1.00,1.00,127.35,2.75,11.93,63.69,69.73,-46.37,37.94,-0.21,0.08,17.00,7000.00,-38.00,0.00,7.00
233164.00,2019-06-30 17:46:17.164,0.00,294.23,0.00,1.51,0.00,1.00,1.00,127.35,2.75,12.09,63.69,69.73,-46.37,37.94,-0.24,0.08,17.00,7000.00,-38.00,0.00,7.00
233264.00,2019-06-30 17:46:17.264,0.00,294.23,0.00,1.51,0.00,1.00,1.00,127.35,2.75,12.05,63.77,69.68,-46.22,37.92,-0.21,0.08,17.00,7000.00,-38.00,0.00,7.00
233364.00,2019-06-30 17:46:17.364,0.00,294.23,0.00,1.51,0.00,1.00,1.00,127.35,2.75,11.95,63.77,69.68,-46.22,37.92,-0.22,0.08,17.00,7000.00,-38.00,0.00,7.00
233464.00,2019-06-30 17:46:17.464,0.00,294.23,0.00,1.51,0.00,1.00,1.00,127.35,2.75,12.07,63.77,69.68,-46.09,37.92,-0.22,0.08,17.00,7000.00,-38.00,0.00,7.00
233564.00,2019-06-30 17:46:17.564,0.00,294.23,0.00,1.51,0.00,1.00,1.00,127.35,2.75,12.08,63.72,69.68,-46.09,37.92,-0.20,0.08,17.00,7000.00,-38.00,0.00,7.00
233664.00,2019-06-30 17:46:17.664,0.00,294.23,0.00,1.51,0.00,1.00,1.00,127.35,2.75,12.08,63.72,69.68,-46.09,37.96,-0.22,0.08,17.00,7000.00,-38.00,0.00,7.00
233764.00,2019-06-30 17:46:17.764,0.00,294.23,0.00,1.51,0.00,1.00,1.00,127.35,2.75,12.08,63.71,69.65,-46.02,37.96,-0.22,0.08,17.00,7000.00,-38.00,0.00,7.00
233864.00,2019-06-30 17:46:17.864,0.00,294.23,0.00,1.51,0.00,1.00,1.00,127.35,2.75,12.08,63.71,69.65,-46.02,37.96,-0.23,0.08,17.00,7000.00,-38.00,0.00,7.00
233964.00,2019-06-30 17:46:17.964,0.00,294.23,0.00,1.51,0.00,1.00,1.00,127.35,2.75,12.08,63.71,69.65,-45.79,37.96,-0.22,0.08,17.00,7000.00,-38.00,0.00,7.00
234064.00,2019-06-30 17:46:18.064,0.00,294.23,0.00,1.51,0.00,1.00,1.00,127.35,2.75,12.08,63.77,69.62,-45.79,37.97,-0.22,0.08,17.00,7000.00,-38.00,0.00,7.00
234164.00,2019-06-30 17:46:18.164,0.00,294.23,0.00,1.51,0.00,1.00,1.00,127.35,2.75,11.95,63.77,69.62,-45.79,37.97,-0.22,0.08,17.00,7000.00,-38.00,0.00,7.00
234264.00,2019-06-30 17:46:18.264,0.00,294.23,0.00,1.51,0.00,1.00,1.00,127.35,2.75,12.06,63.67,69.56,-45.65,37.97,-0.20,0.08,17.00,7000.00,-38.00,0.00,7.00
234364.00,2019-06-30 17:46:18.364,0.00,294.23,0.00,1.51,0.00,1.00,1.00,127.35,2.75,12.09,63.67,69.56,-45.65,37.97,-0.23,0.08,17.00,7000.00,-38.00,0.00,7.00
234464.00,2019-06-30 17:46:18.464,0.00,294.23,0.00,1.51,0.00,1.00,1.00,127.35,2.75,11.92,63.67,69.56,-45.65,37.96,-0.22,0.08,17.00,7000.00,-38.00,0.00,7.00
234564.00,2019-06-30 17:46:18.564,0.00,294.23,0.00,1.51,0.00,1.00,1.00,127.35,2.75,12.08,63.77,69.57,-45.63,37.96,-0.22,0.08,17.00,7000.00,-38.00,0.00,7.00
234664.00,2019-06-30 17:46:18.664,0.00,294.23,0.00,1.51,0.00,1.00,1.00,127.35,2.75,12.07,63.77,69.57,-45.63,37.96,-0.23,0.08,17.00,7000.00,-38.00,0.00,7.00
234764.00,2019-06-30 17:46:18.764,0.00,294.23,0.00,1.51,0.00,1.00,1.00,127.35,2.75,11.93,63.77,69.61,-45.40,37.96,-0.22,0.08,17.00,7000.00,-38.00,0.00,7.00
234864.00,2019-06-30 17:46:18.864,0.00,294.23,0.00,1.51,0.00,1.00,1.00,127.35,2.75,12.06,63.80,69.61,-45.40,37.96,-0.24,0.08,17.00,7000.00,-38.00,0.00,7.00
234964.00,2019-06-30 17:46:18.964,0.00,294.23,0.00,1.51,0.00,1.00,1.00,127.35,2.75,11.93,63.80,69.61,-45.40,37.96,-0.22,0.08,17.00,7000.00,-38.00,0.00,7.00
235064.00,2019-06-30 17:46:19.064,0.00,294.23,0.00,1.51,0.00,1.00,1.00,127.35,2.75,11.94,63.76,69.59,-45.27,37.96,-0.21,0.08,17.00,7000.00,-38.00,0.00,7.00
235164.00,2019-06-30 17:46:19.164,0.00,294.23,0.00,1.51,0.00,1.00,1.00,127.35,2.75,12.06,63.76,69.59,-45.27,37.96,-0.22,0.08,17.00,7000.00,-38.00,0.00,7.00
235264.00,2019-06-30 17:46:19.264,0.00,294.23,0.00,1.51,0.00,1.00,1.00,127.35,2.75,12.09,63.76,69.54,-45.05,37.98,-0.21,0.08,17.00,7000.00,-38.00,0.00,7.00
235364.00,2019-06-30 17:46:19.364,0.00,294.23,0.00,1.51,0.00,1.00,1.00,127.35,2.75,11.92,63.84,69.54,-45.05,37.98,-0.23,0.08,17.00,7000.00,-38.00,0.00,7.00
235464.00,2019-06-30 17:46:19.464,0.00,294.23,0.00,1.51,0.00,1.00,1.00,127.35,2.75,12.08,63.84,69.54,-45.05,37.98,-0.20,0.08,17.00,7000.00,-38.00,0.00,7.00
235564.00,2019-06-30 17:46:19.564,0.00,294.23,0.00,1.51,0.00,1.00,1.00,127.35,2.75,12.07,63.80,69.56,-45.03,37.98,-0.23,0.08,17.00,7000.00,-38.00,0.00,7.00
235664.00,2019-06-30 17:46:19.664,0.00,294.23,0.00,1.51,0.00,1.00,1.00,127.35,2.75,11.94,63.80,69.56,-45.03,38.06,-0.22,0.08,17.00,7000.00,-38.00,0.00,7.00
235764.00,2019-06-30 17:46:19.764,0.00,294.23,0.00,1.51,0.00,1.00,1.00,127.35,2.75,12.09,63.80,69.55,-45.03,38.06,-0.22,0.08,17.00,7000.00,-38.00,0.00,7.00
235864.00,2019-06-30 17:46:19.864,0.00,294.23,0.00,1.51,0.00,1.00,1.00,127.35,2.75,11.96,63.80,69.55,-44.81,38.06,-0.22,0.08,17.00,7000.00,-38.00,0.00,7.00
235964.00,2019-06-30 17:46:19.964,0.00,294.23,0.00,1.51,0.00,1.00,1.00,127.35,2.75,11.95,63.80,69.55,-44.81,38.06,-0.21,0.08,17.00,7000.00,-38.00,0.00,7.00
236064.00,2019-06-30 17:46:20.064,0.00,294.23,0.00,1.51,0.00,1.00,1.00,127.35,2.75,12.06,63.80,69.61,-44.60,38.13,-0.22,0.08,17.00,7000.00,-38.00,0.00,7.00
236164.00,2019-06-30 17:46:20.164,0.00,294.23,0.00,1.51,0.00,1.00,1.00,127.35,2.75,11.94,63.81,69.61,-44.60,38.13,-0.21,0.08,17.00,7000.00,-38.00,0.00,7.00
236264.00,2019-06-30 17:46:20.264,0.00,294.23,0.00,1.51,0.00,1.00,1.00,127.35,2.75,11.95,63.81,69.63,-44.60,38.13,-0.24,0.08,17.00,7000.00,-38.00,0.00,7.00
236364.00,2019-06-30 17:46:20.364,0.00,294.23,0.00,1.51,0.00,1.00,1.00,127.35,2.75,12.08,63.83,69.63,-44.59,38.13,-0.22,0.08,17.00,7000.00,-38.00,0.00,7.00
236464.00,2019-06-30 17:46:20.464,0.00,294.23,0.00,1.51,0.00,1.00,1.00,127.35,2.75,11.92,63.83,69.63,-44.59,38.04,-0.23,0.08,17.00,7000.00,-38.00,0.00,7.00
236564.00,2019-06-30 17:46:20.564,0.00,294.23,0.00,1.51,0.00,1.00,1.00,127.35,2.75,11.92,63.83,69.57,-44.47,38.04,-0.23,0.09,17.00,7000.00,-38.00,0.00,7.00
236664.00,2019-06-30 17:46:20.664,0.00,294.23,0.00,1.51,0.00,1.00,1.00,127.35,2.75,12.08,63.92,69.57,-44.47,38.04,-0.19,0.08,17.00,7000.00,-38.00,0.00,7.00
236764.00,2019-06-30 17:46:20.764,0.00,294.23,0.00,1.51,0.00,1.00,1.00,127.35,2.75,12.07,63.92,69.65,-44.47,38.04,-0.24,0.08,17.00,7000.00,-38.00,0.00,7.00
236864.00,2019-06-30 17:46:20.864,0.00,294.23,0.00,1.51,0.00,1.00,1.00,127.35,2.75,12.08,63.83,69.65,-44.21,37.94,-0.22,0.08,17.00,7000.00,-38.00,0.00,7.00
236964.00,2019-06-30 17:46:20.964,0.00,294.23,0.00,1.51,0.00,1.00,1.00,127.35,2.75,12.09,63.83,69.65,-44.21,37.94,-0.22,0.07,17.00,7000.00,-38.00,0.00,7.00
237064.00,2019-06-30 17:46:21.064,0.00,294.23,0.00,1.51,0.00,1.00,1.00,127.35,2.75,12.05,63.83,69.52,-44.21,37.94,-0.22,0.08,17.00,7000.00,-38.00,0.00,7.00
237164.00,2019-06-30 17:46:21.164,0.00,294.23,0.00,1.51,0.00,1.00,1.00,127.35,2.75,12.07,63.88,69.52,-44.14,37.94,-0.21,0.08,17.00,7000.00,-38.00,0.00,7.00
237264.00,2019-06-30 17:46:21.264,0.00,294.23,0.00,1.51,0.00,1.00,1.00,127.35,2.75,12.09,63.88,69.57,-44.14,38.12,-0.24,0.08,17.00,7000.00,-38.00,0.00,7.00
237364.00,2019-06-30 17:46:21.364,0.00,294.23,0.00,1.51,0.00,1.00,1.00,127.35,2.75,11.92,63.88,69.57,-44.04,38.12,-0.22,0.08,17.00,7000.00,-38.00,0.00,7.00
237464.00,2019-06-30 17:46:21.464,0.00,294.23,0.00,1.51,0.00,1.00,1.00,127.35,2.75,12.08,63.88,69.57,-44.04,38.12,-0.26,0.08,17.00,7000.00,-38.00,0.00,7.00
237564.00,2019-06-30 17:46:21.564,0.00,294.23,0.00,1.51,0.00,1.00,1.00,127.35,2.75,12.06,63.88,69.50,-44.04,38.12,-0.22,0.08,17.00,7000.00,-38.00,0.00,7.00
237664.00,2019-06-30 17:46:21.664,0.00,294.23,0.00,1.51,0.00,1.00,1.00,127.35,2.75,11.96,63.85,69.50,-43.82,38.04,-0.22,0.08,17.00,7000.00,-38.00,0.00,7.00
237764.00,2019-06-30 17:46:21.764,0.00,294.23,0.00,1.51,0.00,1.00,1.00,127.35,2.75,12.08,63.85,69.47,-43.82,38.04,-0.22,0.08,17.00,7000.00,-38.00,0.00,7.00
237864.00,2019-06-30 17:46:21.864,0.00,294.23,0.00,1.51,0.00,1.00,1.00,127.35,2.75,12.08,63.85,69.47,-43.73,38.04,-0.20,0.08,17.00,7000.00,-38.00,0.00,7.00
237964.00,2019-06-30 17:46:21.964,0.00,294.23,0.00,1.51,0.00,1.00,1.00,127.35,2.75,12.09,63.81,69.47,-43.73,38.04,-0.23,0.08,17.00,7000.00,-38.00,0.00,7.00
238064.00,2019-06-30 17:46:22.064,0.00,294.23,0.00,1.51,0.00,1.00,1.00,127.35,2.75,12.05,63.81,69.54,-43.73,38.06,-0.22,0.08,17.00,7000.00,-38.00,0.00,7.00
238164.00,2019-06-30 17:46:22.164,0.00,294.23,0.00,1.51,0.00,1.00,1.00,127.35,2.75,11.95,63.93,69.54,-43.59,38.06,-0.22,0.08,17.00,7000.00,-38.00,0.00,7.00
238264.00,2019-06-30 17:46:22.264,0.00,294.23,0.00,1.51,0.00,1.00,1.00,127.35,2.75,12.09,63.93,69.52,-43.59,38.06,-0.23,0.08,17.00,7000.00,-38.00,0.00,7.00
238364.00,2019-06-30 17:46:22.364,0.00,294.23,0.00,1.51,0.00,1.00,1.00,127.35,2.75,11.92,63.93,69.52,-43.59,38.06,-0.21,0.08,17.00,7000.00,-38.00,0.00,7.00
238464.00,2019-06-30 17:46:22.464,0.00,294.23,0.00,1.51,0.00,1.00,1.00,127.35,2.75,11.93,63.79,69.52,-43.48,38.10,-0.22,0.08,17.00,7000.00,-38.00,0.00,7.00
238564.00,2019-06-30 17:46:22.564,0.00,294.23,0.00,1.51,0.00,1.00,1.00,127.35,2.75,12.07,63.79,69.52,-43.48,38.10,-0.22,0.08,17.00,7000.00,-38.00,0.00,7.00
238664.00,2019-06-30 17:46:22.664,0.00,294.23,0.00,1.51,0.00,1.00,1.00,127.35,2.75,11.94,63.86,69.52,-43.44,38.10,-0.24,0.08,17.00,7000.00,-38.00,0.00,7.00
238764.00,2019-06-30 17:46:22.764,0.00,294.23,0.00,1.51,0.00,1.00,1.00,127.35,2.75,12.00,63.86,69.54,-43.44,38.10,-0.22,0.07,17.00,7000.00,-38.00,0.00,7.00
238864.00,2019-06-30 17:46:22.864,0.00,294.23,0.00,1.51,0.00,1.00,1.00,127.35,2.75,12.05,63.86,69.54,-43.44,38.09,-0.21,0.08,17.00,7000.00,-38.00,0.00,7.00
238964.00,2019-06-30 17:46:22.964,0.00,294.23,0.00,1.51,0.00,1.00,1.00,127.35,2.75,12.06,63.86,69.54,-43.29,38.09,-0.22,0.08,17.00,7000.00,-38.00,0.00,7.00
239064.00,2019-06-30 17:46:23.064,0.00,294.23,0.00,1.51,0.00,1.00,1.00,127.35,2.75,12.06,63.86,69.54,-43.29,38.09,-0.20,0.07,17.00,7000.00,-38.00,0.00,7.00
239164.00,2019-06-30 17:46:23.164,0.00,294.23,0.00,1.51,0.00,1.00,1.00,127.35,2.75,12.07,63.86,69.54,-43.16,38.09,-0.23,0.08,17.00,7000.00,-38.00,0.00,7.00
239264.00,2019-06-30 17:46:23.264,0.00,294.23,0.00,1.51,0.00,1.00,1.00,127.35,2.75,11.92,63.95,69.52,-43.16,38.14,-0.22,0.08,17.00,7000.00,-38.00,0.00,7.00
239364.00,2019-06-30 17:46:23.364,0.00,294.23,0.00,1.51,0.00,1.00,1.00,127.35,2.75,12.09,63.95,69.52,-43.16,38.14,-0.21,0.07,17.00,7000.00,-38.00,0.00,7.00
239464.00,2019-06-30 17:46:23.464,0.00,294.23,0.00,1.51,0.00,1.00,1.00,127.35,2.75,11.95,63.85,69.52,-42.99,38.14,-0.22,0.08,17.00,7000.00,-38.00,0.00,7.00
239564.00,2019-06-30 17:46:23.564,0.00,294.23,0.00,1.51,0.00,1.00,1.00,127.35,2.75,11.96,63.85,69.56,-42.99,38.14,-0.22,0.08,17.00,7000.00,-38.00,0.00,7.00
239664.00,2019-06-30 17:46:23.664,0.00,294.23,0.00,1.51,0.00,1.00,1.00,127.35,2.75,12.06,63.85,69.56,-42.99,38.12,-0.22,0.08,17.00,7000.00,-38.00,0.00,7.00
239764.00,2019-06-30 17:46:23.764,0.00,294.23,0.00,1.51,0.00,1.00,1.00,127.35,2.75,11.92,63.95,69.52,-42.92,38.12,-0.22,0.08,17.00,7000.00,-38.00,0.00,7.00
239864.00,2019-06-30 17:46:23.864,0.00,294.23,0.00,1.51,0.00,1.00,1.00,127.35,2.75,12.08,63.95,69.52,-42.92,38.12,-0.24,0.08,17.00,7000.00,-38.00,0.00,7.00
239964.00,2019-06-30 17:46:23.964,0.00,294.23,0.00,1.51,0.00,1.00,1.00,127.35,2.75,12.06,63.92,69.52,-42.87,38.12,-0.23,0.08,17.00,7000.00,-38.00,0.00,7.00
240064.00,2019-06-30 17:46:24.064,0.00,294.23,0.00,1.51,0.00,1.00,1.00,127.35,2.75,11.94,63.92,69.56,-42.87,38.19,-0.22,0.08,17.00,7000.00,-38.00,0.00,7.00
240164.00,2019-06-30 17:46:24.164,0.00,294.23,0.00,1.51,0.00,1.00,1.00,127.35,2.75,12.08,63.92,69.56,-42.87,38.19,-0.23,0.08,17.00,7000.00,-38.00,0.00,7.00
240264.00,2019-06-30 17:46:24.264,0.00,294.23,0.00,1.51,0.00,1.00,1.00,127.35,2.75,12.05,63.95,69.48,-42.71,38.19,-0.20,0.07,17.00,7000.00,-38.00,0.00,7.00
240364.00,2019-06-30 17:46:24.364,0.00,294.23,0.00,1.51,0.00,1.00,1.00,127.35,2.75,11.95,63.95,69.48,-42.71,38.19,-0.24,0.08,17.00,7000.00,-38.00,0.00,7.00
240464.00,2019-06-30 17:46:24.464,0.00,294.23,0.00,1.51,0.00,1.00,1.00,127.35,2.75,12.06,63.91,69.48,-42.55,38.16,-0.22,0.08,17.00,7000.00,-38.00,0.00,7.00
240564.00,2019-06-30 17:46:24.564,0.00,294.23,0.00,1.51,0.00,1.00,1.00,127.35,2.75,12.08,63.91,69.45,-42.55,38.16,-0.22,0.08,17.00,7000.00,-38.00,0.00,7.00
240664.00,2019-06-30 17:46:24.664,0.00,294.23,0.00,1.51,0.00,1.00,1.00,127.35,2.75,11.94,63.91,69.45,-42.55,38.16,-0.23,0.08,17.00,7000.00,-38.00,0.00,7.00
240764.00,2019-06-30 17:46:24.764,0.00,294.23,0.00,1.51,0.00,1.00,1.00,127.35,2.75,12.07,63.95,69.45,-42.41,38.16,-0.22,0.08,17.00,7000.00,-38.00,0.00,7.00
240864.00,2019-06-30 17:46:24.864,0.00,294.23,0.00,1.51,0.00,1.00,1.00,127.35,2.75,12.09,63.95,69.45,-42.41,38.17,-0.22,0.08,17.00,7000.00,-38.00,0.00,7.00
240964.00,2019-06-30 17:46:24.964,0.00,294.23,0.00,1.51,0.00,1.00,1.00,127.35,2.75,11.94,63.95,69.45,-42.41,38.17,-0.21,0.08,17.00,7000.00,-38.00,0.00,7.00
241064.00,2019-06-30 17:46:25.064,0.00,294.23,0.00,1.51,0.00,1.00,1.00,127.35,2.75,12.08,63.95,69.48,-42.35,38.17,-0.21,0.08,17.00,7000.00,-38.00,0.00,7.00
241164.00,2019-06-30 17:46:25.164,0.00,294.23,0.00,1.51,0.00,1.00,1.00,127.35,2.75,12.06,63.95,69.48,-42.35,38.17,-0.22,0.08,17.00,7000.00,-38.00,0.00,7.00
241264.00,2019-06-30 17:46:25.264,0.00,294.23,0.00,1.51,0.00,1.00,1.00,127.35,2.75,11.96,63.95,69.45,-42.16,38.16,-0.23,0.08,17.00,7000.00,-38.00,0.00,7.00
241364.00,2019-06-30 17:46:25.364,0.00,294.23,0.00,1.51,0.00,1.00,1.00,127.35,2.75,12.06,63.95,69.45,-42.16,38.16,-0.23,0.08,17.00,7000.00,-38.00,0.00,7.00
241464.00,2019-06-30 17:46:25.464,0.00,294.23,0.00,1.51,0.00,1.00,1.00,127.35,2.75,12.08,63.95,69.45,-42.16,38.16,-0.20,0.08,17.00,7000.00,-38.00,0.00,7.00
241564.00,2019-06-30 17:46:25.564,0.00,294.23,0.00,1.51,0.00,1.00,1.00,127.35,2.75,11.93,63.90,69.45,-42.02,38.16,-0.23,0.08,17.00,7000.00,-38.00,0.00,7.00
241664.00,2019-06-30 17:46:25.664,0.00,294.23,0.00,1.51,0.00,1.00,1.00,127.35,2.75,12.08,63.90,69.45,-42.02,38.19,-0.21,0.08,17.00,7000.00,-38.00,0.00,7.00
241764.00,2019-06-30 17:46:25.764,0.00,294.23,0.00,1.51,0.00,1.00,1.00,127.35,2.75,12.08,63.98,69.42,-41.97,38.19,-0.22,0.08,17.00,7000.00,-38.00,0.00,7.00
241864.00,2019-06-30 17:46:25.864,0.00,294.23,0.00,1.51,0.00,1.00,1.00,127.35,2.75,11.91,63.98,69.42,-41.97,38.19,-0.22,0.08,17.00,7000.00,-38.00,0.00,7.00
241964.00,2019-06-30 17:46:25.964,0.00,294.23,0.00,1.51,0.00,1.00,1.00,127.35,2.75,12.08,63.98,69.42,-41.97,38.19,-0.22,0.08,17.00,7000.00,-38.00,0.00,7.00
242064.00,2019-06-30 17:46:26.064,0.00,294.23,0.00,1.51,0.00,1.00,1.00,127.35,2.75,11.95,63.97,69.50,-41.83,38.14,-0.22,0.08,17.00,7000.00,-38.00,0.00,7.00
242164.00,2019-06-30 17:46:26.164,0.00,294.23,0.00,1.51,0.00,1.00,1.00,127.35,2.75,12.07,63.97,69.50,-41.83,38.14,-0.21,0.08,17.00,7000.00,-38.00,0.00,7.00
242264.00,2019-06-30 17:46:26.264,0.00,294.23,0.00,1.51,0.00,1.00,1.00,127.35,2.75,12.08,63.97,69.45,-41.83,38.14,-0.23,0.08,17.00,7000.00,-38.00,0.00,7.00
242364.00,2019-06-30 17:46:26.364,0.00,294.23,0.00,1.51,0.00,1.00,1.00,127.35,2.75,12.05,63.99,69.45,-41.80,38.14,-0.22,0.07,17.00,7000.00,-38.00,0.00,7.00
242464.00,2019-06-30 17:46:26.464,0.00,294.23,0.00,1.51,0.00,1.00,1.00,127.35,2.75,12.05,63.99,69.45,-41.80,38.19,-0.21,0.08,17.00,7000.00,-38.00,0.00,7.00
242564.00,2019-06-30 17:46:26.564,0.00,294.23,0.00,1.51,0.00,1.00,1.00,127.35,2.75,12.06,64.09,69.50,-41.55,38.19,-0.22,0.08,17.00,7000.00,-38.00,0.00,7.00
242664.00,2019-06-30 17:46:26.664,0.00,294.23,0.00,1.51,0.00,1.00,1.00,127.35,2.75,12.08,64.09,69.50,-41.55,38.19,-0.21,0.08,17.00,7000.00,-38.00,0.00,7.00
242764.00,2019-06-30 17:46:26.764,0.00,294.23,0.00,1.51,0.00,1.00,1.00,127.35,2.75,11.94,64.09,69.49,-41.55,38.19,-0.23,0.08,17.00,7000.00,-38.00,0.00,7.00
242864.00,2019-06-30 17:46:26.864,0.00,294.23,0.00,1.51,0.00,1.00,1.00,127.35,2.75,12.08,64.02,69.49,-41.48,38.15,-0.21,0.09,17.00,7000.00,-38.00,0.00,7.00
242964.00,2019-06-30 17:46:26.964,0.00,294.23,0.00,1.51,0.00,1.00,1.00,127.35,2.75,12.09,64.02,69.49,-41.48,38.15,-0.22,0.08,17.00,7000.00,-38.00,0.00,7.00
243064.00,2019-06-30 17:46:27.064,0.00,294.23,0.00,1.51,0.00,1.00,1.00,127.35,2.75,11.92,63.99,69.48,-41.38,38.15,-0.22,0.08,17.00,7000.00,-38.00,0.00,7.00
243164.00,2019-06-30 17:46:27.164,0.00,294.23,0.00,1.51,0.00,1.00,1.00,127.35,2.75,12.06,63.99,69.48,-41.38,38.15,-0.21,0.08,17.00,7000.00,-38.00,0.00,7.00
243264.00,2019-06-30 17:46:27.264,0.00,294.23,0.00,1.51,0.00,1.00,1.00,127.35,2.75,11.95,63.99,69.43,-41.38,38.17,-0.22,0.08,17.00,7000.00,-38.00,0.00,7.00
243364.00,2019-06-30 17:46:27.364,0.00,294.23,0.00,1.51,0.00,1.00,1.00,127.35,2.75,12.05,63.95,69.43,-41.24,38.17,-0.22,0.08,17.00,7000.00,-38.00,0.00,7.00
243464.00,2019-06-30 17:46:27.464,0.00,294.23,0.00,1.51,0.00,1.00,1.00,127.35,2.75,12.08,63.95,69.43,-41.24,38.17,-0.24,0.08,17.00,7000.00,-38.00,0.00,7.00
243564.00,2019-06-30 17:46:27.564,0.00,294.23,0.00,1.51,0.00,1.00,1.00,127.35,2.75,12.09,64.02,69.43,-41.24,38.17,-0.22,0.08,17.00,7000.00,-38.00,0.00,7.00
243664.00,2019-06-30 17:46:27.664,0.00,294.23,0.00,1.51,0.00,1.00,1.00,127.35,2.75,12.09,64.02,69.43,-41.17,38.22,-0.22,0.08,17.00,7000.00,-38.00,0.00,7.00
243764.00,2019-06-30 17:46:27.764,0.00,294.23,0.00,1.51,0.00,1.00,1.00,127.35,2.75,12.06,64.02,69.45,-41.17,38.22,-0.23,0.08,17.00,7000.00,-38.00,0.00,7.00
243864.00,2019-06-30 17:46:27.864,0.00,294.23,0.00,1.51,0.00,1.00,1.00,127.35,2.75,12.05,64.05,69.45,-41.04,38.22,-0.20,0.09,17.00,7000.00,-38.00,0.00,7.00
243964.00,2019-06-30 17:46:27.964,0.00,294.23,0.00,1.51,0.00,1.00,1.00,127.35,2.75,12.08,64.05,69.45,-41.04,38.22,-0.23,0.08,17.00,7000.00,-38.00,0.00,7.00
244064.00,2019-06-30 17:46:28.064,0.00,294.23,0.00,1.51,0.00,1.00,1.00,127.35,2.75,11.92,64.05,69.43,-41.04,38.16,-0.21,0.08,17.00,7000.00,-38.00,0.00,7.00
244164.00,2019-06-30 17:46:28.164,0.00,294.23,0.00,1.51,0.00,1.00,1.00,127.35,2.75,12.09,64.09,69.43,-40.88,38.16,-0.22,0.08,17.00,7000.00,-38.00,0.00,7.00
244264.00,2019-06-30 17:46:28.264,0.00,294.23,0.00,1.51,0.00,1.00,1.00,127.35,2.75,11.96,64.09,69.45,-40.88,38.16,-0.21,0.08,17.00,7000.00,-38.00,0.00,7.00
244364.00,2019-06-30 17:46:28.364,0.00,294.23,0.00,1.51,0.00,1.00,1.00,127.35,2.75,11.95,64.02,69.45,-40.77,38.16,-0.22,0.08,17.00,7000.00,-38.00,0.00,7.00
244464.00,2019-06-30 17:46:28.464,0.00,294.23,0.00,1.51,0.00,1.00,1.00,127.35,2.75,12.08,64.02,69.45,-40.77,38.22,-0.22,0.08,17.00,7000.00,-38.00,0.00,7.00
244564.00,2019-06-30 17:46:28.564,0.00,294.23,0.00,1.51,0.00,1.00,1.00,127.35,2.75,12.08,64.02,69.36,-40.77,38.22,-0.22,0.08,17.00,7000.00,-38.00,0.00,7.00
244664.00,2019-06-30 17:46:28.664,0.00,294.23,0.00,1.51,0.00,1.00,1.00,127.35,2.75,11.95,64.05,69.36,-40.76,38.22,-0.22,0.08,17.00,7000.00,-38.00,0.00,7.00
244764.00,2019-06-30 17:46:28.764,0.00,294.23,0.00,1.51,0.00,1.00,1.00,127.35,2.75,12.05,64.05,69.38,-40.76,38.22,-0.23,0.08,17.00,7000.00,-38.00,0.00,7.00
244864.00,2019-06-30 17:46:28.864,0.00,294.23,0.00,1.51,0.00,1.00,1.00,127.35,2.75,12.08,64.11,69.38,-40.76,38.24,-0.22,0.08,17.00,7000.00,-38.00,0.00,7.00
244964.00,2019-06-30 17:46:28.964,0.00,294.23,0.00,1.51,0.00,1.00,1.00,127.35,2.75,12.08,64.11,69.38,-40.59,38.24,-0.22,0.08,17.00,7000.00,-38.00,0.00,7.00
245064.00,2019-06-30 17:46:29.064,0.00,294.23,0.00,1.51,0.00,1.00,1.00,127.35,2.75,12.06,64.11,69.42,-40.59,38.24,-0.21,0.08,17.00,7000.00,-38.00,0.00,7.00
245164.00,2019-06-30 17:46:29.164,0.00,294.23,0.00,1.51,0.00,1.00,1.00,127.35,2.75,11.95,63.98,69.42,-40.45,38.24,-0.23,0.08,17.00,7000.00,-38.00,0.00,7.00
245264.00,2019-06-30 17:46:29.264,0.00,294.23,0.00,1.51,0.00,1.00,1.00,127.35,2.75,12.06,63.98,69.41,-40.45,38.30,-0.22,0.08,17.00,7000.00,-38.00,0.00,7.00
245364.00,2019-06-30 17:46:29.364,0.00,294.23,0.00,1.51,0.00,1.00,1.00,127.35,2.75,12.08,63.98,69.41,-40.45,38.30,-0.22,0.08,17.00,7000.00,-38.00,0.00,7.00
245464.00,2019-06-30 17:46:29.464,0.00,294.23,0.00,1.51,0.00,1.00,1.00,127.35,2.75,11.94,64.06,69.41,-40.40,38.30,-0.22,0.08,17.00,7000.00,-38.00,0.00,7.00
245564.00,2019-06-30 17:46:29.564,0.00,294.23,0.00,1.51,0.00,1.00,1.00,127.35,2.75,12.07,64.06,69.40,-40.40,38.30,-0.21,0.08,17.00,7000.00,-38.00,0.00,7.00
245664.00,2019-06-30 17:46:29.664,0.00,294.23,0.00,1.51,0.00,1.00,1.00,127.35,2.75,12.09,64.07,69.40,-40.27,38.36,-0.23,0.08,17.00,7000.00,-38.00,0.00,7.00
245764.00,2019-06-30 17:46:29.764,0.00,294.23,0.00,1.51,0.00,1.00,1.00,127.35,2.75,11.92,64.07,69.35,-40.27,38.36,-0.23,0.08,17.00,7000.00,-38.00,0.00,7.00
245864.00,2019-06-30 17:46:29.864,0.00,294.23,0.00,1.51,0.00,1.00,1.00,127.35,2.75,12.08,64.07,69.35,-40.27,38.36,-0.24,0.09,17.00,7000.00,-38.00,0.00,7.00
245964.00,2019-06-30 17:46:29.964,0.00,294.23,0.00,1.51,0.00,1.00,1.00,127.35,2.75,11.95,64.09,69.35,-40.21,38.36,-0.24,0.08,17.00,7000.00,-38.00,0.00,7.00
246064.00,2019-06-30 17:46:30.064,0.00,294.23,0.00,1.51,0.00,1.00,1.00,127.35,2.75,12.05,64.09,69.31,-40.21,38.30,-0.22,0.08,17.00,7000.00,-38.00,0.00,7.00
246164.00,2019-06-30 17:46:30.164,0.00,294.23,0.00,1.51,0.00,1.00,1.00,127.35,2.75,12.06,64.04,69.31,-40.21,38.30,-0.22,0.08,17.00,7000.00,-38.00,0.00,7.00
246264.00,2019-06-30 17:46:30.264,0.00,294.23,0.00,1.51,0.00,1.00,1.00,127.35,2.75,12.08,64.04,69.40,-40.06,38.30,-0.21,0.08,17.00,7000.00,-38.00,0.00,7.00
246364.00,2019-06-30 17:46:30.364,0.00,294.23,0.00,1.51,0.00,1.00,1.00,127.35,2.75,12.09,64.04,69.40,-40.06,38.30,-0.23,0.08,17.00,7000.00,-38.00,0.00,7.00
246464.00,2019-06-30 17:46:30.464,0.00,294.23,0.00,1.51,0.00,1.00,1.00,127.35,2.75,12.05,64.09,69.40,-39.99,38.31,-0.23,0.08,17.00,7000.00,-38.00,0.00,7.00
246564.00,2019-06-30 17:46:30.564,0.00,294.23,0.00,1.51,0.00,1.00,1.00,127.35,2.75,11.95,64.09,69.31,-39.99,38.31,-0.22,0.08,17.00,7000.00,-38.00,0.00,7.00
246664.00,2019-06-30 17:46:30.664,0.00,294.23,0.00,1.51,0.00,1.00,1.00,127.35,2.75,12.07,64.09,69.31,-39.99,38.31,-0.21,0.08,17.00,7000.00,-38.00,0.00,7.00
246764.00,2019-06-30 17:46:30.764,0.00,294.23,0.00,1.51,0.00,1.00,1.00,127.35,2.75,12.07,64.09,69.28,-39.84,38.31,-0.22,0.08,17.00,7000.00,-38.00,0.00,7.00
246864.00,2019-06-30 17:46:30.864,0.00,294.23,0.00,1.51,0.00,1.00,1.00,127.35,2.75,11.93,64.09,69.28,-39.84,38.30,-0.22,0.08,17.00,7000.00,-38.00,0.00,7.00
246964.00,2019-06-30 17:46:30.964,0.00,294.23,0.00,1.51,0.00,1.00,1.00,127.35,2.75,12.07,64.12,69.28,-39.70,38.30,-0.22,0.08,17.00,7000.00,-38.00,0.00,7.00
247064.00,2019-06-30 17:46:31.064,0.00,294.23,0.00,1.51,0.00,1.00,1.00,127.35,2.75,11.93,64.12,69.20,-39.70,38.30,-0.23,0.08,17.00,7000.00,-38.00,0.00,7.00
247164.00,2019-06-30 17:46:31.164,0.00,294.23,0.00,1.51,0.00,1.00,1.00,127.35,2.75,11.93,64.12,69.20,-39.70,38.30,-0.23,0.08,17.00,7000.00,-38.00,0.00,7.00
247264.00,2019-06-30 17:46:31.264,0.00,294.23,0.00,1.51,0.00,1.00,1.00,127.35,2.75,12.05,64.07,69.30,-39.66,38.34,-0.22,0.08,17.00,7000.00,-38.00,0.00,7.00
247364.00,2019-06-30 17:46:31.364,0.00,294.23,0.00,1.51,0.00,1.00,1.00,127.35,2.75,12.06,64.07,69.30,-39.66,38.34,-0.22,0.08,17.00,7000.00,-38.00,0.00,7.00
247464.00,2019-06-30 17:46:31.464,0.00,294.23,0.00,1.51,0.00,1.00,1.00,127.35,2.75,12.06,64.14,69.30,-39.66,38.34,-0.20,0.08,17.00,7000.00,-38.00,0.00,7.00
247564.00,2019-06-30 17:46:31.564,0.00,294.23,0.00,1.51,0.00,1.00,1.00,127.35,2.75,12.08,64.14,69.28,-39.54,38.34,-0.23,0.08,17.00,7000.00,-38.00,0.00,7.00
247664.00,2019-06-30 17:46:31.664,0.00,294.23,0.00,1.51,0.00,1.00,1.00,127.35,2.75,11.92,64.14,69.28,-39.54,38.30,-0.22,0.09,17.00,7000.00,-38.00,0.00,7.00
247764.00,2019-06-30 17:46:31.764,0.00,294.23,0.00,1.51,0.00,1.00,1.00,127.35,2.75,12.08,64.09,69.24,-39.47,38.30,-0.21,0.08,17.00,7000.00,-38.00,0.00,7.00
247864.00,2019-06-30 17:46:31.864,0.00,294.23,0.00,1.51,0.00,1.00,1.00,127.35,2.75,12.07,64.09,69.24,-39.47,38.30,-0.22,0.08,17.00,7000.00,-38.00,0.00,7.00
247964.00,2019-06-30 17:46:31.964,0.00,294.23,0.00,1.51,0.00,1.00,1.00,127.35,2.75,11.94,64.12,69.24,-39.47,38.30,-0.20,0.08,17.00,7000.00,-38.00,0.00,7.00
248064.00,2019-06-30 17:46:32.064,0.00,294.23,0.00,1.51,0.00,1.00,1.00,127.35,2.75,12.09,64.12,69.26,-39.39,38.30,-0.22,0.08,17.00,7000.00,-38.00,0.00,7.00
248164.00,2019-06-30 17:46:32.164,0.00,294.23,0.00,1.51,0.00,1.00,1.00,127.35,2.75,12.06,64.12,69.26,-39.39,38.30,-0.22,0.08,17.00,7000.00,-38.00,0.00,7.00
248264.00,2019-06-30 17:46:32.264,0.00,294.23,0.00,1.51,0.00,1.00,1.00,127.35,2.75,11.95,64.11,69.22,-39.26,38.30,-0.24,0.08,17.00,7000.00,-38.00,0.00,7.00
248364.00,2019-06-30 17:46:32.364,0.00,294.23,0.00,1.51,0.00,1.00,1.00,127.35,2.75,12.05,64.11,69.22,-39.26,38.30,-0.22,0.08,17.00,7000.00,-38.00,0.00,7.00
248464.00,2019-06-30 17:46:32.464,0.00,294.23,0.00,1.51,0.00,1.00,1.00,127.35,2.75,12.09,64.11,69.22,-39.26,38.31,-0.22,0.08,17.00,7000.00,-38.00,0.00,7.00
248564.00,2019-06-30 17:46:32.564,0.00,294.23,0.00,1.51,0.00,1.00,1.00,127.35,2.75,12.08,64.18,69.27,-39.09,38.31,-0.24,0.09,17.00,7000.00,-38.00,0.00,7.00
248664.00,2019-06-30 17:46:32.664,0.00,294.23,0.00,1.51,0.00,1.00,1.00,127.35,2.75,12.08,64.18,69.27,-39.09,38.31,-0.21,0.08,17.00,7000.00,-38.00,0.00,7.00
248764.00,2019-06-30 17:46:32.764,0.00,294.23,0.00,1.51,0.00,1.00,1.00,127.35,2.75,11.95,64.11,69.15,-39.09,38.31,-0.23,0.08,17.00,7000.00,-38.00,0.00,7.00
248864.00,2019-06-30 17:46:32.864,0.00,294.23,0.00,1.51,0.00,1.00,1.00,127.35,2.75,12.05,64.11,69.15,-39.09,38.33,-0.22,0.08,17.00,7000.00,-38.00,0.00,7.00
248964.00,2019-06-30 17:46:32.964,0.00,294.23,0.00,1.51,0.00,1.00,1.00,127.35,2.75,12.08,64.11,69.15,-39.09,38.33,-0.22,0.08,17.00,7000.00,-38.00,0.00,7.00
249064.00,2019-06-30 17:46:33.064,0.00,294.23,0.00,1.51,0.00,1.00,1.00,127.35,2.75,11.94,64.14,69.16,-38.99,38.33,-0.22,0.08,17.00,7000.00,-38.00,0.00,7.00
249164.00,2019-06-30 17:46:33.164,0.00,294.23,0.00,1.51,0.00,1.00,1.00,127.35,2.75,12.07,64.14,69.16,-38.99,38.33,-0.21,0.08,17.00,7000.00,-38.00,0.00,7.00
249264.00,2019-06-30 17:46:33.264,0.00,294.23,0.00,1.51,0.00,1.00,1.00,127.35,2.75,12.09,64.14,69.24,-38.99,38.45,-0.22,0.08,17.00,7000.00,-38.00,0.00,7.00
249364.00,2019-06-30 17:46:33.364,0.00,294.23,0.00,1.51,0.00,1.00,1.00,127.35,2.75,11.92,64.13,69.24,-38.88,38.45,-0.21,0.08,17.00,7000.00,-38.00,0.00,7.00
249464.00,2019-06-30 17:46:33.464,0.00,294.23,0.00,1.51,0.00,1.00,1.00,127.35,2.75,12.08,64.13,69.24,-38.88,38.45,-0.25,0.08,17.00,7000.00,-38.00,0.00,7.00
249564.00,2019-06-30 17:46:33.564,0.00,294.23,0.00,1.51,0.00,1.00,1.00,127.35,2.75,12.06,64.19,69.15,-38.73,38.45,-0.22,0.08,17.00,7000.00,-38.00,0.00,7.00
249664.00,2019-06-30 17:46:33.664,0.00,294.23,0.00,1.51,0.00,1.00,1.00,127.35,2.75,11.94,64.19,69.15,-38.73,38.34,-0.22,0.08,17.00,7000.00,-38.00,0.00,7.00
249764.00,2019-06-30 17:46:33.764,0.00,294.23,0.00,1.51,0.00,1.00,1.00,127.35,2.75,12.08,64.19,69.12,-38.73,38.34,-0.22,0.08,17.00,7000.00,-38.00,0.00,7.00
249864.00,2019-06-30 17:46:33.864,0.00,294.23,0.00,1.51,0.00,1.00,1.00,127.35,2.75,12.05,64.13,69.12,-38.65,38.34,-0.21,0.08,17.00,7000.00,-38.00,0.00,7.00
249964.00,2019-06-30 17:46:33.964,0.00,294.23,0.00,1.51,0.00,1.00,1.00,127.35,2.75,11.95,64.13,69.12,-38.65,38.34,-0.23,0.08,17.00,7000.00,-38.00,0.00,7.00
250064.00,2019-06-30 17:46:34.064,0.00,294.23,0.00,1.51,0.00,1.00,1.00,127.35,2.75,12.05,64.19,69.13,-38.65,38.42,-0.23,0.08,17.00,7000.00,-38.00,0.00,7.00
250164.00,2019-06-30 17:46:34.164,0.00,294.23,0.00,1.51,0.00,1.00,1.00,127.35,2.75,12.08,64.19,69.13,-38.52,38.42,-0.22,0.08,17.00,7000.00,-38.00,0.00,7.00
250264.00,2019-06-30 17:46:34.264,0.00,294.23,0.00,1.51,0.00,1.00,1.00,127.35,2.75,11.93,64.19,69.16,-38.52,38.42,-0.22,0.08,17.00,7000.00,-38.00,0.00,7.00
250364.00,2019-06-30 17:46:34.364,0.00,294.23,0.00,1.51,0.00,1.00,1.00,127.35,2.75,12.06,64.25,69.16,-38.45,38.42,-0.21,0.08,17.00,7000.00,-38.00,0.00,7.00
250464.00,2019-06-30 17:46:34.464,0.00,294.23,0.00,1.51,0.00,1.00,1.00,127.35,2.75,12.09,64.25,69.16,-38.45,38.36,-0.22,0.08,17.00,7000.00,-38.00,0.00,7.00
250564.00,2019-06-30 17:46:34.564,0.00,294.23,0.00,1.51,0.00,1.00,1.00,127.35,2.75,11.94,64.25,69.15,-38.45,38.36,-0.21,0.08,17.00,7000.00,-38.00,0.00,7.00
250664.00,2019-06-30 17:46:34.664,0.00,294.23,0.00,1.51,0.00,1.00,1.00,127.35,2.75,12.08,64.30,69.15,-38.34,38.36,-0.23,0.08,17.00,7000.00,-38.00,0.00,7.00
250764.00,2019-06-30 17:46:34.764,0.00,294.23,0.00,1.51,0.00,1.00,1.00,127.35,2.75,11.93,64.30,69.16,-38.34,38.36,-0.22,0.08,17.00,7000.00,-38.00,0.00,7.00
250864.00,2019-06-30 17:46:34.864,0.00,294.23,0.00,1.51,0.00,1.00,1.00,127.35,2.75,12.07,64.23,69.16,-38.30,38.36,-0.22,0.08,17.00,7000.00,-38.00,0.00,7.00
250964.00,2019-06-30 17:46:34.964,0.00,294.23,0.00,1.51,0.00,1.00,1.00,127.35,2.75,12.06,64.23,69.16,-38.30,38.36,-0.23,0.08,17.00,7000.00,-38.00,0.00,7.00
251064.00,2019-06-30 17:46:35.064,0.00,294.23,0.00,1.51,0.00,1.00,1.00,127.35,2.75,12.06,64.23,69.22,-38.30,38.36,-0.20,0.08,17.00,7000.00,-38.00,0.00,7.00
251164.00,2019-06-30 17:46:35.164,0.00,294.23,0.00,1.51,0.00,1.00,1.00,127.35,2.75,12.07,64.14,69.22,-38.20,38.36,-0.23,0.08,17.00,7000.00,-38.00,0.00,7.00
251264.00,2019-06-30 17:46:35.264,0.00,294.23,0.00,1.51,0.00,1.00,1.00,127.35,2.75,12.06,64.14,69.13,-38.20,38.48,-0.21,0.08,17.00,7000.00,-38.00,0.00,7.00
251364.00,2019-06-30 17:46:35.364,0.00,294.23,0.00,1.51,0.00,1.00,1.00,127.35,2.75,11.96,64.16,69.13,-38.20,38.48,-0.22,0.08,17.00,7000.00,-38.00,0.00,7.00
251464.00,2019-06-30 17:46:35.464,0.00,294.23,0.00,1.51,0.00,1.00,1.00,127.35,2.75,12.08,64.16,69.13,-38.10,38.48,-0.22,0.08,17.00,7000.00,-38.00,0.00,7.00
251564.00,2019-06-30 17:46:35.564,0.00,294.23,0.00,1.51,0.00,1.00,1.00,127.35,2.75,12.08,64.16,69.15,-38.10,38.48,-0.21,0.08,17.00,7000.00,-38.00,0.00,7.00
251664.00,2019-06-30 17:46:35.664,0.00,294.23,0.00,1.51,0.00,1.00,1.00,127.35,2.75,11.93,64.21,69.15,-38.05,38.42,-0.22,0.08,17.00,7000.00,-38.00,0.00,7.00
251764.00,2019-06-30 17:46:35.764,0.00,294.23,0.00,1.51,0.00,1.00,1.00,127.35,2.75,12.07,64.21,69.10,-38.05,38.42,-0.22,0.08,17.00,7000.00,-38.00,0.00,7.00
251864.00,2019-06-30 17:46:35.864,0.00,294.23,0.00,1.51,0.00,1.00,1.00,127.35,2.75,11.95,64.26,69.10,-38.05,38.42,-0.24,0.08,17.00,7000.00,-38.00,0.00,7.00
251964.00,2019-06-30 17:46:35.964,0.00,294.23,0.00,1.51,0.00,1.00,1.00,127.35,2.75,12.06,64.26,69.10,-37.85,38.42,-0.21,0.08,17.00,7000.00,-38.00,0.00,7.00
252064.00,2019-06-30 17:46:36.064,0.00,294.23,0.00,1.51,0.00,1.00,1.00,127.35,2.75,12.07,64.26,69.05,-37.85,38.38,-0.22,0.08,17.00,7000.00,-38.00,0.00,7.00
252164.00,2019-06-30 17:46:36.164,0.00,294.23,0.00,1.51,0.00,1.00,1.00,127.35,2.75,11.95,64.23,69.05,-37.84,38.38,-0.22,0.08,17.00,7000.00,-38.00,0.00,7.00
252264.00,2019-06-30 17:46:36.264,0.00,294.23,0.00,1.51,0.00,1.00,1.00,127.35,2.75,12.05,64.23,69.21,-37.84,38.38,-0.21,0.08,17.00,7000.00,-38.00,0.00,7.00
252364.00,2019-06-30 17:46:36.364,0.00,294.23,0.00,1.51,0.00,1.00,1.00,127.35,2.75,12.08,64.23,69.21,-37.84,38.38,-0.23,0.08,17.00,7000.00,-38.00,0.00,7.00
252464.00,2019-06-30 17:46:36.464,0.00,294.23,0.00,1.51,0.00,1.00,1.00,127.35,2.75,11.92,64.30,69.21,-37.70,38.48,-0.22,0.09,17.00,7000.00,-38.00,0.00,7.00
252564.00,2019-06-30 17:46:36.564,0.00,294.23,0.00,1.51,0.00,1.00,1.00,127.35,2.75,12.08,64.30,69.20,-37.70,38.48,-0.22,0.08,17.00,7000.00,-38.00,0.00,7.00
252664.00,2019-06-30 17:46:36.664,0.00,294.23,0.00,1.51,0.00,1.00,1.00,127.35,2.75,12.07,64.23,69.20,-37.70,38.48,-0.22,0.08,17.00,7000.00,-38.00,0.00,7.00
252764.00,2019-06-30 17:46:36.764,0.00,294.23,0.00,1.51,0.00,1.00,1.00,127.35,2.75,11.93,64.23,69.09,-37.63,38.48,-0.21,0.08,17.00,7000.00,-38.00,0.00,7.00
252864.00,2019-06-30 17:46:36.864,0.00,294.23,0.00,1.51,0.00,1.00,1.00,127.35,2.75,12.09,64.23,69.09,-37.63,38.44,-0.23,0.08,17.00,7000.00,-38.00,0.00,7.00
252964.00,2019-06-30 17:46:36.964,0.00,294.23,0.00,1.51,0.00,1.00,1.00,127.35,2.75,12.05,64.30,69.09,-37.48,38.44,-0.22,0.08,17.00,7000.00,-38.00,0.00,7.00
253064.00,2019-06-30 17:46:37.064,0.00,294.23,0.00,1.51,0.00,1.00,1.00,127.35,2.75,11.95,64.30,69.10,-37.48,38.44,-0.24,0.09,17.00,7000.00,-38.00,0.00,7.00
253164.00,2019-06-30 17:46:37.164,0.00,294.23,0.00,1.51,0.00,1.00,1.00,127.35,2.75,12.05,64.20,69.10,-37.48,38.44,-0.22,0.09,17.00,7000.00,-38.00,0.00,7.00
253264.00,2019-06-30 17:46:37.264,0.00,294.23,0.00,1.51,0.00,1.00,1.00,127.35,2.75,12.08,64.20,69.08,-37.34,38.49,-0.21,0.08,17.00,7000.00,-38.00,0.00,7.00
253364.00,2019-06-30 17:46:37.364,0.00,294.23,0.00,1.51,0.00,1.00,1.00,127.35,2.75,11.92,64.20,69.08,-37.34,38.49,-0.22,0.08,17.00,7000.00,-38.00,0.00,7.00
253464.00,2019-06-30 17:46:37.464,0.00,294.23,0.00,1.51,0.00,1.00,1.00,127.35,2.75,12.06,64.28,69.08,-37.34,38.49,-0.20,0.08,17.00,7000.00,-38.00,0.00,7.00
253564.00,2019-06-30 17:46:37.564,0.00,294.23,0.00,1.51,0.00,1.00,1.00,127.35,2.75,12.07,64.28,69.05,-37.34,38.49,-0.23,0.08,17.00,7000.00,-38.00,0.00,7.00
253664.00,2019-06-30 17:46:37.664,0.00,294.23,0.00,1.51,0.00,1.00,1.00,127.35,2.75,11.93,64.28,69.05,-37.34,38.48,-0.22,0.08,17.00,7000.00,-38.00,0.00,7.00
253764.00,2019-06-30 17:46:37.764,0.00,294.23,0.00,1.51,0.00,1.00,1.00,127.35,2.75,12.09,64.23,69.13,-37.26,38.48,-0.22,0.08,17.00,7000.00,-38.00,0.00,7.00
253864.00,2019-06-30 17:46:37.864,0.00,294.23,0.00,1.51,0.00,1.00,1.00,127.35,2.75,11.95,64.23,69.13,-37.26,38.48,-0.22,0.08,17.00,7000.00,-38.00,0.00,7.00
253964.00,2019-06-30 17:46:37.964,0.00,294.23,0.00,1.51,0.00,1.00,1.00,127.35,2.75,11.95,64.37,69.13,-37.26,38.48,-0.21,0.08,17.00,7000.00,-38.00,0.00,7.00
254064.00,2019-06-30 17:46:38.064,0.00,294.23,0.00,1.51,0.00,1.00,1.00,127.35,2.75,12.08,64.37,69.02,-37.06,38.48,-0.22,0.08,17.00,7000.00,-38.00,0.00,7.00
254164.00,2019-06-30 17:46:38.164,0.00,294.23,0.00,1.51,0.00,1.00,1.00,127.35,2.75,11.94,64.37,69.02,-37.06,38.48,-0.22,0.08,17.00,7000.00,-38.00,0.00,7.00
254264.00,2019-06-30 17:46:38.264,0.00,294.23,0.00,1.51,0.00,1.00,1.00,127.35,2.75,12.08,64.33,69.09,-37.02,38.48,-0.22,0.08,17.00,7000.00,-38.00,0.00,7.00
254364.00,2019-06-30 17:46:38.364,0.00,294.23,0.00,1.51,0.00,1.00,1.00,127.35,2.75,12.06,64.33,69.09,-37.02,38.48,-0.23,0.08,17.00,7000.00,-38.00,0.00,7.00
254464.00,2019-06-30 17:46:38.464,0.00,294.23,0.00,1.51,0.00,1.00,1.00,127.35,2.75,11.93,64.40,69.09,-37.02,38.49,-0.22,0.08,17.00,7000.00,-38.00,0.00,7.00
254564.00,2019-06-30 17:46:38.564,0.00,294.23,0.00,1.51,0.00,1.00,1.00,127.35,2.75,12.08,64.40,69.07,-36.92,38.49,-0.22,0.08,17.00,7000.00,-38.00,0.00,7.00
254664.00,2019-06-30 17:46:38.664,0.00,294.23,0.00,1.51,0.00,1.00,1.00,127.35,2.75,12.06,64.40,69.07,-36.92,38.49,-0.20,0.08,17.00,7000.00,-38.00,0.00,7.00
254764.00,2019-06-30 17:46:38.764,0.00,294.23,0.00,1.51,0.00,1.00,1.00,127.35,2.75,11.95,64.37,69.08,-36.90,38.49,-0.23,0.08,17.00,7000.00,-38.00,0.00,7.00
254864.00,2019-06-30 17:46:38.864,0.00,294.23,0.00,1.51,0.00,1.00,1.00,127.35,2.75,12.06,64.37,69.08,-36.90,38.48,-0.22,0.08,17.00,7000.00,-38.00,0.00,7.00
254964.00,2019-06-30 17:46:38.964,0.00,294.23,0.00,1.51,0.00,1.00,1.00,127.35,2.75,12.08,64.32,69.08,-36.90,38.48,-0.20,0.08,17.00,7000.00,-38.00,0.00,7.00
255064.00,2019-06-30 17:46:39.064,0.00,294.23,0.00,1.51,0.00,1.00,1.00,127.35,2.75,11.94,64.32,69.12,-36.77,38.48,-0.22,0.08,17.00,7000.00,-38.00,0.00,7.00
255164.00,2019-06-30 17:46:39.164,0.00,294.23,0.00,1.51,0.00,1.00,1.00,127.35,2.75,12.07,64.32,69.12,-36.77,38.48,-0.22,0.08,17.00,7000.00,-38.00,0.00,7.00
255264.00,2019-06-30 17:46:39.264,0.00,294.23,0.00,1.51,0.00,1.00,1.00,127.35,2.75,12.09,64.34,69.03,-36.77,38.45,-0.23,0.08,17.00,7000.00,-38.00,0.00,7.00
255364.00,2019-06-30 17:46:39.364,0.00,294.23,0.00,1.51,0.00,1.00,1.00,127.35,2.75,11.92,64.34,69.03,-36.58,38.45,-0.23,0.08,17.00,7000.00,-38.00,0.00,7.00
255464.00,2019-06-30 17:46:39.464,0.00,294.23,0.00,1.51,0.00,1.00,1.00,127.35,2.75,12.08,64.34,69.03,-36.58,38.45,-0.24,0.08,17.00,7000.00,-38.00,0.00,7.00
255564.00,2019-06-30 17:46:39.564,0.00,294.23,0.00,1.51,0.00,1.00,1.00,127.35,2.75,12.05,64.42,69.02,-36.63,38.45,-0.21,0.08,17.00,7000.00,-38.00,0.00,7.00
255664.00,2019-06-30 17:46:39.664,0.00,294.23,0.00,1.51,0.00,1.00,1.00,127.35,2.75,11.95,64.42,69.02,-36.63,38.46,-0.21,0.08,17.00,7000.00,-38.00,0.00,7.00
255764.00,2019-06-30 17:46:39.764,0.00,294.23,0.00,1.51,0.00,1.00,1.00,127.35,2.75,12.08,64.37,68.94,-36.63,38.46,-0.23,0.08,17.00,7000.00,-38.00,0.00,7.00
255864.00,2019-06-30 17:46:39.864,0.00,294.23,0.00,1.51,0.00,1.00,1.00,127.35,2.75,11.93,64.37,68.94,-36.49,38.46,-0.22,0.08,17.00,7000.00,-38.00,0.00,7.00
255964.00,2019-06-30 17:46:39.964,0.00,294.23,0.00,1.51,0.00,1.00,1.00,127.35,2.75,11.94,64.37,68.94,-36.49,38.46,-0.24,0.08,17.00,7000.00,-38.00,0.00,7.00
256064.00,2019-06-30 17:46:40.064,0.00,294.23,0.00,1.51,0.00,1.00,1.00,127.35,2.75,12.08,64.33,69.05,-36.44,38.52,-0.22,0.09,17.00,7000.00,-38.00,0.00,7.00
256164.00,2019-06-30 17:46:40.164,0.00,294.23,0.00,1.51,0.00,1.00,1.00,127.35,2.75,12.09,64.33,69.05,-36.44,38.52,-0.21,0.08,17.00,7000.00,-38.00,0.00,7.00
256264.00,2019-06-30 17:46:40.264,0.00,294.23,0.00,1.51,0.00,1.00,1.00,127.35,2.75,11.92,64.39,68.95,-36.44,38.52,-0.22,0.08,17.00,7000.00,-38.00,0.00,7.00
256364.00,2019-06-30 17:46:40.364,0.00,294.23,0.00,1.51,0.00,1.00,1.00,127.35,2.75,12.05,64.39,68.95,-36.27,38.52,-0.21,0.08,17.00,7000.00,-38.00,0.00,7.00
256464.00,2019-06-30 17:46:40.464,0.00,294.23,0.00,1.51,0.00,1.00,1.00,127.35,2.75,12.06,64.39,68.95,-36.27,38.54,-0.23,0.08,17.00,7000.00,-38.00,0.00,7.00
256564.00,2019-06-30 17:46:40.564,0.00,294.23,0.00,1.51,0.00,1.00,1.00,127.35,2.75,11.94,64.46,68.96,-36.27,38.54,-0.22,0.08,17.00,7000.00,-38.00,0.00,7.00
256664.00,2019-06-30 17:46:40.664,0.00,294.23,0.00,1.51,0.00,1.00,1.00,127.35,2.75,12.08,64.46,68.96,-36.28,38.54,-0.24,0.08,17.00,7000.00,-38.00,0.00,7.00
256764.00,2019-06-30 17:46:40.764,0.00,294.23,0.00,1.51,0.00,1.00,1.00,127.35,2.75,11.96,64.46,69.02,-36.28,38.54,-0.22,0.08,17.00,7000.00,-38.00,0.00,7.00
256864.00,2019-06-30 17:46:40.864,0.00,294.23,0.00,1.51,0.00,1.00,1.00,127.35,2.75,11.95,64.35,69.02,-36.15,38.52,-0.21,0.08,17.00,7000.00,-38.00,0.00,7.00
256964.00,2019-06-30 17:46:40.964,0.00,294.23,0.00,1.51,0.00,1.00,1.00,127.35,2.75,12.08,64.35,69.02,-36.15,38.52,-0.22,0.09,17.00,7000.00,-38.00,0.00,7.00
257064.00,2019-06-30 17:46:41.064,0.00,294.23,0.00,1.51,0.00,1.00,1.00,127.35,2.75,11.92,64.40,68.98,-36.15,38.52,-0.21,0.08,17.00,7000.00,-38.00,0.00,7.00
257164.00,2019-06-30 17:46:41.164,0.00,294.23,0.00,1.51,0.00,1.00,1.00,127.35,2.75,12.08,64.40,68.98,-36.05,38.52,-0.23,0.08,17.00,7000.00,-38.00,0.00,7.00
257264.00,2019-06-30 17:46:41.264,0.00,294.23,0.00,1.51,0.00,1.00,1.00,127.35,2.75,12.05,64.40,69.03,-36.05,38.52,-0.22,0.08,17.00,7000.00,-38.00,0.00,7.00
257364.00,2019-06-30 17:46:41.364,0.00,294.23,0.00,1.51,0.00,1.00,1.00,127.35,2.75,11.95,64.38,69.03,-36.02,38.52,-0.22,0.07,17.00,7000.00,-38.00,0.00,7.00
257464.00,2019-06-30 17:46:41.464,0.00,294.23,0.00,1.51,0.00,1.00,1.00,127.35,2.75,12.07,64.38,69.03,-36.02,38.52,-0.22,0.08,17.00,7000.00,-38.00,0.00,7.00
257564.00,2019-06-30 17:46:41.564,0.00,294.23,0.00,1.51,0.00,1.00,1.00,127.35,2.75,12.06,64.38,68.98,-36.02,38.52,-0.21,0.08,17.00,7000.00,-38.00,0.00,7.00
257664.00,2019-06-30 17:46:41.664,0.00,294.23,0.00,1.51,0.00,1.00,1.00,127.35,2.75,11.95,64.38,68.98,-35.92,38.62,-0.23,0.08,17.00,7000.00,-38.00,0.00,7.00
257764.00,2019-06-30 17:46:41.764,0.00,294.23,0.00,1.51,0.00,1.00,1.00,127.35,2.75,12.05,64.38,68.95,-35.92,38.62,-0.23,0.08,17.00,7000.00,-38.00,0.00,7.00
257864.00,2019-06-30 17:46:41.864,0.00,294.23,0.00,1.51,0.00,1.00,1.00,127.35,2.75,12.08,64.46,68.95,-35.92,38.62,-0.24,0.08,17.00,7000.00,-38.00,0.00,7.00
257964.00,2019-06-30 17:46:41.964,0.00,294.23,0.00,1.51,0.00,1.00,1.00,127.35,2.75,11.93,64.46,68.95,-35.86,38.62,-0.22,0.08,17.00,7000.00,-38.00,0.00,7.00
258064.00,2019-06-30 17:46:42.064,0.00,294.23,0.00,1.51,0.00,1.00,1.00,127.35,2.75,12.07,64.45,68.98,-35.86,38.59,-0.21,0.08,17.00,7000.00,-38.00,0.00,7.00
258164.00,2019-06-30 17:46:42.164,0.00,294.23,0.00,1.51,0.00,1.00,1.00,127.35,2.75,12.08,64.45,68.98,-35.68,38.59,-0.22,0.08,17.00,7000.00,-38.00,0.00,7.00
258264.00,2019-06-30 17:46:42.264,0.00,294.23,0.00,1.51,0.00,1.00,1.00,127.35,2.75,11.92,64.45,68.91,-35.68,38.59,-0.20,0.08,17.00,7000.00,-38.00,0.00,7.00
258364.00,2019-06-30 17:46:42.364,0.00,294.23,0.00,1.51,0.00,1.00,1.00,127.35,2.75,12.08,64.40,68.91,-35.68,38.59,-0.22,0.08,17.00,7000.00,-38.00,0.00,7.00
258464.00,2019-06-30 17:46:42.464,0.00,294.23,0.00,1.51,0.00,1.00,1.00,127.35,2.75,12.06,64.40,68.91,-35.58,38.65,-0.22,0.08,17.00,7000.00,-38.00,0.00,7.00
258564.00,2019-06-30 17:46:42.564,0.00,294.23,0.00,1.51,0.00,1.00,1.00,127.35,2.75,11.95,64.40,68.91,-35.58,38.65,-0.21,0.08,17.00,7000.00,-38.00,0.00,7.00
258664.00,2019-06-30 17:46:42.664,0.00,294.23,0.00,1.51,0.00,1.00,1.00,127.35,2.75,12.07,64.44,68.91,-35.55,38.65,-0.22,0.08,17.00,7000.00,-38.00,0.00,7.00
258764.00,2019-06-30 17:46:42.764,0.00,294.23,0.00,1.51,0.00,1.00,1.00,127.35,2.75,12.09,64.44,68.89,-35.55,38.65,-0.20,0.08,17.00,7000.00,-38.00,0.00,7.00
258864.00,2019-06-30 17:46:42.864,0.00,294.23,0.00,1.51,0.00,1.00,1.00,127.35,2.75,11.95,64.51,68.89,-35.55,38.58,-0.22,0.08,17.00,7000.00,-38.00,0.00,7.00
258964.00,2019-06-30 17:46:42.964,0.00,294.23,0.00,1.51,0.00,1.00,1.00,127.35,2.75,11.94,64.51,68.89,-35.52,38.58,-0.23,0.08,17.00,7000.00,-38.00,0.00,7.00
259064.00,2019-06-30 17:46:43.064,0.00,294.23,0.00,1.51,0.00,1.00,1.00,127.35,2.75,12.08,64.51,68.98,-35.52,38.58,-0.23,0.08,17.00,7000.00,-38.00,0.00,7.00
259164.00,2019-06-30 17:46:43.164,0.00,294.23,0.00,1.51,0.00,1.00,1.00,127.35,2.75,12.06,64.45,68.98,-35.52,38.58,-0.22,0.08,17.00,7000.00,-38.00,0.00,7.00
259264.00,2019-06-30 17:46:43.264,0.00,294.23,0.00,1.51,0.00,1.00,1.00,127.35,2.75,11.96,64.45,68.91,-35.34,38.58,-0.22,0.08,17.00,7000.00,-38.00,0.00,7.00
259364.00,2019-06-30 17:46:43.364,0.00,294.23,0.00,1.51,0.00,1.00,1.00,127.35,2.75,12.08,64.51,68.91,-35.34,38.58,-0.23,0.08,17.00,7000.00,-38.00,0.00,7.00
259464.00,2019-06-30 17:46:43.464,0.00,294.23,0.00,1.51,0.00,1.00,1.00,127.35,2.75,11.92,64.51,68.91,-35.30,38.58,-0.20,0.08,17.00,7000.00,-38.00,0.00,7.00
259564.00,2019-06-30 17:46:43.564,0.00,294.23,0.00,1.51,0.00,1.00,1.00,127.35,2.75,12.08,64.51,68.81,-35.30,38.58,-0.23,0.08,17.00,7000.00,-38.00,0.00,7.00
259664.00,2019-06-30 17:46:43.664,0.00,294.23,0.00,1.51,0.00,1.00,1.00,127.35,2.75,12.06,64.51,68.81,-35.30,38.64,-0.22,0.08,17.00,7000.00,-38.00,0.00,7.00
259764.00,2019-06-30 17:46:43.764,0.00,294.23,0.00,1.51,0.00,1.00,1.00,127.35,2.75,11.95,64.51,68.89,-35.22,38.64,-0.22,0.08,17.00,7000.00,-38.00,0.00,7.00
259864.00,2019-06-30 17:46:43.864,0.00,294.23,0.00,1.51,0.00,1.00,1.00,127.35,2.75,12.07,64.51,68.89,-35.22,38.64,-0.22,0.08,17.00,7000.00,-38.00,0.00,7.00
259964.00,2019-06-30 17:46:43.964,0.00,294.23,0.00,1.51,0.00,1.00,1.00,127.35,2.75,12.06,64.49,68.89,-35.04,38.64,-0.23,0.08,17.00,7000.00,-38.00,0.00,7.00
260064.00,2019-06-30 17:46:44.064,0.00,294.23,0.00,1.51,0.00,1.00,1.00,127.35,2.75,11.96,64.49,68.82,-35.04,38.65,-0.22,0.08,17.00,7000.00,-38.00,0.00,7.00
260164.00,2019-06-30 17:46:44.164,0.00,294.23,0.00,1.51,0.00,1.00,1.00,127.35,2.75,12.05,64.44,68.82,-35.04,38.65,-0.22,0.08,17.00,7000.00,-38.00,0.00,7.00
260264.00,2019-06-30 17:46:44.264,0.00,294.23,0.00,1.51,0.00,1.00,1.00,127.35,2.75,11.93,64.44,68.91,-35.08,38.65,-0.23,0.08,17.00,7000.00,-38.00,0.00,7.00
260364.00,2019-06-30 17:46:44.364,0.00,294.23,0.00,1.51,0.00,1.00,1.00,127.35,2.75,11.92,64.44,68.91,-35.08,38.65,-0.22,0.08,17.00,7000.00,-38.00,0.00,7.00
260464.00,2019-06-30 17:46:44.464,0.00,294.23,0.00,1.51,0.00,1.00,1.00,127.35,2.75,12.09,64.51,68.91,-35.08,38.58,-0.21,0.08,17.00,7000.00,-38.00,0.00,7.00
260564.00,2019-06-30 17:46:44.564,0.00,294.23,0.00,1.51,0.00,1.00,1.00,127.35,2.75,12.06,64.51,68.84,-34.96,38.58,-0.22,0.08,17.00,7000.00,-38.00,0.00,7.00
260664.00,2019-06-30 17:46:44.664,0.00,294.23,0.00,1.51,0.00,1.00,1.00,127.35,2.75,12.06,64.54,68.84,-34.96,38.58,-0.20,0.07,17.00,7000.00,-38.00,0.00,7.00
260764.00,2019-06-30 17:46:44.764,0.00,294.23,0.00,1.51,0.00,1.00,1.00,127.35,2.75,12.07,64.54,68.84,-34.88,38.58,-0.23,0.08,17.00,7000.00,-38.00,0.00,7.00
260864.00,2019-06-30 17:46:44.864,0.00,294.23,0.00,1.51,0.00,1.00,1.00,127.35,2.75,12.06,64.54,68.84,-34.88,38.65,-0.22,0.08,17.00,7000.00,-38.00,0.00,7.00
260964.00,2019-06-30 17:46:44.964,0.00,294.23,0.00,1.51,0.00,1.00,1.00,127.35,2.75,11.96,64.49,68.84,-34.88,38.65,-0.22,0.08,17.00,7000.00,-38.00,0.00,7.00
261064.00,2019-06-30 17:46:45.064,0.00,294.23,0.00,1.51,0.00,1.00,1.00,127.35,2.75,12.07,64.49,68.82,-34.90,38.65,-0.22,0.08,17.00,7000.00,-38.00,0.00,7.00
261164.00,2019-06-30 17:46:45.164,0.00,294.23,0.00,1.51,0.00,1.00,1.00,127.35,2.75,11.94,64.52,68.82,-34.90,38.65,-0.21,0.08,17.00,7000.00,-38.00,0.00,7.00
261264.00,2019-06-30 17:46:45.264,0.00,294.23,0.00,1.51,0.00,1.00,1.00,127.35,2.75,12.09,64.52,68.77,-34.73,38.70,-0.23,0.08,17.00,7000.00,-38.00,0.00,7.00
261364.00,2019-06-30 17:46:45.364,0.00,294.23,0.00,1.51,0.00,1.00,1.00,127.35,2.75,12.05,64.52,68.77,-34.73,38.70,-0.23,0.08,17.00,7000.00,-38.00,0.00,7.00
261464.00,2019-06-30 17:46:45.464,0.00,294.23,0.00,1.51,0.00,1.00,1.00,127.35,2.75,11.95,64.49,68.77,-34.73,38.70,-0.25,0.08,17.00,7000.00,-38.00,0.00,7.00
261564.00,2019-06-30 17:46:45.564,0.00,294.23,0.00,1.51,0.00,1.00,1.00,127.35,2.75,12.06,64.49,68.77,-34.67,38.70,-0.22,0.08,17.00,7000.00,-38.00,0.00,7.00
261664.00,2019-06-30 17:46:45.664,0.00,294.23,0.00,1.51,0.00,1.00,1.00,127.35,2.75,12.08,64.49,68.77,-34.67,38.63,-0.21,0.08,17.00,7000.00,-38.00,0.00,7.00
261764.00,2019-06-30 17:46:45.764,0.00,294.23,0.00,1.51,0.00,1.00,1.00,127.35,2.75,12.08,64.60,68.88,-34.67,38.63,-0.21,0.09,17.00,7000.00,-38.00,0.00,7.00
261864.00,2019-06-30 17:46:45.864,0.00,294.23,0.00,1.51,0.00,1.00,1.00,127.35,2.75,12.08,64.60,68.88,-34.65,38.63,-0.20,0.08,17.00,7000.00,-38.00,0.00,7.00
261964.00,2019-06-30 17:46:45.964,0.00,294.23,0.00,1.51,0.00,1.00,1.00,127.35,2.75,11.94,64.58,68.88,-34.65,38.63,-0.23,0.08,17.00,7000.00,-38.00,0.00,7.00
262064.00,2019-06-30 17:46:46.064,0.00,294.23,0.00,1.51,0.00,1.00,1.00,127.35,2.75,11.93,64.58,68.76,-34.48,38.67,-0.21,0.08,17.00,7000.00,-38.00,0.00,7.00
262164.00,2019-06-30 17:46:46.164,0.00,294.23,0.00,1.51,0.00,1.00,1.00,127.35,2.75,12.09,64.58,68.76,-34.48,38.67,-0.22,0.08,17.00,7000.00,-38.00,0.00,7.00
262264.00,2019-06-30 17:46:46.264,0.00,294.23,0.00,1.51,0.00,1.00,1.00,127.35,2.75,12.05,64.48,68.78,-34.48,38.67,-0.23,0.08,17.00,7000.00,-38.00,0.00,7.00
262364.00,2019-06-30 17:46:46.364,0.00,294.23,0.00,1.51,0.00,1.00,1.00,127.35,2.75,11.95,64.48,68.78,-34.37,38.67,-0.21,0.08,17.00,7000.00,-38.00,0.00,7.00
262464.00,2019-06-30 17:46:46.464,0.00,294.23,0.00,1.51,0.00,1.00,1.00,127.35,2.75,12.06,64.60,68.78,-34.37,38.62,-0.23,0.08,17.00,7000.00,-38.00,0.00,7.00
262564.00,2019-06-30 17:46:46.564,0.00,294.23,0.00,1.51,0.00,1.00,1.00,127.35,2.75,11.92,64.60,68.79,-34.38,38.62,-0.22,0.08,17.00,7000.00,-38.00,0.00,7.00
262664.00,2019-06-30 17:46:46.664,0.00,294.23,0.00,1.51,0.00,1.00,1.00,127.35,2.75,12.08,64.60,68.79,-34.38,38.62,-0.22,0.09,17.00,7000.00,-38.00,0.00,7.00
262764.00,2019-06-30 17:46:46.764,0.00,294.23,0.00,1.51,0.00,1.00,1.00,127.35,2.75,12.06,64.54,68.91,-34.38,38.62,-0.21,0.08,17.00,7000.00,-38.00,0.00,7.00
262864.00,2019-06-30 17:46:46.864,0.00,294.23,0.00,1.51,0.00,1.00,1.00,127.35,2.75,11.94,64.54,68.91,-34.27,38.72,-0.21,0.08,17.00,7000.00,-38.00,0.00,7.00
262964.00,2019-06-30 17:46:46.964,0.00,294.23,0.00,1.51,0.00,1.00,1.00,127.35,2.75,12.08,64.54,68.91,-34.27,38.72,-0.22,0.08,17.00,7000.00,-38.00,0.00,7.00
263064.00,2019-06-30 17:46:47.064,0.00,294.23,0.00,1.51,0.00,1.00,1.00,127.35,2.75,12.05,64.52,68.76,-34.27,38.72,-0.21,0.08,17.00,7000.00,-38.00,0.00,7.00
263164.00,2019-06-30 17:46:47.164,0.00,294.23,0.00,1.51,0.00,1.00,1.00,127.35,2.75,11.95,64.52,68.76,-34.20,38.72,-0.23,0.08,17.00,7000.00,-38.00,0.00,7.00
263264.00,2019-06-30 17:46:47.264,0.00,294.23,0.00,1.51,0.00,1.00,1.00,127.35,2.75,12.06,64.58,68.78,-34.20,38.72,-0.22,0.08,17.00,7000.00,-38.00,0.00,7.00
263364.00,2019-06-30 17:46:47.364,0.00,294.23,0.00,1.51,0.00,1.00,1.00,127.35,2.75,12.07,64.58,68.78,-34.16,38.72,-0.21,0.08,17.00,7000.00,-38.00,0.00,7.00
263464.00,2019-06-30 17:46:47.464,0.00,294.23,0.00,1.51,0.00,1.00,1.00,127.35,2.75,11.94,64.58,68.78,-34.16,38.72,-0.21,0.08,17.00,7000.00,-38.00,0.00,7.00
263564.00,2019-06-30 17:46:47.564,0.00,294.23,0.00,1.51,0.00,1.00,1.00,127.35,2.75,12.06,64.63,68.76,-34.16,38.72,-0.21,0.08,17.00,7000.00,-38.00,0.00,7.00
263664.00,2019-06-30 17:46:47.664,0.00,294.23,0.00,1.51,0.00,1.00,1.00,127.35,2.75,12.09,64.63,68.76,-34.09,38.74,-0.23,0.08,17.00,7000.00,-38.00,0.00,7.00
263764.00,2019-06-30 17:46:47.764,0.00,294.23,0.00,1.51,0.00,1.00,1.00,127.35,2.75,11.92,64.58,68.74,-34.09,38.74,-0.21,0.08,17.00,7000.00,-38.00,0.00,7.00
263864.00,2019-06-30 17:46:47.864,0.00,294.23,0.00,1.51,0.00,1.00,1.00,127.35,2.75,12.08,64.58,68.74,-34.02,38.74,-0.24,0.08,17.00,7000.00,-38.00,0.00,7.00
263964.00,2019-06-30 17:46:47.964,0.00,294.23,0.00,1.51,0.00,1.00,1.00,127.35,2.75,12.06,64.58,68.74,-34.02,38.74,-0.22,0.08,17.00,7000.00,-38.00,0.00,7.00
264064.00,2019-06-30 17:46:48.064,0.00,294.23,0.00,1.51,0.00,1.00,1.00,127.35,2.75,11.94,64.61,68.76,-34.02,38.78,-0.22,0.08,17.00,7000.00,-38.00,0.00,7.00
264164.00,2019-06-30 17:46:48.164,0.00,294.23,0.00,1.51,0.00,1.00,1.00,127.35,2.75,12.08,64.61,68.76,-33.86,38.78,-0.22,0.08,17.00,7000.00,-38.00,0.00,7.00
264264.00,2019-06-30 17:46:48.264,0.00,294.23,0.00,1.51,0.00,1.00,1.00,127.35,2.75,12.05,64.61,68.76,-33.86,38.78,-0.20,0.08,17.00,7000.00,-38.00,0.00,7.00
264364.00,2019-06-30 17:46:48.364,0.00,294.23,0.00,1.51,0.00,1.00,1.00,127.35,2.75,11.95,64.61,68.76,-33.86,38.78,-0.23,0.08,17.00,7000.00,-38.00,0.00,7.00
264464.00,2019-06-30 17:46:48.464,0.00,294.23,0.00,1.51,0.00,1.00,1.00,127.35,2.75,12.06,64.61,68.76,-33.90,38.70,-0.22,0.08,17.00,7000.00,-38.00,0.00,7.00
264564.00,2019-06-30 17:46:48.564,0.00,294.23,0.00,1.51,0.00,1.00,1.00,127.35,2.75,12.08,64.66,68.71,-33.90,38.70,-0.22,0.08,17.00,7000.00,-38.00,0.00,7.00
264664.00,2019-06-30 17:46:48.664,0.00,294.23,0.00,1.51,0.00,1.00,1.00,127.35,2.75,11.92,64.66,68.71,-33.77,38.70,-0.22,0.08,17.00,7000.00,-38.00,0.00,7.00
264764.00,2019-06-30 17:46:48.764,0.00,294.23,0.00,1.51,0.00,1.00,1.00,127.35,2.75,12.06,64.66,68.76,-33.77,38.70,-0.22,0.08,17.00,7000.00,-38.00,0.00,7.00
264864.00,2019-06-30 17:46:48.864,0.00,294.23,0.00,1.51,0.00,1.00,1.00,127.35,2.75,12.06,64.65,68.76,-33.77,38.67,-0.22,0.08,17.00,7000.00,-38.00,0.00,7.00
264964.00,2019-06-30 17:46:48.964,0.00,294.23,0.00,1.51,0.00,1.00,1.00,127.35,2.75,11.94,64.65,68.76,-33.70,38.67,-0.21,0.08,17.00,7000.00,-38.00,0.00,7.00
265064.00,2019-06-30 17:46:49.064,0.00,294.23,0.00,1.51,0.00,1.00,1.00,127.35,2.75,12.08,64.67,68.72,-33.70,38.67,-0.24,0.09,17.00,7000.00,-38.00,0.00,7.00
265164.00,2019-06-30 17:46:49.164,0.00,294.23,0.00,1.51,0.00,1.00,1.00,127.35,2.75,11.93,64.67,68.72,-33.69,38.67,-0.22,0.08,17.00,7000.00,-38.00,0.00,7.00
265264.00,2019-06-30 17:46:49.264,0.00,294.23,0.00,1.51,0.00,1.00,1.00,127.35,2.75,12.07,64.67,68.67,-33.69,38.74,-0.21,0.08,17.00,7000.00,-38.00,0.00,7.00
265364.00,2019-06-30 17:46:49.364,0.00,294.23,0.00,1.51,0.00,1.00,1.00,127.35,2.75,12.08,64.65,68.67,-33.69,38.74,-0.23,0.09,17.00,7000.00,-38.00,0.00,7.00
265464.00,2019-06-30 17:46:49.464,0.00,294.23,0.00,1.51,0.00,1.00,1.00,127.35,2.75,11.92,64.65,68.67,-33.48,38.74,-0.21,0.08,17.00,7000.00,-38.00,0.00,7.00
265564.00,2019-06-30 17:46:49.564,0.00,294.23,0.00,1.51,0.00,1.00,1.00,127.35,2.75,12.08,64.63,68.65,-33.48,38.74,-0.23,0.07,17.00,7000.00,-38.00,0.00,7.00
265664.00,2019-06-30 17:46:49.664,0.00,294.23,0.00,1.51,0.00,1.00,1.00,127.35,2.75,12.06,64.63,68.65,-33.48,38.76,-0.22,0.08,17.00,7000.00,-38.00,0.00,7.00
265764.00,2019-06-30 17:46:49.764,0.00,294.23,0.00,1.51,0.00,1.00,1.00,127.35,2.75,11.95,64.63,68.77,-33.45,38.76,-0.22,0.07,17.00,7000.00,-38.00,0.00,7.00
265864.00,2019-06-30 17:46:49.864,0.00,294.23,0.00,1.51,0.00,1.00,1.00,127.35,2.75,12.07,64.61,68.77,-33.45,38.76,-0.21,0.08,17.00,7000.00,-38.00,0.00,7.00
265964.00,2019-06-30 17:46:49.964,0.00,294.23,0.00,1.51,0.00,1.00,1.00,127.35,2.75,12.06,64.61,68.77,-33.36,38.76,-0.21,0.08,17.00,7000.00,-38.00,0.00,7.00
266064.00,2019-06-30 17:46:50.064,0.00,294.23,0.00,1.51,0.00,1.00,1.00,127.35,2.75,11.96,64.61,68.72,-33.36,38.84,-0.23,0.08,17.00,7000.00,-38.00,0.00,7.00
266164.00,2019-06-30 17:46:50.164,0.00,294.23,0.00,1.51,0.00,1.00,1.00,127.35,2.75,12.05,64.67,68.72,-33.36,38.84,-0.22,0.08,17.00,7000.00,-38.00,0.00,7.00
266264.00,2019-06-30 17:46:50.264,0.00,294.23,0.00,1.51,0.00,1.00,1.00,127.35,2.75,12.08,64.67,68.64,-33.30,38.84,-0.24,0.08,17.00,7000.00,-38.00,0.00,7.00
266364.00,2019-06-30 17:46:50.364,0.00,294.23,0.00,1.51,0.00,1.00,1.00,127.35,2.75,11.91,64.66,68.64,-33.30,38.84,-0.22,0.08,17.00,7000.00,-38.00,0.00,7.00
266464.00,2019-06-30 17:46:50.464,0.00,294.23,0.00,1.51,0.00,1.00,1.00,127.35,2.75,12.08,64.66,68.64,-33.23,38.82,-0.22,0.08,17.00,7000.00,-38.00,0.00,7.00
266564.00,2019-06-30 17:46:50.564,0.00,294.23,0.00,1.51,0.00,1.00,1.00,127.35,2.75,12.06,64.66,68.58,-33.23,38.82,-0.21,0.08,17.00,7000.00,-38.00,0.00,7.00
266664.00,2019-06-30 17:46:50.664,0.00,294.23,0.00,1.51,0.00,1.00,1.00,127.35,2.75,12.06,64.68,68.58,-33.23,38.82,-0.21,0.08,17.00,7000.00,-38.00,0.00,7.00
266764.00,2019-06-30 17:46:50.764,0.00,294.23,0.00,1.51,0.00,1.00,1.00,127.35,2.75,12.07,64.68,68.57,-33.23,38.82,-0.23,0.08,17.00,7000.00,-38.00,0.00,7.00
266864.00,2019-06-30 17:46:50.864,0.00,294.23,0.00,1.51,0.00,1.00,1.00,127.35,2.75,12.06,64.68,68.57,-33.23,38.85,-0.22,0.08,17.00,7000.00,-38.00,0.00,7.00
266964.00,2019-06-30 17:46:50.964,0.00,294.23,0.00,1.51,0.00,1.00,1.00,127.35,2.75,11.96,64.68,68.57,-33.23,38.85,-0.22,0.08,17.00,7000.00,-38.00,0.00,7.00
267064.00,2019-06-30 17:46:51.064,0.00,294.23,0.00,1.51,0.00,1.00,1.00,127.35,2.75,12.05,64.68,68.74,-33.19,38.85,-0.23,0.08,17.00,7000.00,-38.00,0.00,7.00
267164.00,2019-06-30 17:46:51.164,0.00,294.23,0.00,1.51,0.00,1.00,1.00,127.35,2.75,12.08,64.65,68.74,-33.19,38.85,-0.22,0.08,17.00,7000.00,-38.00,0.00,7.00
267264.00,2019-06-30 17:46:51.264,0.00,294.23,0.00,1.51,0.00,1.00,1.00,127.35,2.75,11.93,64.65,68.59,-33.03,38.83,-0.21,0.08,17.00,7000.00,-38.00,0.00,7.00
267364.00,2019-06-30 17:46:51.364,0.00,294.23,0.00,1.51,0.00,1.00,1.00,127.35,2.75,12.07,64.70,68.59,-33.03,38.83,-0.22,0.08,17.00,7000.00,-38.00,0.00,7.00
267464.00,2019-06-30 17:46:51.464,0.00,294.23,0.00,1.51,0.00,1.00,1.00,127.35,2.75,12.08,64.70,68.59,-33.03,38.83,-0.24,0.08,17.00,7000.00,-38.00,0.00,7.00
267564.00,2019-06-30 17:46:51.564,0.00,294.23,0.00,1.51,0.00,1.00,1.00,127.35,2.75,11.92,64.70,68.57,-33.05,38.83,-0.23,0.08,17.00,7000.00,-38.00,0.00,7.00
267664.00,2019-06-30 17:46:51.664,0.00,294.23,0.00,1.51,0.00,1.00,1.00,127.35,2.75,12.08,64.73,68.57,-33.05,38.78,-0.22,0.08,17.00,7000.00,-38.00,0.00,7.00
267764.00,2019-06-30 17:46:51.764,0.00,294.23,0.00,1.51,0.00,1.00,1.00,127.35,2.75,12.06,64.73,68.62,-32.86,38.78,-0.23,0.08,17.00,7000.00,-38.00,0.00,7.00
267864.00,2019-06-30 17:46:51.864,0.00,294.23,0.00,1.51,0.00,1.00,1.00,127.35,2.75,11.95,64.73,68.62,-32.86,38.78,-0.21,0.08,17.00,7000.00,-38.00,0.00,7.00
267964.00,2019-06-30 17:46:51.964,0.00,294.23,0.00,1.51,0.00,1.00,1.00,127.35,2.75,12.07,64.66,68.62,-32.86,38.78,-0.23,0.08,17.00,7000.00,-38.00,0.00,7.00
268064.00,2019-06-30 17:46:52.064,0.00,294.23,0.00,1.51,0.00,1.00,1.00,127.35,2.75,12.06,64.66,68.62,-32.79,38.84,-0.22,0.08,17.00,7000.00,-38.00,0.00,7.00
268164.00,2019-06-30 17:46:52.164,0.00,294.23,0.00,1.51,0.00,1.00,1.00,127.35,2.75,11.96,64.88,68.62,-32.79,38.84,-0.22,0.09,17.00,7000.00,-38.00,0.00,7.00
268264.00,2019-06-30 17:46:52.264,0.00,294.23,0.00,1.51,0.00,1.00,1.00,127.35,2.75,12.05,64.88,68.66,-32.79,38.84,-0.22,0.08,17.00,7000.00,-38.00,0.00,7.00
268364.00,2019-06-30 17:46:52.364,0.00,294.23,0.00,1.51,0.00,1.00,1.00,127.35,2.75,11.93,64.88,68.66,-32.73,38.84,-0.20,0.09,17.00,7000.00,-38.00,0.00,7.00
268464.00,2019-06-30 17:46:52.464,0.00,294.23,0.00,1.51,0.00,1.00,1.00,127.35,2.75,12.08,64.67,68.66,-32.73,38.89,-0.21,0.08,17.00,7000.00,-38.00,0.00,7.00
268564.00,2019-06-30 17:46:52.564,0.00,294.23,0.00,1.51,0.00,1.00,1.00,127.35,2.75,12.05,64.67,68.55,-32.63,38.89,-0.20,0.08,17.00,7000.00,-38.00,0.00,7.00
268664.00,2019-06-30 17:46:52.664,0.00,294.23,0.00,1.51,0.00,1.00,1.00,127.35,2.75,11.95,64.70,68.55,-32.63,38.89,-0.24,0.08,17.00,7000.00,-38.00,0.00,7.00
268764.00,2019-06-30 17:46:52.764,0.00,294.23,0.00,1.51,0.00,1.00,1.00,127.35,2.75,12.06,64.70,68.62,-32.63,38.89,-0.20,0.08,17.00,7000.00,-38.00,0.00,7.00
268864.00,2019-06-30 17:46:52.864,0.00,294.23,0.00,1.51,0.00,1.00,1.00,127.35,2.75,11.94,64.70,68.62,-32.59,38.85,-0.21,0.08,17.00,7000.00,-38.00,0.00,7.00
268964.00,2019-06-30 17:46:52.964,0.00,294.23,0.00,1.51,0.00,1.00,1.00,127.35,2.75,12.06,64.75,68.62,-32.59,38.85,-0.22,0.08,17.00,7000.00,-38.00,0.00,7.00
269064.00,2019-06-30 17:46:53.064,0.00,294.23,0.00,1.51,0.00,1.00,1.00,127.35,2.75,12.08,64.75,68.59,-32.59,38.85,-0.21,0.08,17.00,7000.00,-38.00,0.00,7.00
269164.00,2019-06-30 17:46:53.164,0.00,294.23,0.00,1.51,0.00,1.00,1.00,127.35,2.75,11.94,64.75,68.59,-32.52,38.85,-0.24,0.08,17.00,7000.00,-38.00,0.00,7.00
269264.00,2019-06-30 17:46:53.264,0.00,294.23,0.00,1.51,0.00,1.00,1.00,127.35,2.75,12.06,64.77,68.55,-32.52,38.78,-0.21,0.08,17.00,7000.00,-38.00,0.00,7.00
269364.00,2019-06-30 17:46:53.364,0.00,294.23,0.00,1.51,0.00,1.00,1.00,127.35,2.75,11.95,64.77,68.55,-32.34,38.78,-0.21,0.08,17.00,7000.00,-38.00,0.00,7.00
269464.00,2019-06-30 17:46:53.464,0.00,294.23,0.00,1.51,0.00,1.00,1.00,127.35,2.75,12.07,64.74,68.55,-32.34,38.78,-0.23,0.08,17.00,7000.00,-38.00,0.00,7.00
269564.00,2019-06-30 17:46:53.564,0.00,294.23,0.00,1.51,0.00,1.00,1.00,127.35,2.75,12.06,64.74,68.54,-32.34,38.78,-0.21,0.08,17.00,7000.00,-38.00,0.00,7.00
269664.00,2019-06-30 17:46:53.664,0.00,294.23,0.00,1.51,0.00,1.00,1.00,127.35,2.75,11.95,64.74,68.54,-32.39,38.84,-0.22,0.08,17.00,7000.00,-38.00,0.00,7.00
269764.00,2019-06-30 17:46:53.764,0.00,294.23,0.00,1.51,0.00,1.00,1.00,127.35,2.75,12.05,64.74,68.60,-32.39,38.84,-0.21,0.08,17.00,7000.00,-38.00,0.00,7.00
269864.00,2019-06-30 17:46:53.864,0.00,294.23,0.00,1.51,0.00,1.00,1.00,127.35,2.75,12.08,64.74,68.60,-32.30,38.84,-0.24,0.08,17.00,7000.00,-38.00,0.00,7.00
269964.00,2019-06-30 17:46:53.964,0.00,294.23,0.00,1.51,0.00,1.00,1.00,127.35,2.75,11.92,64.70,68.60,-32.30,38.84,-0.22,0.08,17.00,7000.00,-38.00,0.00,7.00
270064.00,2019-06-30 17:46:54.064,0.00,294.23,0.00,1.51,0.00,1.00,1.00,127.35,2.75,12.08,64.70,68.53,-32.30,38.87,-0.22,0.08,17.00,7000.00,-38.00,0.00,7.00
270164.00,2019-06-30 17:46:54.164,0.00,294.23,0.00,1.51,0.00,1.00,1.00,127.35,2.75,11.95,64.70,68.53,-32.25,38.87,-0.22,0.08,17.00,7000.00,-38.00,0.00,7.00
270264.00,2019-06-30 17:46:54.264,0.00,294.23,0.00,1.51,0.00,1.00,1.00,127.35,2.75,11.95,64.75,68.47,-32.25,38.87,-0.22,0.08,17.00,7000.00,-38.00,0.00,7.00
270364.00,2019-06-30 17:46:54.364,0.00,294.23,0.00,1.51,0.00,1.00,1.00,127.35,2.75,12.07,64.75,68.47,-32.25,38.87,-0.23,0.08,17.00,7000.00,-38.00,0.00,7.00
270464.00,2019-06-30 17:46:54.464,0.00,294.23,0.00,1.51,0.00,1.00,1.00,127.35,2.75,12.05,64.75,68.47,-32.25,38.88,-0.21,0.08,17.00,7000.00,-38.00,0.00,7.00
270564.00,2019-06-30 17:46:54.564,0.00,294.23,0.00,1.51,0.00,1.00,1.00,127.35,2.75,12.07,64.85,68.57,-32.25,38.88,-0.22,0.08,17.00,7000.00,-38.00,0.00,7.00
270664.00,2019-06-30 17:46:54.664,0.00,294.23,0.00,1.51,0.00,1.00,1.00,127.35,2.75,12.07,64.85,68.57,-32.06,38.88,-0.22,0.08,17.00,7000.00,-38.00,0.00,7.00
270764.00,2019-06-30 17:46:54.764,0.00,294.23,0.00,1.51,0.00,1.00,1.00,127.35,2.75,11.93,64.77,68.47,-32.06,38.88,-0.21,0.08,17.00,7000.00,-38.00,0.00,7.00
270864.00,2019-06-30 17:46:54.864,0.00,294.23,0.00,1.51,0.00,1.00,1.00,127.35,2.75,12.09,64.77,68.47,-32.06,38.82,-0.22,0.08,17.00,7000.00,-38.00,0.00,7.00
270964.00,2019-06-30 17:46:54.964,0.00,294.23,0.00,1.51,0.00,1.00,1.00,127.35,2.75,12.05,64.77,68.47,-32.02,38.82,-0.21,0.08,17.00,7000.00,-38.00,0.00,7.00
271064.00,2019-06-30 17:46:55.064,0.00,294.23,0.00,1.51,0.00,1.00,1.00,127.35,2.75,11.95,64.79,68.40,-32.02,38.82,-0.24,0.08,17.00,7000.00,-38.00,0.00,7.00
271164.00,2019-06-30 17:46:55.164,0.00,294.23,0.00,1.51,0.00,1.00,1.00,127.35,2.75,12.06,64.79,68.40,-32.01,38.82,-0.21,0.08,17.00,7000.00,-38.00,0.00,7.00
271264.00,2019-06-30 17:46:55.264,0.00,294.23,0.00,1.51,0.00,1.00,1.00,127.35,2.75,12.07,64.77,68.49,-32.01,38.88,-0.22,0.08,17.00,7000.00,-38.00,0.00,7.00
271364.00,2019-06-30 17:46:55.364,0.00,294.23,0.00,1.51,0.00,1.00,1.00,127.35,2.75,11.95,64.77,68.49,-32.01,38.88,-0.22,0.08,17.00,7000.00,-38.00,0.00,7.00
271464.00,2019-06-30 17:46:55.464,0.00,294.23,0.00,1.51,0.00,1.00,1.00,127.35,2.75,12.05,64.77,68.49,-31.91,38.88,-0.20,0.08,17.00,7000.00,-38.00,0.00,7.00
271564.00,2019-06-30 17:46:55.564,0.00,294.23,0.00,1.51,0.00,1.00,1.00,127.35,2.75,12.07,64.79,68.52,-31.91,38.88,-0.22,0.08,17.00,7000.00,-38.00,0.00,7.00
271664.00,2019-06-30 17:46:55.664,0.00,294.23,0.00,1.51,0.00,1.00,1.00,127.35,2.75,12.06,64.79,68.52,-31.91,38.89,-0.22,0.08,17.00,7000.00,-38.00,0.00,7.00
271764.00,2019-06-30 17:46:55.764,0.00,294.23,0.00,1.51,0.00,1.00,1.00,127.35,2.75,12.08,64.84,68.48,-31.78,38.89,-0.21,0.08,17.00,7000.00,-38.00,0.00,7.00
271864.00,2019-06-30 17:46:55.864,0.00,294.23,0.00,1.51,0.00,1.00,1.00,127.35,2.75,11.92,64.84,68.48,-31.78,38.89,-0.21,0.08,17.00,7000.00,-38.00,0.00,7.00
271964.00,2019-06-30 17:46:55.964,0.00,294.23,0.00,1.51,0.00,1.00,1.00,127.35,2.75,12.06,64.84,68.48,-31.73,38.89,-0.22,0.08,17.00,7000.00,-38.00,0.00,7.00
272064.00,2019-06-30 17:46:56.064,0.00,294.23,0.00,1.51,0.00,1.00,1.00,127.35,2.75,11.94,64.77,68.47,-31.73,38.96,-0.22,0.08,17.00,7000.00,-38.00,0.00,7.00
272164.00,2019-06-30 17:46:56.164,0.00,294.23,0.00,1.51,0.00,1.00,1.00,127.35,2.75,12.07,64.77,68.47,-31.73,38.96,-0.19,0.08,17.00,7000.00,-38.00,0.00,7.00
272264.00,2019-06-30 17:46:56.264,0.00,294.23,0.00,1.51,0.00,1.00,1.00,127.35,2.75,12.08,64.77,68.42,-31.68,38.96,-0.24,0.08,17.00,7000.00,-38.00,0.00,7.00
272364.00,2019-06-30 17:46:56.364,0.00,294.23,0.00,1.51,0.00,1.00,1.00,127.35,2.75,12.05,64.84,68.42,-31.68,38.96,-0.21,0.08,17.00,7000.00,-38.00,0.00,7.00
272464.00,2019-06-30 17:46:56.464,0.00,294.23,0.00,1.51,0.00,1.00,1.00,127.35,2.75,11.95,64.84,68.42,-31.60,38.92,-0.21,0.08,17.00,7000.00,-38.00,0.00,7.00
272564.00,2019-06-30 17:46:56.564,0.00,294.23,0.00,1.51,0.00,1.00,1.00,127.35,2.75,12.06,64.77,68.49,-31.60,38.92,-0.23,0.08,17.00,7000.00,-38.00,0.00,7.00
272664.00,2019-06-30 17:46:56.664,0.00,294.23,0.00,1.51,0.00,1.00,1.00,127.35,2.75,11.93,64.77,68.49,-31.60,38.92,-0.20,0.08,17.00,7000.00,-38.00,0.00,7.00
272764.00,2019-06-30 17:46:56.764,0.00,294.23,0.00,1.51,0.00,1.00,1.00,127.35,2.75,11.94,64.77,68.44,-31.52,38.92,-0.23,0.09,17.00,7000.00,-38.00,0.00,7.00
272864.00,2019-06-30 17:46:56.864,0.00,294.23,0.00,1.51,0.00,1.00,1.00,127.35,2.75,12.06,64.84,68.44,-31.52,38.91,-0.21,0.09,17.00,7000.00,-38.00,0.00,7.00
272964.00,2019-06-30 17:46:56.964,0.00,294.23,0.00,1.51,0.00,1.00,1.00,127.35,2.75,11.92,64.84,68.44,-31.52,38.91,-0.22,0.08,17.00,7000.00,-38.00,0.00,7.00
273064.00,2019-06-30 17:46:57.064,0.00,294.23,0.00,1.51,0.00,1.00,1.00,127.35,2.75,11.92,64.85,68.40,-31.52,38.91,-0.22,0.08,17.00,7000.00,-38.00,0.00,7.00
273164.00,2019-06-30 17:46:57.164,0.00,294.23,0.00,1.51,0.00,1.00,1.00,127.35,2.75,12.08,64.85,68.40,-31.52,38.91,-0.20,0.08,17.00,7000.00,-38.00,0.00,7.00
273264.00,2019-06-30 17:46:57.264,0.00,294.23,0.00,1.51,0.00,1.00,1.00,127.35,2.75,12.07,64.85,68.48,-31.44,38.98,-0.23,0.08,17.00,7000.00,-38.00,0.00,7.00
273364.00,2019-06-30 17:46:57.364,0.00,294.23,0.00,1.51,0.00,1.00,1.00,127.35,2.75,11.93,64.90,68.48,-31.44,38.98,-0.21,0.08,17.00,7000.00,-38.00,0.00,7.00
273464.00,2019-06-30 17:46:57.464,0.00,294.23,0.00,1.51,0.00,1.00,1.00,127.35,2.75,12.08,64.90,68.48,-31.44,38.98,-0.24,0.08,17.00,7000.00,-38.00,0.00,7.00
273564.00,2019-06-30 17:46:57.564,0.00,294.23,0.00,1.51,0.00,1.00,1.00,127.35,2.75,11.96,64.90,68.40,-31.37,38.98,-0.21,0.08,17.00,7000.00,-38.00,0.00,7.00
273664.00,2019-06-30 17:46:57.664,0.00,294.23,0.00,1.51,0.00,1.00,1.00,127.35,2.75,11.95,64.90,68.40,-31.37,38.95,-0.22,0.08,17.00,7000.00,-38.00,0.00,7.00
273764.00,2019-06-30 17:46:57.764,0.00,294.23,0.00,1.51,0.00,1.00,1.00,127.35,2.75,12.06,64.90,68.40,-31.25,38.95,-0.21,0.08,17.00,7000.00,-38.00,0.00,7.00
273864.00,2019-06-30 17:46:57.864,0.00,294.23,0.00,1.51,0.00,1.00,1.00,127.35,2.75,12.07,64.90,68.40,-31.25,38.95,-0.20,0.08,17.00,7000.00,-38.00,0.00,7.00
273964.00,2019-06-30 17:46:57.964,0.00,294.23,0.00,1.51,0.00,1.00,1.00,127.35,2.75,12.07,64.90,68.40,-31.25,38.95,-0.23,0.08,17.00,7000.00,-38.00,0.00,7.00
274064.00,2019-06-30 17:46:58.064,0.00,294.23,0.00,1.51,0.00,1.00,1.00,127.35,2.75,12.06,64.90,68.47,-31.24,38.95,-0.21,0.08,17.00,7000.00,-38.00,0.00,7.00
274164.00,2019-06-30 17:46:58.164,0.00,294.23,0.00,1.51,0.00,1.00,1.00,127.35,2.75,11.94,64.90,68.47,-31.24,38.95,-0.22,0.08,17.00,7000.00,-38.00,0.00,7.00
274264.00,2019-06-30 17:46:58.264,0.00,294.23,0.00,1.51,0.00,1.00,1.00,127.35,2.75,12.07,64.90,68.41,-31.24,38.95,-0.23,0.08,17.00,7000.00,-38.00,0.00,7.00
274364.00,2019-06-30 17:46:58.364,0.00,294.23,0.00,1.51,0.00,1.00,1.00,127.35,2.75,12.06,64.90,68.41,-31.23,38.95,-0.22,0.08,17.00,7000.00,-38.00,0.00,7.00
274464.00,2019-06-30 17:46:58.464,0.00,294.23,0.00,1.51,0.00,1.00,1.00,127.35,2.75,11.95,64.90,68.41,-31.23,38.90,-0.22,0.08,17.00,7000.00,-38.00,0.00,7.00
274564.00,2019-06-30 17:46:58.564,0.00,294.23,0.00,1.51,0.00,1.00,1.00,127.35,2.75,12.07,64.90,68.34,-31.12,38.90,-0.20,0.08,17.00,7000.00,-38.00,0.00,7.00
274664.00,2019-06-30 17:46:58.664,0.00,294.23,0.00,1.51,0.00,1.00,1.00,127.35,2.75,12.09,64.93,68.34,-31.12,38.90,-0.24,0.09,17.00,7000.00,-38.00,0.00,7.00
274764.00,2019-06-30 17:46:58.764,0.00,294.23,0.00,1.51,0.00,1.00,1.00,127.35,2.75,12.06,64.93,68.41,-31.12,38.90,-0.22,0.08,17.00,7000.00,-38.00,0.00,7.00
274864.00,2019-06-30 17:46:58.864,0.00,294.23,0.00,1.51,0.00,1.00,1.00,127.35,2.75,12.07,64.95,68.41,-31.04,39.02,-0.21,0.08,17.00,7000.00,-38.00,0.00,7.00
274964.00,2019-06-30 17:46:58.964,0.00,294.23,0.00,1.51,0.00,1.00,1.00,127.35,2.75,11.95,64.95,68.41,-31.04,39.02,-0.22,0.08,17.00,7000.00,-38.00,0.00,7.00
275064.00,2019-06-30 17:46:59.064,0.00,294.23,0.00,1.51,0.00,1.00,1.00,127.35,2.75,12.05,64.95,68.30,-30.97,39.02,-0.20,0.08,17.00,7000.00,-38.00,0.00,7.00
275164.00,2019-06-30 17:46:59.164,0.00,294.23,0.00,1.51,0.00,1.00,1.00,127.35,2.75,12.08,64.95,68.30,-30.97,39.02,-0.23,0.08,17.00,7000.00,-38.00,0.00,7.00
275264.00,2019-06-30 17:46:59.264,0.00,294.23,0.00,1.51,0.00,1.00,1.00,127.35,2.75,11.92,64.95,68.41,-30.97,38.98,-0.22,0.09,17.00,7000.00,-38.00,0.00,7.00
275364.00,2019-06-30 17:46:59.364,0.00,294.23,0.00,1.51,0.00,1.00,1.00,127.35,2.75,12.07,64.95,68.41,-30.95,38.98,-0.21,0.08,17.00,7000.00,-38.00,0.00,7.00
275464.00,2019-06-30 17:46:59.464,0.00,294.23,0.00,1.51,0.00,1.00,1.00,127.35,2.75,12.07,64.93,68.41,-30.95,38.98,-0.22,0.08,17.00,7000.00,-38.00,0.00,7.00
275564.00,2019-06-30 17:46:59.564,0.00,294.23,0.00,1.51,0.00,1.00,1.00,127.35,2.75,11.93,64.93,68.40,-30.95,38.98,-0.21,0.08,17.00,7000.00,-38.00,0.00,7.00
275664.00,2019-06-30 17:46:59.664,0.00,294.23,0.00,1.51,0.00,1.00,1.00,127.35,2.75,12.09,64.97,68.40,-30.93,39.00,-0.23,0.08,17.00,7000.00,-38.00,0.00,7.00
275764.00,2019-06-30 17:46:59.764,0.00,294.23,0.00,1.51,0.00,1.00,1.00,127.35,2.75,12.05,64.97,68.38,-30.93,39.00,-0.20,0.08,17.00,7000.00,-38.00,0.00,7.00
275864.00,2019-06-30 17:46:59.864,0.00,294.23,0.00,1.51,0.00,1.00,1.00,127.35,2.75,11.95,64.97,68.38,-30.75,39.00,-0.24,0.08,17.00,7000.00,-38.00,0.00,7.00
275964.00,2019-06-30 17:46:59.964,0.00,294.23,0.00,1.51,0.00,1.00,1.00,127.35,2.75,12.06,64.97,68.38,-30.75,39.00,-0.22,0.08,17.00,7000.00,-38.00,0.00,7.00
276064.00,2019-06-30 17:47:00.064,0.00,294.23,0.00,1.51,0.00,1.00,1.00,127.35,2.75,12.07,64.97,68.38,-30.75,39.00,-0.22,0.08,17.00,7000.00,-38.00,0.00,7.00
276164.00,2019-06-30 17:47:00.164,0.00,294.23,0.00,1.51,0.00,1.00,1.00,127.35,2.75,11.95,64.98,68.38,-30.79,39.00,-0.22,0.08,17.00,7000.00,-38.00,0.00,7.00
276264.00,2019-06-30 17:47:00.264,0.00,294.23,0.00,1.51,0.00,1.00,1.00,127.35,2.75,12.05,64.98,68.41,-30.79,39.00,-0.21,0.08,17.00,7000.00,-38.00,0.00,7.00
276364.00,2019-06-30 17:47:00.364,0.00,294.23,0.00,1.51,0.00,1.00,1.00,127.35,2.75,12.07,64.98,68.41,-30.70,39.00,-0.23,0.08,17.00,7000.00,-38.00,0.00,7.00
276464.00,2019-06-30 17:47:00.464,0.00,294.23,0.00,1.51,0.00,1.00,1.00,127.35,2.75,11.93,65.05,68.41,-30.70,39.06,-0.22,0.08,17.00,7000.00,-38.00,0.00,7.00
276564.00,2019-06-30 17:47:00.564,0.00,294.23,0.00,1.51,0.00,1.00,1.00,127.35,2.75,12.08,65.05,68.39,-30.70,39.06,-0.21,0.08,17.00,7000.00,-38.00,0.00,7.00
276664.00,2019-06-30 17:47:00.664,0.00,294.23,0.00,1.51,0.00,1.00,1.00,127.35,2.75,12.05,65.05,68.39,-30.55,39.06,-0.22,0.08,17.00,7000.00,-38.00,0.00,7.00
276764.00,2019-06-30 17:47:00.764,0.00,294.23,0.00,1.51,0.00,1.00,1.00,127.35,2.75,11.95,65.00,68.38,-30.55,39.06,-0.21,0.08,17.00,7000.00,-38.00,0.00,7.00
276864.00,2019-06-30 17:47:00.864,0.00,294.23,0.00,1.51,0.00,1.00,1.00,127.35,2.75,12.06,65.00,68.38,-30.55,39.00,-0.22,0.08,17.00,7000.00,-38.00,0.00,7.00
276964.00,2019-06-30 17:47:00.964,0.00,294.23,0.00,1.51,0.00,1.00,1.00,127.35,2.75,12.07,64.99,68.38,-30.52,39.00,-0.20,0.08,17.00,7000.00,-38.00,0.00,7.00
277064.00,2019-06-30 17:47:01.064,0.00,294.23,0.00,1.51,0.00,1.00,1.00,127.35,2.75,11.95,64.99,68.35,-30.52,39.00,-0.24,0.08,17.00,7000.00,-38.00,0.00,7.00
277164.00,2019-06-30 17:47:01.164,0.00,294.23,0.00,1.51,0.00,1.00,1.00,127.35,2.75,12.07,64.99,68.35,-30.41,39.00,-0.22,0.08,17.00,7000.00,-38.00,0.00,7.00
277264.00,2019-06-30 17:47:01.264,0.00,294.23,0.00,1.51,0.00,1.00,1.00,127.35,2.75,11.94,65.02,68.35,-30.41,38.94,-0.22,0.08,17.00,7000.00,-38.00,0.00,7.00
277364.00,2019-06-30 17:47:01.364,0.00,294.23,0.00,1.51,0.00,1.00,1.00,127.35,2.75,12.09,65.02,68.35,-30.41,38.94,-0.22,0.08,17.00,7000.00,-38.00,0.00,7.00
277464.00,2019-06-30 17:47:01.464,0.00,294.23,0.00,1.51,0.00,1.00,1.00,127.35,2.75,12.05,65.05,68.35,-30.38,38.94,-0.21,0.08,17.00,7000.00,-38.00,0.00,7.00
277564.00,2019-06-30 17:47:01.564,0.00,294.23,0.00,1.51,0.00,1.00,1.00,127.35,2.75,11.95,65.05,68.28,-30.38,38.94,-0.23,0.08,17.00,7000.00,-38.00,0.00,7.00
277664.00,2019-06-30 17:47:01.664,0.00,294.23,0.00,1.51,0.00,1.00,1.00,127.35,2.75,12.06,65.05,68.28,-30.27,38.98,-0.22,0.08,17.00,7000.00,-38.00,0.00,7.00
277764.00,2019-06-30 17:47:01.764,0.00,294.23,0.00,1.51,0.00,1.00,1.00,127.35,2.75,12.08,65.02,68.35,-30.27,38.98,-0.22,0.08,17.00,7000.00,-38.00,0.00,7.00
277864.00,2019-06-30 17:47:01.864,0.00,294.23,0.00,1.51,0.00,1.00,1.00,127.35,2.75,12.08,65.02,68.35,-30.27,38.98,-0.22,0.08,17.00,7000.00,-38.00,0.00,7.00
277964.00,2019-06-30 17:47:01.964,0.00,294.23,0.00,1.51,0.00,1.00,1.00,127.35,2.75,12.08,65.02,68.35,-30.23,38.98,-0.22,0.08,17.00,7000.00,-38.00,0.00,7.00
278064.00,2019-06-30 17:47:02.064,0.00,294.23,0.00,1.51,0.00,1.00,1.00,127.35,2.75,12.07,65.02,68.34,-30.23,39.10,-0.23,0.08,17.00,7000.00,-38.00,0.00,7.00
278164.00,2019-06-30 17:47:02.164,0.00,294.23,0.00,1.51,0.00,1.00,1.00,127.35,2.75,11.94,65.02,68.34,-30.23,39.10,-0.20,0.08,17.00,7000.00,-38.00,0.00,7.00
278264.00,2019-06-30 17:47:02.264,0.00,294.23,0.00,1.51,0.00,1.00,1.00,127.35,2.75,12.08,65.08,68.39,-30.22,39.10,-0.24,0.08,17.00,7000.00,-38.00,0.00,7.00
278364.00,2019-06-30 17:47:02.364,0.00,294.23,0.00,1.51,0.00,1.00,1.00,127.35,2.75,11.95,65.08,68.39,-30.22,39.10,-0.21,0.09,17.00,7000.00,-38.00,0.00,7.00
278464.00,2019-06-30 17:47:02.464,0.00,294.23,0.00,1.51,0.00,1.00,1.00,127.35,2.75,11.95,65.08,68.39,-30.15,39.08,-0.22,0.08,17.00,7000.00,-38.00,0.00,7.00
278564.00,2019-06-30 17:47:02.564,0.00,294.23,0.00,1.51,0.00,1.00,1.00,127.35,2.75,12.08,64.98,68.32,-30.15,39.08,-0.21,0.09,17.00,7000.00,-38.00,0.00,7.00
278664.00,2019-06-30 17:47:02.664,0.00,294.23,0.00,1.51,0.00,1.00,1.00,127.35,2.75,11.92,64.98,68.32,-30.15,39.08,-0.21,0.08,17.00,7000.00,-38.00,0.00,7.00
278771.00,2019-06-30 17:47:02.771,0.00,294.23,0.00,1.51,0.00,1.00,1.00,127.35,2.75,12.08,65.04,68.23,-30.06,39.08,-0.24,0.10,17.00,7000.00,-38.00,0.00,7.00
278871.00,2019-06-30 17:47:02.871,0.00,294.23,0.00,1.51,0.00,1.00,1.00,127.35,2.75,12.06,65.04,68.23,-30.06,39.10,-0.21,0.08,17.00,7000.00,-38.00,0.00,7.00
278971.00,2019-06-30 17:47:02.971,0.00,294.23,0.00,1.51,0.00,1.00,1.00,127.35,2.75,12.07,65.04,68.23,-29.98,39.10,-0.22,0.08,17.00,7000.00,-38.00,0.00,7.00
279071.00,2019-06-30 17:47:03.071,0.00,294.23,0.00,1.51,0.00,1.00,1.00,127.35,2.75,11.95,64.99,68.23,-29.98,39.10,-0.23,0.08,17.00,7000.00,-38.00,0.00,7.00
279171.00,2019-06-30 17:47:03.171,0.00,294.23,0.00,1.51,0.00,1.00,1.00,127.35,2.75,12.05,64.99,68.23,-29.98,39.10,-0.20,0.09,17.00,7000.00,-38.00,0.00,7.00
279271.00,2019-06-30 17:47:03.271,0.00,294.23,0.00,1.51,0.00,1.00,1.00,127.35,2.75,12.08,64.99,68.23,-29.91,39.09,-0.23,0.08,17.00,7000.00,-38.00,0.00,7.00
279371.00,2019-06-30 17:47:03.371,0.00,294.23,0.00,1.51,0.00,1.00,1.00,127.35,2.75,11.92,65.04,68.23,-29.91,39.09,-0.19,0.09,17.00,7000.00,-38.00,0.00,7.00
279471.00,2019-06-30 17:47:03.471,0.00,294.23,0.00,1.51,0.00,1.00,1.00,127.35,2.75,12.08,65.04,68.23,-29.89,39.09,-0.24,0.08,17.00,7000.00,-38.00,0.00,7.00
279571.00,2019-06-30 17:47:03.571,0.00,294.23,0.00,1.51,0.00,1.00,1.00,127.35,2.75,12.07,65.00,68.23,-29.89,39.09,-0.22,0.08,17.00,7000.00,-38.00,0.00,7.00
279671.00,2019-06-30 17:47:03.671,0.00,294.23,0.00,1.51,0.00,1.00,1.00,127.35,2.75,11.93,65.00,68.23,-29.89,39.08,-0.20,0.08,17.00,7000.00,-38.00,0.00,7.00
279771.00,2019-06-30 17:47:03.771,0.00,294.23,0.00,1.51,0.00,1.00,1.00,127.35,2.75,12.09,65.00,68.20,-29.87,39.08,-0.22,0.08,17.00,7000.00,-38.00,0.00,7.00
279871.00,2019-06-30 17:47:03.871,0.00,294.23,0.00,1.51,0.00,1.00,1.00,127.35,2.75,12.05,65.02,68.20,-29.87,39.08,-0.21,0.08,17.00,7000.00,-38.00,0.00,7.00
279971.00,2019-06-30 17:47:03.971,0.00,294.23,0.00,1.51,0.00,1.00,1.00,127.35,2.75,11.95,65.02,68.20,-29.87,39.08,-0.24,0.08,17.00,7000.00,-38.00,0.00,7.00
280071.00,2019-06-30 17:47:04.071,0.00,294.23,0.00,1.51,0.00,1.00,1.00,127.35,2.75,12.08,65.00,68.21,-29.79,39.14,-0.22,0.08,17.00,7000.00,-38.00,0.00,7.00
280171.00,2019-06-30 17:47:04.171,0.00,294.23,0.00,1.51,0.00,1.00,1.00,127.35,2.75,12.07,65.00,68.21,-29.79,39.14,-0.22,0.08,17.00,7000.00,-38.00,0.00,7.00
280271.00,2019-06-30 17:47:04.271,0.00,294.23,0.00,1.51,0.00,1.00,1.00,127.35,2.75,11.95,65.00,68.21,-29.67,39.14,-0.23,0.08,17.00,7000.00,-38.00,0.00,7.00
280371.00,2019-06-30 17:47:04.371,0.00,294.23,0.00,1.51,0.00,1.00,1.00,127.35,2.75,12.05,65.05,68.21,-29.67,39.14,-0.21,0.08,17.00,7000.00,-38.00,0.00,7.00
280471.00,2019-06-30 17:47:04.471,0.00,294.23,0.00,1.51,0.00,1.00,1.00,127.35,2.75,12.08,65.05,68.21,-29.67,39.05,-0.22,0.08,17.00,7000.00,-38.00,0.00,7.00
280571.00,2019-06-30 17:47:04.571,0.00,294.23,0.00,1.51,0.00,1.00,1.00,127.35,2.75,11.92,65.05,68.28,-29.59,39.05,-0.20,0.09,17.00,7000.00,-38.00,0.00,7.00
280671.00,2019-06-30 17:47:04.671,0.00,294.23,0.00,1.51,0.00,1.00,1.00,127.35,2.75,12.08,65.13,68.28,-29.59,39.05,-0.24,0.08,17.00,7000.00,-38.00,0.00,7.00
280771.00,2019-06-30 17:47:04.771,0.00,294.23,0.00,1.51,0.00,1.00,1.00,127.35,2.75,12.07,65.13,68.16,-29.50,39.05,-0.22,0.08,17.00,7000.00,-38.00,0.00,7.00
280871.00,2019-06-30 17:47:04.871,0.00,294.23,0.00,1.51,0.00,1.00,1.00,127.35,2.75,11.93,65.07,68.16,-29.50,39.10,-0.21,0.08,17.00,7000.00,-38.00,0.00,7.00
280971.00,2019-06-30 17:47:04.971,0.00,294.23,0.00,1.51,0.00,1.00,1.00,127.35,2.75,12.08,65.07,68.16,-29.50,39.10,-0.23,0.08,17.00,7000.00,-38.00,0.00,7.00
281071.00,2019-06-30 17:47:05.071,0.00,294.23,0.00,1.51,0.00,1.00,1.00,127.35,2.75,12.05,65.07,68.16,-29.55,39.10,-0.20,0.08,17.00,7000.00,-38.00,0.00,7.00
281171.00,2019-06-30 17:47:05.171,0.00,294.23,0.00,1.51,0.00,1.00,1.00,127.35,2.75,11.95,65.09,68.16,-29.55,39.10,-0.23,0.08,17.00,7000.00,-38.00,0.00,7.00
281271.00,2019-06-30 17:47:05.271,0.00,294.23,0.00,1.51,0.00,1.00,1.00,127.35,2.75,12.08,65.09,68.20,-29.55,39.02,-0.22,0.08,17.00,7000.00,-38.00,0.00,7.00
281371.00,2019-06-30 17:47:05.371,0.00,294.23,0.00,1.51,0.00,1.00,1.00,127.35,2.75,12.07,65.05,68.20,-29.54,39.02,-0.22,0.09,17.00,7000.00,-38.00,0.00,7.00
281471.00,2019-06-30 17:47:05.471,0.00,294.23,0.00,1.51,0.00,1.00,1.00,127.35,2.75,11.95,65.05,68.20,-29.54,39.02,-0.23,0.08,17.00,7000.00,-38.00,0.00,7.00
281571.00,2019-06-30 17:47:05.571,0.00,294.23,0.00,1.51,0.00,1.00,1.00,127.35,2.75,12.05,65.05,68.16,-29.30,39.02,-0.21,0.09,17.00,7000.00,-38.00,0.00,7.00
281671.00,2019-06-30 17:47:05.671,0.00,294.23,0.00,1.51,0.00,1.00,1.00,127.35,2.75,12.08,65.02,68.16,-29.30,39.16,-0.22,0.08,17.00,7000.00,-38.00,0.00,7.00
281771.00,2019-06-30 17:47:05.771,0.00,294.23,0.00,1.51,0.00,1.00,1.00,127.35,2.75,11.92,65.02,68.16,-29.30,39.16,-0.20,0.09,17.00,7000.00,-38.00,0.00,7.00
281871.00,2019-06-30 17:47:05.871,0.00,294.23,0.00,1.51,0.00,1.00,1.00,127.35,2.75,12.08,65.02,68.16,-29.34,39.16,-0.24,0.08,17.00,7000.00,-38.00,0.00,7.00
281971.00,2019-06-30 17:47:05.971,0.00,294.23,0.00,1.51,0.00,1.00,1.00,127.35,2.75,11.94,65.14,68.16,-29.34,39.16,-0.22,0.08,17.00,7000.00,-38.00,0.00,7.00
282071.00,2019-06-30 17:47:06.071,0.00,294.23,0.00,1.51,0.00,1.00,1.00,127.35,2.75,11.93,65.14,68.13,-29.24,39.09,-0.21,0.08,17.00,7000.00,-38.00,0.00,7.00
282171.00,2019-06-30 17:47:06.171,0.00,294.23,0.00,1.51,0.00,1.00,1.00,127.35,2.75,12.09,65.10,68.13,-29.24,39.09,-0.22,0.08,17.00,7000.00,-38.00,0.00,7.00
282271.00,2019-06-30 17:47:06.271,0.00,294.23,0.00,1.51,0.00,1.00,1.00,127.35,2.75,12.05,65.10,68.09,-29.24,39.09,-0.21,0.08,17.00,7000.00,-38.00,0.00,7.00
282371.00,2019-06-30 17:47:06.371,0.00,294.23,0.00,1.51,0.00,1.00,1.00,127.35,2.75,11.95,65.10,68.09,-29.25,39.09,-0.24,0.08,17.00,7000.00,-38.00,0.00,7.00
282471.00,2019-06-30 17:47:06.471,0.00,294.23,0.00,1.51,0.00,1.00,1.00,127.35,2.75,12.06,65.13,68.09,-29.25,39.05,-0.22,0.08,17.00,7000.00,-38.00,0.00,7.00
282571.00,2019-06-30 17:47:06.571,0.00,294.23,0.00,1.51,0.00,1.00,1.00,127.35,2.75,12.07,65.13,68.16,-29.25,39.05,-0.21,0.08,17.00,7000.00,-38.00,0.00,7.00
282671.00,2019-06-30 17:47:06.671,0.00,294.23,0.00,1.51,0.00,1.00,1.00,127.35,2.75,11.95,65.09,68.16,-29.11,39.05,-0.22,0.08,17.00,7000.00,-38.00,0.00,7.00
282771.00,2019-06-30 17:47:06.771,0.00,294.23,0.00,1.51,0.00,1.00,1.00,127.35,2.75,12.05,65.09,68.13,-29.11,39.05,-0.21,0.08,17.00,7000.00,-38.00,0.00,7.00
282871.00,2019-06-30 17:47:06.871,0.00,294.23,0.00,1.51,0.00,1.00,1.00,127.35,2.75,11.92,65.09,68.13,-29.09,39.10,-0.22,0.08,17.00,7000.00,-38.00,0.00,7.00
282971.00,2019-06-30 17:47:06.971,0.00,294.23,0.00,1.51,0.00,1.00,1.00,127.35,2.75,12.08,65.16,68.13,-29.09,39.10,-0.20,0.08,17.00,7000.00,-38.00,0.00,7.00
283071.00,2019-06-30 17:47:07.071,0.00,294.23,0.00,1.51,0.00,1.00,1.00,127.35,2.75,12.05,65.16,68.09,-29.09,39.10,-0.25,0.08,17.00,7000.00,-38.00,0.00,7.00
283171.00,2019-06-30 17:47:07.171,0.00,294.23,0.00,1.51,0.00,1.00,1.00,127.35,2.75,11.94,65.16,68.09,-29.06,39.10,-0.21,0.08,17.00,7000.00,-38.00,0.00,7.00
283271.00,2019-06-30 17:47:07.271,0.00,294.23,0.00,1.51,0.00,1.00,1.00,127.35,2.75,12.06,65.14,68.12,-29.06,39.10,-0.21,0.09,17.00,7000.00,-38.00,0.00,7.00
283371.00,2019-06-30 17:47:07.371,0.00,294.23,0.00,1.51,0.00,1.00,1.00,127.35,2.75,12.08,65.14,68.12,-28.98,39.10,-0.23,0.08,17.00,7000.00,-38.00,0.00,7.00
283471.00,2019-06-30 17:47:07.471,0.00,294.23,0.00,1.51,0.00,1.00,1.00,127.35,2.75,12.08,65.20,68.12,-28.98,39.10,-0.21,0.08,17.00,7000.00,-38.00,0.00,7.00
283571.00,2019-06-30 17:47:07.571,0.00,294.23,0.00,1.51,0.00,1.00,1.00,127.35,2.75,12.06,65.20,68.07,-28.98,39.10,-0.24,0.08,17.00,7000.00,-38.00,0.00,7.00
283671.00,2019-06-30 17:47:07.671,0.00,294.23,0.00,1.51,0.00,1.00,1.00,127.35,2.75,11.96,65.20,68.07,-28.93,39.06,-0.21,0.08,17.00,7000.00,-38.00,0.00,7.00
283771.00,2019-06-30 17:47:07.771,0.00,294.23,0.00,1.51,0.00,1.00,1.00,127.35,2.75,12.07,65.10,68.05,-28.93,39.06,-0.22,0.08,17.00,7000.00,-38.00,0.00,7.00
283871.00,2019-06-30 17:47:07.871,0.00,294.23,0.00,1.51,0.00,1.00,1.00,127.35,2.75,11.93,65.10,68.05,-28.93,39.06,-0.21,0.08,17.00,7000.00,-38.00,0.00,7.00
283971.00,2019-06-30 17:47:07.971,0.00,294.23,0.00,1.51,0.00,1.00,1.00,127.35,2.75,12.06,65.13,68.05,-28.77,39.06,-0.21,0.08,17.00,7000.00,-38.00,0.00,7.00
284071.00,2019-06-30 17:47:08.071,0.00,294.23,0.00,1.51,0.00,1.00,1.00,127.35,2.75,12.07,65.13,68.11,-28.77,39.20,-0.23,0.08,17.00,7000.00,-38.00,0.00,7.00
284171.00,2019-06-30 17:47:08.171,0.00,294.23,0.00,1.51,0.00,1.00,1.00,127.35,2.75,11.94,65.13,68.11,-28.72,39.20,-0.19,0.08,17.00,7000.00,-38.00,0.00,7.00
284271.00,2019-06-30 17:47:08.271,0.00,294.23,0.00,1.51,0.00,1.00,1.00,127.35,2.75,12.05,65.20,68.02,-28.72,39.20,-0.24,0.08,17.00,7000.00,-38.00,0.00,7.00
284371.00,2019-06-30 17:47:08.371,0.00,294.23,0.00,1.51,0.00,1.00,1.00,127.35,2.75,12.08,65.20,68.02,-28.72,39.20,-0.22,0.08,17.00,7000.00,-38.00,0.00,7.00
284471.00,2019-06-30 17:47:08.471,0.00,294.23,0.00,1.51,0.00,1.00,1.00,127.35,2.75,11.92,65.20,68.02,-28.72,39.19,-0.21,0.09,17.00,7000.00,-38.00,0.00,7.00
284571.00,2019-06-30 17:47:08.571,0.00,294.23,0.00,1.51,0.00,1.00,1.00,127.35,2.75,12.08,65.17,68.11,-28.72,39.19,-0.22,0.08,17.00,7000.00,-38.00,0.00,7.00
284671.00,2019-06-30 17:47:08.671,0.00,294.23,0.00,1.51,0.00,1.00,1.00,127.35,2.75,12.05,65.17,68.11,-28.68,39.19,-0.20,0.08,17.00,7000.00,-38.00,0.00,7.00
284771.00,2019-06-30 17:47:08.771,0.00,294.23,0.00,1.51,0.00,1.00,1.00,127.35,2.75,11.94,65.21,68.06,-28.68,39.19,-0.24,0.08,17.00,7000.00,-38.00,0.00,7.00
284871.00,2019-06-30 17:47:08.871,0.00,294.23,0.00,1.51,0.00,1.00,1.00,127.35,2.75,12.06,65.21,68.06,-28.68,39.15,-0.22,0.08,17.00,7000.00,-38.00,0.00,7.00
284971.00,2019-06-30 17:47:08.971,0.00,294.23,0.00,1.51,0.00,1.00,1.00,127.35,2.75,12.07,65.21,68.06,-28.59,39.15,-0.22,0.08,17.00,7000.00,-38.00,0.00,7.00
285071.00,2019-06-30 17:47:09.071,0.00,294.23,0.00,1.51,0.00,1.00,1.00,127.35,2.75,12.06,65.22,68.05,-28.59,39.15,-0.22,0.08,17.00,7000.00,-38.00,0.00,7.00
285171.00,2019-06-30 17:47:09.171,0.00,294.23,0.00,1.51,0.00,1.00,1.00,127.35,2.75,12.06,65.22,68.05,-28.59,39.15,-0.20,0.08,17.00,7000.00,-38.00,0.00,7.00
285271.00,2019-06-30 17:47:09.271,0.00,294.23,0.00,1.51,0.00,1.00,1.00,127.35,2.75,11.94,65.15,68.09,-28.55,39.15,-0.23,0.08,17.00,7000.00,-38.00,0.00,7.00
285371.00,2019-06-30 17:47:09.371,0.00,294.23,0.00,1.51,0.00,1.00,1.00,127.35,2.75,12.08,65.15,68.09,-28.55,39.15,-0.19,0.08,17.00,7000.00,-38.00,0.00,7.00
285471.00,2019-06-30 17:47:09.471,0.00,294.23,0.00,1.51,0.00,1.00,1.00,127.35,2.75,12.05,65.15,68.09,-28.48,39.15,-0.24,0.08,17.00,7000.00,-38.00,0.00,7.00
285571.00,2019-06-30 17:47:09.571,0.00,294.23,0.00,1.51,0.00,1.00,1.00,127.35,2.75,11.95,65.23,68.05,-28.48,39.15,-0.21,0.08,17.00,7000.00,-38.00,0.00,7.00
285671.00,2019-06-30 17:47:09.671,0.00,294.23,0.00,1.51,0.00,1.00,1.00,127.35,2.75,12.06,65.23,68.05,-28.48,39.13,-0.21,0.09,17.00,7000.00,-38.00,0.00,7.00
285771.00,2019-06-30 17:47:09.771,0.00,294.23,0.00,1.51,0.00,1.00,1.00,127.35,2.75,12.08,65.23,68.07,-28.43,39.13,-0.22,0.08,17.00,7000.00,-38.00,0.00,7.00
285871.00,2019-06-30 17:47:09.871,0.00,294.23,0.00,1.51,0.00,1.00,1.00,127.35,2.75,11.91,65.27,68.07,-28.43,39.13,-0.21,0.08,17.00,7000.00,-38.00,0.00,7.00
285971.00,2019-06-30 17:47:09.971,0.00,294.23,0.00,1.51,0.00,1.00,1.00,127.35,2.75,12.08,65.27,68.07,-28.35,39.13,-0.24,0.08,17.00,7000.00,-38.00,0.00,7.00
286071.00,2019-06-30 17:47:10.071,0.00,294.23,0.00,1.51,0.00,1.00,1.00,127.35,2.75,12.06,65.26,68.05,-28.35,39.17,-0.22,0.08,17.00,7000.00,-38.00,0.00,7.00
286171.00,2019-06-30 17:47:10.171,0.00,294.23,0.00,1.51,0.00,1.00,1.00,127.35,2.75,11.93,65.26,68.05,-28.35,39.17,-0.22,0.08,17.00,7000.00,-38.00,0.00,7.00
286271.00,2019-06-30 17:47:10.271,0.00,294.23,0.00,1.51,0.00,1.00,1.00,127.35,2.75,12.08,65.26,68.04,-28.21,39.17,-0.22,0.07,17.00,7000.00,-38.00,0.00,7.00
286371.00,2019-06-30 17:47:10.371,0.00,294.23,0.00,1.51,0.00,1.00,1.00,127.35,2.75,11.95,65.26,68.04,-28.21,39.17,-0.20,0.08,17.00,7000.00,-38.00,0.00,7.00
286471.00,2019-06-30 17:47:10.471,0.00,294.23,0.00,1.51,0.00,1.00,1.00,127.35,2.75,12.08,65.26,68.04,-28.21,39.21,-0.23,0.09,17.00,7000.00,-38.00,0.00,7.00
286571.00,2019-06-30 17:47:10.571,0.00,294.23,0.00,1.51,0.00,1.00,1.00,127.35,2.75,12.08,65.24,68.12,-28.13,39.21,-0.19,0.09,17.00,7000.00,-38.00,0.00,7.00
286671.00,2019-06-30 17:47:10.671,0.00,294.23,0.00,1.51,0.00,1.00,1.00,127.35,2.75,11.92,65.24,68.12,-28.13,39.21,-0.23,0.08,17.00,7000.00,-38.00,0.00,7.00
286771.00,2019-06-30 17:47:10.771,0.00,294.23,0.00,1.51,0.00,1.00,1.00,127.35,2.75,12.08,65.24,68.05,-28.20,39.21,-0.22,0.08,17.00,7000.00,-38.00,0.00,7.00
286871.00,2019-06-30 17:47:10.871,0.00,294.23,0.00,1.51,0.00,1.00,1.00,127.35,2.75,12.05,65.27,68.05,-28.20,39.16,-0.20,0.08,17.00,7000.00,-38.00,0.00,7.00
286971.00,2019-06-30 17:47:10.971,0.00,294.23,0.00,1.51,0.00,1.00,1.00,127.35,2.75,11.95,65.27,68.05,-28.20,39.16,-0.22,0.08,17.00,7000.00,-38.00,0.00,7.00
287071.00,2019-06-30 17:47:11.071,0.00,294.23,0.00,1.51,0.00,1.00,1.00,127.35,2.75,12.07,65.27,68.06,-28.15,39.16,-0.21,0.08,17.00,7000.00,-38.00,0.00,7.00
287171.00,2019-06-30 17:47:11.171,0.00,294.23,0.00,1.51,0.00,1.00,1.00,127.35,2.75,12.06,65.29,68.06,-28.15,39.16,-0.24,0.08,17.00,7000.00,-38.00,0.00,7.00
287271.00,2019-06-30 17:47:11.271,0.00,294.23,0.00,1.51,0.00,1.00,1.00,127.35,2.75,11.96,65.29,68.09,-28.08,39.17,-0.23,0.08,17.00,7000.00,-38.00,0.00,7.00
287371.00,2019-06-30 17:47:11.371,0.00,294.23,0.00,1.51,0.00,1.00,1.00,127.35,2.75,12.05,65.30,68.09,-28.08,39.17,-0.22,0.08,17.00,7000.00,-38.00,0.00,7.00
287471.00,2019-06-30 17:47:11.471,0.00,294.23,0.00,1.51,0.00,1.00,1.00,127.35,2.75,12.08,65.30,68.09,-28.08,39.17,-0.22,0.08,17.00,7000.00,-38.00,0.00,7.00
287571.00,2019-06-30 17:47:11.571,0.00,294.23,0.00,1.51,0.00,1.00,1.00,127.35,2.75,11.93,65.30,68.11,-27.95,39.17,-0.20,0.08,17.00,7000.00,-38.00,0.00,7.00
287671.00,2019-06-30 17:47:11.671,0.00,294.23,0.00,1.51,0.00,1.00,1.00,127.35,2.75,12.07,65.26,68.11,-27.95,39.22,-0.23,0.08,17.00,7000.00,-38.00,0.00,7.00
287771.00,2019-06-30 17:47:11.771,0.00,294.23,0.00,1.51,0.00,1.00,1.00,127.35,2.75,12.08,65.26,68.05,-27.95,39.22,-0.19,0.09,17.00,7000.00,-38.00,0.00,7.00
287871.00,2019-06-30 17:47:11.871,0.00,294.23,0.00,1.51,0.00,1.00,1.00,127.35,2.75,12.06,65.23,68.05,-27.95,39.22,-0.23,0.07,17.00,7000.00,-38.00,0.00,7.00
287971.00,2019-06-30 17:47:11.971,0.00,294.23,0.00,1.51,0.00,1.00,1.00,127.35,2.75,12.08,65.23,68.05,-27.95,39.22,-0.22,0.08,17.00,7000.00,-38.00,0.00,7.00
288071.00,2019-06-30 17:47:12.071,0.00,294.23,0.00,1.51,0.00,1.00,1.00,127.35,2.75,11.93,65.23,68.02,-27.90,39.21,-0.22,0.08,17.00,7000.00,-38.00,0.00,7.00
288171.00,2019-06-30 17:47:12.171,0.00,294.23,0.00,1.51,0.00,1.00,1.00,127.35,2.75,12.08,65.31,68.02,-27.90,39.21,-0.23,0.08,17.00,7000.00,-38.00,0.00,7.00
288271.00,2019-06-30 17:47:12.271,0.00,294.23,0.00,1.51,0.00,1.00,1.00,127.35,2.75,12.05,65.31,68.02,-27.90,39.21,-0.20,0.08,17.00,7000.00,-38.00,0.00,7.00
288371.00,2019-06-30 17:47:12.371,0.00,294.23,0.00,1.51,0.00,1.00,1.00,127.35,2.75,11.95,65.31,68.02,-27.86,39.21,-0.24,0.08,17.00,7000.00,-38.00,0.00,7.00
288471.00,2019-06-30 17:47:12.471,0.00,294.23,0.00,1.51,0.00,1.00,1.00,127.35,2.75,12.06,65.35,68.02,-27.86,39.15,-0.21,0.08,17.00,7000.00,-38.00,0.00,7.00
288571.00,2019-06-30 17:47:12.571,0.00,294.23,0.00,1.51,0.00,1.00,1.00,127.35,2.75,12.07,65.35,68.02,-27.73,39.15,-0.21,0.08,17.00,7000.00,-38.00,0.00,7.00
288671.00,2019-06-30 17:47:12.671,0.00,294.23,0.00,1.51,0.00,1.00,1.00,127.35,2.75,11.95,65.28,68.02,-27.73,39.15,-0.22,0.08,17.00,7000.00,-38.00,0.00,7.00
288771.00,2019-06-30 17:47:12.771,0.00,294.23,0.00,1.51,0.00,1.00,1.00,127.35,2.75,12.05,65.28,67.99,-27.73,39.15,-0.21,0.08,17.00,7000.00,-38.00,0.00,7.00
288871.00,2019-06-30 17:47:12.871,0.00,294.23,0.00,1.51,0.00,1.00,1.00,127.35,2.75,11.95,65.28,67.99,-27.67,39.23,-0.22,0.08,17.00,7000.00,-38.00,0.00,7.00
288971.00,2019-06-30 17:47:12.971,0.00,294.23,0.00,1.51,0.00,1.00,1.00,127.35,2.75,12.05,65.30,67.99,-27.67,39.23,-0.19,0.09,17.00,7000.00,-38.00,0.00,7.00
289071.00,2019-06-30 17:47:13.071,0.00,294.23,0.00,1.51,0.00,1.00,1.00,127.35,2.75,12.07,65.30,67.98,-27.67,39.23,-0.24,0.08,17.00,7000.00,-38.00,0.00,7.00
289171.00,2019-06-30 17:47:13.171,0.00,294.23,0.00,1.51,0.00,1.00,1.00,127.35,2.75,11.94,65.31,67.98,-27.79,39.23,-0.22,0.08,17.00,7000.00,-38.00,0.00,7.00
289271.00,2019-06-30 17:47:13.271,0.00,294.23,0.00,1.51,0.00,1.00,1.00,127.35,2.75,12.06,65.31,68.11,-27.79,39.24,-0.22,0.08,17.00,7000.00,-38.00,0.00,7.00
289371.00,2019-06-30 17:47:13.371,0.00,294.23,0.00,1.51,0.00,1.00,1.00,127.35,2.75,11.95,65.31,68.11,-27.61,39.24,-0.22,0.08,17.00,7000.00,-38.00,0.00,7.00
289471.00,2019-06-30 17:47:13.471,0.00,294.23,0.00,1.51,0.00,1.00,1.00,127.35,2.75,12.07,65.36,68.11,-27.61,39.24,-0.20,0.08,17.00,7000.00,-38.00,0.00,7.00
289571.00,2019-06-30 17:47:13.571,0.00,294.23,0.00,1.51,0.00,1.00,1.00,127.35,2.75,12.06,65.36,67.98,-27.61,39.24,-0.24,0.08,17.00,7000.00,-38.00,0.00,7.00
289671.00,2019-06-30 17:47:13.671,0.00,294.23,0.00,1.51,0.00,1.00,1.00,127.35,2.75,11.96,65.36,67.98,-27.55,39.13,-0.22,0.08,17.00,7000.00,-38.00,0.00,7.00
289771.00,2019-06-30 17:47:13.771,0.00,294.23,0.00,1.51,0.00,1.00,1.00,127.35,2.75,12.07,65.39,68.00,-27.55,39.13,-0.21,0.08,17.00,7000.00,-38.00,0.00,7.00
289871.00,2019-06-30 17:47:13.871,0.00,294.23,0.00,1.51,0.00,1.00,1.00,127.35,2.75,12.08,65.39,68.00,-27.55,39.13,-0.22,0.09,17.00,7000.00,-38.00,0.00,7.00
289971.00,2019-06-30 17:47:13.971,0.00,294.23,0.00,1.51,0.00,1.00,1.00,127.35,2.75,11.92,65.42,68.00,-27.55,39.13,-0.20,0.08,17.00,7000.00,-38.00,0.00,7.00
290071.00,2019-06-30 17:47:14.071,0.00,294.23,0.00,1.51,0.00,1.00,1.00,127.35,2.75,12.08,65.42,67.95,-27.55,39.15,-0.23,0.08,17.00,7000.00,-38.00,0.00,7.00
290171.00,2019-06-30 17:47:14.171,0.00,294.23,0.00,1.51,0.00,1.00,1.00,127.35,2.75,12.05,65.42,67.95,-27.38,39.15,-0.19,0.08,17.00,7000.00,-38.00,0.00,7.00
290271.00,2019-06-30 17:47:14.271,0.00,294.23,0.00,1.51,0.00,1.00,1.00,127.35,2.75,11.94,65.38,67.93,-27.38,39.15,-0.24,0.08,17.00,7000.00,-38.00,0.00,7.00
290371.00,2019-06-30 17:47:14.371,0.00,294.23,0.00,1.51,0.00,1.00,1.00,127.35,2.75,12.07,65.38,67.93,-27.38,39.15,-0.21,0.08,17.00,7000.00,-38.00,0.00,7.00
290471.00,2019-06-30 17:47:14.471,0.00,294.23,0.00,1.51,0.00,1.00,1.00,127.35,2.75,12.06,65.42,67.93,-27.32,39.23,-0.21,0.08,17.00,7000.00,-38.00,0.00,7.00
290571.00,2019-06-30 17:47:14.571,0.00,294.23,0.00,1.51,0.00,1.00,1.00,127.35,2.75,11.95,65.42,67.95,-27.32,39.23,-0.21,0.08,17.00,7000.00,-38.00,0.00,7.00
290671.00,2019-06-30 17:47:14.671,0.00,294.23,0.00,1.51,0.00,1.00,1.00,127.35,2.75,12.05,65.42,67.95,-27.38,39.23,-0.20,0.08,17.00,7000.00,-38.00,0.00,7.00
290771.00,2019-06-30 17:47:14.771,0.00,294.23,0.00,1.51,0.00,1.00,1.00,127.35,2.75,12.08,65.41,67.92,-27.38,39.23,-0.25,0.08,17.00,7000.00,-38.00,0.00,7.00
290871.00,2019-06-30 17:47:14.871,0.00,294.23,0.00,1.51,0.00,1.00,1.00,127.35,2.75,11.93,65.41,67.92,-27.38,39.28,-0.21,0.08,17.00,7000.00,-38.00,0.00,7.00
290971.00,2019-06-30 17:47:14.971,0.00,294.23,0.00,1.51,0.00,1.00,1.00,127.35,2.75,12.07,65.45,67.92,-27.16,39.28,-0.22,0.08,17.00,7000.00,-38.00,0.00,7.00
291071.00,2019-06-30 17:47:15.071,0.00,294.23,0.00,1.51,0.00,1.00,1.00,127.35,2.75,11.92,65.45,67.95,-27.16,39.28,-0.22,0.08,17.00,7000.00,-38.00,0.00,7.00
291171.00,2019-06-30 17:47:15.171,0.00,294.23,0.00,1.51,0.00,1.00,1.00,127.35,2.75,11.92,65.45,67.95,-27.26,39.28,-0.21,0.08,17.00,7000.00,-38.00,0.00,7.00
291271.00,2019-06-30 17:47:15.271,0.00,294.23,0.00,1.51,0.00,1.00,1.00,127.35,2.75,12.05,65.40,67.95,-27.26,39.22,-0.22,0.08,17.00,7000.00,-38.00,0.00,7.00
291371.00,2019-06-30 17:47:15.371,0.00,294.23,0.00,1.51,0.00,1.00,1.00,127.35,2.75,12.06,65.40,67.95,-27.26,39.22,-0.19,0.08,17.00,7000.00,-38.00,0.00,7.00
291471.00,2019-06-30 17:47:15.471,0.00,294.23,0.00,1.51,0.00,1.00,1.00,127.35,2.75,11.95,65.40,67.95,-27.24,39.22,-0.24,0.08,17.00,7000.00,-38.00,0.00,7.00
291571.00,2019-06-30 17:47:15.571,0.00,294.23,0.00,1.51,0.00,1.00,1.00,127.35,2.75,12.07,65.48,67.90,-27.24,39.22,-0.22,0.08,17.00,7000.00,-38.00,0.00,7.00
291671.00,2019-06-30 17:47:15.671,0.00,294.23,0.00,1.51,0.00,1.00,1.00,127.35,2.75,12.06,65.48,67.90,-27.24,39.26,-0.21,0.08,17.00,7000.00,-38.00,0.00,7.00
291771.00,2019-06-30 17:47:15.771,0.00,294.23,0.00,1.51,0.00,1.00,1.00,127.35,2.75,11.95,65.38,67.93,-27.09,39.26,-0.23,0.08,17.00,7000.00,-38.00,0.00,7.00
291871.00,2019-06-30 17:47:15.871,0.00,294.23,0.00,1.51,0.00,1.00,1.00,127.35,2.75,12.05,65.38,67.93,-27.09,39.26,-0.21,0.08,17.00,7000.00,-38.00,0.00,7.00
291971.00,2019-06-30 17:47:15.971,0.00,294.23,0.00,1.51,0.00,1.00,1.00,127.35,2.75,12.08,65.38,67.93,-26.92,39.26,-0.24,0.08,17.00,7000.00,-38.00,0.00,7.00
292071.00,2019-06-30 17:47:16.071,0.00,294.23,0.00,1.51,0.00,1.00,1.00,127.35,2.75,11.93,65.52,67.91,-26.92,39.21,-0.21,0.08,17.00,7000.00,-38.00,0.00,7.00
292171.00,2019-06-30 17:47:16.171,0.00,294.23,0.00,1.51,0.00,1.00,1.00,127.35,2.75,12.07,65.52,67.91,-26.92,39.21,-0.22,0.08,17.00,7000.00,-38.00,0.00,7.00
292271.00,2019-06-30 17:47:16.271,0.00,294.23,0.00,1.51,0.00,1.00,1.00,127.35,2.75,12.08,65.53,67.90,-26.96,39.21,-0.23,0.09,17.00,7000.00,-38.00,0.00,7.00
292371.00,2019-06-30 17:47:16.371,0.00,294.23,0.00,1.51,0.00,1.00,1.00,127.35,2.75,11.92,65.53,67.90,-26.96,39.21,-0.21,0.08,17.00,7000.00,-38.00,0.00,7.00
292471.00,2019-06-30 17:47:16.471,0.00,294.23,0.00,1.51,0.00,1.00,1.00,127.35,2.75,12.05,65.53,67.90,-26.98,39.30,-0.23,0.08,17.00,7000.00,-38.00,0.00,7.00
292571.00,2019-06-30 17:47:16.571,0.00,294.23,0.00,1.51,0.00,1.00,1.00,127.35,2.75,11.94,65.48,67.92,-26.98,39.30,-0.19,0.08,17.00,7000.00,-38.00,0.00,7.00
292671.00,2019-06-30 17:47:16.671,0.00,294.23,0.00,1.51,0.00,1.00,1.00,127.35,2.75,12.06,65.48,67.92,-26.98,39.30,-0.24,0.08,17.00,7000.00,-38.00,0.00,7.00
292771.00,2019-06-30 17:47:16.771,0.00,294.23,0.00,1.51,0.00,1.00,1.00,127.35,2.75,12.08,65.48,67.90,-26.91,39.30,-0.23,0.08,17.00,7000.00,-38.00,0.00,7.00
292871.00,2019-06-30 17:47:16.871,0.00,294.23,0.00,1.51,0.00,1.00,1.00,127.35,2.75,11.92,65.60,67.90,-26.91,39.26,-0.22,0.08,17.00,7000.00,-38.00,0.00,7.00
292971.00,2019-06-30 17:47:16.971,0.00,294.23,0.00,1.51,0.00,1.00,1.00,127.35,2.75,12.07,65.60,67.90,-26.91,39.26,-0.22,0.08,17.00,7000.00,-38.00,0.00,7.00
293071.00,2019-06-30 17:47:17.071,0.00,294.23,0.00,1.51,0.00,1.00,1.00,127.35,2.75,12.05,65.58,67.95,-26.83,39.26,-0.21,0.08,17.00,7000.00,-38.00,0.00,7.00
293171.00,2019-06-30 17:47:17.171,0.00,294.23,0.00,1.51,0.00,1.00,1.00,127.35,2.75,11.95,65.58,67.95,-26.83,39.26,-0.24,0.08,17.00,7000.00,-38.00,0.00,7.00
293271.00,2019-06-30 17:47:17.271,0.00,294.23,0.00,1.51,0.00,1.00,1.00,127.35,2.75,12.08,65.58,67.95,-26.80,39.22,-0.21,0.08,17.00,7000.00,-38.00,0.00,7.00
293371.00,2019-06-30 17:47:17.371,0.00,294.23,0.00,1.51,0.00,1.00,1.00,127.35,2.75,12.07,65.60,67.95,-26.80,39.22,-0.22,0.08,17.00,7000.00,-38.00,0.00,7.00
293471.00,2019-06-30 17:47:17.471,0.00,294.23,0.00,1.51,0.00,1.00,1.00,127.35,2.75,11.95,65.60,67.95,-26.80,39.22,-0.22,0.08,17.00,7000.00,-38.00,0.00,7.00
293571.00,2019-06-30 17:47:17.571,0.00,294.23,0.00,1.51,0.00,1.00,1.00,127.35,2.75,12.05,65.55,67.95,-26.69,39.22,-0.19,0.08,17.00,7000.00,-38.00,0.00,7.00
293671.00,2019-06-30 17:47:17.671,0.00,294.23,0.00,1.51,0.00,1.00,1.00,127.35,2.75,12.08,65.55,67.95,-26.69,39.26,-0.22,0.08,17.00,7000.00,-38.00,0.00,7.00
293771.00,2019-06-30 17:47:17.771,0.00,294.23,0.00,1.51,0.00,1.00,1.00,127.35,2.75,12.08,65.55,67.90,-26.70,39.26,-0.20,0.08,17.00,7000.00,-38.00,0.00,7.00
293871.00,2019-06-30 17:47:17.871,0.00,294.23,0.00,1.51,0.00,1.00,1.00,127.35,2.75,12.07,65.60,67.90,-26.70,39.26,-0.24,0.08,17.00,7000.00,-38.00,0.00,7.00
293971.00,2019-06-30 17:47:17.971,0.00,294.23,0.00,1.51,0.00,1.00,1.00,127.35,2.75,12.08,65.60,67.90,-26.70,39.26,-0.21,0.08,17.00,7000.00,-38.00,0.00,7.00
294071.00,2019-06-30 17:47:18.071,0.00,294.23,0.00,1.51,0.00,1.00,1.00,127.35,2.75,12.06,65.52,67.95,-26.65,39.28,-0.21,0.08,17.00,7000.00,-38.00,0.00,7.00
294171.00,2019-06-30 17:47:18.171,0.00,294.23,0.00,1.51,0.00,1.00,1.00,127.35,2.75,11.95,65.52,67.95,-26.65,39.28,-0.23,0.08,17.00,7000.00,-38.00,0.00,7.00
294271.00,2019-06-30 17:47:18.271,0.00,294.23,0.00,1.51,0.00,1.00,1.00,127.35,2.75,12.05,65.52,67.95,-26.65,39.28,-0.20,0.08,17.00,7000.00,-38.00,0.00,7.00
294371.00,2019-06-30 17:47:18.371,0.00,294.23,0.00,1.51,0.00,1.00,1.00,127.35,2.75,12.08,65.54,67.95,-26.52,39.28,-0.25,0.09,17.00,7000.00,-38.00,0.00,7.00
294471.00,2019-06-30 17:47:18.471,0.00,294.23,0.00,1.51,0.00,1.00,1.00,127.35,2.75,11.93,65.54,67.95,-26.52,39.38,-0.22,0.09,17.00,7000.00,-38.00,0.00,7.00
294571.00,2019-06-30 17:47:18.571,0.00,294.23,0.00,1.51,0.00,1.00,1.00,127.35,2.75,12.07,65.54,67.90,-26.43,39.38,-0.23,0.09,17.00,7000.00,-38.00,0.00,7.00
294671.00,2019-06-30 17:47:18.671,0.00,294.23,0.00,1.51,0.00,1.00,1.00,127.35,2.75,11.93,65.52,67.90,-26.43,39.38,-0.23,0.08,17.00,7000.00,-38.00,0.00,7.00
294771.00,2019-06-30 17:47:18.771,0.00,294.23,0.00,1.51,0.00,1.00,1.00,127.35,2.75,12.06,65.52,67.90,-26.43,39.38,-0.21,0.08,17.00,7000.00,-38.00,0.00,7.00
294871.00,2019-06-30 17:47:18.871,0.00,294.23,0.00,1.51,0.00,1.00,1.00,127.35,2.75,12.07,65.51,67.90,-26.45,39.35,-0.22,0.09,17.00,7000.00,-38.00,0.00,7.00
294971.00,2019-06-30 17:47:18.971,0.00,294.23,0.00,1.51,0.00,1.00,1.00,127.35,2.75,11.95,65.51,67.90,-26.45,39.35,-0.21,0.08,17.00,7000.00,-38.00,0.00,7.00
295071.00,2019-06-30 17:47:19.071,0.00,294.23,0.00,1.51,0.00,1.00,1.00,127.35,2.75,12.05,65.51,67.79,-26.43,39.35,-0.23,0.08,17.00,7000.00,-38.00,0.00,7.00
295171.00,2019-06-30 17:47:19.171,0.00,294.23,0.00,1.51,0.00,1.00,1.00,127.35,2.75,12.08,65.60,67.79,-26.43,39.35,-0.22,0.08,17.00,7000.00,-38.00,0.00,7.00
295271.00,2019-06-30 17:47:19.271,0.00,294.23,0.00,1.51,0.00,1.00,1.00,127.35,2.75,11.92,65.60,67.80,-26.43,39.34,-0.22,0.09,17.00,7000.00,-38.00,0.00,7.00
295371.00,2019-06-30 17:47:19.371,0.00,294.23,0.00,1.51,0.00,1.00,1.00,127.35,2.75,12.07,65.60,67.80,-26.23,39.34,-0.22,0.08,17.00,7000.00,-38.00,0.00,7.00
295471.00,2019-06-30 17:47:19.471,0.00,294.23,0.00,1.51,0.00,1.00,1.00,127.35,2.75,12.07,65.60,67.80,-26.23,39.34,-0.20,0.08,17.00,7000.00,-38.00,0.00,7.00
295571.00,2019-06-30 17:47:19.571,0.00,294.23,0.00,1.51,0.00,1.00,1.00,127.35,2.75,11.93,65.60,67.86,-26.23,39.34,-0.24,0.08,17.00,7000.00,-38.00,0.00,7.00
295671.00,2019-06-30 17:47:19.671,0.00,294.23,0.00,1.51,0.00,1.00,1.00,127.35,2.75,12.06,65.56,67.86,-26.23,39.35,-0.22,0.08,17.00,7000.00,-38.00,0.00,7.00
295771.00,2019-06-30 17:47:19.771,0.00,294.23,0.00,1.51,0.00,1.00,1.00,127.35,2.75,12.07,65.56,67.78,-26.23,39.35,-0.21,0.08,17.00,7000.00,-38.00,0.00,7.00
295871.00,2019-06-30 17:47:19.871,0.00,294.23,0.00,1.51,0.00,1.00,1.00,127.35,2.75,12.08,65.56,67.78,-26.14,39.35,-0.22,0.08,17.00,7000.00,-38.00,0.00,7.00
295971.00,2019-06-30 17:47:19.971,0.00,294.23,0.00,1.51,0.00,1.00,1.00,127.35,2.75,12.06,65.56,67.78,-26.14,39.35,-0.21,0.08,17.00,7000.00,-38.00,0.00,7.00
296071.00,2019-06-30 17:47:20.071,0.00,294.23,0.00,1.51,0.00,1.00,1.00,127.35,2.75,11.94,65.56,67.75,-26.14,39.30,-0.23,0.08,17.00,7000.00,-38.00,0.00,7.00
296171.00,2019-06-30 17:47:20.171,0.00,294.23,0.00,1.51,0.00,1.00,1.00,127.35,2.75,12.08,65.63,67.75,-26.22,39.30,-0.20,0.08,17.00,7000.00,-38.00,0.00,7.00
296271.00,2019-06-30 17:47:20.271,0.00,294.23,0.00,1.51,0.00,1.00,1.00,127.35,2.75,12.05,65.63,67.79,-26.22,39.30,-0.23,0.08,17.00,7000.00,-38.00,0.00,7.00
296371.00,2019-06-30 17:47:20.371,0.00,294.23,0.00,1.51,0.00,1.00,1.00,127.35,2.75,11.95,65.63,67.79,-26.12,39.30,-0.22,0.08,17.00,7000.00,-38.00,0.00,7.00
296471.00,2019-06-30 17:47:20.471,0.00,294.23,0.00,1.51,0.00,1.00,1.00,127.35,2.75,12.06,65.59,67.79,-26.12,39.33,-0.21,0.08,17.00,7000.00,-38.00,0.00,7.00
296571.00,2019-06-30 17:47:20.571,0.00,294.23,0.00,1.51,0.00,1.00,1.00,127.35,2.75,12.07,65.59,67.80,-26.12,39.33,-0.23,0.08,17.00,7000.00,-38.00,0.00,7.00
296671.00,2019-06-30 17:47:20.671,0.00,294.23,0.00,1.51,0.00,1.00,1.00,127.35,2.75,11.92,65.58,67.80,-26.00,39.33,-0.21,0.08,17.00,7000.00,-38.00,0.00,7.00
296771.00,2019-06-30 17:47:20.771,0.00,294.23,0.00,1.51,0.00,1.00,1.00,127.35,2.75,12.05,65.58,67.79,-26.00,39.33,-0.25,0.08,17.00,7000.00,-38.00,0.00,7.00
296871.00,2019-06-30 17:47:20.871,0.00,294.23,0.00,1.51,0.00,1.00,1.00,127.35,2.75,11.95,65.58,67.79,-26.00,39.34,-0.22,0.08,17.00,7000.00,-38.00,0.00,7.00
296971.00,2019-06-30 17:47:20.971,0.00,294.23,0.00,1.51,0.00,1.00,1.00,127.35,2.75,12.05,65.58,67.79,-25.98,39.34,-0.21,0.08,17.00,7000.00,-38.00,0.00,7.00
297071.00,2019-06-30 17:47:21.071,0.00,294.23,0.00,1.51,0.00,1.00,1.00,127.35,2.75,12.08,65.58,67.68,-25.98,39.34,-0.22,0.08,17.00,7000.00,-38.00,0.00,7.00
297171.00,2019-06-30 17:47:21.171,0.00,294.23,0.00,1.51,0.00,1.00,1.00,127.35,2.75,11.93,65.59,67.68,-25.87,39.34,-0.21,0.08,17.00,7000.00,-38.00,0.00,7.00
297271.00,2019-06-30 17:47:21.271,0.00,294.23,0.00,1.51,0.00,1.00,1.00,127.35,2.75,12.07,65.59,67.60,-25.87,39.26,-0.21,0.09,17.00,7000.00,-38.00,0.00,7.00
297371.00,2019-06-30 17:47:21.371,0.00,294.23,0.00,1.51,0.00,1.00,1.00,127.35,2.75,12.08,65.59,67.60,-25.87,39.26,-0.19,0.09,17.00,7000.00,-38.00,0.00,7.00
297471.00,2019-06-30 17:47:21.471,0.00,294.23,0.00,1.51,0.00,1.00,1.00,127.35,2.75,11.92,65.63,67.60,-25.91,39.26,-0.24,0.08,17.00,7000.00,-38.00,0.00,7.00
297571.00,2019-06-30 17:47:21.571,0.00,294.23,0.00,1.51,0.00,1.00,1.00,127.35,2.75,12.08,65.63,67.51,-25.91,39.26,-0.23,0.09,17.00,7000.00,-38.00,0.00,7.00
297671.00,2019-06-30 17:47:21.671,0.00,294.23,0.00,1.51,0.00,1.00,1.00,127.35,2.75,12.06,65.63,67.51,-25.86,39.21,-0.21,0.08,17.00,7000.00,-38.00,0.00,7.00
297771.00,2019-06-30 17:47:21.771,0.00,294.23,0.00,1.51,0.00,1.00,1.00,127.35,2.75,11.94,65.59,67.58,-25.86,39.21,-0.22,0.08,17.00,7000.00,-38.00,0.00,7.00
297871.00,2019-06-30 17:47:21.871,0.00,294.23,0.00,1.51,0.00,1.00,1.00,127.35,2.75,12.05,65.59,67.58,-25.86,39.21,-0.21,0.08,17.00,7000.00,-38.00,0.00,7.00
297971.00,2019-06-30 17:47:21.971,0.00,294.23,0.00,1.51,0.00,1.00,1.00,127.35,2.75,12.08,65.55,67.58,-25.86,39.21,-0.23,0.08,17.00,7000.00,-38.00,0.00,7.00
298071.00,2019-06-30 17:47:22.071,0.00,294.23,0.00,1.51,0.00,1.00,1.00,127.35,2.75,12.08,65.55,67.55,-25.86,39.26,-0.22,0.08,17.00,7000.00,-38.00,0.00,7.00
298171.00,2019-06-30 17:47:22.171,0.00,294.23,0.00,1.51,0.00,1.00,1.00,127.35,2.75,12.07,65.55,67.55,-25.86,39.26,-0.22,0.08,17.00,7000.00,-38.00,0.00,7.00
298271.00,2019-06-30 17:47:22.271,0.00,294.23,0.00,1.51,0.00,1.00,1.00,127.35,2.75,12.08,65.55,67.57,-25.73,39.26,-0.22,0.08,17.00,7000.00,-38.00,0.00,7.00
298371.00,2019-06-30 17:47:22.371,0.00,294.23,0.00,1.51,0.00,1.00,1.00,127.35,2.75,11.92,65.55,67.57,-25.73,39.26,-0.23,0.08,17.00,7000.00,-38.00,0.00,7.00
298471.00,2019-06-30 17:47:22.471,0.00,294.23,0.00,1.51,0.00,1.00,1.00,127.35,2.75,12.06,65.65,67.57,-25.65,39.37,-0.21,0.08,17.00,7000.00,-38.00,0.00,7.00
298571.00,2019-06-30 17:47:22.571,0.00,294.23,0.00,1.51,0.00,1.00,1.00,127.35,2.75,11.94,65.65,67.63,-25.65,39.37,-0.18,0.08,17.00,7000.00,-38.00,0.00,7.00
298671.00,2019-06-30 17:47:22.671,0.00,294.23,0.00,1.51,0.00,1.00,1.00,127.35,2.75,12.05,65.65,67.63,-25.65,39.37,-0.22,0.08,17.00,7000.00,-38.00,0.00,7.00
298771.00,2019-06-30 17:47:22.771,0.00,294.23,0.00,1.51,0.00,1.00,1.00,127.35,2.75,12.07,65.60,67.66,-25.59,39.37,-0.22,0.09,17.00,7000.00,-38.00,0.00,7.00
298871.00,2019-06-30 17:47:22.871,0.00,294.23,0.00,1.51,0.00,1.00,1.00,127.35,2.75,12.08,65.60,67.66,-25.59,39.34,-0.22,0.08,17.00,7000.00,-38.00,0.00,7.00
298971.00,2019-06-30 17:47:22.971,0.00,294.23,0.00,1.51,0.00,1.00,1.00,127.35,2.75,12.09,65.60,67.66,-25.59,39.34,-0.22,0.08,17.00,7000.00,-38.00,0.00,7.00
299071.00,2019-06-30 17:47:23.071,0.00,294.23,0.00,1.51,0.00,1.00,1.00,127.35,2.75,11.95,65.66,67.62,-25.59,39.34,-0.21,0.08,17.00,7000.00,-38.00,0.00,7.00
299171.00,2019-06-30 17:47:23.171,0.00,294.23,0.00,1.51,0.00,1.00,1.00,127.35,2.75,12.06,65.66,67.62,-25.59,39.34,-0.22,0.08,17.00,7000.00,-38.00,0.00,7.00
299271.00,2019-06-30 17:47:23.271,0.00,294.23,0.00,1.51,0.00,1.00,1.00,127.35,2.75,12.08,65.66,67.59,-25.49,39.30,-0.22,0.09,17.00,7000.00,-38.00,0.00,7.00
299371.00,2019-06-30 17:47:23.371,0.00,294.23,0.00,1.51,0.00,1.00,1.00,127.35,2.75,11.92,65.66,67.59,-25.49,39.30,-0.21,0.08,17.00,7000.00,-38.00,0.00,7.00
299471.00,2019-06-30 17:47:23.471,0.00,294.23,0.00,1.51,0.00,1.00,1.00,127.35,2.75,12.08,65.66,67.59,-25.49,39.30,-0.22,0.09,17.00,7000.00,-38.00,0.00,7.00
299571.00,2019-06-30 17:47:23.571,0.00,294.23,0.00,1.51,0.00,1.00,1.00,127.35,2.75,12.06,65.67,67.63,-25.52,39.30,-0.20,0.08,17.00,7000.00,-38.00,0.00,7.00
299671.00,2019-06-30 17:47:23.671,0.00,294.23,0.00,1.51,0.00,1.00,1.00,127.35,2.75,11.94,65.67,67.63,-25.52,39.32,-0.23,0.08,17.00,7000.00,-38.00,0.00,7.00
299771.00,2019-06-30 17:47:23.771,0.00,294.23,0.00,1.51,0.00,1.00,1.00,127.35,2.75,12.08,65.67,67.59,-25.43,39.32,-0.19,0.08,17.00,7000.00,-38.00,0.00,7.00
299871.00,2019-06-30 17:47:23.871,0.00,294.23,0.00,1.51,0.00,1.00,1.00,127.35,2.75,12.05,65.70,67.59,-25.43,39.32,-0.24,0.08,17.00,7000.00,-38.00,0.00,7.00
299971.00,2019-06-30 17:47:23.971,0.00,294.23,0.00,1.51,0.00,1.00,1.00,127.35,2.75,11.95,65.70,67.59,-25.43,39.32,-0.21,0.08,17.00,7000.00,-38.00,0.00,7.00
300071.00,2019-06-30 17:47:24.071,0.00,294.23,0.00,1.51,0.00,1.00,1.00,127.35,2.75,12.06,65.70,67.63,-25.52,39.26,-0.22,0.08,17.00,7000.00,-38.00,0.00,7.00
300171.00,2019-06-30 17:47:24.171,0.00,294.23,0.00,1.51,0.00,1.00,1.00,127.35,2.75,12.07,65.70,67.63,-25.52,39.26,-0.21,0.08,17.00,7000.00,-38.00,0.00,7.00
300271.00,2019-06-30 17:47:24.271,0.00,294.23,0.00,1.51,0.00,1.00,1.00,127.35,2.75,11.94,65.70,67.60,-25.31,39.26,-0.22,0.08,17.00,7000.00,-38.00,0.00,7.00
300371.00,2019-06-30 17:47:24.371,0.00,294.23,0.00,1.51,0.00,1.00,1.00,127.35,2.75,12.06,65.70,67.60,-25.31,39.26,-0.24,0.09,17.00,7000.00,-38.00,0.00,7.00
300471.00,2019-06-30 17:47:24.471,0.00,294.23,0.00,1.51,0.00,1.00,1.00,127.35,2.75,12.08,65.70,67.60,-25.31,39.32,-0.22,0.08,17.00,7000.00,-38.00,0.00,7.00
300571.00,2019-06-30 17:47:24.571,0.00,294.23,0.00,1.51,0.00,1.00,1.00,127.35,2.75,11.91,65.70,67.55,-25.31,39.32,-0.22,0.08,17.00,7000.00,-38.00,0.00,7.00
300671.00,2019-06-30 17:47:24.671,0.00,294.23,0.00,1.51,0.00,1.00,1.00,127.35,2.75,12.08,65.70,67.55,-25.31,39.32,-0.22,0.09,17.00,7000.00,-38.00,0.00,7.00
300771.00,2019-06-30 17:47:24.771,0.00,294.23,0.00,1.51,0.00,1.00,1.00,127.35,2.75,12.06,65.70,67.55,-25.31,39.32,-0.21,0.08,17.00,7000.00,-38.00,0.00,7.00
300871.00,2019-06-30 17:47:24.871,0.00,294.23,0.00,1.51,0.00,1.00,1.00,127.35,2.75,11.94,65.77,67.55,-25.25,39.32,-0.23,0.08,17.00,7000.00,-38.00,0.00,7.00
300971.00,2019-06-30 17:47:24.971,0.00,294.23,0.00,1.51,0.00,1.00,1.00,127.35,2.75,12.08,65.77,67.55,-25.25,39.32,-0.18,0.08,17.00,7000.00,-38.00,0.00,7.00
301071.00,2019-06-30 17:47:25.071,0.00,294.23,0.00,1.51,0.00,1.00,1.00,127.35,2.75,12.05,65.77,67.53,-25.07,39.32,-0.24,0.08,17.00,7000.00,-38.00,0.00,7.00
301171.00,2019-06-30 17:47:25.171,0.00,294.23,0.00,1.51,0.00,1.00,1.00,127.35,2.75,11.95,65.72,67.53,-25.07,39.32,-0.21,0.08,17.00,7000.00,-38.00,0.00,7.00
301271.00,2019-06-30 17:47:25.271,0.00,294.23,0.00,1.51,0.00,1.00,1.00,127.35,2.75,12.06,65.72,67.55,-25.07,39.28,-0.21,0.08,17.00,7000.00,-38.00,0.00,7.00
301371.00,2019-06-30 17:47:25.371,0.00,294.23,0.00,1.51,0.00,1.00,1.00,127.35,2.75,12.08,65.70,67.55,-25.05,39.28,-0.22,0.09,17.00,7000.00,-38.00,0.00,7.00
301471.00,2019-06-30 17:47:25.471,0.00,294.23,0.00,1.51,0.00,1.00,1.00,127.35,2.75,11.94,65.70,67.55,-25.05,39.28,-0.20,0.09,17.00,7000.00,-38.00,0.00,7.00
301571.00,2019-06-30 17:47:25.571,0.00,294.23,0.00,1.51,0.00,1.00,1.00,127.35,2.75,12.06,65.70,67.48,-25.02,39.28,-0.25,0.09,17.00,7000.00,-38.00,0.00,7.00
301671.00,2019-06-30 17:47:25.671,0.00,294.23,0.00,1.51,0.00,1.00,1.00,127.35,2.75,12.08,65.75,67.48,-25.02,39.22,-0.22,0.08,17.00,7000.00,-38.00,0.00,7.00
301771.00,2019-06-30 17:47:25.771,0.00,294.23,0.00,1.51,0.00,1.00,1.00,127.35,2.75,11.92,65.75,67.50,-25.02,39.22,-0.22,0.08,17.00,7000.00,-38.00,0.00,7.00
301871.00,2019-06-30 17:47:25.871,0.00,294.23,0.00,1.51,0.00,1.00,1.00,127.35,2.75,12.08,65.74,67.50,-24.99,39.22,-0.21,0.09,17.00,7000.00,-38.00,0.00,7.00
301971.00,2019-06-30 17:47:25.971,0.00,294.23,0.00,1.51,0.00,1.00,1.00,127.35,2.75,12.05,65.74,67.50,-24.99,39.22,-0.20,0.08,17.00,7000.00,-38.00,0.00,7.00
302071.00,2019-06-30 17:47:26.071,0.00,294.23,0.00,1.51,0.00,1.00,1.00,127.35,2.75,11.95,65.74,67.44,-24.99,39.27,-0.22,0.08,17.00,7000.00,-38.00,0.00,7.00
302171.00,2019-06-30 17:47:26.171,0.00,294.23,0.00,1.51,0.00,1.00,1.00,127.35,2.75,12.06,65.73,67.44,-24.94,39.27,-0.20,0.08,17.00,7000.00,-38.00,0.00,7.00
302271.00,2019-06-30 17:47:26.271,0.00,294.23,0.00,1.51,0.00,1.00,1.00,127.35,2.75,12.07,65.73,67.48,-24.94,39.27,-0.23,0.08,17.00,7000.00,-38.00,0.00,7.00
302371.00,2019-06-30 17:47:26.371,0.00,294.23,0.00,1.51,0.00,1.00,1.00,127.35,2.75,12.06,65.73,67.48,-24.86,39.27,-0.21,0.08,17.00,7000.00,-38.00,0.00,7.00
302471.00,2019-06-30 17:47:26.471,0.00,294.23,0.00,1.51,0.00,1.00,1.00,127.35,2.75,12.08,65.81,67.48,-24.86,39.28,-0.21,0.09,17.00,7000.00,-38.00,0.00,7.00
302571.00,2019-06-30 17:47:26.571,0.00,294.23,0.00,1.51,0.00,1.00,1.00,127.35,2.75,11.95,65.81,67.48,-24.86,39.28,-0.22,0.08,17.00,7000.00,-38.00,0.00,7.00
302671.00,2019-06-30 17:47:26.671,0.00,294.23,0.00,1.51,0.00,1.00,1.00,127.35,2.75,12.05,65.77,67.48,-24.84,39.28,-0.20,0.08,17.00,7000.00,-38.00,0.00,7.00
302771.00,2019-06-30 17:47:26.771,0.00,294.23,0.00,1.51,0.00,1.00,1.00,127.35,2.75,12.08,65.77,67.50,-24.84,39.28,-0.24,0.09,17.00,7000.00,-38.00,0.00,7.00
302871.00,2019-06-30 17:47:26.871,0.00,294.23,0.00,1.51,0.00,1.00,1.00,127.35,2.75,11.93,65.77,67.50,-24.81,39.37,-0.22,0.08,17.00,7000.00,-38.00,0.00,7.00
302971.00,2019-06-30 17:47:26.971,0.00,294.23,0.00,1.51,0.00,1.00,1.00,127.35,2.75,12.07,65.84,67.50,-24.81,39.37,-0.22,0.08,17.00,7000.00,-38.00,0.00,7.00
303071.00,2019-06-30 17:47:27.071,0.00,294.23,0.00,1.51,0.00,1.00,1.00,127.35,2.75,12.08,65.84,67.48,-24.81,39.37,-0.22,0.09,17.00,7000.00,-38.00,0.00,7.00
303171.00,2019-06-30 17:47:27.171,0.00,294.23,0.00,1.51,0.00,1.00,1.00,127.35,2.75,11.92,65.75,67.48,-24.73,39.37,-0.21,0.08,17.00,7000.00,-38.00,0.00,7.00
303271.00,2019-06-30 17:47:27.271,0.00,294.23,0.00,1.51,0.00,1.00,1.00,127.35,2.75,12.05,65.75,67.34,-24.73,39.37,-0.22,0.08,17.00,7000.00,-38.00,0.00,7.00
303371.00,2019-06-30 17:47:27.371,0.00,294.23,0.00,1.51,0.00,1.00,1.00,127.35,2.75,11.95,65.75,67.34,-24.73,39.37,-0.19,0.08,17.00,7000.00,-38.00,0.00,7.00
303471.00,2019-06-30 17:47:27.471,0.00,294.23,0.00,1.51,0.00,1.00,1.00,127.35,2.75,12.05,65.73,67.34,-24.64,39.37,-0.24,0.08,17.00,7000.00,-38.00,0.00,7.00
303571.00,2019-06-30 17:47:27.571,0.00,294.23,0.00,1.51,0.00,1.00,1.00,127.35,2.75,12.08,65.73,67.41,-24.64,39.37,-0.22,0.09,17.00,7000.00,-38.00,0.00,7.00
303671.00,2019-06-30 17:47:27.671,0.00,294.23,0.00,1.51,0.00,1.00,1.00,127.35,2.75,11.92,65.84,67.41,-24.54,39.30,-0.21,0.09,17.00,7000.00,-38.00,0.00,7.00
303771.00,2019-06-30 17:47:27.771,0.00,294.23,0.00,1.51,0.00,1.00,1.00,127.35,2.75,12.07,65.84,67.34,-24.54,39.30,-0.22,0.09,17.00,7000.00,-38.00,0.00,7.00
303871.00,2019-06-30 17:47:27.871,0.00,294.23,0.00,1.51,0.00,1.00,1.00,127.35,2.75,12.07,65.84,67.34,-24.54,39.30,-0.20,0.09,17.00,7000.00,-38.00,0.00,7.00
303971.00,2019-06-30 17:47:27.971,0.00,294.23,0.00,1.51,0.00,1.00,1.00,127.35,2.75,11.93,65.79,67.34,-24.54,39.30,-0.23,0.08,17.00,7000.00,-38.00,0.00,7.00
304071.00,2019-06-30 17:47:28.071,0.00,294.23,0.00,1.51,0.00,1.00,1.00,127.35,2.75,12.08,65.79,67.27,-24.54,39.30,-0.22,0.08,17.00,7000.00,-38.00,0.00,7.00
304171.00,2019-06-30 17:47:28.171,0.00,294.23,0.00,1.51,0.00,1.00,1.00,127.35,2.75,12.05,65.79,67.27,-24.46,39.30,-0.22,0.08,17.00,7000.00,-38.00,0.00,7.00
304271.00,2019-06-30 17:47:28.271,0.00,294.23,0.00,1.51,0.00,1.00,1.00,127.35,2.75,11.95,65.80,67.34,-24.46,39.30,-0.22,0.08,17.00,7000.00,-38.00,0.00,7.00
304371.00,2019-06-30 17:47:28.371,0.00,294.23,0.00,1.51,0.00,1.00,1.00,127.35,2.75,12.06,65.80,67.34,-24.46,39.30,-0.21,0.08,17.00,7000.00,-38.00,0.00,7.00
304471.00,2019-06-30 17:47:28.471,0.00,294.23,0.00,1.51,0.00,1.00,1.00,127.35,2.75,12.07,65.86,67.34,-24.41,39.28,-0.22,0.08,17.00,7000.00,-38.00,0.00,7.00
304571.00,2019-06-30 17:47:28.571,0.00,294.23,0.00,1.51,0.00,1.00,1.00,127.35,2.75,11.95,65.86,67.30,-24.41,39.28,-0.19,0.08,17.00,7000.00,-38.00,0.00,7.00
304671.00,2019-06-30 17:47:28.671,0.00,294.23,0.00,1.51,0.00,1.00,1.00,127.35,2.75,12.05,65.86,67.30,-24.41,39.28,-0.24,0.09,17.00,7000.00,-38.00,0.00,7.00
304771.00,2019-06-30 17:47:28.771,0.00,294.23,0.00,1.51,0.00,1.00,1.00,127.35,2.75,12.08,65.87,67.25,-24.36,39.28,-0.23,0.08,17.00,7000.00,-38.00,0.00,7.00
304871.00,2019-06-30 17:47:28.871,0.00,294.23,0.00,1.51,0.00,1.00,1.00,127.35,2.75,11.93,65.87,67.25,-24.36,39.27,-0.22,0.09,17.00,7000.00,-38.00,0.00,7.00
304971.00,2019-06-30 17:47:28.971,0.00,294.23,0.00,1.51,0.00,1.00,1.00,127.35,2.75,12.07,65.75,67.25,-24.32,39.27,-0.22,0.08,17.00,7000.00,-38.00,0.00,7.00
305071.00,2019-06-30 17:47:29.071,0.00,294.23,0.00,1.51,0.00,1.00,1.00,127.35,2.75,12.07,65.75,67.29,-24.32,39.27,-0.20,0.08,17.00,7000.00,-38.00,0.00,7.00
305171.00,2019-06-30 17:47:29.171,0.00,294.23,0.00,1.51,0.00,1.00,1.00,127.35,2.75,12.06,65.75,67.29,-24.32,39.27,-0.24,0.08,17.00,7000.00,-38.00,0.00,7.00
305271.00,2019-06-30 17:47:29.271,0.00,294.23,0.00,1.51,0.00,1.00,1.00,127.35,2.75,12.07,65.81,67.16,-24.28,39.35,-0.22,0.08,17.00,7000.00,-38.00,0.00,7.00
305371.00,2019-06-30 17:47:29.371,0.00,294.23,0.00,1.51,0.00,1.00,1.00,127.35,2.75,12.06,65.81,67.16,-24.28,39.35,-0.22,0.08,17.00,7000.00,-38.00,0.00,7.00
305471.00,2019-06-30 17:47:29.471,0.00,294.23,0.00,1.51,0.00,1.00,1.00,127.35,2.75,11.95,65.81,67.16,-24.28,39.35,-0.22,0.08,17.00,7000.00,-38.00,0.00,7.00
305571.00,2019-06-30 17:47:29.571,0.00,294.23,0.00,1.51,0.00,1.00,1.00,127.35,2.75,12.05,65.87,67.32,-24.28,39.35,-0.21,0.08,17.00,7000.00,-38.00,0.00,7.00
305671.00,2019-06-30 17:47:29.671,0.00,294.23,0.00,1.51,0.00,1.00,1.00,127.35,2.75,12.08,65.87,67.32,-24.28,39.32,-0.22,0.09,17.00,7000.00,-38.00,0.00,7.00
305771.00,2019-06-30 17:47:29.771,0.00,294.23,0.00,1.51,0.00,1.00,1.00,127.35,2.75,11.92,65.84,67.27,-24.19,39.32,-0.19,0.08,17.00,7000.00,-38.00,0.00,7.00
305871.00,2019-06-30 17:47:29.871,0.00,294.23,0.00,1.51,0.00,1.00,1.00,127.35,2.75,12.07,65.84,67.27,-24.19,39.32,-0.24,0.08,17.00,7000.00,-38.00,0.00,7.00
305971.00,2019-06-30 17:47:29.971,0.00,294.23,0.00,1.51,0.00,1.00,1.00,127.35,2.75,11.94,65.84,67.27,-24.19,39.32,-0.23,0.08,17.00,7000.00,-38.00,0.00,7.00
306071.00,2019-06-30 17:47:30.071,0.00,294.23,0.00,1.51,0.00,1.00,1.00,127.35,2.75,12.08,65.82,67.18,-24.11,39.26,-0.21,0.08,17.00,7000.00,-38.00,0.00,7.00
306171.00,2019-06-30 17:47:30.171,0.00,294.23,0.00,1.51,0.00,1.00,1.00,127.35,2.75,12.05,65.82,67.18,-24.11,39.26,-0.22,0.08,17.00,7000.00,-38.00,0.00,7.00
306271.00,2019-06-30 17:47:30.271,0.00,294.23,0.00,1.51,0.00,1.00,1.00,127.35,2.75,12.05,65.84,67.30,-24.13,39.26,-0.20,0.08,17.00,7000.00,-38.00,0.00,7.00
306371.00,2019-06-30 17:47:30.371,0.00,294.23,0.00,1.51,0.00,1.00,1.00,127.35,2.75,11.95,65.84,67.30,-24.13,39.26,-0.23,0.08,17.00,7000.00,-38.00,0.00,7.00
306471.00,2019-06-30 17:47:30.471,0.00,294.23,0.00,1.51,0.00,1.00,1.00,127.35,2.75,12.07,65.84,67.30,-24.13,39.32,-0.22,0.08,17.00,7000.00,-38.00,0.00,7.00
306571.00,2019-06-30 17:47:30.571,0.00,294.23,0.00,1.51,0.00,1.00,1.00,127.35,2.75,12.07,65.88,67.24,-24.07,39.32,-0.22,0.09,17.00,7000.00,-38.00,0.00,7.00
306671.00,2019-06-30 17:47:30.671,0.00,294.23,0.00,1.51,0.00,1.00,1.00,127.35,2.75,12.06,65.88,67.24,-24.07,39.32,-0.21,0.08,17.00,7000.00,-38.00,0.00,7.00
306771.00,2019-06-30 17:47:30.771,0.00,294.23,0.00,1.51,0.00,1.00,1.00,127.35,2.75,12.05,65.84,67.20,-24.07,39.32,-0.20,0.09,17.00,7000.00,-38.00,0.00,7.00
306871.00,2019-06-30 17:47:30.871,0.00,294.23,0.00,1.51,0.00,1.00,1.00,127.35,2.75,12.08,65.84,67.20,-24.07,39.35,-0.22,0.09,17.00,7000.00,-38.00,0.00,7.00
306971.00,2019-06-30 17:47:30.971,0.00,294.23,0.00,1.51,0.00,1.00,1.00,127.35,2.75,11.93,65.84,67.20,-24.07,39.35,-0.18,0.09,17.00,7000.00,-38.00,0.00,7.00
307071.00,2019-06-30 17:47:31.071,0.00,294.23,0.00,1.51,0.00,1.00,1.00,127.35,2.75,12.07,65.88,67.30,-23.80,39.35,-0.24,0.08,17.00,7000.00,-38.00,0.00,7.00
307171.00,2019-06-30 17:47:31.171,0.00,294.23,0.00,1.51,0.00,1.00,1.00,127.35,2.75,11.93,65.88,67.30,-23.80,39.35,-0.22,0.08,17.00,7000.00,-38.00,0.00,7.00
307271.00,2019-06-30 17:47:31.271,0.00,294.23,0.00,1.51,0.00,1.00,1.00,127.35,2.75,12.06,65.88,67.23,-23.80,39.42,-0.21,0.08,17.00,7000.00,-38.00,0.00,7.00
307371.00,2019-06-30 17:47:31.371,0.00,294.23,0.00,1.51,0.00,1.00,1.00,127.35,2.75,12.07,65.91,67.23,-23.77,39.42,-0.22,0.08,17.00,7000.00,-38.00,0.00,7.00
307471.00,2019-06-30 17:47:31.471,0.00,294.23,0.00,1.51,0.00,1.00,1.00,127.35,2.75,11.94,65.91,67.23,-23.77,39.42,-0.19,0.08,17.00,7000.00,-38.00,0.00,7.00
307571.00,2019-06-30 17:47:31.571,0.00,294.23,0.00,1.51,0.00,1.00,1.00,127.35,2.75,12.06,65.96,67.20,-23.88,39.42,-0.22,0.09,17.00,7000.00,-38.00,0.00,7.00
307671.00,2019-06-30 17:47:31.671,0.00,294.23,0.00,1.51,0.00,1.00,1.00,127.35,2.75,12.08,65.96,67.20,-23.88,39.38,-0.22,0.08,17.00,7000.00,-38.00,0.00,7.00
307771.00,2019-06-30 17:47:31.771,0.00,294.23,0.00,1.51,0.00,1.00,1.00,127.35,2.75,11.92,65.96,67.23,-23.88,39.38,-0.21,0.08,17.00,7000.00,-38.00,0.00,7.00
307871.00,2019-06-30 17:47:31.871,0.00,294.23,0.00,1.51,0.00,1.00,1.00,127.35,2.75,12.08,65.94,67.23,-23.71,39.38,-0.22,0.08,17.00,7000.00,-38.00,0.00,7.00
307971.00,2019-06-30 17:47:31.971,0.00,294.23,0.00,1.51,0.00,1.00,1.00,127.35,2.75,12.07,65.94,67.23,-23.71,39.38,-0.20,0.08,17.00,7000.00,-38.00,0.00,7.00
308071.00,2019-06-30 17:47:32.071,0.00,294.23,0.00,1.51,0.00,1.00,1.00,127.35,2.75,11.94,65.95,67.20,-23.66,39.39,-0.22,0.08,17.00,7000.00,-38.00,0.00,7.00
308171.00,2019-06-30 17:47:32.171,0.00,294.23,0.00,1.51,0.00,1.00,1.00,127.35,2.75,12.06,65.95,67.20,-23.66,39.39,-0.19,0.08,17.00,7000.00,-38.00,0.00,7.00
308271.00,2019-06-30 17:47:32.271,0.00,294.23,0.00,1.51,0.00,1.00,1.00,127.35,2.75,12.07,65.95,67.16,-23.66,39.39,-0.24,0.08,17.00,7000.00,-38.00,0.00,7.00
308371.00,2019-06-30 17:47:32.371,0.00,294.23,0.00,1.51,0.00,1.00,1.00,127.35,2.75,11.94,65.91,67.16,-23.69,39.39,-0.22,0.09,17.00,7000.00,-38.00,0.00,7.00
308471.00,2019-06-30 17:47:32.471,0.00,294.23,0.00,1.51,0.00,1.00,1.00,127.35,2.75,12.06,65.91,67.16,-23.69,39.35,-0.21,0.09,17.00,7000.00,-38.00,0.00,7.00
308571.00,2019-06-30 17:47:32.571,0.00,294.23,0.00,1.51,0.00,1.00,1.00,127.35,2.75,12.08,65.91,67.20,-23.69,39.35,-0.22,0.08,17.00,7000.00,-38.00,0.00,7.00
308671.00,2019-06-30 17:47:32.671,0.00,294.23,0.00,1.51,0.00,1.00,1.00,127.35,2.75,12.08,65.86,67.20,-23.59,39.35,-0.21,0.08,17.00,7000.00,-38.00,0.00,7.00
308771.00,2019-06-30 17:47:32.771,0.00,294.23,0.00,1.51,0.00,1.00,1.00,127.35,2.75,12.08,65.86,67.13,-23.59,39.35,-0.25,0.09,17.00,7000.00,-38.00,0.00,7.00
308871.00,2019-06-30 17:47:32.871,0.00,294.23,0.00,1.51,0.00,1.00,1.00,127.35,2.75,12.09,65.91,67.13,-23.48,39.39,-0.23,0.08,17.00,7000.00,-38.00,0.00,7.00
308971.00,2019-06-30 17:47:32.971,0.00,294.23,0.00,1.51,0.00,1.00,1.00,127.35,2.75,12.05,65.91,67.13,-23.48,39.39,-0.22,0.08,17.00,7000.00,-38.00,0.00,7.00
309071.00,2019-06-30 17:47:33.071,0.00,294.23,0.00,1.51,0.00,1.00,1.00,127.35,2.75,11.95,65.91,67.11,-23.48,39.39,-0.22,0.08,17.00,7000.00,-38.00,0.00,7.00
309171.00,2019-06-30 17:47:33.171,0.00,294.23,0.00,1.51,0.00,1.00,1.00,127.35,2.75,12.06,65.96,67.11,-23.49,39.39,-0.19,0.08,17.00,7000.00,-38.00,0.00,7.00
309271.00,2019-06-30 17:47:33.271,0.00,294.23,0.00,1.51,0.00,1.00,1.00,127.35,2.75,12.07,65.96,67.09,-23.49,39.41,-0.22,0.08,17.00,7000.00,-38.00,0.00,7.00
309371.00,2019-06-30 17:47:33.371,0.00,294.23,0.00,1.51,0.00,1.00,1.00,127.35,2.75,11.95,65.92,67.09,-23.40,39.41,-0.19,0.08,17.00,7000.00,-38.00,0.00,7.00
309471.00,2019-06-30 17:47:33.471,0.00,294.23,0.00,1.51,0.00,1.00,1.00,127.35,2.75,12.05,65.92,67.09,-23.40,39.41,-0.23,0.08,17.00,7000.00,-38.00,0.00,7.00
309571.00,2019-06-30 17:47:33.571,0.00,294.23,0.00,1.51,0.00,1.00,1.00,127.35,2.75,12.08,65.92,67.16,-23.40,39.41,-0.21,0.08,17.00,7000.00,-38.00,0.00,7.00
309671.00,2019-06-30 17:47:33.671,0.00,294.23,0.00,1.51,0.00,1.00,1.00,127.35,2.75,11.93,65.96,67.16,-23.33,39.32,-0.21,0.09,17.00,7000.00,-38.00,0.00,7.00
309771.00,2019-06-30 17:47:33.771,0.00,294.23,0.00,1.51,0.00,1.00,1.00,127.35,2.75,12.07,65.96,67.16,-23.33,39.32,-0.22,0.08,17.00,7000.00,-38.00,0.00,7.00
309871.00,2019-06-30 17:47:33.871,0.00,294.23,0.00,1.51,0.00,1.00,1.00,127.35,2.75,12.07,65.96,67.16,-23.33,39.32,-0.20,0.09,17.00,7000.00,-38.00,0.00,7.00
309971.00,2019-06-30 17:47:33.971,0.00,294.23,0.00,1.51,0.00,1.00,1.00,127.35,2.75,11.92,65.89,67.16,-23.30,39.32,-0.21,0.08,17.00,7000.00,-38.00,0.00,7.00
310071.00,2019-06-30 17:47:34.071,0.00,294.23,0.00,1.51,0.00,1.00,1.00,127.35,2.75,12.07,65.89,67.20,-23.30,39.42,-0.22,0.08,17.00,7000.00,-38.00,0.00,7.00
310171.00,2019-06-30 17:47:34.171,0.00,294.23,0.00,1.51,0.00,1.00,1.00,127.35,2.75,12.06,65.97,67.20,-23.31,39.42,-0.22,0.08,17.00,7000.00,-38.00,0.00,7.00
310271.00,2019-06-30 17:47:34.271,0.00,294.23,0.00,1.51,0.00,1.00,1.00,127.35,2.75,11.95,65.97,67.13,-23.31,39.42,-0.22,0.09,17.00,7000.00,-38.00,0.00,7.00
310371.00,2019-06-30 17:47:34.371,0.00,294.23,0.00,1.51,0.00,1.00,1.00,127.35,2.75,12.05,65.97,67.13,-23.31,39.42,-0.21,0.08,17.00,7000.00,-38.00,0.00,7.00
310471.00,2019-06-30 17:47:34.471,0.00,294.23,0.00,1.51,0.00,1.00,1.00,127.35,2.75,12.08,65.99,67.13,-23.23,39.52,-0.23,0.08,17.00,7000.00,-38.00,0.00,7.00
310571.00,2019-06-30 17:47:34.571,0.00,294.23,0.00,1.51,0.00,1.00,1.00,127.35,2.75,12.08,65.99,67.09,-23.23,39.52,-0.19,0.08,17.00,7000.00,-38.00,0.00,7.00
310671.00,2019-06-30 17:47:34.671,0.00,294.23,0.00,1.51,0.00,1.00,1.00,127.35,2.75,12.05,65.96,67.09,-23.14,39.52,-0.24,0.08,17.00,7000.00,-38.00,0.00,7.00
310771.00,2019-06-30 17:47:34.771,0.00,294.23,0.00,1.51,0.00,1.00,1.00,127.35,2.75,11.95,65.96,67.11,-23.14,39.52,-0.23,0.08,17.00,7000.00,-38.00,0.00,7.00
310871.00,2019-06-30 17:47:34.871,0.00,294.23,0.00,1.51,0.00,1.00,1.00,127.35,2.75,12.06,65.96,67.11,-23.14,39.48,-0.20,0.08,17.00,7000.00,-38.00,0.00,7.00
310971.00,2019-06-30 17:47:34.971,0.00,294.23,0.00,1.51,0.00,1.00,1.00,127.35,2.75,12.07,65.91,67.11,-23.07,39.48,-0.22,0.08,17.00,7000.00,-38.00,0.00,7.00
311071.00,2019-06-30 17:47:35.071,0.00,294.23,0.00,1.51,0.00,1.00,1.00,127.35,2.75,11.94,65.91,67.13,-23.07,39.48,-0.20,0.09,17.00,7000.00,-38.00,0.00,7.00
311171.00,2019-06-30 17:47:35.171,0.00,294.23,0.00,1.51,0.00,1.00,1.00,127.35,2.75,12.06,65.99,67.13,-23.07,39.48,-0.24,0.08,17.00,7000.00,-38.00,0.00,7.00
311271.00,2019-06-30 17:47:35.271,0.00,294.23,0.00,1.51,0.00,1.00,1.00,127.35,2.75,12.07,65.99,67.09,-23.02,39.48,-0.21,0.08,17.00,7000.00,-38.00,0.00,7.00
311371.00,2019-06-30 17:47:35.371,0.00,294.23,0.00,1.51,0.00,1.00,1.00,127.35,2.75,12.08,65.99,67.09,-23.02,39.48,-0.21,0.08,17.00,7000.00,-38.00,0.00,7.00
311471.00,2019-06-30 17:47:35.471,0.00,294.23,0.00,1.51,0.00,1.00,1.00,127.35,2.75,12.08,65.96,67.09,-22.92,39.48,-0.22,0.08,17.00,7000.00,-38.00,0.00,7.00
311571.00,2019-06-30 17:47:35.571,0.00,294.23,0.00,1.51,0.00,1.00,1.00,127.35,2.75,11.93,65.96,67.11,-22.92,39.48,-0.23,0.08,17.00,7000.00,-38.00,0.00,7.00
311671.00,2019-06-30 17:47:35.671,0.00,294.23,0.00,1.51,0.00,1.00,1.00,127.35,2.75,12.08,65.96,67.11,-22.92,39.34,-0.23,0.08,17.00,7000.00,-38.00,0.00,7.00
311771.00,2019-06-30 17:47:35.771,0.00,294.23,0.00,1.51,0.00,1.00,1.00,127.35,2.75,12.06,65.97,67.05,-22.88,39.34,-0.19,0.08,17.00,7000.00,-38.00,0.00,7.00
311871.00,2019-06-30 17:47:35.871,0.00,294.23,0.00,1.51,0.00,1.00,1.00,127.35,2.75,11.94,65.97,67.05,-22.88,39.34,-0.23,0.08,17.00,7000.00,-38.00,0.00,7.00
311971.00,2019-06-30 17:47:35.971,0.00,294.23,0.00,1.51,0.00,1.00,1.00,127.35,2.75,12.08,65.94,67.05,-22.90,39.34,-0.23,0.09,17.00,7000.00,-38.00,0.00,7.00
312071.00,2019-06-30 17:47:36.071,0.00,294.23,0.00,1.51,0.00,1.00,1.00,127.35,2.75,11.93,65.94,66.96,-22.90,39.39,-0.21,0.09,17.00,7000.00,-38.00,0.00,7.00
312171.00,2019-06-30 17:47:36.171,0.00,294.23,0.00,1.51,0.00,1.00,1.00,127.35,2.75,12.07,65.94,66.96,-22.90,39.39,-0.21,0.08,17.00,7000.00,-38.00,0.00,7.00
312271.00,2019-06-30 17:47:36.271,0.00,294.23,0.00,1.51,0.00,1.00,1.00,127.35,2.75,12.07,66.03,67.03,-22.86,39.39,-0.20,0.08,17.00,7000.00,-38.00,0.00,7.00
312371.00,2019-06-30 17:47:36.371,0.00,294.23,0.00,1.51,0.00,1.00,1.00,127.35,2.75,11.92,66.03,67.03,-22.86,39.39,-0.23,0.08,17.00,7000.00,-38.00,0.00,7.00
312471.00,2019-06-30 17:47:36.471,0.00,294.23,0.00,1.51,0.00,1.00,1.00,127.35,2.75,12.08,66.01,67.03,-22.86,39.44,-0.22,0.08,17.00,7000.00,-38.00,0.00,7.00
312571.00,2019-06-30 17:47:36.571,0.00,294.23,0.00,1.51,0.00,1.00,1.00,127.35,2.75,12.05,66.01,67.05,-22.82,39.44,-0.22,0.08,17.00,7000.00,-38.00,0.00,7.00
312671.00,2019-06-30 17:47:36.671,0.00,294.23,0.00,1.51,0.00,1.00,1.00,127.35,2.75,11.95,66.01,67.05,-22.82,39.44,-0.24,0.08,17.00,7000.00,-38.00,0.00,7.00
312771.00,2019-06-30 17:47:36.771,0.00,294.23,0.00,1.51,0.00,1.00,1.00,127.35,2.75,12.07,66.05,67.05,-22.73,39.44,-0.21,0.08,17.00,7000.00,-38.00,0.00,7.00
312871.00,2019-06-30 17:47:36.871,0.00,294.23,0.00,1.51,0.00,1.00,1.00,127.35,2.75,12.07,66.05,67.05,-22.73,39.45,-0.22,0.08,17.00,7000.00,-38.00,0.00,7.00
312971.00,2019-06-30 17:47:36.971,0.00,294.23,0.00,1.51,0.00,1.00,1.00,127.35,2.75,11.95,66.05,67.05,-22.73,39.45,-0.19,0.08,17.00,7000.00,-38.00,0.00,7.00
313071.00,2019-06-30 17:47:37.071,0.00,294.23,0.00,1.51,0.00,1.00,1.00,127.35,2.75,12.05,66.07,66.99,-22.73,39.45,-0.24,0.09,17.00,7000.00,-38.00,0.00,7.00
313171.00,2019-06-30 17:47:37.171,0.00,294.23,0.00,1.51,0.00,1.00,1.00,127.35,2.75,12.08,66.07,66.99,-22.73,39.45,-0.21,0.08,17.00,7000.00,-38.00,0.00,7.00
313271.00,2019-06-30 17:47:37.271,0.00,294.23,0.00,1.51,0.00,1.00,1.00,127.35,2.75,11.93,66.05,67.01,-22.60,39.50,-0.21,0.08,17.00,7000.00,-38.00,0.00,7.00
313371.00,2019-06-30 17:47:37.371,0.00,294.23,0.00,1.51,0.00,1.00,1.00,127.35,2.75,12.07,66.05,67.01,-22.60,39.50,-0.21,0.08,17.00,7000.00,-38.00,0.00,7.00
313471.00,2019-06-30 17:47:37.471,0.00,294.23,0.00,1.51,0.00,1.00,1.00,127.35,2.75,11.94,66.05,67.01,-22.60,39.50,-0.21,0.08,17.00,7000.00,-38.00,0.00,7.00
313571.00,2019-06-30 17:47:37.571,0.00,294.23,0.00,1.51,0.00,1.00,1.00,127.35,2.75,12.05,66.05,66.90,-22.56,39.50,-0.24,0.08,17.00,7000.00,-38.00,0.00,7.00
313671.00,2019-06-30 17:47:37.671,0.00,294.23,0.00,1.51,0.00,1.00,1.00,127.35,2.75,12.06,66.05,66.90,-22.56,39.38,-0.22,0.08,17.00,7000.00,-38.00,0.00,7.00
313771.00,2019-06-30 17:47:37.771,0.00,294.23,0.00,1.51,0.00,1.00,1.00,127.35,2.75,11.93,66.01,66.95,-22.56,39.38,-0.22,0.08,17.00,7000.00,-38.00,0.00,7.00
313871.00,2019-06-30 17:47:37.871,0.00,294.23,0.00,1.51,0.00,1.00,1.00,127.35,2.75,12.06,66.01,66.95,-22.50,39.38,-0.22,0.08,17.00,7000.00,-38.00,0.00,7.00
313971.00,2019-06-30 17:47:37.971,0.00,294.23,0.00,1.51,0.00,1.00,1.00,127.35,2.75,12.05,66.01,66.95,-22.50,39.38,-0.20,0.08,17.00,7000.00,-38.00,0.00,7.00
314071.00,2019-06-30 17:47:38.071,0.00,294.23,0.00,1.51,0.00,1.00,1.00,127.35,2.75,12.05,66.08,66.99,-22.54,39.41,-0.22,0.08,17.00,7000.00,-38.00,0.00,7.00
314171.00,2019-06-30 17:47:38.171,0.00,294.23,0.00,1.51,0.00,1.00,1.00,127.35,2.75,12.06,66.08,66.99,-22.54,39.41,-0.19,0.08,17.00,7000.00,-38.00,0.00,7.00
314271.00,2019-06-30 17:47:38.271,0.00,294.23,0.00,1.51,0.00,1.00,1.00,127.35,2.75,12.07,66.10,66.89,-22.54,39.41,-0.25,0.08,17.00,7000.00,-38.00,0.00,7.00
314371.00,2019-06-30 17:47:38.371,0.00,294.23,0.00,1.51,0.00,1.00,1.00,127.35,2.75,11.94,66.10,66.89,-22.45,39.41,-0.22,0.08,17.00,7000.00,-38.00,0.00,7.00
314471.00,2019-06-30 17:47:38.471,0.00,294.23,0.00,1.51,0.00,1.00,1.00,127.35,2.75,12.05,66.10,66.89,-22.45,39.45,-0.21,0.09,17.00,7000.00,-38.00,0.00,7.00
314571.00,2019-06-30 17:47:38.571,0.00,294.23,0.00,1.51,0.00,1.00,1.00,127.35,2.75,11.94,66.03,66.94,-22.34,39.45,-0.22,0.08,17.00,7000.00,-38.00,0.00,7.00
314671.00,2019-06-30 17:47:38.671,0.00,294.23,0.00,1.51,0.00,1.00,1.00,127.35,2.75,12.08,66.03,66.94,-22.34,39.45,-0.21,0.08,17.00,7000.00,-38.00,0.00,7.00
314771.00,2019-06-30 17:47:38.771,0.00,294.23,0.00,1.51,0.00,1.00,1.00,127.35,2.75,12.05,66.03,66.90,-22.34,39.45,-0.24,0.08,17.00,7000.00,-38.00,0.00,7.00
314871.00,2019-06-30 17:47:38.871,0.00,294.23,0.00,1.51,0.00,1.00,1.00,127.35,2.75,11.95,65.99,66.90,-22.28,39.50,-0.22,0.08,17.00,7000.00,-38.00,0.00,7.00
314971.00,2019-06-30 17:47:38.971,0.00,294.23,0.00,1.51,0.00,1.00,1.00,127.35,2.75,12.05,65.99,66.90,-22.28,39.50,-0.22,0.08,17.00,7000.00,-38.00,0.00,7.00
315071.00,2019-06-30 17:47:39.071,0.00,294.23,0.00,1.51,0.00,1.00,1.00,127.35,2.75,12.08,66.14,66.90,-22.28,39.50,-0.21,0.08,17.00,7000.00,-38.00,0.00,7.00
315171.00,2019-06-30 17:47:39.171,0.00,294.23,0.00,1.51,0.00,1.00,1.00,127.35,2.75,11.93,66.14,66.90,-22.24,39.50,-0.20,0.08,17.00,7000.00,-38.00,0.00,7.00
315271.00,2019-06-30 17:47:39.271,0.00,294.23,0.00,1.51,0.00,1.00,1.00,127.35,2.75,12.06,66.14,66.87,-22.24,39.46,-0.22,0.09,17.00,7000.00,-38.00,0.00,7.00
315371.00,2019-06-30 17:47:39.371,0.00,294.23,0.00,1.51,0.00,1.00,1.00,127.35,2.75,12.08,65.99,66.87,-22.16,39.46,-0.18,0.08,17.00,7000.00,-38.00,0.00,7.00
315471.00,2019-06-30 17:47:39.471,0.00,294.23,0.00,1.51,0.00,1.00,1.00,127.35,2.75,11.92,65.99,66.87,-22.16,39.46,-0.25,0.08,17.00,7000.00,-38.00,0.00,7.00
315571.00,2019-06-30 17:47:39.571,0.00,294.23,0.00,1.51,0.00,1.00,1.00,127.35,2.75,12.08,66.09,66.91,-22.16,39.46,-0.22,0.09,17.00,7000.00,-38.00,0.00,7.00
315671.00,2019-06-30 17:47:39.671,0.00,294.23,0.00,1.51,0.00,1.00,1.00,127.35,2.75,12.05,66.09,66.91,-22.16,39.55,-0.21,0.08,17.00,7000.00,-38.00,0.00,7.00
315771.00,2019-06-30 17:47:39.771,0.00,294.23,0.00,1.51,0.00,1.00,1.00,127.35,2.75,11.95,66.09,66.78,-22.16,39.55,-0.22,0.08,17.00,7000.00,-38.00,0.00,7.00
315871.00,2019-06-30 17:47:39.871,0.00,294.23,0.00,1.51,0.00,1.00,1.00,127.35,2.75,12.08,66.14,66.78,-22.06,39.55,-0.21,0.09,17.00,7000.00,-38.00,0.00,7.00
315971.00,2019-06-30 17:47:39.971,0.00,294.23,0.00,1.51,0.00,1.00,1.00,127.35,2.75,11.93,66.14,66.78,-22.06,39.55,-0.23,0.08,17.00,7000.00,-38.00,0.00,7.00
316071.00,2019-06-30 17:47:40.071,0.00,294.23,0.00,1.51,0.00,1.00,1.00,127.35,2.75,12.08,66.14,66.94,-22.06,39.48,-0.23,0.08,17.00,7000.00,-38.00,0.00,7.00
316171.00,2019-06-30 17:47:40.171,0.00,294.23,0.00,1.51,0.00,1.00,1.00,127.35,2.75,12.05,66.12,66.94,-22.00,39.48,-0.23,0.08,17.00,7000.00,-38.00,0.00,7.00
316271.00,2019-06-30 17:47:40.271,0.00,294.23,0.00,1.51,0.00,1.00,1.00,127.35,2.75,12.05,66.12,66.88,-22.00,39.48,-0.22,0.08,17.00,7000.00,-38.00,0.00,7.00
316371.00,2019-06-30 17:47:40.371,0.00,294.23,0.00,1.51,0.00,1.00,1.00,127.35,2.75,12.05,66.14,66.88,-22.00,39.48,-0.21,0.08,17.00,7000.00,-38.00,0.00,7.00
316471.00,2019-06-30 17:47:40.471,0.00,294.23,0.00,1.51,0.00,1.00,1.00,127.35,2.75,11.93,66.14,66.88,-21.96,39.52,-0.22,0.08,17.00,7000.00,-38.00,0.00,7.00
316571.00,2019-06-30 17:47:40.571,0.00,294.23,0.00,1.51,0.00,1.00,1.00,127.35,2.75,12.08,66.14,66.78,-21.96,39.52,-0.21,0.08,17.00,7000.00,-38.00,0.00,7.00
316671.00,2019-06-30 17:47:40.671,0.00,294.23,0.00,1.51,0.00,1.00,1.00,127.35,2.75,12.05,66.14,66.78,-21.91,39.52,-0.24,0.08,17.00,7000.00,-38.00,0.00,7.00
316771.00,2019-06-30 17:47:40.771,0.00,294.23,0.00,1.51,0.00,1.00,1.00,127.35,2.75,11.95,66.14,66.85,-21.91,39.52,-0.21,0.08,17.00,7000.00,-38.00,0.00,7.00
316871.00,2019-06-30 17:47:40.871,0.00,294.23,0.00,1.51,0.00,1.00,1.00,127.35,2.75,12.06,66.10,66.85,-21.91,39.50,-0.21,0.08,17.00,7000.00,-38.00,0.00,7.00
316971.00,2019-06-30 17:47:40.971,0.00,294.23,0.00,1.51,0.00,1.00,1.00,127.35,2.75,12.08,66.10,66.85,-21.84,39.50,-0.23,0.09,17.00,7000.00,-38.00,0.00,7.00
317071.00,2019-06-30 17:47:41.071,0.00,294.23,0.00,1.51,0.00,1.00,1.00,127.35,2.75,11.91,66.10,66.80,-21.84,39.50,-0.20,0.08,17.00,7000.00,-38.00,0.00,7.00
317171.00,2019-06-30 17:47:41.171,0.00,294.23,0.00,1.51,0.00,1.00,1.00,127.35,2.75,12.08,66.14,66.80,-21.82,39.50,-0.23,0.08,17.00,7000.00,-38.00,0.00,7.00
317271.00,2019-06-30 17:47:41.271,0.00,294.23,0.00,1.51,0.00,1.00,1.00,127.35,2.75,12.07,66.14,66.80,-21.82,39.46,-0.22,0.08,17.00,7000.00,-38.00,0.00,7.00
317371.00,2019-06-30 17:47:41.371,0.00,294.23,0.00,1.51,0.00,1.00,1.00,127.35,2.75,12.08,66.10,66.80,-21.82,39.46,-0.21,0.08,17.00,7000.00,-38.00,0.00,7.00
317471.00,2019-06-30 17:47:41.471,0.00,294.23,0.00,1.51,0.00,1.00,1.00,127.35,2.75,12.08,66.10,66.80,-21.77,39.46,-0.22,0.08,17.00,7000.00,-38.00,0.00,7.00
317571.00,2019-06-30 17:47:41.571,0.00,294.23,0.00,1.51,0.00,1.00,1.00,127.35,2.75,12.05,66.10,66.83,-21.77,39.46,-0.21,0.08,17.00,7000.00,-38.00,0.00,7.00
317671.00,2019-06-30 17:47:41.671,0.00,294.23,0.00,1.51,0.00,1.00,1.00,127.35,2.75,12.05,66.21,66.83,-21.77,39.53,-0.22,0.09,17.00,7000.00,-38.00,0.00,7.00
317771.00,2019-06-30 17:47:41.771,0.00,294.23,0.00,1.51,0.00,1.00,1.00,127.35,2.75,12.06,66.21,66.73,-21.73,39.53,-0.20,0.08,17.00,7000.00,-38.00,0.00,7.00
317871.00,2019-06-30 17:47:41.871,0.00,294.23,0.00,1.51,0.00,1.00,1.00,127.35,2.75,12.07,66.21,66.73,-21.73,39.53,-0.25,0.08,17.00,7000.00,-38.00,0.00,7.00
317971.00,2019-06-30 17:47:41.971,0.00,294.23,0.00,1.51,0.00,1.00,1.00,127.35,2.75,11.94,66.14,66.73,-21.70,39.53,-0.21,0.08,17.00,7000.00,-38.00,0.00,7.00
318071.00,2019-06-30 17:47:42.071,0.00,294.23,0.00,1.51,0.00,1.00,1.00,127.35,2.75,12.05,66.14,66.77,-21.70,39.53,-0.22,0.09,17.00,7000.00,-38.00,0.00,7.00
318171.00,2019-06-30 17:47:42.171,0.00,294.23,0.00,1.51,0.00,1.00,1.00,127.35,2.75,12.08,66.17,66.77,-21.70,39.53,-0.22,0.08,17.00,7000.00,-38.00,0.00,7.00
318271.00,2019-06-30 17:47:42.271,0.00,294.23,0.00,1.51,0.00,1.00,1.00,127.35,2.75,11.92,66.17,66.76,-21.59,39.53,-0.20,0.08,17.00,7000.00,-38.00,0.00,7.00
318371.00,2019-06-30 17:47:42.371,0.00,294.23,0.00,1.51,0.00,1.00,1.00,127.35,2.75,12.08,66.17,66.76,-21.59,39.53,-0.23,0.08,17.00,7000.00,-38.00,0.00,7.00
318471.00,2019-06-30 17:47:42.471,0.00,294.23,0.00,1.51,0.00,1.00,1.00,127.35,2.75,12.07,66.22,66.76,-21.60,39.46,-0.22,0.08,17.00,7000.00,-38.00,0.00,7.00
318571.00,2019-06-30 17:47:42.571,0.00,294.23,0.00,1.51,0.00,1.00,1.00,127.35,2.75,11.93,66.22,66.71,-21.60,39.46,-0.21,0.08,17.00,7000.00,-38.00,0.00,7.00
318671.00,2019-06-30 17:47:42.671,0.00,294.23,0.00,1.51,0.00,1.00,1.00,127.35,2.75,12.08,66.16,66.71,-21.60,39.46,-0.21,0.08,17.00,7000.00,-38.00,0.00,7.00
318771.00,2019-06-30 17:47:42.771,0.00,294.23,0.00,1.51,0.00,1.00,1.00,127.35,2.75,12.07,66.16,66.77,-21.47,39.46,-0.21,0.08,17.00,7000.00,-38.00,0.00,7.00
318871.00,2019-06-30 17:47:42.871,0.00,294.23,0.00,1.51,0.00,1.00,1.00,127.35,2.75,12.08,66.16,66.77,-21.47,39.51,-0.22,0.09,17.00,7000.00,-38.00,0.00,7.00
318971.00,2019-06-30 17:47:42.971,0.00,294.23,0.00,1.51,0.00,1.00,1.00,127.35,2.75,11.93,66.17,66.77,-21.47,39.51,-0.18,0.08,17.00,7000.00,-38.00,0.00,7.00
319071.00,2019-06-30 17:47:43.071,0.00,294.23,0.00,1.51,0.00,1.00,1.00,127.35,2.75,12.07,66.17,66.78,-21.51,39.51,-0.24,0.09,17.00,7000.00,-38.00,0.00,7.00
319171.00,2019-06-30 17:47:43.171,0.00,294.23,0.00,1.51,0.00,1.00,1.00,127.35,2.75,11.95,66.17,66.78,-21.51,39.51,-0.22,0.08,17.00,7000.00,-38.00,0.00,7.00
319271.00,2019-06-30 17:47:43.271,0.00,294.23,0.00,1.51,0.00,1.00,1.00,127.35,2.75,12.06,66.20,66.69,-21.51,39.51,-0.21,0.08,17.00,7000.00,-38.00,0.00,7.00
319371.00,2019-06-30 17:47:43.371,0.00,294.23,0.00,1.51,0.00,1.00,1.00,127.35,2.75,12.07,66.20,66.69,-21.46,39.51,-0.22,0.08,17.00,7000.00,-38.00,0.00,7.00
319471.00,2019-06-30 17:47:43.471,0.00,294.23,0.00,1.51,0.00,1.00,1.00,127.35,2.75,11.92,66.29,66.69,-21.46,39.51,-0.20,0.09,17.00,7000.00,-38.00,0.00,7.00
319571.00,2019-06-30 17:47:43.571,0.00,294.23,0.00,1.51,0.00,1.00,1.00,127.35,2.75,12.06,66.29,66.73,-21.36,39.51,-0.24,0.08,17.00,7000.00,-38.00,0.00,7.00
319671.00,2019-06-30 17:47:43.671,0.00,294.23,0.00,1.51,0.00,1.00,1.00,127.35,2.75,12.07,66.29,66.73,-21.36,39.58,-0.21,0.08,17.00,7000.00,-38.00,0.00,7.00
319771.00,2019-06-30 17:47:43.771,0.00,294.23,0.00,1.51,0.00,1.00,1.00,127.35,2.75,12.05,66.27,66.73,-21.36,39.58,-0.20,0.08,17.00,7000.00,-38.00,0.00,7.00
319871.00,2019-06-30 17:47:43.871,0.00,294.23,0.00,1.51,0.00,1.00,1.00,127.35,2.75,12.08,66.27,66.73,-21.29,39.58,-0.22,0.09,17.00,7000.00,-38.00,0.00,7.00
319971.00,2019-06-30 17:47:43.971,0.00,294.23,0.00,1.51,0.00,1.00,1.00,127.35,2.75,11.92,66.14,66.73,-21.29,39.58,-0.21,0.08,17.00,7000.00,-38.00,0.00,7.00
320071.00,2019-06-30 17:47:44.071,0.00,294.23,0.00,1.51,0.00,1.00,1.00,127.35,2.75,12.08,66.14,66.73,-21.25,39.53,-0.23,0.08,17.00,7000.00,-38.00,0.00,7.00
320171.00,2019-06-30 17:47:44.171,0.00,294.23,0.00,1.51,0.00,1.00,1.00,127.35,2.75,12.06,66.14,66.73,-21.25,39.53,-0.19,0.08,17.00,7000.00,-38.00,0.00,7.00
320271.00,2019-06-30 17:47:44.271,0.00,294.23,0.00,1.51,0.00,1.00,1.00,127.35,2.75,11.94,66.27,66.77,-21.25,39.53,-0.24,0.08,17.00,7000.00,-38.00,0.00,7.00
320371.00,2019-06-30 17:47:44.371,0.00,294.23,0.00,1.51,0.00,1.00,1.00,127.35,2.75,12.08,66.27,66.77,-21.24,39.53,-0.22,0.08,17.00,7000.00,-38.00,0.00,7.00
320471.00,2019-06-30 17:47:44.471,0.00,294.23,0.00,1.51,0.00,1.00,1.00,127.35,2.75,12.05,66.27,66.77,-21.24,39.57,-0.21,0.08,17.00,7000.00,-38.00,0.00,7.00
320571.00,2019-06-30 17:47:44.571,0.00,294.23,0.00,1.51,0.00,1.00,1.00,127.35,2.75,12.07,66.21,66.68,-21.24,39.57,-0.22,0.09,17.00,7000.00,-38.00,0.00,7.00
320671.00,2019-06-30 17:47:44.671,0.00,294.23,0.00,1.51,0.00,1.00,1.00,127.35,2.75,12.08,66.21,66.68,-21.11,39.57,-0.21,0.08,17.00,7000.00,-38.00,0.00,7.00
320771.00,2019-06-30 17:47:44.771,0.00,294.23,0.00,1.51,0.00,1.00,1.00,127.35,2.75,11.93,66.21,66.73,-21.11,39.57,-0.24,0.08,17.00,7000.00,-38.00,0.00,7.00
320871.00,2019-06-30 17:47:44.871,0.00,294.23,0.00,1.51,0.00,1.00,1.00,127.35,2.75,12.07,66.21,66.73,-21.07,39.68,-0.21,0.08,17.00,7000.00,-38.00,0.00,7.00
320971.00,2019-06-30 17:47:44.971,0.00,294.23,0.00,1.51,0.00,1.00,1.00,127.35,2.75,12.06,66.21,66.73,-21.07,39.68,-0.22,0.08,17.00,7000.00,-38.00,0.00,7.00
321071.00,2019-06-30 17:47:45.071,0.00,294.23,0.00,1.51,0.00,1.00,1.00,127.35,2.75,11.95,66.21,66.73,-21.07,39.68,-0.21,0.08,17.00,7000.00,-38.00,0.00,7.00
321171.00,2019-06-30 17:47:45.171,0.00,294.23,0.00,1.51,0.00,1.00,1.00,127.35,2.75,12.08,66.21,66.73,-21.01,39.68,-0.20,0.09,17.00,7000.00,-38.00,0.00,7.00
321271.00,2019-06-30 17:47:45.271,0.00,294.23,0.00,1.51,0.00,1.00,1.00,127.35,2.75,12.08,66.31,66.73,-21.01,39.59,-0.21,0.08,17.00,7000.00,-38.00,0.00,7.00
321371.00,2019-06-30 17:47:45.371,0.00,294.23,0.00,1.51,0.00,1.00,1.00,127.35,2.75,11.93,66.31,66.73,-20.99,39.59,-0.18,0.09,17.00,7000.00,-38.00,0.00,7.00
321471.00,2019-06-30 17:47:45.471,0.00,294.23,0.00,1.51,0.00,1.00,1.00,127.35,2.75,12.07,66.31,66.73,-20.99,39.59,-0.23,0.08,17.00,7000.00,-38.00,0.00,7.00
321571.00,2019-06-30 17:47:45.571,0.00,294.23,0.00,1.51,0.00,1.00,1.00,127.35,2.75,11.94,66.22,66.68,-20.99,39.59,-0.21,0.08,17.00,7000.00,-38.00,0.00,7.00
321671.00,2019-06-30 17:47:45.671,0.00,294.23,0.00,1.51,0.00,1.00,1.00,127.35,2.75,12.06,66.22,66.68,-20.99,39.52,-0.22,0.08,17.00,7000.00,-38.00,0.00,7.00
321771.00,2019-06-30 17:47:45.771,0.00,294.23,0.00,1.51,0.00,1.00,1.00,127.35,2.75,12.07,66.23,66.63,-20.99,39.52,-0.23,0.08,17.00,7000.00,-38.00,0.00,7.00
321871.00,2019-06-30 17:47:45.871,0.00,294.23,0.00,1.51,0.00,1.00,1.00,127.35,2.75,11.95,66.23,66.63,-20.99,39.52,-0.20,0.08,17.00,7000.00,-38.00,0.00,7.00
321971.00,2019-06-30 17:47:45.971,0.00,294.23,0.00,1.51,0.00,1.00,1.00,127.35,2.75,12.05,66.23,66.63,-20.98,39.52,-0.23,0.09,17.00,7000.00,-38.00,0.00,7.00
322071.00,2019-06-30 17:47:46.071,0.00,294.23,0.00,1.51,0.00,1.00,1.00,127.35,2.75,12.08,66.27,66.63,-20.98,39.59,-0.21,0.08,17.00,7000.00,-38.00,0.00,7.00
322171.00,2019-06-30 17:47:46.171,0.00,294.23,0.00,1.51,0.00,1.00,1.00,127.35,2.75,11.92,66.27,66.63,-20.75,39.59,-0.22,0.09,17.00,7000.00,-38.00,0.00,7.00
322271.00,2019-06-30 17:47:46.271,0.00,294.23,0.00,1.51,0.00,1.00,1.00,127.35,2.75,12.09,66.27,66.63,-20.75,39.59,-0.22,0.08,17.00,7000.00,-38.00,0.00,7.00
322371.00,2019-06-30 17:47:46.371,0.00,294.23,0.00,1.51,0.00,1.00,1.00,127.35,2.75,12.05,66.21,66.63,-20.75,39.59,-0.21,0.08,17.00,7000.00,-38.00,0.00,7.00
322471.00,2019-06-30 17:47:46.471,0.00,294.23,0.00,1.51,0.00,1.00,1.00,127.35,2.75,11.95,66.21,66.63,-20.74,39.55,-0.24,0.08,17.00,7000.00,-38.00,0.00,7.00
322571.00,2019-06-30 17:47:46.571,0.00,294.23,0.00,1.51,0.00,1.00,1.00,127.35,2.75,12.08,66.30,66.64,-20.74,39.55,-0.18,0.08,17.00,7000.00,-38.00,0.00,7.00
322671.00,2019-06-30 17:47:46.671,0.00,294.23,0.00,1.51,0.00,1.00,1.00,127.35,2.75,11.92,66.30,66.64,-20.73,39.55,-0.23,0.08,17.00,7000.00,-38.00,0.00,7.00
322771.00,2019-06-30 17:47:46.771,0.00,294.23,0.00,1.51,0.00,1.00,1.00,127.35,2.75,12.08,66.30,66.63,-20.73,39.55,-0.21,0.08,17.00,7000.00,-38.00,0.00,7.00
322871.00,2019-06-30 17:47:46.871,0.00,294.23,0.00,1.51,0.00,1.00,1.00,127.35,2.75,12.06,66.27,66.63,-20.73,39.50,-0.18,0.08,17.00,7000.00,-38.00,0.00,7.00
322971.00,2019-06-30 17:47:46.971,0.00,294.23,0.00,1.51,0.00,1.00,1.00,127.35,2.75,11.94,66.27,66.63,-20.70,39.50,-0.22,0.08,17.00,7000.00,-38.00,0.00,7.00
323071.00,2019-06-30 17:47:47.071,0.00,294.23,0.00,1.51,0.00,1.00,1.00,127.35,2.75,12.08,66.30,66.62,-20.70,39.50,-0.21,0.08,17.00,7000.00,-38.00,0.00,7.00
323171.00,2019-06-30 17:47:47.171,0.00,294.23,0.00,1.51,0.00,1.00,1.00,127.35,2.75,12.05,66.30,66.62,-20.70,39.50,-0.25,0.08,17.00,7000.00,-38.00,0.00,7.00
323271.00,2019-06-30 17:47:47.271,0.00,294.23,0.00,1.51,0.00,1.00,1.00,127.35,2.75,11.95,66.30,66.73,-20.59,39.57,-0.22,0.08,17.00,7000.00,-38.00,0.00,7.00
323371.00,2019-06-30 17:47:47.371,0.00,294.23,0.00,1.51,0.00,1.00,1.00,127.35,2.75,12.05,66.27,66.73,-20.59,39.57,-0.22,0.08,17.00,7000.00,-38.00,0.00,7.00
323471.00,2019-06-30 17:47:47.471,0.00,294.23,0.00,1.51,0.00,1.00,1.00,127.35,2.75,12.08,66.27,66.73,-20.59,39.57,-0.22,0.09,17.00,7000.00,-38.00,0.00,7.00
323571.00,2019-06-30 17:47:47.571,0.00,294.23,0.00,1.51,0.00,1.00,1.00,127.35,2.75,11.93,66.27,66.59,-20.59,39.57,-0.21,0.09,17.00,7000.00,-38.00,0.00,7.00
323671.00,2019-06-30 17:47:47.671,0.00,294.23,0.00,1.51,0.00,1.00,1.00,127.35,2.75,12.06,66.31,66.59,-20.59,39.60,-0.22,0.09,17.00,7000.00,-38.00,0.00,7.00
323771.00,2019-06-30 17:47:47.771,0.00,294.23,0.00,1.51,0.00,1.00,1.00,127.35,2.75,12.08,66.31,66.59,-20.53,39.60,-0.19,0.08,17.00,7000.00,-38.00,0.00,7.00
323871.00,2019-06-30 17:47:47.871,0.00,294.23,0.00,1.51,0.00,1.00,1.00,127.35,2.75,11.92,66.33,66.59,-20.53,39.60,-0.23,0.09,17.00,7000.00,-38.00,0.00,7.00
323971.00,2019-06-30 17:47:47.971,0.00,294.23,0.00,1.51,0.00,1.00,1.00,127.35,2.75,12.08,66.33,66.59,-20.45,39.60,-0.22,0.09,17.00,7000.00,-38.00,0.00,7.00
324071.00,2019-06-30 17:47:48.071,0.00,294.23,0.00,1.51,0.00,1.00,1.00,127.35,2.75,11.93,66.33,66.61,-20.45,39.70,-0.22,0.09,17.00,7000.00,-38.00,0.00,7.00
324171.00,2019-06-30 17:47:48.171,0.00,294.23,0.00,1.51,0.00,1.00,1.00,127.35,2.75,12.07,66.35,66.61,-20.45,39.70,-0.22,0.09,17.00,7000.00,-38.00,0.00,7.00
324271.00,2019-06-30 17:47:48.271,0.00,294.23,0.00,1.51,0.00,1.00,1.00,127.35,2.75,12.08,66.35,66.64,-20.41,39.70,-0.20,0.09,17.00,7000.00,-38.00,0.00,7.00
324371.00,2019-06-30 17:47:48.371,0.00,294.23,0.00,1.51,0.00,1.00,1.00,127.35,2.75,11.95,66.36,66.64,-20.41,39.70,-0.22,0.08,17.00,7000.00,-38.00,0.00,7.00
324471.00,2019-06-30 17:47:48.471,0.00,294.23,0.00,1.51,0.00,1.00,1.00,127.35,2.75,12.07,66.36,66.64,-20.41,39.57,-0.21,0.08,17.00,7000.00,-38.00,0.00,7.00
324571.00,2019-06-30 17:47:48.571,0.00,294.23,0.00,1.51,0.00,1.00,1.00,127.35,2.75,12.06,66.36,66.63,-20.43,39.57,-0.21,0.08,17.00,7000.00,-38.00,0.00,7.00
324671.00,2019-06-30 17:47:48.671,0.00,294.23,0.00,1.51,0.00,1.00,1.00,127.35,2.75,11.95,66.34,66.63,-20.43,39.57,-0.22,0.08,17.00,7000.00,-38.00,0.00,7.00
324771.00,2019-06-30 17:47:48.771,0.00,294.23,0.00,1.51,0.00,1.00,1.00,127.35,2.75,12.05,66.34,66.59,-20.33,39.57,-0.21,0.08,17.00,7000.00,-38.00,0.00,7.00
324871.00,2019-06-30 17:47:48.871,0.00,294.23,0.00,1.51,0.00,1.00,1.00,127.35,2.75,11.94,66.36,66.59,-20.33,39.64,-0.21,0.08,17.00,7000.00,-38.00,0.00,7.00
324971.00,2019-06-30 17:47:48.971,0.00,294.23,0.00,1.51,0.00,1.00,1.00,127.35,2.75,12.09,66.36,66.59,-20.33,39.64,-0.20,0.08,17.00,7000.00,-38.00,0.00,7.00
325071.00,2019-06-30 17:47:49.071,0.00,294.23,0.00,1.51,0.00,1.00,1.00,127.35,2.75,12.05,66.36,66.59,-20.27,39.64,-0.23,0.08,17.00,7000.00,-38.00,0.00,7.00
325171.00,2019-06-30 17:47:49.171,0.00,294.23,0.00,1.51,0.00,1.00,1.00,127.35,2.75,11.95,66.31,66.59,-20.27,39.64,-0.21,0.08,17.00,7000.00,-38.00,0.00,7.00
325271.00,2019-06-30 17:47:49.271,0.00,294.23,0.00,1.51,0.00,1.00,1.00,127.35,2.75,12.09,66.31,66.52,-20.23,39.57,-0.22,0.09,17.00,7000.00,-38.00,0.00,7.00
325371.00,2019-06-30 17:47:49.371,0.00,294.23,0.00,1.51,0.00,1.00,1.00,127.35,2.75,12.08,66.31,66.52,-20.23,39.57,-0.22,0.08,17.00,7000.00,-38.00,0.00,7.00
325471.00,2019-06-30 17:47:49.471,0.00,294.23,0.00,1.51,0.00,1.00,1.00,127.35,2.75,11.91,66.48,66.52,-20.23,39.57,-0.21,0.09,17.00,7000.00,-38.00,0.00,7.00
325571.00,2019-06-30 17:47:49.571,0.00,294.23,0.00,1.51,0.00,1.00,1.00,127.35,2.75,12.08,66.48,66.52,-20.21,39.57,-0.23,0.08,17.00,7000.00,-38.00,0.00,7.00
325671.00,2019-06-30 17:47:49.671,0.00,294.23,0.00,1.51,0.00,1.00,1.00,127.35,2.75,12.07,66.33,66.52,-20.21,39.60,-0.21,0.09,17.00,7000.00,-38.00,0.00,7.00
325771.00,2019-06-30 17:47:49.771,0.00,294.23,0.00,1.51,0.00,1.00,1.00,127.35,2.75,12.08,66.33,66.57,-20.21,39.60,-0.21,0.08,17.00,7000.00,-38.00,0.00,7.00
325871.00,2019-06-30 17:47:49.871,0.00,294.23,0.00,1.51,0.00,1.00,1.00,127.35,2.75,12.08,66.33,66.57,-20.13,39.60,-0.21,0.08,17.00,7000.00,-38.00,0.00,7.00
325971.00,2019-06-30 17:47:49.971,0.00,294.23,0.00,1.51,0.00,1.00,1.00,127.35,2.75,12.05,66.33,66.57,-20.13,39.60,-0.20,0.08,17.00,7000.00,-38.00,0.00,7.00
326071.00,2019-06-30 17:47:50.071,0.00,294.23,0.00,1.51,0.00,1.00,1.00,127.35,2.75,12.07,66.33,66.54,-20.18,39.52,-0.23,0.08,17.00,7000.00,-38.00,0.00,7.00
326171.00,2019-06-30 17:47:50.171,0.00,294.23,0.00,1.51,0.00,1.00,1.00,127.35,2.75,12.08,66.34,66.54,-20.18,39.52,-0.18,0.09,17.00,7000.00,-38.00,0.00,7.00
326271.00,2019-06-30 17:47:50.271,0.00,294.23,0.00,1.51,0.00,1.00,1.00,127.35,2.75,12.07,66.34,66.47,-20.18,39.52,-0.24,0.08,17.00,7000.00,-38.00,0.00,7.00
326371.00,2019-06-30 17:47:50.371,0.00,294.23,0.00,1.51,0.00,1.00,1.00,127.35,2.75,12.08,66.34,66.47,-20.10,39.52,-0.22,0.08,17.00,7000.00,-38.00,0.00,7.00
326471.00,2019-06-30 17:47:50.471,0.00,294.23,0.00,1.51,0.00,1.00,1.00,127.35,2.75,12.05,66.38,66.47,-20.10,39.60,-0.22,0.08,17.00,7000.00,-38.00,0.00,7.00
326571.00,2019-06-30 17:47:50.571,0.00,294.23,0.00,1.51,0.00,1.00,1.00,127.35,2.75,11.95,66.38,66.43,-19.99,39.60,-0.22,0.08,17.00,7000.00,-38.00,0.00,7.00
326671.00,2019-06-30 17:47:50.671,0.00,294.23,0.00,1.51,0.00,1.00,1.00,127.35,2.75,12.08,66.38,66.43,-19.99,39.60,-0.21,0.09,17.00,7000.00,-38.00,0.00,7.00
326771.00,2019-06-30 17:47:50.771,0.00,294.23,0.00,1.51,0.00,1.00,1.00,127.35,2.75,11.92,66.42,66.42,-19.99,39.60,-0.23,0.08,17.00,7000.00,-38.00,0.00,7.00
326871.00,2019-06-30 17:47:50.871,0.00,294.23,0.00,1.51,0.00,1.00,1.00,127.35,2.75,12.08,66.42,66.42,-19.97,39.66,-0.22,0.09,17.00,7000.00,-38.00,0.00,7.00
326971.00,2019-06-30 17:47:50.971,0.00,294.23,0.00,1.51,0.00,1.00,1.00,127.35,2.75,12.05,66.33,66.42,-19.97,39.66,-0.21,0.08,17.00,7000.00,-38.00,0.00,7.00
327071.00,2019-06-30 17:47:51.071,0.00,294.23,0.00,1.51,0.00,1.00,1.00,127.35,2.75,11.95,66.33,66.41,-19.97,39.66,-0.22,0.08,17.00,7000.00,-38.00,0.00,7.00
327171.00,2019-06-30 17:47:51.171,0.00,294.23,0.00,1.51,0.00,1.00,1.00,127.35,2.75,12.07,66.33,66.41,-19.95,39.66,-0.21,0.09,17.00,7000.00,-38.00,0.00,7.00
327271.00,2019-06-30 17:47:51.271,0.00,294.23,0.00,1.51,0.00,1.00,1.00,127.35,2.75,12.06,66.31,66.38,-19.95,39.69,-0.23,0.08,17.00,7000.00,-38.00,0.00,7.00
327371.00,2019-06-30 17:47:51.371,0.00,294.23,0.00,1.51,0.00,1.00,1.00,127.35,2.75,11.93,66.31,66.38,-19.89,39.69,-0.18,0.09,17.00,7000.00,-38.00,0.00,7.00
327471.00,2019-06-30 17:47:51.471,0.00,294.23,0.00,1.51,0.00,1.00,1.00,127.35,2.75,12.07,66.38,66.38,-19.89,39.69,-0.26,0.08,17.00,7000.00,-38.00,0.00,7.00
327571.00,2019-06-30 17:47:51.571,0.00,294.23,0.00,1.51,0.00,1.00,1.00,127.35,2.75,12.08,66.38,66.52,-19.89,39.69,-0.22,0.09,17.00,7000.00,-38.00,0.00,7.00
327671.00,2019-06-30 17:47:51.671,0.00,294.23,0.00,1.51,0.00,1.00,1.00,127.35,2.75,11.92,66.38,66.52,-19.77,39.66,-0.21,0.08,17.00,7000.00,-38.00,0.00,7.00
327771.00,2019-06-30 17:47:51.771,0.00,294.23,0.00,1.51,0.00,1.00,1.00,127.35,2.75,12.05,66.34,66.38,-19.77,39.66,-0.22,0.08,17.00,7000.00,-38.00,0.00,7.00
327871.00,2019-06-30 17:47:51.871,0.00,294.23,0.00,1.51,0.00,1.00,1.00,127.35,2.75,11.95,66.34,66.38,-19.75,39.66,-0.19,0.08,17.00,7000.00,-38.00,0.00,7.00
327971.00,2019-06-30 17:47:51.971,0.00,294.23,0.00,1.51,0.00,1.00,1.00,127.35,2.75,12.05,66.43,66.38,-19.75,39.66,-0.24,0.09,17.00,7000.00,-38.00,0.00,7.00
328071.00,2019-06-30 17:47:52.071,0.00,294.23,0.00,1.51,0.00,1.00,1.00,127.35,2.75,12.07,66.43,66.49,-19.75,39.62,-0.21,0.08,17.00,7000.00,-38.00,0.00,7.00
328171.00,2019-06-30 17:47:52.171,0.00,294.23,0.00,1.51,0.00,1.00,1.00,127.35,2.75,11.93,66.43,66.49,-19.66,39.62,-0.22,0.08,17.00,7000.00,-38.00,0.00,7.00
328271.00,2019-06-30 17:47:52.271,0.00,294.23,0.00,1.51,0.00,1.00,1.00,127.35,2.75,12.08,66.48,66.45,-19.66,39.62,-0.21,0.08,17.00,7000.00,-38.00,0.00,7.00
328371.00,2019-06-30 17:47:52.371,0.00,294.23,0.00,1.51,0.00,1.00,1.00,127.35,2.75,11.95,66.48,66.45,-19.66,39.62,-0.20,0.08,17.00,7000.00,-38.00,0.00,7.00
328471.00,2019-06-30 17:47:52.471,0.00,294.23,0.00,1.51,0.00,1.00,1.00,127.35,2.75,12.06,66.48,66.45,-19.65,39.71,-0.22,0.09,17.00,7000.00,-38.00,0.00,7.00
328571.00,2019-06-30 17:47:52.571,0.00,294.23,0.00,1.51,0.00,1.00,1.00,127.35,2.75,12.08,66.45,66.35,-19.65,39.71,-0.19,0.09,17.00,7000.00,-38.00,0.00,7.00
328671.00,2019-06-30 17:47:52.671,0.00,294.23,0.00,1.51,0.00,1.00,1.00,127.35,2.75,11.92,66.45,66.35,-19.63,39.71,-0.24,0.08,17.00,7000.00,-38.00,0.00,7.00
328771.00,2019-06-30 17:47:52.771,0.00,294.23,0.00,1.51,0.00,1.00,1.00,127.35,2.75,12.06,66.45,66.43,-19.63,39.71,-0.22,0.08,17.00,7000.00,-38.00,0.00,7.00
328871.00,2019-06-30 17:47:52.871,0.00,294.23,0.00,1.51,0.00,1.00,1.00,127.35,2.75,12.05,66.45,66.43,-19.63,39.64,-0.22,0.08,17.00,7000.00,-38.00,0.00,7.00
328971.00,2019-06-30 17:47:52.971,0.00,294.23,0.00,1.51,0.00,1.00,1.00,127.35,2.75,11.95,66.45,66.43,-19.59,39.64,-0.21,0.08,17.00,7000.00,-38.00,0.00,7.00
329071.00,2019-06-30 17:47:53.071,0.00,294.23,0.00,1.51,0.00,1.00,1.00,127.35,2.75,12.08,66.49,66.38,-19.59,39.64,-0.20,0.08,17.00,7000.00,-38.00,0.00,7.00
329171.00,2019-06-30 17:47:53.171,0.00,294.23,0.00,1.51,0.00,1.00,1.00,127.35,2.75,12.07,66.49,66.38,-19.52,39.64,-0.24,0.09,17.00,7000.00,-38.00,0.00,7.00
329271.00,2019-06-30 17:47:53.271,0.00,294.23,0.00,1.51,0.00,1.00,1.00,127.35,2.75,11.94,66.49,66.38,-19.52,39.62,-0.21,0.08,17.00,7000.00,-38.00,0.00,7.00
329371.00,2019-06-30 17:47:53.371,0.00,294.23,0.00,1.51,0.00,1.00,1.00,127.35,2.75,12.06,66.49,66.38,-19.52,39.62,-0.20,0.09,17.00,7000.00,-38.00,0.00,7.00
329471.00,2019-06-30 17:47:53.471,0.00,294.23,0.00,1.51,0.00,1.00,1.00,127.35,2.75,12.08,66.49,66.38,-19.43,39.62,-0.22,0.08,17.00,7000.00,-38.00,0.00,7.00
329571.00,2019-06-30 17:47:53.571,0.00,294.23,0.00,1.51,0.00,1.00,1.00,127.35,2.75,11.92,66.47,66.38,-19.43,39.62,-0.22,0.08,17.00,7000.00,-38.00,0.00,7.00
329671.00,2019-06-30 17:47:53.671,0.00,294.23,0.00,1.51,0.00,1.00,1.00,127.35,2.75,12.06,66.47,66.38,-19.43,39.68,-0.22,0.08,17.00,7000.00,-38.00,0.00,7.00
329771.00,2019-06-30 17:47:53.771,0.00,294.23,0.00,1.51,0.00,1.00,1.00,127.35,2.75,11.95,66.47,66.42,-19.47,39.68,-0.20,0.08,17.00,7000.00,-38.00,0.00,7.00
329871.00,2019-06-30 17:47:53.871,0.00,294.23,0.00,1.51,0.00,1.00,1.00,127.35,2.75,12.05,66.52,66.42,-19.47,39.68,-0.23,0.08,17.00,7000.00,-38.00,0.00,7.00
329971.00,2019-06-30 17:47:53.971,0.00,294.23,0.00,1.51,0.00,1.00,1.00,127.35,2.75,12.08,66.52,66.42,-19.37,39.68,-0.22,0.09,17.00,7000.00,-38.00,0.00,7.00
330071.00,2019-06-30 17:47:54.071,0.00,294.23,0.00,1.51,0.00,1.00,1.00,127.35,2.75,11.93,66.45,66.42,-19.37,39.71,-0.21,0.08,17.00,7000.00,-38.00,0.00,7.00
330171.00,2019-06-30 17:47:54.171,0.00,294.23,0.00,1.51,0.00,1.00,1.00,127.35,2.75,12.07,66.45,66.42,-19.37,39.71,-0.22,0.09,17.00,7000.00,-38.00,0.00,7.00
330271.00,2019-06-30 17:47:54.271,0.00,294.23,0.00,1.51,0.00,1.00,1.00,127.35,2.75,12.08,66.45,66.45,-19.26,39.71,-0.21,0.09,17.00,7000.00,-38.00,0.00,7.00
330371.00,2019-06-30 17:47:54.371,0.00,294.23,0.00,1.51,0.00,1.00,1.00,127.35,2.75,11.92,66.45,66.45,-19.26,39.71,-0.23,0.08,17.00,7000.00,-38.00,0.00,7.00
330471.00,2019-06-30 17:47:54.471,0.00,294.23,0.00,1.51,0.00,1.00,1.00,127.35,2.75,12.08,66.45,66.45,-19.30,39.66,-0.22,0.08,17.00,7000.00,-38.00,0.00,7.00
330571.00,2019-06-30 17:47:54.571,0.00,294.23,0.00,1.51,0.00,1.00,1.00,127.35,2.75,12.05,66.49,66.38,-19.30,39.66,-0.22,0.08,17.00,7000.00,-38.00,0.00,7.00
330671.00,2019-06-30 17:47:54.671,0.00,294.23,0.00,1.51,0.00,1.00,1.00,127.35,2.75,11.94,66.49,66.38,-19.30,39.66,-0.22,0.08,17.00,7000.00,-38.00,0.00,7.00
330771.00,2019-06-30 17:47:54.771,0.00,294.23,0.00,1.51,0.00,1.00,1.00,127.35,2.75,12.07,66.49,66.33,-19.28,39.66,-0.21,0.08,17.00,7000.00,-38.00,0.00,7.00
330871.00,2019-06-30 17:47:54.871,0.00,294.23,0.00,1.51,0.00,1.00,1.00,127.35,2.75,12.06,66.54,66.33,-19.28,39.70,-0.22,0.08,17.00,7000.00,-38.00,0.00,7.00
330971.00,2019-06-30 17:47:54.971,0.00,294.23,0.00,1.51,0.00,1.00,1.00,127.35,2.75,11.95,66.54,66.33,-19.28,39.70,-0.19,0.08,17.00,7000.00,-38.00,0.00,7.00
331071.00,2019-06-30 17:47:55.071,0.00,294.23,0.00,1.51,0.00,1.00,1.00,127.35,2.75,12.05,66.54,66.35,-19.16,39.70,-0.24,0.08,17.00,7000.00,-38.00,0.00,7.00
331171.00,2019-06-30 17:47:55.171,0.00,294.23,0.00,1.51,0.00,1.00,1.00,127.35,2.75,12.08,66.55,66.35,-19.16,39.70,-0.22,0.08,17.00,7000.00,-38.00,0.00,7.00
331271.00,2019-06-30 17:47:55.271,0.00,294.23,0.00,1.51,0.00,1.00,1.00,127.35,2.75,11.93,66.55,66.34,-19.10,39.80,-0.21,0.09,17.00,7000.00,-38.00,0.00,7.00
331371.00,2019-06-30 17:47:55.371,0.00,294.23,0.00,1.51,0.00,1.00,1.00,127.35,2.75,12.07,66.52,66.34,-19.10,39.80,-0.22,0.09,17.00,7000.00,-38.00,0.00,7.00
331471.00,2019-06-30 17:47:55.471,0.00,294.23,0.00,1.51,0.00,1.00,1.00,127.35,2.75,12.08,66.52,66.34,-19.10,39.80,-0.21,0.09,17.00,7000.00,-38.00,0.00,7.00
331571.00,2019-06-30 17:47:55.571,0.00,294.23,0.00,1.51,0.00,1.00,1.00,127.35,2.75,11.92,66.52,66.49,-19.06,39.80,-0.23,0.08,17.00,7000.00,-38.00,0.00,7.00
331671.00,2019-06-30 17:47:55.671,0.00,294.23,0.00,1.51,0.00,1.00,1.00,127.35,2.75,12.08,66.48,66.49,-19.06,39.70,-0.21,0.08,17.00,7000.00,-38.00,0.00,7.00
331771.00,2019-06-30 17:47:55.771,0.00,294.23,0.00,1.51,0.00,1.00,1.00,127.35,2.75,12.05,66.48,66.38,-19.01,39.70,-0.22,0.08,17.00,7000.00,-38.00,0.00,7.00
331871.00,2019-06-30 17:47:55.871,0.00,294.23,0.00,1.51,0.00,1.00,1.00,127.35,2.75,11.94,66.59,66.38,-19.01,39.70,-0.22,0.08,17.00,7000.00,-38.00,0.00,7.00
331971.00,2019-06-30 17:47:55.971,0.00,294.23,0.00,1.51,0.00,1.00,1.00,127.35,2.75,12.07,66.59,66.38,-19.01,39.70,-0.21,0.08,17.00,7000.00,-38.00,0.00,7.00
332071.00,2019-06-30 17:47:56.071,0.00,294.23,0.00,1.51,0.00,1.00,1.00,127.35,2.75,12.06,66.59,66.40,-19.05,39.73,-0.23,0.08,17.00,7000.00,-38.00,0.00,7.00
332171.00,2019-06-30 17:47:56.171,0.00,294.23,0.00,1.51,0.00,1.00,1.00,127.35,2.75,11.95,66.59,66.40,-19.05,39.73,-0.19,0.09,17.00,7000.00,-38.00,0.00,7.00
332271.00,2019-06-30 17:47:56.271,0.00,294.23,0.00,1.51,0.00,1.00,1.00,127.35,2.75,12.05,66.59,66.33,-19.05,39.73,-0.23,0.08,17.00,7000.00,-38.00,0.00,7.00
332371.00,2019-06-30 17:47:56.371,0.00,294.23,0.00,1.51,0.00,1.00,1.00,127.35,2.75,12.08,66.59,66.33,-18.87,39.73,-0.21,0.08,17.00,7000.00,-38.00,0.00,7.00
332471.00,2019-06-30 17:47:56.471,0.00,294.23,0.00,1.51,0.00,1.00,1.00,127.35,2.75,11.93,66.59,66.33,-18.87,39.77,-0.21,0.08,17.00,7000.00,-38.00,0.00,7.00
332571.00,2019-06-30 17:47:56.571,0.00,294.23,0.00,1.51,0.00,1.00,1.00,127.35,2.75,12.07,66.59,66.31,-18.86,39.77,-0.22,0.09,17.00,7000.00,-38.00,0.00,7.00
332671.00,2019-06-30 17:47:56.671,0.00,294.23,0.00,1.51,0.00,1.00,1.00,127.35,2.75,11.94,66.49,66.31,-18.86,39.77,-0.20,0.08,17.00,7000.00,-38.00,0.00,7.00
332771.00,2019-06-30 17:47:56.771,0.00,294.23,0.00,1.51,0.00,1.00,1.00,127.35,2.75,12.06,66.49,66.34,-18.86,39.77,-0.23,0.08,17.00,7000.00,-38.00,0.00,7.00
332871.00,2019-06-30 17:47:56.871,0.00,294.23,0.00,1.51,0.00,1.00,1.00,127.35,2.75,12.07,66.49,66.34,-18.87,39.73,-0.21,0.08,17.00,7000.00,-38.00,0.00,7.00
332971.00,2019-06-30 17:47:56.971,0.00,294.23,0.00,1.51,0.00,1.00,1.00,127.35,2.75,12.06,66.57,66.34,-18.87,39.73,-0.21,0.08,17.00,7000.00,-38.00,0.00,7.00
333071.00,2019-06-30 17:47:57.071,0.00,294.23,0.00,1.51,0.00,1.00,1.00,127.35,2.75,11.95,66.57,66.36,-18.88,39.73,-0.22,0.08,17.00,7000.00,-38.00,0.00,7.00
333171.00,2019-06-30 17:47:57.171,0.00,294.23,0.00,1.51,0.00,1.00,1.00,127.35,2.75,12.05,66.57,66.36,-18.88,39.73,-0.21,0.08,17.00,7000.00,-38.00,0.00,7.00
333271.00,2019-06-30 17:47:57.271,0.00,294.23,0.00,1.51,0.00,1.00,1.00,127.35,2.75,11.92,66.57,66.33,-18.88,39.80,-0.22,0.08,17.00,7000.00,-38.00,0.00,7.00
333371.00,2019-06-30 17:47:57.371,0.00,294.23,0.00,1.51,0.00,1.00,1.00,127.35,2.75,12.08,66.57,66.33,-18.72,39.80,-0.20,0.08,17.00,7000.00,-38.00,0.00,7.00
333471.00,2019-06-30 17:47:57.471,0.00,294.23,0.00,1.51,0.00,1.00,1.00,127.35,2.75,12.05,66.63,66.33,-18.72,39.80,-0.24,0.08,17.00,7000.00,-38.00,0.00,7.00
333571.00,2019-06-30 17:47:57.571,0.00,294.23,0.00,1.51,0.00,1.00,1.00,127.35,2.75,11.94,66.63,66.33,-18.72,39.80,-0.21,0.08,17.00,7000.00,-38.00,0.00,7.00
333671.00,2019-06-30 17:47:57.671,0.00,294.23,0.00,1.51,0.00,1.00,1.00,127.35,2.75,12.06,66.50,66.33,-18.68,39.60,-0.22,0.08,17.00,7000.00,-38.00,0.00,7.00
333771.00,2019-06-30 17:47:57.771,0.00,294.23,0.00,1.51,0.00,1.00,1.00,127.35,2.75,12.07,66.50,66.33,-18.68,39.60,-0.22,0.08,17.00,7000.00,-38.00,0.00,7.00
333871.00,2019-06-30 17:47:57.871,0.00,294.23,0.00,1.51,0.00,1.00,1.00,127.35,2.75,11.95,66.50,66.33,-18.65,39.60,-0.21,0.08,17.00,7000.00,-38.00,0.00,7.00
333971.00,2019-06-30 17:47:57.971,0.00,294.23,0.00,1.51,0.00,1.00,1.00,127.35,2.75,12.05,66.56,66.33,-18.65,39.60,-0.23,0.08,17.00,7000.00,-38.00,0.00,7.00
334071.00,2019-06-30 17:47:58.071,0.00,294.23,0.00,1.51,0.00,1.00,1.00,127.35,2.75,12.08,66.56,66.27,-18.65,39.73,-0.22,0.08,17.00,7000.00,-38.00,0.00,7.00
334171.00,2019-06-30 17:47:58.171,0.00,294.23,0.00,1.51,0.00,1.00,1.00,127.35,2.75,11.92,66.56,66.27,-18.60,39.73,-0.21,0.09,17.00,7000.00,-38.00,0.00,7.00
334271.00,2019-06-30 17:47:58.271,0.00,294.23,0.00,1.51,0.00,1.00,1.00,127.35,2.75,12.07,66.59,66.24,-18.60,39.73,-0.22,0.08,17.00,7000.00,-38.00,0.00,7.00
334371.00,2019-06-30 17:47:58.371,0.00,294.23,0.00,1.51,0.00,1.00,1.00,127.35,2.75,12.07,66.59,66.24,-18.59,39.73,-0.21,0.08,17.00,7000.00,-38.00,0.00,7.00
334471.00,2019-06-30 17:47:58.471,0.00,294.23,0.00,1.51,0.00,1.00,1.00,127.35,2.75,11.95,66.59,66.24,-18.59,39.80,-0.22,0.09,17.00,7000.00,-38.00,0.00,7.00
334571.00,2019-06-30 17:47:58.571,0.00,294.23,0.00,1.51,0.00,1.00,1.00,127.35,2.75,12.06,66.59,66.38,-18.59,39.80,-0.19,59,66.38,-18.54,39.80,-0.24,0.08,17.00,7000.00,-38.00,0.00,7.00
334771.00,2019-06-30 17:47:58.771,0.00,294.23,0.00,1.51,0.00,1.00,1.00,127.35,2.75,11.94,66.59,66.29,-18.54,39.80,-0.21,0.08,17.00,7000.00,-38.00,0.00,7.00
334871.00,2019-06-30 17:47:58.871,0.00,294.23,0.00,1.51,0.00,1.00,1.00,127.35,2.75,12.08,66.59,66.29,-18.54,39.73,-0.21,0.08,17.00,7000.00,-38.00,0.00,7.00
334971.00,2019-06-30 17:47:58.971,0.00,294.23,0.00,1.51,0.00,1.00,1.00,127.35,2.75,12.08,66.59,66.29,-18.54,39.73,-0.21,0.08,17.00,7000.00,-38.00,0.00,7.00
335071.00,2019-06-30 17:47:59.071,0.00,294.23,0.00,1.51,0.00,1.00,1.00,127.35,2.75,12.08,66.59,66.28,-18.54,39.73,-0.21,0.08,17.00,7000.00,-38.00,0.00,7.00
335171.00,2019-06-30 17:47:59.171,0.00,294.23,0.00,1.51,0.00,1.00,1.00,127.35,2.75,12.05,66.59,66.28,-18.40,39.73,-0.22,0.08,17.00,7000.00,-38.00,0.00,7.00
335271.00,2019-06-30 17:47:59.271,0.00,294.23,0.00,1.51,0.00,1.00,1.00,127.35,2.75,11.95,66.66,66.23,-18.40,39.71,-0.22,0.08,17.00,7000.00,-38.00,0.00,7.00
335371.00,2019-06-30 17:47:59.371,0.00,294.23,0.00,1.51,0.00,1.00,1.00,127.35,2.75,12.05,66.66,66.23,-18.40,39.71,-0.22,0.08,17.00,7000.00,-38.00,0.00,7.00
335471.00,2019-06-30 17:47:59.471,0.00,294.23,0.00,1.51,0.00,1.00,1.00,127.35,2.75,12.07,66.64,66.23,-18.41,39.71,-0.22,0.08,17.00,7000.00,-38.00,0.00,7.00
335571.00,2019-06-30 17:47:59.571,0.00,294.23,0.00,1.51,0.00,1.00,1.00,127.35,2.75,11.94,66.64,66.21,-18.41,39.71,-0.20,0.09,17.00,7000.00,-38.00,0.00,7.00
335671.00,2019-06-30 17:47:59.671,0.00,294.23,0.00,1.51,0.00,1.00,1.00,127.35,2.75,12.06,66.64,66.21,-18.33,39.75,-0.23,0.08,17.00,7000.00,-38.00,0.00,7.00
335771.00,2019-06-30 17:47:59.771,0.00,294.23,0.00,1.51,0.00,1.00,1.00,127.35,2.75,12.08,66.62,66.17,-18.33,39.75,-0.19,0.08,17.00,7000.00,-38.00,0.00,7.00
335871.00,2019-06-30 17:47:59.871,0.00,294.23,0.00,1.51,0.00,1.00,1.00,127.35,2.75,11.91,66.62,66.17,-18.33,39.75,-0.24,0.08,17.00,7000.00,-38.00,0.00,7.00
335971.00,2019-06-30 17:47:59.971,0.00,294.23,0.00,1.51,0.00,1.00,1.00,127.35,2.75,12.08,66.62,66.17,-18.34,39.75,-0.22,0.09,17.00,7000.00,-38.00,0.00,7.00
336071.00,2019-06-30 17:48:00.071,0.00,294.23,0.00,1.51,0.00,1.00,1.00,127.35,2.75,12.06,66.64,66.24,-18.34,39.70,-0.21,0.08,17.00,7000.00,-38.00,0.00,7.00
336171.00,2019-06-30 17:48:00.171,0.00,294.23,0.00,1.51,0.00,1.00,1.00,127.35,2.75,11.94,66.64,66.24,-18.34,39.70,-0.22,0.08,17.00,7000.00,-38.00,0.00,7.00
336271.00,2019-06-30 17:48:00.271,0.00,294.23,0.00,1.51,0.00,1.00,1.00,127.35,2.75,12.08,66.77,66.29,-18.20,39.70,-0.21,0.08,17.00,7000.00,-38.00,0.00,7.00
336371.00,2019-06-30 17:48:00.371,0.00,294.23,0.00,1.51,0.00,1.00,1.00,127.35,2.75,12.05,66.77,66.29,-18.20,39.70,-0.22,0.08,17.00,7000.00,-38.00,0.00,7.00
336471.00,2019-06-30 17:48:00.471,0.00,294.23,0.00,1.51,0.00,1.00,1.00,127.35,2.75,12.07,66.77,66.29,-18.20,39.73,-0.20,0.09,17.00,7000.00,-38.00,0.00,7.00
336571.00,2019-06-30 17:48:00.571,0.00,294.23,0.00,1.51,0.00,1.00,1.00,127.35,2.75,12.06,66.69,66.29,-18.20,39.73,-0.22,0.09,17.00,7000.00,-38.00,0.00,7.00
336671.00,2019-06-30 17:48:00.671,0.00,294.23,0.00,1.51,0.00,1.00,1.00,127.35,2.75,12.08,66.69,66.29,-18.20,39.73,-0.21,0.08,17.00,7000.00,-38.00,0.00,7.00
336771.00,2019-06-30 17:48:00.771,0.00,294.23,0.00,1.51,0.00,1.00,1.00,127.35,2.75,12.07,66.62,66.26,-18.20,39.73,-0.20,0.08,17.00,7000.00,-38.00,0.00,7.00
336871.00,2019-06-30 17:48:00.871,0.00,294.23,0.00,1.51,0.00,1.00,1.00,127.35,2.75,12.06,66.62,66.26,-18.20,39.73,-0.22,0.08,17.00,7000.00,-38.00,0.00,7.00
336971.00,2019-06-30 17:48:00.971,0.00,294.23,0.00,1.51,0.00,1.00,1.00,127.35,2.75,11.95,66.62,66.26,-18.16,39.73,-0.19,0.08,17.00,7000.00,-38.00,0.00,7.00
337071.00,2019-06-30 17:48:01.071,0.00,294.23,0.00,1.51,0.00,1.00,1.00,127.35,2.75,12.07,66.71,66.20,-18.16,39.73,-0.24,0.09,17.00,7000.00,-38.00,0.00,7.00
337171.00,2019-06-30 17:48:01.171,0.00,294.23,0.00,1.51,0.00,1.00,1.00,127.35,2.75,11.93,66.71,66.20,-18.16,39.73,-0.20,0.08,17.00,7000.00,-38.00,0.00,7.00
337271.00,2019-06-30 17:48:01.271,0.00,294.23,0.00,1.51,0.00,1.00,1.00,127.35,2.75,12.08,66.71,66.27,-18.08,39.73,-0.21,0.08,17.00,7000.00,-38.00,0.00,7.00
337371.00,2019-06-30 17:48:01.371,0.00,294.23,0.00,1.51,0.00,1.00,1.00,127.35,2.75,12.08,66.76,66.27,-18.08,39.73,-0.22,0.08,17.00,7000.00,-38.00,0.00,7.00
337471.00,2019-06-30 17:48:01.471,0.00,294.23,0.00,1.51,0.00,1.00,1.00,127.35,2.75,11.95,66.76,66.27,-18.08,39.73,-0.20,0.08,17.00,7000.00,-38.00,0.00,7.00
337571.00,2019-06-30 17:48:01.571,0.00,294.23,0.00,1.51,0.00,1.00,1.00,127.35,2.75,11.95,66.73,66.22,-18.04,39.73,-0.24,0.08,17.00,7000.00,-38.00,0.00,7.00
337671.00,2019-06-30 17:48:01.671,0.00,294.23,0.00,1.51,0.00,1.00,1.00,127.35,2.75,12.07,66.73,66.22,-18.04,39.70,-0.21,0.09,17.00,7000.00,-38.00,0.00,7.00
337771.00,2019-06-30 17:48:01.771,0.00,294.23,0.00,1.51,0.00,1.00,1.00,127.35,2.75,12.06,66.73,66.21,-17.98,39.70,-0.21,0.08,17.00,7000.00,-38.00,0.00,7.00
337871.00,2019-06-30 17:48:01.871,0.00,294.23,0.00,1.51,0.00,1.00,1.00,127.35,2.75,12.07,66.73,66.21,-17.98,39.70,-0.22,0.08,17.00,7000.00,-38.00,0.00,7.00
337971.00,2019-06-30 17:48:01.971,0.00,294.23,0.00,1.51,0.00,1.00,1.00,127.35,2.75,12.07,66.73,66.21,-17.98,39.70,-0.20,0.08,17.00,7000.00,-38.00,0.00,7.00
338071.00,2019-06-30 17:48:02.071,0.00,294.23,0.00,1.51,0.00,1.00,1.00,127.35,2.75,11.93,66.83,66.20,-17.92,39.84,-0.23,0.08,17.00,7000.00,-38.00,0.00,7.00
338171.00,2019-06-30 17:48:02.171,0.00,294.23,0.00,1.51,0.00,1.00,1.00,127.35,2.75,12.08,66.83,66.20,-17.92,39.84,-0.19,0.08,17.00,7000.00,-38.00,0.00,7.00
338271.00,2019-06-30 17:48:02.271,0.00,294.23,0.00,1.51,0.00,1.00,1.00,127.35,2.75,12.05,66.83,66.24,-17.91,39.84,-0.23,0.08,17.00,7000.00,-38.00,0.00,7.00
338371.00,2019-06-30 17:48:02.371,0.00,294.23,0.00,1.51,0.00,1.00,1.00,127.35,2.75,11.95,66.82,66.24,-17.91,39.84,-0.22,0.08,17.00,7000.00,-38.00,0.00,7.00
338471.00,2019-06-30 17:48:02.471,0.00,294.23,0.00,1.51,0.00,1.00,1.00,127.35,2.75,12.05,66.82,66.24,-17.91,39.80,-0.20,0.08,17.00,7000.00,-38.00,0.00,7.00
338571.00,2019-06-30 17:48:02.571,0.00,294.23,0.00,1.51,0.00,1.00,1.00,127.35,2.75,11.94,66.76,66.23,-17.91,39.80,-0.22,0.08,17.00,7000.00,-38.00,0.00,7.00
338671.00,2019-06-30 17:48:02.671,0.00,294.23,0.00,1.51,0.00,1.00,1.00,127.35,2.75,12.08,66.76,66.23,-17.91,39.80,-0.20,0.08,17.00,7000.00,-38.00,0.00,7.00
338771.00,2019-06-30 17:48:02.771,0.00,294.23,0.00,1.51,0.00,1.00,1.00,127.35,2.75,12.07,66.76,66.19,-17.91,39.80,-0.23,0.08,17.00,7000.00,-38.00,0.00,7.00
338871.00,2019-06-30 17:48:02.871,0.00,294.23,0.00,1.51,0.00,1.00,1.00,127.35,2.75,12.07,66.83,66.19,-17.72,39.78,-0.22,0.08,17.00,7000.00,-38.00,0.00,7.00
338971.00,2019-06-30 17:48:02.971,0.00,294.23,0.00,1.51,0.00,1.00,1.00,127.35,2.75,12.06,66.83,66.19,-17.72,39.78,-0.21,0.09,17.00,7000.00,-38.00,0.00,7.00
339071.00,2019-06-30 17:48:03.071,0.00,294.23,0.00,1.51,0.00,1.00,1.00,127.35,2.75,12.08,66.83,66.26,-17.74,39.78,-0.22,0.09,17.00,7000.00,-38.00,0.00,7.00
339171.00,2019-06-30 17:48:03.171,0.00,294.23,0.00,1.51,0.00,1.00,1.00,127.35,2.75,11.92,66.82,66.26,-17.74,39.78,-0.21,0.08,17.00,7000.00,-38.00,0.00,7.00
339271.00,2019-06-30 17:48:03.271,0.00,294.23,0.00,1.51,0.00,1.00,1.00,127.35,2.75,12.08,66.82,66.23,-17.74,39.82,-0.22,0.08,17.00,7000.00,-38.00,0.00,7.00
339371.00,2019-06-30 17:48:03.371,0.00,294.23,0.00,1.51,0.00,1.00,1.00,127.35,2.75,11.94,66.77,66.23,-17.72,39.82,-0.20,0.08,17.00,7000.00,-38.00,0.00,7.00
339471.00,2019-06-30 17:48:03.471,0.00,294.23,0.00,1.51,0.00,1.00,1.00,127.35,2.75,11.94,66.77,66.23,-17.72,39.82,-0.24,0.08,17.00,7000.00,-38.00,0.00,7.00
339571.00,2019-06-30 17:48:03.571,0.00,294.23,0.00,1.51,0.00,1.00,1.00,127.35,2.75,12.08,66.77,66.17,-17.68,39.82,-0.21,0.08,17.00,7000.00,-38.00,0.00,7.00
339671.00,2019-06-30 17:48:03.671,0.00,294.23,0.00,1.51,0.00,1.00,1.00,127.35,2.75,11.95,66.82,66.17,-17.68,39.80,-0.21,0.09,17.00,7000.00,-38.00,0.00,7.00
339771.00,2019-06-30 17:48:03.771,0.00,294.23,0.00,1.51,0.00,1.00,1.00,127.35,2.75,11.95,66.82,66.12,-17.68,39.80,-0.22,0.08,17.00,7000.00,-38.00,0.00,7.00
339871.00,2019-06-30 17:48:03.871,0.00,294.23,0.00,1.51,0.00,1.00,1.00,127.35,2.75,12.06,66.76,66.12,-17.65,39.80,-0.20,0.08,17.00,7000.00,-38.00,0.00,7.00
339971.00,2019-06-30 17:48:03.971,0.00,294.23,0.00,1.51,0.00,1.00,1.00,127.35,2.75,12.07,66.76,66.12,-17.65,39.80,-0.23,0.08,17.00,7000.00,-38.00,0.00,7.00
340071.00,2019-06-30 17:48:04.071,0.00,294.23,0.00,1.51,0.00,1.00,1.00,127.35,2.75,11.94,66.76,66.17,-17.65,39.85,-0.22,0.09,17.00,7000.00,-38.00,0.00,7.00
340171.00,2019-06-30 17:48:04.171,0.00,294.23,0.00,1.51,0.00,1.00,1.00,127.35,2.75,12.08,66.80,66.17,-17.68,39.85,-0.21,0.08,17.00,7000.00,-38.00,0.00,7.00
340271.00,2019-06-30 17:48:04.271,0.00,294.23,0.00,1.51,0.00,1.00,1.00,127.35,2.75,12.08,66.80,66.10,-17.68,39.85,-0.22,0.08,17.00,7000.00,-38.00,0.00,7.00
340371.00,2019-06-30 17:48:04.371,0.00,294.23,0.00,1.51,0.00,1.00,1.00,127.35,2.75,11.92,66.80,66.10,-17.58,39.85,-0.20,0.08,17.00,7000.00,-38.00,0.00,7.00
340471.00,2019-06-30 17:48:04.471,0.00,294.23,0.00,1.51,0.00,1.00,1.00,127.35,2.75,12.08,66.87,66.10,-17.58,39.80,-0.22,0.08,17.00,7000.00,-38.00,0.00,7.00
340571.00,2019-06-30 17:48:04.571,0.00,294.23,0.00,1.51,0.00,1.00,1.00,127.35,2.75,12.06,66.87,66.07,-17.58,39.80,-0.19,0.08,17.00,7000.00,-38.00,0.00,7.00
340671.00,2019-06-30 17:48:04.671,0.00,294.23,0.00,1.51,0.00,1.00,1.00,127.35,2.75,11.94,66.78,66.07,-17.49,39.80,-0.24,0.08,17.00,7000.00,-38.00,0.00,7.00
340771.00,2019-06-30 17:48:04.771,0.00,294.23,0.00,1.51,0.00,1.00,1.00,127.35,2.75,12.08,66.78,66.13,-17.49,39.80,-0.21,0.08,17.00,7000.00,-38.00,0.00,7.00
340871.00,2019-06-30 17:48:04.871,0.00,294.23,0.00,1.51,0.00,1.00,1.00,127.35,2.75,11.95,66.78,66.13,-17.41,39.73,-0.21,0.08,17.00,7000.00,-38.00,0.00,7.00
340971.00,2019-06-30 17:48:04.971,0.00,294.23,0.00,1.51,0.00,1.00,1.00,127.35,2.75,12.07,66.84,66.13,-17.41,39.73,-0.22,0.08,17.00,7000.00,-38.00,0.00,7.00
341071.00,2019-06-30 17:48:05.071,0.00,294.23,0.00,1.51,0.00,1.00,1.00,127.35,2.75,12.08,66.84,66.13,-17.41,39.73,-0.20,0.09,17.00,7000.00,-38.00,0.00,7.00
341171.00,2019-06-30 17:48:05.171,0.00,294.23,0.00,1.51,0.00,1.00,1.00,127.35,2.75,11.92,66.82,66.13,-17.42,39.73,-0.22,0.08,17.00,7000.00,-38.00,0.00,7.00
341271.00,2019-06-30 17:48:05.271,0.00,294.23,0.00,1.51,0.00,1.00,1.00,127.35,2.75,12.08,66.82,66.05,-17.42,39.78,-0.21,0.08,17.00,7000.00,-38.00,0.00,7.00
341371.00,2019-06-30 17:48:05.371,0.00,294.23,0.00,1.51,0.00,1.00,1.00,127.35,2.75,12.05,66.82,66.05,-17.42,39.78,-0.22,0.08,17.00,7000.00,-38.00,0.00,7.00
341471.00,2019-06-30 17:48:05.471,0.00,294.23,0.00,1.51,0.00,1.00,1.00,127.35,2.75,11.94,66.90,66.05,-17.39,39.78,-0.22,0.08,17.00,7000.00,-38.00,0.00,7.00
341571.00,2019-06-30 17:48:05.571,0.00,294.23,0.00,1.51,0.00,1.00,1.00,127.35,2.75,12.07,66.90,66.09,-17.39,39.78,-0.22,0.09,17.00,7000.00,-38.00,0.00,7.00
341671.00,2019-06-30 17:48:05.671,0.00,294.23,0.00,1.51,0.00,1.00,1.00,127.35,2.75,12.06,66.88,66.09,-17.34,39.88,-0.22,0.08,17.00,7000.00,-38.00,0.00,7.00
341771.00,2019-06-30 17:48:05.771,0.00,294.23,0.00,1.51,0.00,1.00,1.00,127.35,2.75,11.95,66.88,66.13,-17.34,39.88,-0.20,0.08,17.00,7000.00,-38.00,0.00,7.00
341871.00,2019-06-30 17:48:05.871,0.00,294.23,0.00,1.51,0.00,1.00,1.00,127.35,2.75,12.05,66.88,66.13,-17.34,39.88,-0.25,0.09,17.00,7000.00,-38.00,0.00,7.00
341971.00,2019-06-30 17:48:05.971,0.00,294.23,0.00,1.51,0.00,1.00,1.00,127.35,2.75,12.08,66.89,66.13,-17.31,39.88,-0.22,0.08,17.00,7000.00,-38.00,0.00,7.00
342071.00,2019-06-30 17:48:06.071,0.00,294.23,0.00,1.51,0.00,1.00,1.00,127.35,2.75,11.93,66.89,65.99,-17.31,39.75,-0.20,0.08,17.00,7000.00,-38.00,0.00,7.00
342171.00,2019-06-30 17:48:06.171,0.00,294.23,0.00,1.51,0.00,1.00,1.00,127.35,2.75,12.07,66.89,65.99,-17.29,39.75,-0.22,0.08,17.00,7000.00,-38.00,0.00,7.00
342271.00,2019-06-30 17:48:06.271,0.00,294.23,0.00,1.51,0.00,1.00,1.00,127.35,2.75,12.08,66.87,65.99,-17.29,39.75,-0.20,0.09,17.00,7000.00,-38.00,0.00,7.00
342371.00,2019-06-30 17:48:06.371,0.00,294.23,0.00,1.51,0.00,1.00,1.00,127.35,2.75,11.91,66.87,65.99,-17.29,39.75,-0.22,0.08,17.00,7000.00,-38.00,0.00,7.00
342471.00,2019-06-30 17:48:06.471,0.00,294.23,0.00,1.51,0.00,1.00,1.00,127.35,2.75,12.08,66.91,65.99,-17.23,39.82,-0.22,0.08,17.00,7000.00,-38.00,0.00,7.00
342571.00,2019-06-30 17:48:06.571,0.00,294.23,0.00,1.51,0.00,1.00,1.00,127.35,2.75,12.05,66.91,65.94,-17.23,39.82,-0.22,0.08,17.00,7000.00,-38.00,0.00,7.00
342671.00,2019-06-30 17:48:06.671,0.00,294.23,0.00,1.51,0.00,1.00,1.00,127.35,2.75,11.94,66.91,65.94,-17.23,39.82,-0.22,0.08,17.00,7000.00,-38.00,0.00,7.00
342771.00,2019-06-30 17:48:06.771,0.00,294.23,0.00,1.51,0.00,1.00,1.00,127.35,2.75,12.07,66.80,65.95,-17.23,39.82,-0.20,0.08,17.00,7000.00,-38.00,0.00,7.00
342871.00,2019-06-30 17:48:06.871,0.00,294.23,0.00,1.51,0.00,1.00,1.00,127.35,2.75,12.06,66.80,65.95,-17.23,39.78,-0.22,0.08,17.00,7000.00,-38.00,0.00,7.00
342971.00,2019-06-30 17:48:06.971,0.00,294.23,0.00,1.51,0.00,1.00,1.00,127.35,2.75,11.95,66.84,65.95,-17.13,39.78,-0.20,0.08,17.00,7000.00,-38.00,0.00,7.00
343071.00,2019-06-30 17:48:07.071,0.00,294.23,0.00,1.51,0.00,1.00,1.00,127.35,2.75,12.05,66.84,66.01,-17.13,39.78,-0.23,0.08,17.00,7000.00,-38.00,0.00,7.00
343171.00,2019-06-30 17:48:07.171,0.00,294.23,0.00,1.51,0.00,1.00,1.00,127.35,2.75,12.08,66.84,66.01,-17.13,39.78,-0.21,0.08,17.00,7000.00,-38.00,0.00,7.00
343271.00,2019-06-30 17:48:07.271,0.00,294.23,0.00,1.51,0.00,1.00,1.00,127.35,2.75,11.93,66.92,66.01,-17.13,39.76,-0.21,0.08,17.00,7000.00,-38.00,0.00,7.00
343371.00,2019-06-30 17:48:07.371,0.00,294.23,0.00,1.51,0.00,1.00,1.00,127.35,2.75,12.07,66.92,66.01,-17.13,39.76,-0.22,0.08,17.00,7000.00,-38.00,0.00,7.00
343471.00,2019-06-30 17:48:07.471,0.00,294.23,0.00,1.51,0.00,1.00,1.00,127.35,2.75,12.08,66.92,66.01,-17.03,39.76,-0.21,0.09,17.00,7000.00,-38.00,0.00,7.00
343571.00,2019-06-30 17:48:07.571,0.00,294.23,0.00,1.51,0.00,1.00,1.00,127.35,2.75,11.92,66.91,65.95,-17.03,39.76,-0.22,0.09,17.00,7000.00,-38.00,0.00,7.00
343671.00,2019-06-30 17:48:07.671,0.00,294.23,0.00,1.51,0.00,1.00,1.00,127.35,2.75,12.08,66.91,65.95,-17.03,39.80,-0.21,0.09,17.00,7000.00,-38.00,0.00,7.00
343771.00,2019-06-30 17:48:07.771,0.00,294.23,0.00,1.51,0.00,1.00,1.00,127.35,2.75,12.05,66.90,66.08,-16.98,39.80,-0.22,0.08,17.00,7000.00,-38.00,0.00,7.00
343871.00,2019-06-30 17:48:07.871,0.00,294.23,0.00,1.51,0.00,1.00,1.00,127.35,2.75,11.94,66.90,66.08,-16.98,39.80,-0.21,0.08,17.00,7000.00,-38.00,0.00,7.00
343971.00,2019-06-30 17:48:07.971,0.00,294.23,0.00,1.51,0.00,1.00,1.00,127.35,2.75,12.07,66.90,66.08,-16.98,39.80,-0.20,0.08,17.00,7000.00,-38.00,0.00,7.00
344071.00,2019-06-30 17:48:08.071,0.00,294.23,0.00,1.51,0.00,1.00,1.00,127.35,2.75,12.06,66.95,65.92,-16.95,39.73,-0.22,0.08,17.00,7000.00,-38.00,0.00,7.00
344171.00,2019-06-30 17:48:08.171,0.00,294.23,0.00,1.51,0.00,1.00,1.00,127.35,2.75,11.95,66.95,65.92,-16.95,39.73,-0.18,0.08,17.00,7000.00,-38.00,0.00,7.00
344271.00,2019-06-30 17:48:08.271,0.00,294.23,0.00,1.51,0.00,1.00,1.00,127.35,2.75,12.05,66.89,65.96,-16.95,39.73,-0.24,0.08,17.00,7000.00,-38.00,0.00,7.00
344371.00,2019-06-30 17:48:08.371,0.00,294.23,0.00,1.51,0.00,1.00,1.00,127.35,2.75,12.08,66.89,65.96,-16.95,39.73,-0.22,0.08,17.00,7000.00,-38.00,0.00,7.00
344471.00,2019-06-30 17:48:08.471,0.00,294.23,0.00,1.51,0.00,1.00,1.00,127.35,2.75,12.08,66.89,65.96,-16.95,39.77,-0.22,0.08,17.00,7000.00,-38.00,0.00,7.00
344571.00,2019-06-30 17:48:08.571,0.00,294.23,0.00,1.51,0.00,1.00,1.00,127.35,2.75,12.08,66.88,65.94,-16.97,39.77,-0.23,0.08,17.00,7000.00,-38.00,0.00,7.00
344671.00,2019-06-30 17:48:08.671,0.00,294.23,0.00,1.51,0.00,1.00,1.00,127.35,2.75,11.95,66.88,65.94,-16.97,39.77,-0.20,0.08,17.00,7000.00,-38.00,0.00,7.00
344771.00,2019-06-30 17:48:08.771,0.00,294.23,0.00,1.51,0.00,1.00,1.00,127.35,2.75,11.94,66.90,65.98,-16.89,39.77,-0.24,0.07,17.00,7000.00,-38.00,0.00,7.00
344871.00,2019-06-30 17:48:08.871,0.00,294.23,0.00,1.51,0.00,1.00,1.00,127.35,2.75,12.07,66.90,65.98,-16.89,39.77,-0.20,0.08,17.00,7000.00,-38.00,0.00,7.00
344971.00,2019-06-30 17:48:08.971,0.00,294.23,0.00,1.51,0.00,1.00,1.00,127.35,2.75,11.95,66.90,65.98,-16.89,39.77,-0.22,0.09,17.00,7000.00,-38.00,0.00,7.00
345071.00,2019-06-30 17:48:09.071,0.00,294.23,0.00,1.51,0.00,1.00,1.00,127.35,2.75,12.07,66.95,65.94,-16.80,39.77,-0.21,0.08,17.00,7000.00,-38.00,0.00,7.00
345171.00,2019-06-30 17:48:09.171,0.00,294.23,0.00,1.51,0.00,1.00,1.00,127.35,2.75,12.05,66.95,65.94,-16.80,39.77,-0.21,0.08,17.00,7000.00,-38.00,0.00,7.00
345271.00,2019-06-30 17:48:09.271,0.00,294.23,0.00,1.51,0.00,1.00,1.00,127.35,2.75,11.95,66.95,65.94,-16.80,39.84,-0.22,0.08,17.00,7000.00,-38.00,0.00,7.00
345371.00,2019-06-30 17:48:09.371,0.00,294.23,0.00,1.51,0.00,1.00,1.00,127.35,2.75,12.06,66.94,65.94,-16.81,39.84,-0.19,0.08,17.00,7000.00,-38.00,0.00,7.00
345471.00,2019-06-30 17:48:09.471,0.00,294.23,0.00,1.51,0.00,1.00,1.00,127.35,2.75,12.07,66.94,65.94,-16.81,39.84,-0.24,0.08,17.00,7000.00,-38.00,0.00,7.00
345571.00,2019-06-30 17:48:09.571,0.00,294.23,0.00,1.51,0.00,1.00,1.00,127.35,2.75,12.06,67.06,65.97,-16.77,39.84,-0.22,0.09,17.00,7000.00,-38.00,0.00,7.00
345671.00,2019-06-30 17:48:09.671,0.00,294.23,0.00,1.51,0.00,1.00,1.00,127.35,2.75,12.08,67.06,65.97,-16.77,39.80,-0.22,0.08,17.00,7000.00,-38.00,0.00,7.00
345771.00,2019-06-30 17:48:09.771,0.00,294.23,0.00,1.51,0.00,1.00,1.00,127.35,2.75,12.08,67.06,65.97,-16.77,39.80,-0.22,0.08,17.00,7000.00,-38.00,0.00,7.00
345871.00,2019-06-30 17:48:09.871,0.00,294.23,0.00,1.51,0.00,1.00,1.00,127.35,2.75,11.92,66.96,65.97,-16.70,39.80,-0.21,0.08,17.00,7000.00,-38.00,0.00,7.00
345971.00,2019-06-30 17:48:09.971,0.00,294.23,0.00,1.51,0.00,1.00,1.00,127.35,2.75,12.05,66.96,65.97,-16.70,39.80,-0.24,0.08,17.00,7000.00,-38.00,0.00,7.00
346071.00,2019-06-30 17:48:10.071,0.00,294.23,0.00,1.51,0.00,1.00,1.00,127.35,2.75,11.95,66.97,65.94,-16.64,39.80,-0.19,0.08,17.00,7000.00,-38.00,0.00,7.00
346171.00,2019-06-30 17:48:10.171,0.00,294.23,0.00,1.51,0.00,1.00,1.00,127.35,2.75,12.05,66.97,65.94,-16.64,39.80,-0.21,0.08,17.00,7000.00,-38.00,0.00,7.00
346271.00,2019-06-30 17:48:10.271,0.00,294.23,0.00,1.51,0.00,1.00,1.00,127.35,2.75,12.07,66.97,65.95,-16.64,39.80,-0.22,0.08,17.00,7000.00,-38.00,0.00,7.00
346371.00,2019-06-30 17:48:10.371,0.00,294.23,0.00,1.51,0.00,1.00,1.00,127.35,2.75,11.94,66.97,65.95,-16.61,39.80,-0.20,0.08,17.00,7000.00,-38.00,0.00,7.00
346471.00,2019-06-30 17:48:10.471,0.00,294.23,0.00,1.51,0.00,1.00,1.00,127.35,2.75,12.06,66.97,65.95,-16.61,39.80,-0.22,0.08,17.00,7000.00,-38.00,0.00,7.00
346571.00,2019-06-30 17:48:10.571,0.00,294.23,0.00,1.51,0.00,1.00,1.00,127.35,2.75,12.08,66.97,65.97,-16.61,39.80,-0.19,0.08,17.00,7000.00,-38.00,0.00,7.00
346671.00,2019-06-30 17:48:10.671,0.00,294.23,0.00,1.51,0.00,1.00,1.00,127.35,2.75,11.92,66.99,65.97,-16.56,39.80,-0.23,0.09,17.00,7000.00,-38.00,0.00,7.00
346771.00,2019-06-30 17:48:10.771,0.00,294.23,0.00,1.51,0.00,1.00,1.00,127.35,2.75,12.08,66.99,65.88,-16.56,39.80,-0.22,0.08,17.00,7000.00,-38.00,0.00,7.00
346871.00,2019-06-30 17:48:10.871,0.00,294.23,0.00,1.51,0.00,1.00,1.00,127.35,2.75,12.06,66.97,65.88,-16.49,39.78,-0.22,0.08,17.00,7000.00,-38.00,0.00,7.00
346971.00,2019-06-30 17:48:10.971,0.00,294.23,0.00,1.51,0.00,1.00,1.00,127.35,2.75,11.93,66.97,65.88,-16.49,39.78,-0.22,0.08,17.00,7000.00,-38.00,0.00,7.00
347071.00,2019-06-30 17:48:11.071,0.00,294.23,0.00,1.51,0.00,1.00,1.00,127.35,2.75,12.08,66.97,65.91,-16.49,39.78,-0.21,0.08,17.00,7000.00,-38.00,0.00,7.00
347171.00,2019-06-30 17:48:11.171,0.00,294.23,0.00,1.51,0.00,1.00,1.00,127.35,2.75,11.93,66.97,65.91,-16.46,39.78,-0.24,0.08,17.00,7000.00,-38.00,0.00,7.00
347271.00,2019-06-30 17:48:11.271,0.00,294.23,0.00,1.51,0.00,1.00,1.00,127.35,2.75,12.08,66.97,65.86,-16.46,39.84,-0.21,0.09,17.00,7000.00,-38.00,0.00,7.00
347371.00,2019-06-30 17:48:11.371,0.00,294.23,0.00,1.51,0.00,1.00,1.00,127.35,2.75,12.05,67.03,65.86,-16.41,39.84,-0.22,0.08,17.00,7000.00,-38.00,0.00,7.00
347471.00,2019-06-30 17:48:11.471,0.00,294.23,0.00,1.51,0.00,1.00,1.00,127.35,2.75,11.94,67.03,65.86,-16.41,39.84,-0.22,0.08,17.00,7000.00,-38.00,0.00,7.00
347571.00,2019-06-30 17:48:11.571,0.00,294.23,0.00,1.51,0.00,1.00,1.00,127.35,2.75,12.07,67.03,65.92,-16.41,39.84,-0.21,0.08,17.00,7000.00,-38.00,0.00,7.00
347671.00,2019-06-30 17:48:11.671,0.00,294.23,0.00,1.51,0.00,1.00,1.00,127.35,2.75,12.06,66.99,65.92,-16.32,39.80,-0.22,0.08,17.00,7000.00,-38.00,0.00,7.00
347771.00,2019-06-30 17:48:11.771,0.00,294.23,0.00,1.51,0.00,1.00,1.00,127.35,2.75,11.95,66.99,65.95,-16.32,39.80,-0.19,0.08,17.00,7000.00,-38.00,0.00,7.00
347871.00,2019-06-30 17:48:11.871,0.00,294.23,0.00,1.51,0.00,1.00,1.00,127.35,2.75,12.05,66.94,65.95,-16.32,39.80,-0.24,0.08,17.00,7000.00,-38.00,0.00,7.00
347971.00,2019-06-30 17:48:11.971,0.00,294.23,0.00,1.51,0.00,1.00,1.00,127.35,2.75,12.08,66.94,65.95,-16.28,39.80,-0.21,0.08,17.00,7000.00,-38.00,0.00,7.00
348071.00,2019-06-30 17:48:12.071,0.00,294.23,0.00,1.51,0.00,1.00,1.00,127.35,2.75,11.92,66.94,65.86,-16.28,39.84,-0.20,0.08,17.00,7000.00,-38.00,0.00,7.00
348171.00,2019-06-30 17:48:12.171,0.00,294.23,0.00,1.51,0.00,1.00,1.00,127.35,2.75,12.08,67.03,65.86,-16.36,39.84,-0.22,0.08,17.00,7000.00,-38.00,0.00,7.00
348271.00,2019-06-30 17:48:12.271,0.00,294.23,0.00,1.51,0.00,1.00,1.00,127.35,2.75,11.95,67.03,65.87,-16.36,39.84,-0.21,0.08,17.00,7000.00,-38.00,0.00,7.00
348371.00,2019-06-30 17:48:12.371,0.00,294.23,0.00,1.51,0.00,1.00,1.00,127.35,2.75,12.05,67.03,65.87,-16.36,39.84,-0.23,0.09,17.00,7000.00,-38.00,0.00,7.00
348471.00,2019-06-30 17:48:12.471,0.00,294.23,0.00,1.51,0.00,1.00,1.00,127.35,2.75,12.08,67.11,65.87,-16.22,39.84,-0.21,0.08,17.00,7000.00,-38.00,0.00,7.00
348571.00,2019-06-30 17:48:12.571,0.00,294.23,0.00,1.51,0.00,1.00,1.00,127.35,2.75,11.92,67.11,65.87,-16.22,39.84,-0.22,0.09,17.00,7000.00,-38.00,0.00,7.00
348671.00,2019-06-30 17:48:12.671,0.00,294.23,0.00,1.51,0.00,1.00,1.00,127.35,2.75,12.07,67.02,65.87,-16.17,39.84,-0.21,0.09,17.00,7000.00,-38.00,0.00,7.00
348771.00,2019-06-30 17:48:12.771,0.00,294.23,0.00,1.51,0.00,1.00,1.00,127.35,2.75,12.05,67.02,65.87,-16.17,39.84,-0.21,0.08,17.00,7000.00,-38.00,0.00,7.00
348871.00,2019-06-30 17:48:12.871,0.00,294.23,0.00,1.51,0.00,1.00,1.00,127.35,2.75,12.08,67.02,65.87,-16.17,39.88,-0.22,0.08,17.00,7000.00,-38.00,0.00,7.00
348971.00,2019-06-30 17:48:12.971,0.00,294.23,0.00,1.51,0.00,1.00,1.00,127.35,2.75,11.92,66.98,65.87,-16.18,39.88,-0.19,0.08,17.00,7000.00,-38.00,0.00,7.00
349071.00,2019-06-30 17:48:13.071,0.00,294.23,0.00,1.51,0.00,1.00,1.00,127.35,2.75,12.07,66.98,65.82,-16.18,39.88,-0.24,0.08,17.00,7000.00,-38.00,0.00,7.00
349171.00,2019-06-30 17:48:13.171,0.00,294.23,0.00,1.51,0.00,1.00,1.00,127.35,2.75,12.08,67.05,65.82,-16.18,39.88,-0.23,0.09,17.00,7000.00,-38.00,0.00,7.00
349271.00,2019-06-30 17:48:13.271,0.00,294.23,0.00,1.51,0.00,1.00,1.00,127.35,2.75,11.92,67.05,65.84,-16.12,39.78,-0.21,0.08,17.00,7000.00,-38.00,0.00,7.00
349371.00,2019-06-30 17:48:13.371,0.00,294.23,0.00,1.51,0.00,1.00,1.00,127.35,2.75,12.08,67.05,65.84,-16.12,39.78,-0.23,0.08,17.00,7000.00,-38.00,0.00,7.00
349471.00,2019-06-30 17:48:13.471,0.00,294.23,0.00,1.51,0.00,1.00,1.00,127.35,2.75,11.95,67.05,65.84,-16.10,39.78,-0.21,0.08,17.00,7000.00,-38.00,0.00,7.00
349571.00,2019-06-30 17:48:13.571,0.00,294.23,0.00,1.51,0.00,1.00,1.00,127.35,2.75,11.94,67.05,65.84,-16.10,39.78,-0.23,0.08,17.00,7000.00,-38.00,0.00,7.00
349671.00,2019-06-30 17:48:13.671,0.00,294.23,0.00,1.51,0.00,1.00,1.00,127.35,2.75,12.07,67.05,65.84,-16.10,39.90,-0.22,0.08,17.00,7000.00,-38.00,0.00,7.00
349771.00,2019-06-30 17:48:13.771,0.00,294.23,0.00,1.51,0.00,1.00,1.00,127.35,2.75,12.06,67.08,65.88,-16.02,39.90,-0.22,0.09,17.00,7000.00,-38.00,0.00,7.00
349871.00,2019-06-30 17:48:13.871,0.00,294.23,0.00,1.51,0.00,1.00,1.00,127.35,2.75,12.05,67.08,65.88,-16.02,39.90,-0.22,0.08,17.00,7000.00,-38.00,0.00,7.00
349971.00,2019-06-30 17:48:13.971,0.00,294.23,0.00,1.51,0.00,1.00,1.00,127.35,2.75,12.05,67.06,65.88,-15.90,39.90,-0.21,0.08,17.00,7000.00,-38.00,0.00,7.00
350071.00,2019-06-30 17:48:14.071,0.00,294.23,0.00,1.51,0.00,1.00,1.00,127.35,2.75,12.08,67.06,65.86,-15.90,39.84,-0.23,0.08,17.00,7000.00,-38.00,0.00,7.00
350171.00,2019-06-30 17:48:14.171,0.00,294.23,0.00,1.51,0.00,1.00,1.00,127.35,2.75,11.93,67.06,65.86,-15.90,39.84,-0.18,0.09,17.00,7000.00,-38.00,0.00,7.00
350271.00,2019-06-30 17:48:14.271,0.00,294.23,0.00,1.51,0.00,1.00,1.00,127.35,2.75,12.06,67.04,65.81,-15.94,39.84,-0.24,0.09,17.00,7000.00,-38.00,0.00,7.00
350371.00,2019-06-30 17:48:14.371,0.00,294.23,0.00,1.51,0.00,1.00,1.00,127.35,2.75,11.92,67.04,65.81,-15.94,39.84,-0.21,0.08,17.00,7000.00,-38.00,0.00,7.00
350471.00,2019-06-30 17:48:14.471,0.00,294.23,0.00,1.51,0.00,1.00,1.00,127.35,2.75,11.92,67.15,65.81,-15.94,39.80,-0.21,0.08,17.00,7000.00,-38.00,0.00,7.00
350571.00,2019-06-30 17:48:14.571,0.00,294.23,0.00,1.51,0.00,1.00,1.00,127.35,2.75,12.08,67.15,65.84,-15.92,39.80,-0.22,0.08,17.00,7000.00,-38.00,0.00,7.00
350671.00,2019-06-30 17:48:14.671,0.00,294.23,0.00,1.51,0.00,1.00,1.00,127.35,2.75,12.06,67.15,65.84,-15.92,39.80,-0.20,0.08,17.00,7000.00,-38.00,0.00,7.00
350771.00,2019-06-30 17:48:14.771,0.00,294.23,0.00,1.51,0.00,1.00,1.00,127.35,2.75,11.94,67.06,65.75,-15.88,39.80,-0.23,0.08,17.00,7000.00,-38.00,0.00,7.00
350871.00,2019-06-30 17:48:14.871,0.00,294.23,0.00,1.51,0.00,1.00,1.00,127.35,2.75,12.07,67.06,65.75,-15.88,39.80,-0.22,0.08,17.00,7000.00,-38.00,0.00,7.00
350971.00,2019-06-30 17:48:14.971,0.00,294.23,0.00,1.51,0.00,1.00,1.00,127.35,2.75,12.05,67.06,65.75,-15.88,39.80,-0.22,0.08,17.00,7000.00,-38.00,0.00,7.00
351071.00,2019-06-30 17:48:15.071,0.00,294.23,0.00,1.51,0.00,1.00,1.00,127.35,2.75,12.07,67.09,65.82,-15.76,39.80,-0.22,0.08,17.00,7000.00,-38.00,0.00,7.00
351171.00,2019-06-30 17:48:15.171,0.00,294.23,0.00,1.51,0.00,1.00,1.00,127.35,2.75,12.05,67.09,65.82,-15.76,39.80,-0.21,0.08,17.00,7000.00,-38.00,0.00,7.00
351271.00,2019-06-30 17:48:15.271,0.00,294.23,0.00,1.51,0.00,1.00,1.00,127.35,2.75,12.05,67.09,65.81,-15.73,39.80,-0.25,0.08,17.00,7000.00,-38.00,0.00,7.00
351371.00,2019-06-30 17:48:15.371,0.00,294.23,0.00,1.51,0.00,1.00,1.00,127.35,2.75,12.06,67.09,65.81,-15.73,39.80,-0.19,0.08,17.00,7000.00,-38.00,0.00,7.00
351471.00,2019-06-30 17:48:15.471,0.00,294.23,0.00,1.51,0.00,1.00,1.00,127.35,2.75,12.07,67.09,65.81,-15.73,39.80,-0.24,0.08,17.00,7000.00,-38.00,0.00,7.00
351571.00,2019-06-30 17:48:15.571,0.00,294.23,0.00,1.51,0.00,1.00,1.00,127.35,2.75,11.95,67.13,65.81,-15.75,39.80,-0.21,0.08,17.00,7000.00,-38.00,0.00,7.00
351671.00,2019-06-30 17:48:15.671,0.00,294.23,0.00,1.51,0.00,1.00,1.00,127.35,2.75,12.05,67.13,65.81,-15.75,39.92,-0.20,0.09,17.00,7000.00,-38.00,0.00,7.00
351771.00,2019-06-30 17:48:15.771,0.00,294.23,0.00,1.51,0.00,1.00,1.00,127.35,2.75,12.08,67.13,65.88,-15.75,39.92,-0.22,0.08,17.00,7000.00,-38.00,0.00,7.00
351871.00,2019-06-30 17:48:15.871,0.00,294.23,0.00,1.51,0.00,1.00,1.00,127.35,2.75,11.92,67.13,65.88,-15.65,39.92,-0.20,0.09,17.00,7000.00,-38.00,0.00,7.00
351971.00,2019-06-30 17:48:15.971,0.00,294.23,0.00,1.51,0.00,1.00,1.00,127.35,2.75,12.06,67.13,65.88,-15.65,39.92,-0.22,0.08,17.00,7000.00,-38.00,0.00,7.00
352071.00,2019-06-30 17:48:16.071,0.00,294.23,0.00,1.51,0.00,1.00,1.00,127.35,2.75,12.07,67.13,65.79,-15.65,39.87,-0.22,0.08,17.00,7000.00,-38.00,0.00,7.00
352171.00,2019-06-30 17:48:16.171,0.00,294.23,0.00,1.51,0.00,1.00,1.00,127.35,2.75,11.93,67.13,65.79,-15.65,39.87,-0.21,0.08,17.00,7000.00,-38.00,0.00,7.00
352271.00,2019-06-30 17:48:16.271,0.00,294.23,0.00,1.51,0.00,1.00,1.00,127.35,2.75,12.08,67.13,65.79,-15.65,39.87,-0.22,0.08,17.00,7000.00,-38.00,0.00,7.00
352371.00,2019-06-30 17:48:16.371,0.00,294.23,0.00,1.51,0.00,1.00,1.00,127.35,2.75,11.95,67.13,65.79,-15.59,39.87,-0.22,0.08,17.00,7000.00,-38.00,0.00,7.00
352471.00,2019-06-30 17:48:16.471,0.00,294.23,0.00,1.51,0.00,1.00,1.00,127.35,2.75,12.05,67.13,65.79,-15.59,39.84,-0.23,0.08,17.00,7000.00,-38.00,0.00,7.00
352571.00,2019-06-30 17:48:16.571,0.00,294.23,0.00,1.51,0.00,1.00,1.00,127.35,2.75,12.08,67.11,65.80,-15.54,39.84,-0.19,0.08,17.00,7000.00,-38.00,0.00,7.00
352671.00,2019-06-30 17:48:16.671,0.00,294.23,0.00,1.51,0.00,1.00,1.00,127.35,2.75,11.92,67.11,65.80,-15.54,39.84,-0.25,0.08,17.00,7000.00,-38.00,0.00,7.00
352771.00,2019-06-30 17:48:16.771,0.00,294.23,0.00,1.51,0.00,1.00,1.00,127.35,2.75,12.08,67.11,65.70,-15.54,39.84,-0.22,0.08,17.00,7000.00,-38.00,0.00,7.00
352871.00,2019-06-30 17:48:16.871,0.00,294.23,0.00,1.51,0.00,1.00,1.00,127.35,2.75,12.05,67.15,65.70,-15.52,39.89,-0.21,0.08,17.00,7000.00,-38.00,0.00,7.00
352971.00,2019-06-30 17:48:16.971,0.00,294.23,0.00,1.51,0.00,1.00,1.00,127.35,2.75,11.95,67.15,65.70,-15.52,39.89,-0.22,0.08,17.00,7000.00,-38.00,0.00,7.00
353071.00,2019-06-30 17:48:17.071,0.00,294.23,0.00,1.51,0.00,1.00,1.00,127.35,2.75,12.08,67.16,65.77,-15.52,39.89,-0.19,0.08,17.00,7000.00,-38.00,0.00,7.00
353171.00,2019-06-30 17:48:17.171,0.00,294.23,0.00,1.51,0.00,1.00,1.00,127.35,2.75,11.91,67.16,65.77,-15.58,39.89,-0.23,0.08,17.00,7000.00,-38.00,0.00,7.00
353271.00,2019-06-30 17:48:17.271,0.00,294.23,0.00,1.51,0.00,1.00,1.00,127.35,2.75,12.08,67.16,65.73,-15.58,39.84,-0.21,0.08,17.00,7000.00,-38.00,0.00,7.00
353371.00,2019-06-30 17:48:17.371,0.00,294.23,0.00,1.51,0.00,1.00,1.00,127.35,2.75,12.06,67.13,65.73,-15.47,39.84,-0.20,0.08,17.00,7000.00,-38.00,0.00,7.00
353471.00,2019-06-30 17:48:17.471,0.00,294.23,0.00,1.51,0.00,1.00,1.00,127.35,2.75,11.94,67.13,65.73,-15.47,39.84,-0.22,0.08,17.00,7000.00,-38.00,0.00,7.00
353571.00,2019-06-30 17:48:17.571,0.00,294.23,0.00,1.51,0.00,1.00,1.00,127.35,2.75,12.07,67.22,65.63,-15.47,39.84,-0.21,0.08,17.00,7000.00,-38.00,0.00,7.00
353671.00,2019-06-30 17:48:17.671,0.00,294.23,0.00,1.51,0.00,1.00,1.00,127.35,2.75,12.05,67.22,65.63,-15.43,39.73,-0.21,0.08,17.00,7000.00,-38.00,0.00,7.00
353771.00,2019-06-30 17:48:17.771,0.00,294.23,0.00,1.51,0.00,1.00,1.00,127.35,2.75,11.93,67.22,65.60,-15.43,39.73,-0.20,0.09,17.00,7000.00,-38.00,0.00,7.00
353871.00,2019-06-30 17:48:17.871,0.00,294.23,0.00,1.51,0.00,1.00,1.00,127.35,2.75,12.07,67.22,65.60,-15.38,39.73,-0.23,0.08,17.00,7000.00,-38.00,0.00,7.00
353971.00,2019-06-30 17:48:17.971,0.00,294.23,0.00,1.51,0.00,1.00,1.00,127.35,2.75,12.08,67.22,65.60,-15.38,39.73,-0.22,0.09,17.00,7000.00,-38.00,0.00,7.00
354071.00,2019-06-30 17:48:18.071,0.00,294.23,0.00,1.51,0.00,1.00,1.00,127.35,2.75,12.06,67.22,65.66,-15.38,39.76,-0.21,0.08,17.00,7000.00,-38.00,0.00,7.00
354171.00,2019-06-30 17:48:18.171,0.00,294.23,0.00,1.51,0.00,1.00,1.00,127.35,2.75,12.06,67.25,65.66,-15.33,39.76,-0.22,0.08,17.00,7000.00,-38.00,0.00,7.00
354271.00,2019-06-30 17:48:18.271,0.00,294.23,0.00,1.51,0.00,1.00,1.00,127.35,2.75,11.95,67.25,65.67,-15.33,39.76,-0.21,0.08,17.00,7000.00,-38.00,0.00,7.00
354371.00,2019-06-30 17:48:18.371,0.00,294.23,0.00,1.51,0.00,1.00,1.00,127.35,2.75,12.05,67.11,65.67,-15.33,39.76,-0.22,0.08,17.00,7000.00,-38.00,0.00,7.00
354471.00,2019-06-30 17:48:18.471,0.00,294.23,0.00,1.51,0.00,1.00,1.00,127.35,2.75,12.08,67.11,65.67,-15.34,39.80,-0.23,0.08,17.00,7000.00,-38.00,0.00,7.00
354571.00,2019-06-30 17:48:18.571,0.00,294.23,0.00,1.51,0.00,1.00,1.00,127.35,2.75,11.92,67.11,65.63,-15.34,39.80,-0.21,0.09,17.00,7000.00,-38.00,0.00,7.00
354671.00,2019-06-30 17:48:18.671,0.00,294.23,0.00,1.51,0.00,1.00,1.00,127.35,2.75,12.07,67.16,65.63,-15.27,39.80,-0.21,0.08,17.00,7000.00,-38.00,0.00,7.00
354771.00,2019-06-30 17:48:18.771,0.00,294.23,0.00,1.51,0.00,1.00,1.00,127.35,2.75,12.05,67.16,65.65,-15.27,39.80,-0.21,0.08,17.00,7000.00,-38.00,0.00,7.00
354871.00,2019-06-30 17:48:18.871,0.00,294.23,0.00,1.51,0.00,1.00,1.00,127.35,2.75,12.06,67.24,65.65,-15.27,39.77,-0.22,0.08,17.00,7000.00,-38.00,0.00,7.00
354971.00,2019-06-30 17:48:18.971,0.00,294.23,0.00,1.51,0.00,1.00,1.00,127.35,2.75,12.06,67.24,65.65,-15.23,39.77,-0.20,0.08,17.00,7000.00,-38.00,0.00,7.00
355071.00,2019-06-30 17:48:19.071,0.00,294.23,0.00,1.51,0.00,1.00,1.00,127.35,2.75,12.07,67.24,65.66,-15.23,39.77,-0.24,0.08,17.00,7000.00,-38.00,0.00,7.00
355171.00,2019-06-30 17:48:19.171,0.00,294.23,0.00,1.51,0.00,1.00,1.00,127.35,2.75,12.08,67.23,65.66,-15.27,39.77,-0.21,0.08,17.00,7000.00,-38.00,0.00,7.00
355271.00,2019-06-30 17:48:19.271,0.00,294.23,0.00,1.51,0.00,1.00,1.00,127.35,2.75,12.05,67.23,65.63,-15.27,39.80,-0.22,0.08,17.00,7000.00,-38.00,0.00,7.00
355371.00,2019-06-30 17:48:19.371,0.00,294.23,0.00,1.51,0.00,1.00,1.00,127.35,2.75,11.95,67.20,65.63,-15.27,39.80,-0.24,0.08,17.00,7000.00,-38.00,0.00,7.00
355471.00,2019-06-30 17:48:19.471,0.00,294.23,0.00,1.51,0.00,1.00,1.00,127.35,2.75,12.06,67.20,65.63,-15.15,39.80,-0.21,0.08,17.00,7000.00,-38.00,0.00,7.00
355571.00,2019-06-30 17:48:19.571,0.00,294.23,0.00,1.51,0.00,1.00,1.00,127.35,2.75,11.91,67.20,65.68,-15.15,39.80,-0.23,0.08,17.00,7000.00,-38.00,0.00,7.00
355671.00,2019-06-30 17:48:19.671,0.00,294.23,0.00,1.51,0.00,1.00,1.00,127.35,2.75,12.08,67.23,65.68,-15.15,39.76,-0.22,0.09,17.00,7000.00,-38.00,0.00,7.00
355771.00,2019-06-30 17:48:19.771,0.00,294.23,0.00,1.51,0.00,1.00,1.00,127.35,2.75,12.06,67.23,65.61,-15.15,39.76,-0.23,0.08,17.00,7000.00,-38.00,0.00,7.00
355871.00,2019-06-30 17:48:19.871,0.00,294.23,0.00,1.51,0.00,1.00,1.00,127.35,2.75,11.94,67.23,65.61,-15.15,39.76,-0.22,0.08,17.00,7000.00,-38.00,0.00,7.00
355971.00,2019-06-30 17:48:19.971,0.00,294.23,0.00,1.51,0.00,1.00,1.00,127.35,2.75,12.07,67.20,65.61,-15.09,39.76,-0.21,0.08,17.00,7000.00,-38.00,0.00,7.00
356071.00,2019-06-30 17:48:20.071,0.00,294.23,0.00,1.51,0.00,1.00,1.00,127.35,2.75,12.06,67.20,65.61,-15.09,39.85,-0.23,0.08,17.00,7000.00,-38.00,0.00,7.00
356171.00,2019-06-30 17:48:20.171,0.00,294.23,0.00,1.51,0.00,1.00,1.00,127.35,2.75,11.95,67.25,65.61,-15.09,39.85,-0.19,0.08,17.00,7000.00,-38.00,0.00,7.00
356271.00,2019-06-30 17:48:20.271,0.00,294.23,0.00,1.51,0.00,1.00,1.00,127.35,2.75,12.05,67.25,65.63,-15.04,39.85,-0.24,0.08,17.00,7000.00,-38.00,0.00,7.00
356371.00,2019-06-30 17:48:20.371,0.00,294.23,0.00,1.51,0.00,1.00,1.00,127.35,2.75,12.08,67.25,65.63,-15.04,39.85,-0.22,0.08,17.00,7000.00,-38.00,0.00,7.00
356471.00,2019-06-30 17:48:20.471,0.00,294.23,0.00,1.51,0.00,1.00,1.00,127.35,2.75,11.91,67.23,65.63,-14.93,39.87,-0.21,0.08,17.00,7000.00,-38.00,0.00,7.00
356571.00,2019-06-30 17:48:20.571,0.00,294.23,0.00,1.51,0.00,1.00,1.00,127.35,2.75,12.05,67.23,65.68,-14.93,39.87,-0.23,0.08,17.00,7000.00,-38.00,0.00,7.00
356671.00,2019-06-30 17:48:20.671,0.00,294.23,0.00,1.51,0.00,1.00,1.00,127.35,2.75,12.06,67.27,65.68,-14.93,39.87,-0.21,0.08,17.00,7000.00,-38.00,0.00,7.00
356771.00,2019-06-30 17:48:20.771,0.00,294.23,0.00,1.51,0.00,1.00,1.00,127.35,2.75,11.93,67.27,65.67,-14.92,39.87,-0.23,0.08,17.00,7000.00,-38.00,0.00,7.00
356871.00,2019-06-30 17:48:20.871,0.00,294.23,0.00,1.51,0.00,1.00,1.00,127.35,2.75,12.06,67.27,65.67,-14.92,39.78,-0.21,0.08,17.00,7000.00,-38.00,0.00,7.00
356971.00,2019-06-30 17:48:20.971,0.00,294.23,0.00,1.51,0.00,1.00,1.00,127.35,2.75,12.06,67.25,65.67,-14.92,39.78,-0.21,0.08,17.00,7000.00,-38.00,0.00,7.00
357071.00,2019-06-30 17:48:21.071,0.00,294.23,0.00,1.51,0.00,1.00,1.00,127.35,2.75,12.05,67.25,65.56,-14.88,39.78,-0.22,0.09,17.00,7000.00,-38.00,0.00,7.00
357171.00,2019-06-30 17:48:21.171,0.00,294.23,0.00,1.51,0.00,1.00,1.00,127.35,2.75,12.08,67.25,65.56,-14.88,39.78,-0.21,0.08,17.00,7000.00,-38.00,0.00,7.00
357271.00,2019-06-30 17:48:21.271,0.00,294.23,0.00,1.51,0.00,1.00,1.00,127.35,2.75,11.92,67.20,65.68,-14.84,39.88,-0.22,0.08,17.00,7000.00,-38.00,0.00,7.00
357371.00,2019-06-30 17:48:21.371,0.00,294.23,0.00,1.51,0.00,1.00,1.00,127.35,2.75,11.93,67.20,65.68,-14.84,39.88,-0.20,0.08,17.00,7000.00,-38.00,0.00,7.00
357471.00,2019-06-30 17:48:21.471,0.00,294.23,0.00,1.51,0.00,1.00,1.00,127.35,2.75,12.07,67.25,65.68,-14.84,39.88,-0.24,0.09,17.00,7000.00,-38.00,0.00,7.00
357571.00,2019-06-30 17:48:21.571,0.00,294.23,0.00,1.51,0.00,1.00,1.00,127.35,2.75,11.93,67.25,65.56,-14.82,39.88,-0.22,0.08,17.00,7000.00,-38.00,0.00,7.00
357671.00,2019-06-30 17:48:21.671,0.00,294.23,0.00,1.51,0.00,1.00,1.00,127.35,2.75,12.08,67.25,65.56,-14.82,39.91,-0.20,0.08,17.00,7000.00,-38.00,0.00,7.00
357771.00,2019-06-30 17:48:21.771,0.00,294.23,0.00,1.51,0.00,1.00,1.00,127.35,2.75,12.05,67.37,65.56,-14.77,39.91,-0.22,0.08,17.00,7000.00,-38.00,0.00,7.00
357871.00,2019-06-30 17:48:21.871,0.00,294.23,0.00,1.51,0.00,1.00,1.00,127.35,2.75,12.06,67.37,65.56,-14.77,39.91,-0.21,0.08,17.00,7000.00,-38.00,0.00,7.00
357971.00,2019-06-30 17:48:21.971,0.00,294.23,0.00,1.51,0.00,1.00,1.00,127.35,2.75,11.94,67.32,65.56,-14.77,39.91,-0.22,0.08,17.00,7000.00,-38.00,0.00,7.00
358071.00,2019-06-30 17:48:22.071,0.00,294.23,0.00,1.51,0.00,1.00,1.00,127.35,2.75,12.07,67.32,65.55,-14.73,39.85,-0.21,0.08,17.00,7000.00,-38.00,0.00,7.00
358171.00,2019-06-30 17:48:22.171,0.00,294.23,0.00,1.51,0.00,1.00,1.00,127.35,2.75,12.05,67.32,65.55,-14.73,39.85,-0.21,0.08,17.00,7000.00,-38.00,0.00,7.00
358271.00,2019-06-30 17:48:22.271,0.00,294.23,0.00,1.51,0.00,1.00,1.00,127.35,2.75,11.95,67.27,65.55,-14.73,39.85,-0.21,0.08,17.00,7000.00,-38.00,0.00,7.00
358371.00,2019-06-30 17:48:22.371,0.00,294.23,0.00,1.51,0.00,1.00,1.00,127.35,2.75,12.05,67.27,65.55,-14.72,39.85,-0.22,0.08,17.00,7000.00,-38.00,0.00,7.00
358471.00,2019-06-30 17:48:22.471,0.00,294.23,0.00,1.51,0.00,1.00,1.00,127.35,2.75,12.07,67.31,65.55,-14.72,39.80,-0.22,0.08,17.00,7000.00,-38.00,0.00,7.00
358571.00,2019-06-30 17:48:22.571,0.00,294.23,0.00,1.51,0.00,1.00,1.00,127.35,2.75,11.93,67.31,65.58,-14.60,39.80,-0.19,0.08,17.00,7000.00,-38.00,0.00,7.00
358671.00,2019-06-30 17:48:22.671,0.00,294.23,0.00,1.51,0.00,1.00,1.00,127.35,2.75,12.05,67.31,65.58,-14.60,39.80,-0.23,0.08,17.00,7000.00,-38.00,0.00,7.00
358771.00,2019-06-30 17:48:22.771,0.00,294.23,0.00,1.51,0.00,1.00,1.00,127.35,2.75,11.95,67.29,65.54,-14.60,39.80,-0.22,0.08,17.00,7000.00,-38.00,0.00,7.00
358871.00,2019-06-30 17:48:22.871,0.00,294.23,0.00,1.51,0.00,1.00,1.00,127.35,2.75,12.08,67.29,65.54,-14.70,39.87,-0.21,0.08,17.00,7000.00,-38.00,0.00,7.00
358971.00,2019-06-30 17:48:22.971,0.00,294.23,0.00,1.51,0.00,1.00,1.00,127.35,2.75,12.08,67.29,65.54,-14.70,39.87,-0.21,0.09,17.00,7000.00,-38.00,0.00,7.00
359071.00,2019-06-30 17:48:23.071,0.00,294.23,0.00,1.51,0.00,1.00,1.00,127.35,2.75,11.92,67.27,65.54,-14.53,39.87,-0.20,0.09,17.00,7000.00,-38.00,0.00,7.00
359171.00,2019-06-30 17:48:23.171,0.00,294.23,0.00,1.51,0.00,1.00,1.00,127.35,2.75,12.07,67.27,65.54,-14.53,39.87,-0.21,0.08,17.00,7000.00,-38.00,0.00,7.00
359271.00,2019-06-30 17:48:23.271,0.00,294.23,0.00,1.51,0.00,1.00,1.00,127.35,2.75,12.07,67.32,65.54,-14.53,39.85,-0.22,0.08,17.00,7000.00,-38.00,0.00,7.00
359371.00,2019-06-30 17:48:23.371,0.00,294.23,0.00,1.51,0.00,1.00,1.00,127.35,2.75,12.05,67.32,65.54,-14.62,39.85,-0.21,0.08,17.00,7000.00,-38.00,0.00,7.00
359471.00,2019-06-30 17:48:23.471,0.00,294.23,0.00,1.51,0.00,1.00,1.00,127.35,2.75,12.07,67.32,65.54,-14.62,39.85,-0.22,0.08,17.00,7000.00,-38.00,0.00,7.00
359571.00,2019-06-30 17:48:23.571,0.00,294.23,0.00,1.51,0.00,1.00,1.00,127.35,2.75,11.92,67.34,65.49,-14.62,39.85,-0.21,0.09,17.00,7000.00,-38.00,0.00,7.00
359671.00,2019-06-30 17:48:23.671,0.00,294.23,0.00,1.51,0.00,1.00,1.00,127.35,2.75,12.06,67.34,65.49,-14.47,39.78,-0.22,0.08,17.00,7000.00,-38.00,0.00,7.00
359771.00,2019-06-30 17:48:23.771,0.00,294.23,0.00,1.51,0.00,1.00,1.00,127.35,2.75,11.95,67.34,65.59,-14.47,39.78,-0.18,0.09,17.00,7000.00,-38.00,0.00,7.00
359871.00,2019-06-30 17:48:23.871,0.00,294.23,0.00,1.51,0.00,1.00,1.00,127.35,2.75,12.05,67.34,65.59,-14.43,39.78,-0.23,0.08,17.00,7000.00,-38.00,0.00,7.00
359971.00,2019-06-30 17:48:23.971,0.00,294.23,0.00,1.51,0.00,1.00,1.00,127.35,2.75,12.08,67.34,65.59,-14.43,39.78,-0.22,0.08,17.00,7000.00,-38.00,0.00,7.00
360071.00,2019-06-30 17:48:24.071,0.00,294.23,0.00,1.51,0.00,1.00,1.00,127.35,2.75,11.92,67.37,65.52,-14.43,39.87,-0.21,0.08,17.00,7000.00,-38.00,0.00,7.00
360171.00,2019-06-30 17:48:24.171,0.00,294.23,0.00,1.51,0.00,1.00,1.00,127.35,2.75,12.08,67.37,65.52,-14.49,39.87,-0.22,0.08,17.00,7000.00,-38.00,0.00,7.00
360271.00,2019-06-30 17:48:24.271,0.00,294.23,0.00,1.51,0.00,1.00,1.00,127.35,2.75,12.06,67.37,65.47,-14.49,39.87,-0.21,0.08,17.00,7000.00,-38.00,0.00,7.00
360371.00,2019-06-30 17:48:24.371,0.00,294.23,0.00,1.51,0.00,1.00,1.00,127.35,2.75,12.07,67.29,65.47,-14.32,39.87,-0.23,0.08,17.00,7000.00,-38.00,0.00,7.00
360471.00,2019-06-30 17:48:24.471,0.00,294.23,0.00,1.51,0.00,1.00,1.00,127.35,2.75,12.07,67.29,65.47,-14.32,39.75,-0.22,0.08,17.00,7000.00,-38.00,0.00,7.00
360571.00,2019-06-30 17:48:24.571,0.00,294.23,0.00,1.51,0.00,1.00,1.00,127.35,2.75,12.05,67.32,65.49,-14.32,39.75,-0.22,0.08,17.00,7000.00,-38.00,0.00,7.00
360671.00,2019-06-30 17:48:24.671,0.00,294.23,0.00,1.51,0.00,1.00,1.00,127.35,2.75,11.95,67.32,65.49,-14.30,39.75,-0.21,0.08,17.00,7000.00,-38.00,0.00,7.00
360771.00,2019-06-30 17:48:24.771,0.00,294.23,0.00,1.51,0.00,1.00,1.00,127.35,2.75,12.08,67.32,65.48,-14.30,39.75,-0.21,0.08,17.00,7000.00,-38.00,0.00,7.00
360871.00,2019-06-30 17:48:24.871,0.00,294.23,0.00,1.51,0.00,1.00,1.00,127.35,2.75,12.08,67.34,65.48,-14.30,39.82,-0.23,0.08,17.00,7000.00,-38.00,0.00,7.00
360971.00,2019-06-30 17:48:24.971,0.00,294.23,0.00,1.51,0.00,1.00,1.00,127.35,2.75,12.08,67.34,65.48,-14.30,39.82,-0.19,0.08,17.00,7000.00,-38.00,0.00,7.00
361071.00,2019-06-30 17:48:25.071,0.00,294.23,0.00,1.51,0.00,1.00,1.00,127.35,2.75,12.05,67.34,65.47,-14.30,39.82,-0.24,0.08,17.00,7000.00,-38.00,0.00,7.00
361171.00,2019-06-30 17:48:25.171,0.00,294.23,0.00,1.51,0.00,1.00,1.00,127.35,2.75,11.95,67.41,65.47,-14.19,39.82,-0.21,0.08,17.00,7000.00,-38.00,0.00,7.00
361271.00,2019-06-30 17:48:25.271,0.00,294.23,0.00,1.51,0.00,1.00,1.00,127.35,2.75,12.06,67.41,65.40,-14.19,39.80,-0.22,0.08,17.00,7000.00,-38.00,0.00,7.00
361371.00,2019-06-30 17:48:25.371,0.00,294.23,0.00,1.51,0.00,1.00,1.00,127.35,2.75,12.06,67.37,65.40,-14.19,39.80,-0.21,0.08,17.00,7000.00,-38.00,0.00,7.00
361471.00,2019-06-30 17:48:25.471,0.00,294.23,0.00,1.51,0.00,1.00,1.00,127.35,2.75,11.95,67.37,65.40,-14.19,39.80,-0.21,0.08,17.00,7000.00,-38.00,0.00,7.00
361571.00,2019-06-30 17:48:25.571,0.00,294.23,0.00,1.51,0.00,1.00,1.00,127.35,2.75,12.07,67.37,65.44,-14.19,39.80,-0.22,0.08,17.00,7000.00,-38.00,0.00,7.00
361671.00,2019-06-30 17:48:25.671,0.00,294.23,0.00,1.51,0.00,1.00,1.00,127.35,2.75,11.95,67.34,65.44,-14.17,39.80,-0.20,0.08,17.00,7000.00,-38.00,0.00,7.00
361771.00,2019-06-30 17:48:25.771,0.00,294.23,0.00,1.51,0.00,1.00,1.00,127.35,2.75,12.06,67.34,65.45,-14.17,39.80,-0.21,0.07,17.00,7000.00,-38.00,0.00,7.00
361871.00,2019-06-30 17:48:25.871,0.00,294.23,0.00,1.51,0.00,1.00,1.00,127.35,2.75,12.08,67.30,65.45,-14.17,39.80,-0.20,0.08,17.00,7000.00,-38.00,0.00,7.00
361971.00,2019-06-30 17:48:25.971,0.00,294.23,0.00,1.51,0.00,1.00,1.00,127.35,2.75,11.92,67.30,65.45,-14.21,39.80,-0.20,0.09,17.00,7000.00,-38.00,0.00,7.00
362071.00,2019-06-30 17:48:26.071,0.00,294.23,0.00,1.51,0.00,1.00,1.00,127.35,2.75,12.06,67.30,65.39,-14.21,39.78,-0.25,0.08,17.00,7000.00,-38.00,0.00,7.00
362171.00,2019-06-30 17:48:26.171,0.00,294.23,0.00,1.51,0.00,1.00,1.00,127.35,2.75,12.07,67.34,65.39,-14.21,39.78,-0.19,0.08,17.00,7000.00,-38.00,0.00,7.00
362271.00,2019-06-30 17:48:26.271,0.00,294.23,0.00,1.51,0.00,1.00,1.00,127.35,2.75,11.93,67.34,65.38,-14.13,39.78,-0.23,0.08,17.00,7000.00,-38.00,0.00,7.00
362371.00,2019-06-30 17:48:26.371,0.00,294.23,0.00,1.51,0.00,1.00,1.00,127.35,2.75,12.07,67.34,65.38,-14.13,39.78,-0.22,0.08,17.00,7000.00,-38.00,0.00,7.00
362471.00,2019-06-30 17:48:26.471,0.00,294.23,0.00,1.51,0.00,1.00,1.00,127.35,2.75,11.93,67.34,65.38,-14.16,39.78,-0.21,0.09,17.00,7000.00,-38.00,0.00,7.00
362571.00,2019-06-30 17:48:26.571,0.00,294.23,0.00,1.51,0.00,1.00,1.00,127.35,2.75,12.06,67.34,65.38,-14.16,39.78,-0.22,0.08,17.00,7000.00,-38.00,0.00,7.00
362671.00,2019-06-30 17:48:26.671,0.00,294.23,0.00,1.51,0.00,1.00,1.00,127.35,2.75,11.95,67.31,65.38,-14.16,39.78,-0.20,0.08,17.00,7000.00,-38.00,0.00,7.00
362771.00,2019-06-30 17:48:26.771,0.00,294.23,0.00,1.51,0.00,1.00,1.00,127.35,2.75,12.06,67.31,65.38,-14.05,39.78,-0.23,0.08,17.00,7000.00,-38.00,0.00,7.00
362871.00,2019-06-30 17:48:26.871,0.00,294.23,0.00,1.51,0.00,1.00,1.00,127.35,2.75,12.07,67.31,65.38,-14.05,39.76,-0.22,0.08,17.00,7000.00,-38.00,0.00,7.00
362971.00,2019-06-30 17:48:26.971,0.00,294.23,0.00,1.51,0.00,1.00,1.00,127.35,2.75,12.06,67.37,65.38,-13.94,39.76,-0.22,0.08,17.00,7000.00,-38.00,0.00,7.00
363071.00,2019-06-30 17:48:27.071,0.00,294.23,0.00,1.51,0.00,1.00,1.00,127.35,2.75,11.95,67.37,65.40,-13.94,39.76,-0.23,0.08,17.00,7000.00,-38.00,0.00,7.00
363171.00,2019-06-30 17:48:27.171,0.00,294.23,0.00,1.51,0.00,1.00,1.00,127.35,2.75,12.08,67.34,65.40,-13.94,39.76,-0.21,0.08,17.00,7000.00,-38.00,0.00,7.00
363271.00,2019-06-30 17:48:27.271,0.00,294.23,0.00,1.51,0.00,1.00,1.00,127.35,2.75,12.08,67.34,65.35,-13.96,39.84,-0.22,0.09,17.00,7000.00,-38.00,0.00,7.00
363371.00,2019-06-30 17:48:27.371,0.00,294.23,0.00,1.51,0.00,1.00,1.00,127.35,2.75,11.93,67.34,65.35,-13.96,39.84,-0.19,0.08,17.00,7000.00,-38.00,0.00,7.00
363471.00,2019-06-30 17:48:27.471,0.00,294.23,0.00,1.51,0.00,1.00,1.00,127.35,2.75,12.06,67.34,65.35,-13.96,39.84,-0.23,0.09,17.00,7000.00,-38.00,0.00,7.00
363571.00,2019-06-30 17:48:27.571,0.00,294.23,0.00,1.51,0.00,1.00,1.00,127.35,2.75,12.08,67.34,65.40,-13.94,39.84,-0.23,0.08,17.00,7000.00,-38.00,0.00,7.00
363671.00,2019-06-30 17:48:27.671,0.00,294.23,0.00,1.51,0.00,1.00,1.00,127.35,2.75,12.06,67.38,65.40,-13.94,39.87,-0.22,0.08,17.00,7000.00,-38.00,0.00,7.00
363771.00,2019-06-30 17:48:27.771,0.00,294.23,0.00,1.51,0.00,1.00,1.00,127.35,2.75,12.07,67.38,65.39,-13.88,39.87,-0.22,0.08,17.00,7000.00,-38.00,0.00,7.00
363871.00,2019-06-30 17:48:27.871,0.00,294.23,0.00,1.51,0.00,1.00,1.00,127.35,2.75,11.92,67.38,65.39,-13.88,39.87,-0.21,0.08,17.00,7000.00,-38.00,0.00,7.00
363971.00,2019-06-30 17:48:27.971,0.00,294.23,0.00,1.51,0.00,1.00,1.00,127.35,2.75,12.07,67.41,65.39,-13.88,39.87,-0.23,0.08,17.00,7000.00,-38.00,0.00,7.00
364071.00,2019-06-30 17:48:28.071,0.00,294.23,0.00,1.51,0.00,1.00,1.00,127.35,2.75,12.07,67.41,65.41,-13.74,39.76,-0.21,0.08,17.00,7000.00,-38.00,0.00,7.00
364171.00,2019-06-30 17:48:28.171,0.00,294.23,0.00,1.51,0.00,1.00,1.00,127.35,2.75,11.92,67.41,65.41,-13.74,39.76,-0.21,0.08,17.00,7000.00,-38.00,0.00,7.00
364271.00,2019-06-30 17:48:28.271,0.00,294.23,0.00,1.51,0.00,1.00,1.00,127.35,2.75,12.08,67.37,65.34,-13.76,39.76,-0.22,0.08,17.00,7000.00,-38.00,0.00,7.00
364371.00,2019-06-30 17:48:28.371,0.00,294.23,0.00,1.51,0.00,1.00,1.00,127.35,2.75,11.94,67.37,65.34,-13.76,39.76,-0.21,0.08,17.00,7000.00,-38.00,0.00,7.00
364471.00,2019-06-30 17:48:28.471,0.00,294.23,0.00,1.51,0.00,1.00,1.00,127.35,2.75,12.05,67.43,65.34,-13.76,39.85,-0.22,0.08,17.00,7000.00,-38.00,0.00,7.00
364571.00,2019-06-30 17:48:28.571,0.00,294.23,0.00,1.51,0.00,1.00,1.00,127.35,2.75,12.08,67.43,65.34,-13.69,39.85,-0.19,0.08,17.00,7000.00,-38.00,0.00,7.00
364671.00,2019-06-30 17:48:28.671,0.00,294.23,0.00,1.51,0.00,1.00,1.00,127.35,2.75,12.07,67.43,65.34,-13.69,39.85,-0.24,0.08,17.00,7000.00,-38.00,0.00,7.00
364771.00,2019-06-30 17:48:28.771,0.00,294.23,0.00,1.51,0.00,1.00,1.00,127.35,2.75,12.08,67.44,65.38,-13.69,39.85,-0.22,0.07,17.00,7000.00,-38.00,0.00,7.00
364871.00,2019-06-30 17:48:28.871,0.00,294.23,0.00,1.51,0.00,1.00,1.00,127.35,2.75,12.05,67.44,65.38,-13.70,39.88,-0.22,0.08,17.00,7000.00,-38.00,0.00,7.00
364971.00,2019-06-30 17:48:28.971,0.00,294.23,0.00,1.51,0.00,1.00,1.00,127.35,2.75,12.06,67.44,65.38,-13.70,39.88,-0.22,0.08,17.00,7000.00,-38.00,0.00,7.00
365071.00,2019-06-30 17:48:29.071,0.00,294.23,0.00,1.51,0.00,1.00,1.00,127.35,2.75,12.08,67.44,65.42,-13.58,39.88,-0.21,0.08,17.00,7000.00,-38.00,0.00,7.00
365171.00,2019-06-30 17:48:29.171,0.00,294.23,0.00,1.51,0.00,1.00,1.00,127.35,2.75,11.91,67.44,65.42,-13.58,39.88,-0.23,0.08,17.00,7000.00,-38.00,0.00,7.00
365271.00,2019-06-30 17:48:29.271,0.00,294.23,0.00,1.51,0.00,1.00,1.00,127.35,2.75,12.08,67.44,65.30,-13.58,39.87,-0.22,0.08,17.00,7000.00,-38.00,0.00,7.00
365371.00,2019-06-30 17:48:29.371,0.00,294.23,0.00,1.51,0.00,1.00,1.00,127.35,2.75,12.05,67.44,65.30,-13.62,39.87,-0.22,0.08,17.00,7000.00,-38.00,0.00,7.00
365471.00,2019-06-30 17:48:29.471,0.00,294.23,0.00,1.51,0.00,1.00,1.00,127.35,2.75,11.95,67.48,65.30,-13.62,39.87,-0.22,0.08,17.00,7000.00,-38.00,0.00,7.00
365571.00,2019-06-30 17:48:29.571,0.00,294.23,0.00,1.51,0.00,1.00,1.00,127.35,2.75,12.07,67.48,65.36,-13.55,39.87,-0.21,0.08,17.00,7000.00,-38.00,0.00,7.00
365671.00,2019-06-30 17:48:29.671,0.00,294.23,0.00,1.51,0.00,1.00,1.00,127.35,2.75,11.92,67.48,65.36,-13.55,39.91,-0.23,0.08,17.00,7000.00,-38.00,0.00,7.00
365771.00,2019-06-30 17:48:29.771,0.00,294.23,0.00,1.51,0.00,1.00,1.00,127.35,2.75,12.08,67.36,65.31,-13.55,39.91,-0.19,0.08,17.00,7000.00,-38.00,0.00,7.00
365871.00,2019-06-30 17:48:29.871,0.00,294.23,0.00,1.51,0.00,1.00,1.00,127.35,2.75,12.05,67.36,65.31,-13.52,39.91,-0.22,0.08,17.00,7000.00,-38.00,0.00,7.00
365971.00,2019-06-30 17:48:29.971,0.00,294.23,0.00,1.51,0.00,1.00,1.00,127.35,2.75,11.94,67.36,65.31,-13.52,39.91,-0.21,0.07,17.00,7000.00,-38.00,0.00,7.00
366071.00,2019-06-30 17:48:30.071,0.00,294.23,0.00,1.51,0.00,1.00,1.00,127.35,2.75,12.07,67.41,65.33,-13.52,39.89,-0.19,0.08,17.00,7000.00,-38.00,0.00,7.00
366171.00,2019-06-30 17:48:30.171,0.00,294.23,0.00,1.51,0.00,1.00,1.00,127.35,2.75,12.06,67.41,65.33,-13.62,39.89,-0.22,0.08,17.00,7000.00,-38.00,0.00,7.00
366271.00,2019-06-30 17:48:30.271,0.00,294.23,0.00,1.51,0.00,1.00,1.00,127.35,2.75,11.95,67.46,65.30,-13.62,39.89,-0.21,0.08,17.00,7000.00,-38.00,0.00,7.00
366371.00,2019-06-30 17:48:30.371,0.00,294.23,0.00,1.51,0.00,1.00,1.00,127.35,2.75,12.05,67.46,65.30,-13.53,39.89,-0.23,0.08,17.00,7000.00,-38.00,0.00,7.00
366471.00,2019-06-30 17:48:30.471,0.00,294.23,0.00,1.51,0.00,1.00,1.00,127.35,2.75,12.08,67.46,65.30,-13.53,39.94,-0.21,0.08,17.00,7000.00,-38.00,0.00,7.00
366571.00,2019-06-30 17:48:30.571,0.00,294.23,0.00,1.51,0.00,1.00,1.00,127.35,2.75,11.92,67.43,65.27,-13.53,39.94,-0.22,0.09,17.00,7000.00,-38.00,0.00,7.00
366671.00,2019-06-30 17:48:30.671,0.00,294.23,0.00,1.51,0.00,1.00,1.00,127.35,2.75,12.07,67.43,65.27,-13.44,39.94,-0.22,0.08,17.00,7000.00,-38.00,0.00,7.00
366771.00,2019-06-30 17:48:30.771,0.00,294.23,0.00,1.51,0.00,1.00,1.00,127.35,2.75,12.07,67.55,65.33,-13.44,39.94,-0.22,0.08,17.00,7000.00,-38.00,0.00,7.00
366871.00,2019-06-30 17:48:30.871,0.00,294.23,0.00,1.51,0.00,1.00,1.00,127.35,2.75,11.92,67.55,65.33,-13.41,39.84,-0.22,0.08,17.00,7000.00,-38.00,0.00,7.00
366971.00,2019-06-30 17:48:30.971,0.00,294.23,0.00,1.51,0.00,1.00,1.00,127.35,2.75,12.08,67.55,65.33,-13.41,39.84,-0.19,0.08,17.00,7000.00,-38.00,0.00,7.00
367071.00,2019-06-30 17:48:31.071,0.00,294.23,0.00,1.51,0.00,1.00,1.00,127.35,2.75,12.05,67.46,65.33,-13.41,39.84,-0.24,0.08,17.00,7000.00,-38.00,0.00,7.00
367171.00,2019-06-30 17:48:31.171,0.00,294.23,0.00,1.51,0.00,1.00,1.00,127.35,2.75,11.94,67.46,65.33,-13.40,39.84,-0.22,0.08,17.00,7000.00,-38.00,0.00,7.00
367271.00,2019-06-30 17:48:31.271,0.00,294.23,0.00,1.51,0.00,1.00,1.00,127.35,2.75,12.08,67.46,65.31,-13.40,39.87,-0.22,0.08,17.00,7000.00,-38.00,0.00,7.00
367371.00,2019-06-30 17:48:31.371,0.00,294.23,0.00,1.51,0.00,1.00,1.00,127.35,2.75,11.92,67.43,65.31,-13.40,39.87,-0.22,0.09,17.00,7000.00,-38.00,0.00,7.00
367471.00,2019-06-30 17:48:31.471,0.00,294.23,0.00,1.51,0.00,1.00,1.00,127.35,2.75,12.08,67.43,65.31,-13.34,39.87,-0.21,0.08,17.00,7000.00,-38.00,0.00,7.00
367571.00,2019-06-30 17:48:31.571,0.00,294.23,0.00,1.51,0.00,1.00,1.00,127.35,2.75,12.07,67.48,65.31,-13.34,39.87,-0.22,0.08,17.00,7000.00,-38.00,0.00,7.00
367671.00,2019-06-30 17:48:31.671,0.00,294.23,0.00,1.51,0.00,1.00,1.00,127.35,2.75,11.95,67.48,65.31,-13.25,39.87,-0.22,0.08,17.00,7000.00,-38.00,0.00,7.00
367771.00,2019-06-30 17:48:31.771,0.00,294.23,0.00,1.51,0.00,1.00,1.00,127.35,2.75,12.06,67.48,65.22,-13.25,39.87,-0.21,0.08,17.00,7000.00,-38.00,0.00,7.00
367871.00,2019-06-30 17:48:31.871,0.00,294.23,0.00,1.51,0.00,1.00,1.00,127.35,2.75,12.07,67.44,65.22,-13.25,39.87,-0.21,0.08,17.00,7000.00,-38.00,0.00,7.00
367971.00,2019-06-30 17:48:31.971,0.00,294.23,0.00,1.51,0.00,1.00,1.00,127.35,2.75,11.94,67.44,65.22,-13.21,39.87,-0.22,0.08,17.00,7000.00,-38.00,0.00,7.00
368071.00,2019-06-30 17:48:32.071,0.00,294.23,0.00,1.51,0.00,1.00,1.00,127.35,2.75,12.05,67.45,65.30,-13.21,39.87,-0.22,0.09,17.00,7000.00,-38.00,0.00,7.00
368171.00,2019-06-30 17:48:32.171,0.00,294.23,0.00,1.51,0.00,1.00,1.00,127.35,2.75,12.08,67.45,65.30,-13.23,39.87,-0.19,0.08,17.00,7000.00,-38.00,0.00,7.00
368271.00,2019-06-30 17:48:32.271,0.00,294.23,0.00,1.51,0.00,1.00,1.00,127.35,2.75,11.92,67.45,65.22,-13.23,39.87,-0.24,0.09,17.00,7000.00,-38.00,0.00,7.00
368371.00,2019-06-30 17:48:32.371,0.00,294.23,0.00,1.51,0.00,1.00,1.00,127.35,2.75,12.08,67.48,65.22,-13.23,39.87,-0.21,0.08,17.00,7000.00,-38.00,0.00,7.00
368471.00,2019-06-30 17:48:32.471,0.00,294.23,0.00,1.51,0.00,1.00,1.00,127.35,2.75,11.95,67.48,65.22,-13.25,39.82,-0.23,0.08,17.00,7000.00,-38.00,0.00,7.00
368571.00,2019-06-30 17:48:32.571,0.00,294.23,0.00,1.51,0.00,1.00,1.00,127.35,2.75,12.05,67.50,65.15,-13.25,39.82,-0.22,0.08,17.00,7000.00,-38.00,0.00,7.00
368671.00,2019-06-30 17:48:32.671,0.00,294.23,0.00,1.51,0.00,1.00,1.00,127.35,2.75,12.08,67.50,65.15,-13.25,39.82,-0.20,0.08,17.00,7000.00,-38.00,0.00,7.00
368814.00,2019-06-30 17:48:32.814,0.00,294.23,0.00,1.51,0.00,1.00,1.00,127.35,2.75,11.94,67.50,65.21,-13.07,39.82,-0.22,0.08,17.00,7000.00,-38.00,0.00,7.00
368914.00,2019-06-30 17:48:32.914,0.00,294.23,0.00,1.51,0.00,1.00,1.00,127.35,2.75,12.06,67.57,65.21,-13.07,39.88,-0.22,0.09,17.00,7000.00,-38.00,0.00,7.00
369014.00,2019-06-30 17:48:33.014,0.00,294.23,0.00,1.51,0.00,1.00,1.00,127.35,2.75,12.08,67.57,65.27,-13.05,39.88,-0.19,0.09,17.00,7000.00,-38.00,0.00,7.00
369114.00,2019-06-30 17:48:33.114,0.00,294.23,0.00,1.51,0.00,1.00,1.00,127.35,2.75,12.06,67.44,65.27,-13.05,39.88,-0.23,0.08,17.00,7000.00,-38.00,0.00,7.00
369214.00,2019-06-30 17:48:33.214,0.00,294.23,0.00,1.51,0.00,1.00,1.00,127.35,2.75,12.06,67.44,65.27,-13.05,39.88,-0.22,0.08,17.00,7000.00,-38.00,0.00,7.00
369314.00,2019-06-30 17:48:33.314,0.00,294.23,0.00,1.51,0.00,1.00,1.00,127.35,2.75,11.95,67.44,65.20,-13.05,39.92,-0.24,0.08,17.00,7000.00,-38.00,0.00,7.00
369414.00,2019-06-30 17:48:33.414,0.00,294.23,0.00,1.51,0.00,1.00,1.00,127.35,2.75,12.05,67.53,65.20,-13.05,39.92,-0.21,0.09,17.00,7000.00,-38.00,0.00,7.00
369514.00,2019-06-30 17:48:33.514,0.00,294.23,0.00,1.51,0.00,1.00,1.00,127.35,2.75,12.08,67.53,65.15,-12.98,39.92,-0.20,0.08,17.00,7000.00,-38.00,0.00,7.00
369614.00,2019-06-30 17:48:33.614,0.00,294.23,0.00,1.51,0.00,1.00,1.00,127.35,2.75,11.92,67.57,65.15,-12.98,39.92,-0.22,0.08,17.00,7000.00,-38.00,0.00,7.00
369714.00,2019-06-30 17:48:33.714,0.00,294.23,0.00,1.51,0.00,1.00,1.00,127.35,2.75,12.07,67.57,65.15,-12.98,39.94,-0.21,0.09,17.00,7000.00,-38.00,0.00,7.00
369814.00,2019-06-30 17:48:33.814,0.00,294.23,0.00,1.51,0.00,1.00,1.00,127.35,2.75,12.08,67.57,65.17,-13.02,39.94,-0.24,0.08,17.00,7000.00,-38.00,0.00,7.00
369914.00,2019-06-30 17:48:33.914,0.00,294.23,0.00,1.51,0.00,1.00,1.00,127.35,2.75,11.92,67.59,65.17,-13.02,39.94,-0.21,0.08,17.00,7000.00,-38.00,0.00,7.00
370014.00,2019-06-30 17:48:34.014,0.00,294.23,0.00,1.51,0.00,1.00,1.00,127.35,2.75,12.08,67.59,65.16,-12.97,39.94,-0.21,0.08,17.00,7000.00,-38.00,0.00,7.00
370114.00,2019-06-30 17:48:34.114,0.00,294.23,0.00,1.51,0.00,1.00,1.00,127.35,2.75,12.06,67.60,65.16,-12.97,39.84,-0.21,0.08,17.00,7000.00,-38.00,0.00,7.00
370214.00,2019-06-30 17:48:34.214,0.00,294.23,0.00,1.51,0.00,1.00,1.00,127.35,2.75,12.05,67.60,65.16,-12.97,39.84,-0.20,0.08,17.00,7000.00,-38.00,0.00,7.00
370314.00,2019-06-30 17:48:34.314,0.00,294.23,0.00,1.51,0.00,1.00,1.00,127.35,2.75,12.05,67.60,65.21,-12.95,39.84,-0.24,0.08,17.00,7000.00,-38.00,0.00,7.00
370414.00,2019-06-30 17:48:34.414,0.00,294.23,0.00,1.51,0.00,1.00,1.00,127.35,2.75,12.08,67.55,65.21,-12.95,39.84,-0.22,0.08,17.00,7000.00,-38.00,0.00,7.00
370514.00,2019-06-30 17:48:34.514,0.00,294.23,0.00,1.51,0.00,1.00,1.00,127.35,2.75,11.92,67.55,65.20,-12.77,39.84,-0.24,0.09,17.00,7000.00,-38.00,0.00,7.00
370614.00,2019-06-30 17:48:34.614,0.00,294.23,0.00,1.51,0.00,1.00,1.00,127.35,2.75,12.07,67.55,65.20,-12.77,39.84,-0.21,0.08,17.00,7000.00,-38.00,0.00,7.00
370714.00,2019-06-30 17:48:34.714,0.00,294.23,0.00,1.51,0.00,1.00,1.00,127.35,2.75,11.93,67.55,65.20,-12.77,39.84,-0.21,0.08,17.00,7000.00,-38.00,0.00,7.00
370814.00,2019-06-30 17:48:34.814,0.00,294.23,0.00,1.51,0.00,1.00,1.00,127.35,2.75,11.92,67.55,65.17,-12.83,39.84,-0.22,0.08,17.00,7000.00,-38.00,0.00,7.00
370914.00,2019-06-30 17:48:34.914,0.00,294.23,0.00,1.51,0.00,1.00,1.00,127.35,2.75,12.08,67.52,65.17,-12.83,39.95,-0.20,0.08,17.00,7000.00,-38.00,0.00,7.00
371014.00,2019-06-30 17:48:35.014,0.00,294.23,0.00,1.51,0.00,1.00,1.00,127.35,2.75,12.05,67.52,65.19,-12.83,39.95,-0.24,0.08,17.00,7000.00,-38.00,0.00,7.00
371114.00,2019-06-30 17:48:35.114,0.00,294.23,0.00,1.51,0.00,1.00,1.00,127.35,2.75,11.95,67.52,65.19,-12.80,39.95,-0.22,0.08,17.00,7000.00,-38.00,0.00,7.00
371214.00,2019-06-30 17:48:35.214,0.00,294.23,0.00,1.51,0.00,1.00,1.00,127.35,2.75,12.07,67.55,65.19,-12.80,39.95,-0.22,0.08,17.00,7000.00,-38.00,0.00,7.00
371314.00,2019-06-30 17:48:35.314,0.00,294.23,0.00,1.51,0.00,1.00,1.00,127.35,2.75,12.06,67.55,65.20,-12.70,39.94,-0.21,0.08,17.00,7000.00,-38.00,0.00,7.00
371414.00,2019-06-30 17:48:35.414,0.00,294.23,0.00,1.51,0.00,1.00,1.00,127.35,2.75,12.08,67.57,65.20,-12.70,39.94,-0.20,0.08,17.00,7000.00,-38.00,0.00,7.00
371514.00,2019-06-30 17:48:35.514,0.00,294.23,0.00,1.51,0.00,1.00,1.00,127.35,2.75,12.07,67.57,65.20,-12.70,39.94,-0.23,0.08,17.00,7000.00,-38.00,0.00,7.00
371614.00,2019-06-30 17:48:35.614,0.00,294.23,0.00,1.51,0.00,1.00,1.00,127.35,2.75,11.93,67.57,65.20,-12.67,39.94,-0.22,0.08,17.00,7000.00,-38.00,0.00,7.00
371714.00,2019-06-30 17:48:35.714,0.00,294.23,0.00,1.51,0.00,1.00,1.00,127.35,2.75,12.08,67.50,65.20,-12.67,39.99,-0.22,0.08,17.00,7000.00,-38.00,0.00,7.00
371814.00,2019-06-30 17:48:35.814,0.00,294.23,0.00,1.51,0.00,1.00,1.00,127.35,2.75,12.05,67.50,65.17,-12.64,39.99,-0.22,0.08,17.00,7000.00,-38.00,0.00,7.00
371914.00,2019-06-30 17:48:35.914,0.00,294.23,0.00,1.51,0.00,1.00,1.00,127.35,2.75,11.95,67.50,65.17,-12.64,39.99,-0.21,0.08,17.00,7000.00,-38.00,0.00,7.00
372014.00,2019-06-30 17:48:36.014,0.00,294.23,0.00,1.51,0.00,1.00,1.00,127.35,2.75,12.06,67.55,65.17,-12.64,39.99,-0.23,0.08,17.00,7000.00,-38.00,0.00,7.00
372114.00,2019-06-30 17:48:36.114,0.00,294.23,0.00,1.51,0.00,1.00,1.00,127.35,2.75,12.07,67.55,65.17,-12.63,39.89,-0.19,0.08,17.00,7000.00,-38.00,0.00,7.00
372214.00,2019-06-30 17:48:36.214,0.00,294.23,0.00,1.51,0.00,1.00,1.00,127.35,2.75,11.95,67.57,65.17,-12.63,39.89,-0.23,0.08,17.00,7000.00,-38.00,0.00,7.00
372314.00,2019-06-30 17:48:36.314,0.00,294.23,0.00,1.51,0.00,1.00,1.00,127.35,2.75,12.08,67.57,65.14,-12.63,39.89,-0.20,0.08,17.00,7000.00,-38.00,0.00,7.00
372414.00,2019-06-30 17:48:36.414,0.00,294.23,0.00,1.51,0.00,1.00,1.00,127.35,2.75,12.07,67.57,65.14,-12.53,39.89,-0.22,0.08,17.00,7000.00,-38.00,0.00,7.00
372514.00,2019-06-30 17:48:36.514,0.00,294.23,0.00,1.51,0.00,1.00,1.00,127.35,2.75,12.08,67.58,65.17,-12.53,39.85,-0.22,0.08,17.00,7000.00,-38.00,0.00,7.00
372614.00,2019-06-30 17:48:36.614,0.00,294.23,0.00,1.51,0.00,1.00,1.00,127.35,2.75,12.08,67.58,65.17,-12.55,39.85,-0.20,0.08,17.00,7000.00,-38.00,0.00,7.00
372714.00,2019-06-30 17:48:36.714,0.00,294.23,0.00,1.51,0.00,1.00,1.00,127.35,2.75,12.05,67.59,65.17,-12.55,39.85,-0.23,0.08,17.00,7000.00,-38.00,0.00,7.00
372814.00,2019-06-30 17:48:36.814,0.00,294.23,0.00,1.51,0.00,1.00,1.00,127.35,2.75,12.06,67.59,65.22,-12.55,39.85,-0.21,0.08,17.00,7000.00,-38.00,0.00,7.00
372914.00,2019-06-30 17:48:36.914,0.00,294.23,0.00,1.51,0.00,1.00,1.00,127.35,2.75,12.08,67.59,65.22,-12.46,39.90,-0.21,0.08,17.00,7000.00,-38.00,0.00,7.00
373014.00,2019-06-30 17:48:37.014,0.00,294.23,0.00,1.51,0.00,1.00,1.00,127.35,2.75,11.94,67.58,65.10,-12.46,39.90,-0.22,0.08,17.00,7000.00,-38.00,0.00,7.00
373114.00,2019-06-30 17:48:37.114,0.00,294.23,0.00,1.51,0.00,1.00,1.00,127.35,2.75,12.08,67.58,65.10,-12.48,39.90,-0.21,0.08,17.00,7000.00,-38.00,0.00,7.00
373214.00,2019-06-30 17:48:37.214,0.00,294.23,0.00,1.51,0.00,1.00,1.00,127.35,2.75,12.05,67.58,65.10,-12.48,39.90,-0.22,0.07,17.00,7000.00,-38.00,0.00,7.00
373314.00,2019-06-30 17:48:37.314,0.00,294.23,0.00,1.51,0.00,1.00,1.00,127.35,2.75,11.95,67.58,65.07,-12.48,39.97,-0.19,0.08,17.00,7000.00,-38.00,0.00,7.00
373414.00,2019-06-30 17:48:37.414,0.00,294.23,0.00,1.51,0.00,1.00,1.00,127.35,2.75,12.05,67.58,65.07,-12.50,39.97,-0.24,0.08,17.00,7000.00,-38.00,0.00,7.00
373514.00,2019-06-30 17:48:37.514,0.00,294.23,0.00,1.51,0.00,1.00,1.00,127.35,2.75,12.07,67.62,65.15,-12.50,39.97,-0.22,0.08,17.00,7000.00,-38.00,0.00,7.00
373614.00,2019-06-30 17:48:37.614,0.00,294.23,0.00,1.51,0.00,1.00,1.00,127.35,2.75,11.93,67.62,65.15,-12.50,39.97,-0.21,0.08,17.00,7000.00,-38.00,0.00,7.00
373714.00,2019-06-30 17:48:37.714,0.00,294.23,0.00,1.51,0.00,1.00,1.00,127.35,2.75,12.06,67.62,65.15,-12.45,39.97,-0.22,0.09,17.00,7000.00,-38.00,0.00,7.00
373814.00,2019-06-30 17:48:37.814,0.00,294.23,0.00,1.51,0.00,1.00,1.00,127.35,2.75,12.08,67.70,65.19,-12.45,39.97,-0.20,0.08,17.00,7000.00,-38.00,0.00,7.00
373914.00,2019-06-30 17:48:37.914,0.00,294.23,0.00,1.51,0.00,1.00,1.00,127.35,2.75,11.91,67.70,65.19,-12.27,39.97,-0.24,0.08,17.00,7000.00,-38.00,0.00,7.00
374014.00,2019-06-30 17:48:38.014,0.00,294.23,0.00,1.51,0.00,1.00,1.00,127.35,2.75,12.08,67.68,65.14,-12.27,39.97,-0.21,0.08,17.00,7000.00,-38.00,0.00,7.00
374114.00,2019-06-30 17:48:38.114,0.00,294.23,0.00,1.51,0.00,1.00,1.00,127.35,2.75,12.06,67.68,65.14,-12.27,39.92,-0.22,0.08,17.00,7000.00,-38.00,0.00,7.00
374214.00,2019-06-30 17:48:38.214,0.00,294.23,0.00,1.51,0.00,1.00,1.00,127.35,2.75,11.94,67.68,65.14,-12.33,39.92,-0.23,0.09,17.00,7000.00,-38.00,0.00,7.00
374314.00,2019-06-30 17:48:38.314,0.00,294.23,0.00,1.51,0.00,1.00,1.00,127.35,2.75,12.08,67.59,65.12,-12.33,39.92,-0.21,0.09,17.00,7000.00,-38.00,0.00,7.00
374414.00,2019-06-30 17:48:38.414,0.00,294.23,0.00,1.51,0.00,1.00,1.00,127.35,2.75,11.93,67.59,65.12,-12.23,39.92,-0.22,0.08,17.00,7000.00,-38.00,0.00,7.00
374514.00,2019-06-30 17:48:38.514,0.00,294.23,0.00,1.51,0.00,1.00,1.00,127.35,2.75,12.07,67.59,65.02,-12.23,40.03,-0.20,0.08,17.00,7000.00,-38.00,0.00,7.00
374614.00,2019-06-30 17:48:38.614,0.00,294.23,0.00,1.51,0.00,1.00,1.00,127.35,2.75,12.08,67.59,65.02,-12.23,40.03,-0.22,0.09,17.00,7000.00,-38.00,0.00,7.00
374714.00,2019-06-30 17:48:38.714,0.00,294.23,0.00,1.51,0.00,1.00,1.00,127.35,2.75,11.92,67.59,65.02,-12.20,40.03,-0.22,0.08,17.00,7000.00,-38.00,0.00,7.00
374814.00,2019-06-30 17:48:38.814,0.00,294.23,0.00,1.51,0.00,1.00,1.00,127.35,2.75,12.08,67.59,65.05,-12.20,40.03,-0.22,0.08,17.00,7000.00,-38.00,0.00,7.00
374914.00,2019-06-30 17:48:38.914,0.00,294.23,0.00,1.51,0.00,1.00,1.00,127.35,2.75,12.05,67.59,65.05,-12.20,39.99,-0.22,0.08,17.00,7000.00,-38.00,0.00,7.00
375014.00,2019-06-30 17:48:39.014,0.00,294.23,0.00,1.51,0.00,1.00,1.00,127.35,2.75,11.94,67.59,65.09,-12.23,39.99,-0.20,0.08,17.00,7000.00,-38.00,0.00,7.00
375114.00,2019-06-30 17:48:39.114,0.00,294.23,0.00,1.51,0.00,1.00,1.00,127.35,2.75,12.07,67.64,65.09,-12.23,39.99,-0.22,0.08,17.00,7000.00,-38.00,0.00,7.00
375214.00,2019-06-30 17:48:39.214,0.00,294.23,0.00,1.51,0.00,1.00,1.00,127.35,2.75,12.06,67.64,65.09,-12.07,39.99,-0.22,0.08,17.00,7000.00,-38.00,0.00,7.00
375314.00,2019-06-30 17:48:39.314,0.00,294.23,0.00,1.51,0.00,1.00,1.00,127.35,2.75,11.95,67.66,65.10,-12.07,39.94,-0.22,0.08,17.00,7000.00,-38.00,0.00,7.00
375414.00,2019-06-30 17:48:39.414,0.00,294.23,0.00,1.51,0.00,1.00,1.00,127.35,2.75,12.05,67.66,65.10,-12.07,39.94,-0.22,0.08,17.00,7000.00,-38.00,0.00,7.00
375514.00,2019-06-30 17:48:39.514,0.00,294.23,0.00,1.51,0.00,1.00,1.00,127.35,2.75,12.08,67.66,65.12,-12.11,39.94,-0.22,0.08,17.00,7000.00,-38.00,0.00,7.00
375614.00,2019-06-30 17:48:39.614,0.00,294.23,0.00,1.51,0.00,1.00,1.00,127.35,2.75,11.93,67.68,65.12,-12.11,39.94,-0.22,0.08,17.00,7000.00,-38.00,0.00,7.00
375714.00,2019-06-30 17:48:39.714,0.00,294.23,0.00,1.51,0.00,1.00,1.00,127.35,2.75,12.07,67.68,65.12,-12.07,39.91,-0.21,0.08,17.00,7000.00,-38.00,0.00,7.00
375814.00,2019-06-30 17:48:39.814,0.00,294.23,0.00,1.51,0.00,1.00,1.00,127.35,2.75,12.08,67.57,65.05,-12.07,39.91,-0.23,0.08,17.00,7000.00,-38.00,0.00,7.00
375914.00,2019-06-30 17:48:39.914,0.00,294.23,0.00,1.51,0.00,1.00,1.00,127.35,2.75,11.92,67.57,65.05,-12.07,39.91,-0.22,0.08,17.00,7000.00,-38.00,0.00,7.00
376014.00,2019-06-30 17:48:40.014,0.00,294.23,0.00,1.51,0.00,1.00,1.00,127.35,2.75,12.08,67.57,65.05,-12.13,39.91,-0.22,0.08,17.00,7000.00,-38.00,0.00,7.00
376114.00,2019-06-30 17:48:40.114,0.00,294.23,0.00,1.51,0.00,1.00,1.00,127.35,2.75,12.05,67.62,65.05,-12.13,39.94,-0.22,0.08,17.00,7000.00,-38.00,0.00,7.00
376214.00,2019-06-30 17:48:40.214,0.00,294.23,0.00,1.51,0.00,1.00,1.00,127.35,2.75,11.94,67.62,65.05,-12.13,39.94,-0.21,0.08,17.00,7000.00,-38.00,0.00,7.00
376314.00,2019-06-30 17:48:40.314,0.00,294.23,0.00,1.51,0.00,1.00,1.00,127.35,2.75,12.07,67.69,65.02,-12.09,39.94,-0.22,0.08,17.00,7000.00,-38.00,0.00,7.00
376414.00,2019-06-30 17:48:40.414,0.00,294.23,0.00,1.51,0.00,1.00,1.00,127.35,2.75,12.06,67.69,65.02,-12.09,39.94,-0.22,0.08,17.00,7000.00,-38.00,0.00,7.00
376514.00,2019-06-30 17:48:40.514,0.00,294.23,0.00,1.51,0.00,1.00,1.00,127.35,2.75,11.92,67.69,65.05,-11.98,40.03,-0.24,0.08,17.00,7000.00,-38.00,0.00,7.00
376614.00,2019-06-30 17:48:40.614,0.00,294.23,0.00,1.51,0.00,1.00,1.00,127.35,2.75,12.07,67.64,65.05,-11.98,40.03,-0.22,0.08,17.00,7000.00,-38.00,0.00,7.00
376714.00,2019-06-30 17:48:40.714,0.00,294.23,0.00,1.51,0.00,1.00,1.00,127.35,2.75,12.07,67.64,65.05,-11.98,40.03,-0.22,0.08,17.00,7000.00,-38.00,0.00,7.00
376814.00,2019-06-30 17:48:40.814,0.00,294.23,0.00,1.51,0.00,1.00,1.00,127.35,2.75,11.91,67.64,65.05,-11.94,40.03,-0.23,0.08,17.00,7000.00,-38.00,0.00,7.00
376914.00,2019-06-30 17:48:40.914,0.00,294.23,0.00,1.51,0.00,1.00,1.00,127.35,2.75,12.08,67.64,65.05,-11.94,39.95,-0.19,0.08,17.00,7000.00,-38.00,0.00,7.00
377014.00,2019-06-30 17:48:41.014,0.00,294.23,0.00,1.51,0.00,1.00,1.00,127.35,2.75,11.94,67.64,65.04,-11.91,39.95,-0.22,0.08,17.00,7000.00,-38.00,0.00,7.00
377114.00,2019-06-30 17:48:41.114,0.00,294.23,0.00,1.51,0.00,1.00,1.00,127.35,2.75,12.05,67.71,65.04,-11.91,39.95,-0.22,0.08,17.00,7000.00,-38.00,0.00,7.00
377214.00,2019-06-30 17:48:41.214,0.00,294.23,0.00,1.51,0.00,1.00,1.00,127.35,2.75,12.08,67.71,65.04,-11.91,39.95,-0.21,0.08,17.00,7000.00,-38.00,0.00,7.00
377314.00,2019-06-30 17:48:41.314,0.00,294.23,0.00,1.51,0.00,1.00,1.00,127.35,2.75,11.92,67.71,64.97,-11.87,39.91,-0.22,0.09,17.00,7000.00,-38.00,0.00,7.00
377414.00,2019-06-30 17:48:41.414,0.00,294.23,0.00,1.51,0.00,1.00,1.00,127.35,2.75,12.08,67.69,64.97,-11.87,39.91,-0.20,0.08,17.00,7000.00,-38.00,0.00,7.00
377514.00,2019-06-30 17:48:41.514,0.00,294.23,0.00,1.51,0.00,1.00,1.00,127.35,2.75,12.07,67.69,64.97,-11.87,39.91,-0.23,0.08,17.00,7000.00,-38.00,0.00,7.00
377614.00,2019-06-30 17:48:41.614,0.00,294.23,0.00,1.51,0.00,1.00,1.00,127.35,2.75,11.93,67.66,64.97,-11.80,39.91,-0.22,0.08,17.00,7000.00,-38.00,0.00,7.00
377714.00,2019-06-30 17:48:41.714,0.00,294.23,0.00,1.51,0.00,1.00,1.00,127.35,2.75,12.08,67.66,64.97,-11.80,39.94,-0.22,0.08,17.00,7000.00,-38.00,0.00,7.00
377814.00,2019-06-30 17:48:41.814,0.00,294.23,0.00,1.51,0.00,1.00,1.00,127.35,2.75,12.05,67.66,64.95,-11.77,39.94,-0.22,0.08,17.00,7000.00,-38.00,0.00,7.00
377914.00,2019-06-30 17:48:41.914,0.00,294.23,0.00,1.51,0.00,1.00,1.00,127.35,2.75,11.94,67.76,64.95,-11.77,39.94,-0.21,0.08,17.00,7000.00,-38.00,0.00,7.00
378014.00,2019-06-30 17:48:42.014,0.00,294.23,0.00,1.51,0.00,1.00,1.00,127.35,2.75,12.06,67.76,64.99,-11.77,39.94,-0.23,0.08,17.00,7000.00,-38.00,0.00,7.00
378114.00,2019-06-30 17:48:42.114,0.00,294.23,0.00,1.51,0.00,1.00,1.00,127.35,2.75,12.07,67.76,64.99,-11.73,39.94,-0.21,0.08,17.00,7000.00,-38.00,0.00,7.00
378214.00,2019-06-30 17:48:42.214,0.00,294.23,0.00,1.51,0.00,1.00,1.00,127.35,2.75,11.95,67.68,64.99,-11.73,39.94,-0.23,0.08,17.00,7000.00,-38.00,0.00,7.00
378314.00,2019-06-30 17:48:42.314,0.00,294.23,0.00,1.51,0.00,1.00,1.00,127.35,2.75,12.05,67.68,64.95,-11.73,39.94,-0.21,0.08,17.00,7000.00,-38.00,0.00,7.00
378414.00,2019-06-30 17:48:42.414,0.00,294.23,0.00,1.51,0.00,1.00,1.00,127.35,2.75,12.08,67.73,64.95,-11.73,39.94,-0.21,0.08,17.00,7000.00,-38.00,0.00,7.00
378514.00,2019-06-30 17:48:42.514,0.00,294.23,0.00,1.51,0.00,1.00,1.00,127.35,2.75,11.93,67.73,65.00,-11.73,39.95,-0.22,0.08,17.00,7000.00,-38.00,0.00,7.00
378614.00,2019-06-30 17:48:42.614,0.00,294.23,0.00,1.51,0.00,1.00,1.00,127.35,2.75,12.08,67.73,65.00,-11.75,39.95,-0.21,0.08,17.00,7000.00,-38.00,0.00,7.00
378714.00,2019-06-30 17:48:42.714,0.00,294.23,0.00,1.51,0.00,1.00,1.00,127.35,2.75,12.05,67.79,65.00,-11.75,39.95,-0.23,0.08,17.00,7000.00,-38.00,0.00,7.00
378814.00,2019-06-30 17:48:42.814,0.00,294.23,0.00,1.51,0.00,1.00,1.00,127.35,2.75,12.08,67.79,65.00,-11.75,39.95,-0.22,0.08,17.00,7000.00,-38.00,0.00,7.00
378914.00,2019-06-30 17:48:42.914,0.00,294.23,0.00,1.51,0.00,1.00,1.00,127.35,2.75,12.06,67.75,65.00,-11.63,39.96,-0.23,0.08,17.00,7000.00,-38.00,0.00,7.00
379014.00,2019-06-30 17:48:43.014,0.00,294.23,0.00,1.51,0.00,1.00,1.00,127.35,2.75,11.94,67.75,64.97,-11.63,39.96,-0.22,0.08,17.00,7000.00,-38.00,0.00,7.00
379114.00,2019-06-30 17:48:43.114,0.00,294.23,0.00,1.51,0.00,1.00,1.00,127.35,2.75,12.06,67.75,64.97,-11.63,39.96,-0.21,0.08,17.00,7000.00,-38.00,0.00,7.00
379214.00,2019-06-30 17:48:43.214,0.00,294.23,0.00,1.51,0.00,1.00,1.00,127.35,2.75,12.05,67.77,64.97,-11.63,39.96,-0.22,0.07,17.00,7000.00,-38.00,0.00,7.00
379314.00,2019-06-30 17:48:43.314,0.00,294.23,0.00,1.51,0.00,1.00,1.00,127.35,2.75,11.95,67.77,64.98,-11.63,40.05,-0.20,0.08,17.00,7000.00,-38.00,0.00,7.00
379414.00,2019-06-30 17:48:43.414,0.00,294.23,0.00,1.51,0.00,1.00,1.00,127.35,2.75,12.05,67.77,64.98,-11.60,40.05,-0.24,0.08,17.00,7000.00,-38.00,0.00,7.00
379514.00,2019-06-30 17:48:43.514,0.00,294.23,0.00,1.51,0.00,1.00,1.00,127.35,2.75,11.92,67.73,64.98,-11.60,40.05,-0.20,0.08,17.00,7000.00,-38.00,0.00,7.00
379614.00,2019-06-30 17:48:43.614,0.00,294.23,0.00,1.51,0.00,1.00,1.00,127.35,2.75,11.93,67.73,64.98,-11.60,40.05,-0.21,0.08,17.00,7000.00,-38.00,0.00,7.00
379714.00,2019-06-30 17:48:43.714,0.00,294.23,0.00,1.51,0.00,1.00,1.00,127.35,2.75,12.06,67.71,64.98,-11.52,40.01,-0.22,0.09,17.00,7000.00,-38.00,0.00,7.00
379814.00,2019-06-30 17:48:43.814,0.00,294.23,0.00,1.51,0.00,1.00,1.00,127.35,2.75,12.08,67.71,64.95,-11.52,40.01,-0.20,0.08,17.00,7000.00,-38.00,0.00,7.00
379914.00,2019-06-30 17:48:43.914,0.00,294.23,0.00,1.51,0.00,1.00,1.00,127.35,2.75,11.91,67.71,64.95,-11.50,40.01,-0.22,0.08,17.00,7000.00,-38.00,0.00,7.00
380014.00,2019-06-30 17:48:44.014,0.00,294.23,0.00,1.51,0.00,1.00,1.00,127.35,2.75,12.08,67.69,65.05,-11.50,40.01,-0.22,0.08,17.00,7000.00,-38.00,0.00,7.00
380114.00,2019-06-30 17:48:44.114,0.00,294.23,0.00,1.51,0.00,1.00,1.00,127.35,2.75,12.06,67.69,65.05,-11.50,39.95,-0.22,0.08,17.00,7000.00,-38.00,0.00,7.00
380214.00,2019-06-30 17:48:44.214,0.00,294.23,0.00,1.51,0.00,1.00,1.00,127.35,2.75,11.94,67.73,65.05,-11.45,39.95,-0.23,0.08,17.00,7000.00,-38.00,0.00,7.00
380314.00,2019-06-30 17:48:44.314,0.00,294.23,0.00,1.51,0.00,1.00,1.00,127.35,2.75,12.06,67.73,64.95,-11.45,39.95,-0.22,0.08,17.00,7000.00,-38.00,0.00,7.00
380414.00,2019-06-30 17:48:44.414,0.00,294.23,0.00,1.51,0.00,1.00,1.00,127.35,2.75,12.05,67.73,64.95,-11.31,39.95,-0.22,0.08,17.00,7000.00,-38.00,0.00,7.00
380514.00,2019-06-30 17:48:44.514,0.00,294.23,0.00,1.51,0.00,1.00,1.00,127.35,2.75,11.95,67.80,65.02,-11.31,39.98,-0.20,0.08,17.00,7000.00,-38.00,0.00,7.00
380614.00,2019-06-30 17:48:44.614,0.00,294.23,0.00,1.51,0.00,1.00,1.00,127.35,2.75,12.08,67.80,65.02,-11.31,39.98,-0.25,0.08,17.00,7000.00,-38.00,0.00,7.00
380714.00,2019-06-30 17:48:44.714,0.00,294.23,0.00,1.51,0.00,1.00,1.00,127.35,2.75,12.07,67.68,65.02,-11.34,39.98,-0.22,0.08,17.00,7000.00,-38.00,0.00,7.00
380814.00,2019-06-30 17:48:44.814,0.00,294.23,0.00,1.51,0.00,1.00,1.00,127.35,2.75,11.94,67.68,64.99,-11.34,39.98,-0.22,0.08,17.00,7000.00,-38.00,0.00,7.00
380914.00,2019-06-30 17:48:44.914,0.00,294.23,0.00,1.51,0.00,1.00,1.00,127.35,2.75,12.06,67.68,64.99,-11.34,40.03,-0.23,0.09,17.00,7000.00,-38.00,0.00,7.00
381014.00,2019-06-30 17:48:45.014,0.00,294.23,0.00,1.51,0.00,1.00,1.00,127.35,2.75,12.08,67.73,64.99,-11.32,40.03,-0.20,0.08,17.00,7000.00,-38.00,0.00,7.00
381114.00,2019-06-30 17:48:45.114,0.00,294.23,0.00,1.51,0.00,1.00,1.00,127.35,2.75,11.91,67.73,64.99,-11.32,40.03,-0.23,0.08,17.00,7000.00,-38.00,0.00,7.00
381214.00,2019-06-30 17:48:45.214,0.00,294.23,0.00,1.51,0.00,1.00,1.00,127.35,2.75,12.08,67.73,64.99,-11.32,40.03,-0.21,0.08,17.00,7000.00,-38.00,0.00,7.00
381314.00,2019-06-30 17:48:45.314,0.00,294.23,0.00,1.51,0.00,1.00,1.00,127.35,2.75,12.06,67.77,64.98,-11.32,40.05,-0.22,0.08,17.00,7000.00,-38.00,0.00,7.00
381414.00,2019-06-30 17:48:45.414,0.00,294.23,0.00,1.51,0.00,1.00,1.00,127.35,2.75,11.94,67.77,64.98,-11.32,40.05,-0.24,0.08,17.00,7000.00,-38.00,0.00,7.00
381514.00,2019-06-30 17:48:45.514,0.00,294.23,0.00,1.51,0.00,1.00,1.00,127.35,2.75,12.06,67.81,64.93,-11.25,40.05,-0.21,0.08,17.00,7000.00,-38.00,0.00,7.00
381614.00,2019-06-30 17:48:45.614,0.00,294.23,0.00,1.51,0.00,1.00,1.00,127.35,2.75,12.05,67.81,64.93,-11.25,40.05,-0.23,0.08,17.00,7000.00,-38.00,0.00,7.00
381714.00,2019-06-30 17:48:45.714,0.00,294.23,0.00,1.51,0.00,1.00,1.00,127.35,2.75,12.07,67.81,64.93,-11.20,40.05,-0.20,0.09,17.00,7000.00,-38.00,0.00,7.00
381814.00,2019-06-30 17:48:45.814,0.00,294.23,0.00,1.51,0.00,1.00,1.00,127.35,2.75,12.08,67.79,64.95,-11.20,40.05,-0.24,0.09,17.00,7000.00,-38.00,0.00,7.00
381914.00,2019-06-30 17:48:45.914,0.00,294.23,0.00,1.51,0.00,1.00,1.00,127.35,2.75,11.92,67.79,64.95,-11.20,40.05,-0.21,0.08,17.00,7000.00,-38.00,0.00,7.00
382014.00,2019-06-30 17:48:46.014,0.00,294.23,0.00,1.51,0.00,1.00,1.00,127.35,2.75,12.08,67.73,64.95,-11.18,40.05,-0.21,0.08,17.00,7000.00,-38.00,0.00,7.00
382114.00,2019-06-30 17:48:46.114,0.00,294.23,0.00,1.51,0.00,1.00,1.00,127.35,2.75,12.05,67.73,64.95,-11.18,40.03,-0.22,0.08,17.00,7000.00,-38.00,0.00,7.00
382214.00,2019-06-30 17:48:46.214,0.00,294.23,0.00,1.51,0.00,1.00,1.00,127.35,2.75,11.94,67.73,64.95,-11.18,40.03,-0.22,0.08,17.00,7000.00,-38.00,0.00,7.00
382314.00,2019-06-30 17:48:46.314,0.00,294.23,0.00,1.51,0.00,1.00,1.00,127.35,2.75,12.07,67.80,64.97,-11.22,40.03,-0.22,0.08,17.00,7000.00,-38.00,0.00,7.00
382414.00,2019-06-30 17:48:46.414,0.00,294.23,0.00,1.51,0.00,1.00,1.00,127.35,2.75,12.06,67.80,64.97,-11.22,40.03,-0.22,0.08,17.00,7000.00,-38.00,0.00,7.00
382514.00,2019-06-30 17:48:46.514,0.00,294.23,0.00,1.51,0.00,1.00,1.00,127.35,2.75,11.93,67.80,64.93,-11.12,39.98,-0.22,0.08,17.00,7000.00,-38.00,0.00,7.00
382614.00,2019-06-30 17:48:46.614,0.00,294.23,0.00,1.51,0.00,1.00,1.00,127.35,2.75,12.07,67.85,64.93,-11.12,39.98,-0.22,0.08,17.00,7000.00,-38.00,0.00,7.00
382714.00,2019-06-30 17:48:46.714,0.00,294.23,0.00,1.51,0.00,1.00,1.00,127.35,2.75,11.93,67.85,64.93,-11.12,39.98,-0.22,0.08,17.00,7000.00,-38.00,0.00,7.00
382814.00,2019-06-30 17:48:46.814,0.00,294.23,0.00,1.51,0.00,1.00,1.00,127.35,2.75,11.92,67.85,64.95,-11.02,39.98,-0.22,0.08,17.00,7000.00,-38.00,0.00,7.00
382914.00,2019-06-30 17:48:46.914,0.00,294.23,0.00,1.51,0.00,1.00,1.00,127.35,2.75,12.05,67.85,64.95,-11.02,39.97,-0.21,0.08,17.00,7000.00,-38.00,0.00,7.00
383014.00,2019-06-30 17:48:47.014,0.00,294.23,0.00,1.51,0.00,1.00,1.00,127.35,2.75,11.95,67.85,64.98,-11.07,39.97,-0.25,0.08,17.00,7000.00,-38.00,0.00,7.00
383114.00,2019-06-30 17:48:47.114,0.00,294.23,0.00,1.51,0.00,1.00,1.00,127.35,2.75,12.07,67.80,64.98,-11.07,39.97,-0.22,0.08,17.00,7000.00,-38.00,0.00,7.00
383214.00,2019-06-30 17:48:47.214,0.00,294.23,0.00,1.51,0.00,1.00,1.00,127.35,2.75,12.07,67.80,64.98,-11.07,39.97,-0.21,0.08,17.00,7000.00,-38.00,0.00,7.00
383314.00,2019-06-30 17:48:47.314,0.00,294.23,0.00,1.51,0.00,1.00,1.00,127.35,2.75,11.92,67.76,64.95,-10.99,40.05,-0.22,0.08,17.00,7000.00,-38.00,0.00,7.00
383414.00,2019-06-30 17:48:47.414,0.00,294.23,0.00,1.51,0.00,1.00,1.00,127.35,2.75,12.05,67.76,64.95,-10.99,40.05,-0.21,0.07,17.00,7000.00,-38.00,0.00,7.00
383514.00,2019-06-30 17:48:47.514,0.00,294.23,0.00,1.51,0.00,1.00,1.00,127.35,2.75,12.05,67.76,64.91,-10.99,40.05,-0.23,0.08,17.00,7000.00,-38.00,0.00,7.00
383614.00,2019-06-30 17:48:47.614,0.00,294.23,0.00,1.51,0.00,1.00,1.00,127.35,2.75,11.94,67.97,64.91,-10.95,40.05,-0.22,0.08,17.00,7000.00,-38.00,0.00,7.00
383714.00,2019-06-30 17:48:47.714,0.00,294.23,0.00,1.51,0.00,1.00,1.00,127.35,2.75,12.06,67.97,64.91,-10.95,40.01,-0.23,0.08,17.00,7000.00,-38.00,0.00,7.00
383814.00,2019-06-30 17:48:47.814,0.00,294.23,0.00,1.51,0.00,1.00,1.00,127.35,2.75,12.07,67.85,64.86,-10.87,40.01,-0.21,0.08,17.00,7000.00,-38.00,0.00,7.00
383914.00,2019-06-30 17:48:47.914,0.00,294.23,0.00,1.51,0.00,1.00,1.00,127.35,2.75,12.06,67.85,64.86,-10.87,40.01,-0.21,0.08,17.00,7000.00,-38.00,0.00,7.00
384014.00,2019-06-30 17:48:48.014,0.00,294.23,0.00,1.51,0.00,1.00,1.00,127.35,2.75,12.05,67.85,64.88,-10.87,40.01,-0.22,0.08,17.00,7000.00,-38.00,0.00,7.00
384114.00,2019-06-30 17:48:48.114,0.00,294.23,0.00,1.51,0.00,1.00,1.00,127.35,2.75,12.08,67.85,64.88,-10.91,39.99,-0.20,0.08,17.00,7000.00,-38.00,0.00,7.00
384214.00,2019-06-30 17:48:48.214,0.00,294.23,0.00,1.51,0.00,1.00,1.00,127.35,2.75,12.08,67.85,64.88,-10.91,39.99,-0.24,0.08,17.00,7000.00,-38.00,0.00,7.00
384314.00,2019-06-30 17:48:48.314,0.00,294.23,0.00,1.51,0.00,1.00,1.00,127.35,2.75,12.07,67.85,64.88,-10.89,39.99,-0.22,0.08,17.00,7000.00,-38.00,0.00,7.00
384414.00,2019-06-30 17:48:48.414,0.00,294.23,0.00,1.51,0.00,1.00,1.00,127.35,2.75,11.95,67.80,64.88,-10.89,39.99,-0.22,0.08,17.00,7000.00,-38.00,0.00,7.00
384514.00,2019-06-30 17:48:48.514,0.00,294.23,0.00,1.51,0.00,1.00,1.00,127.35,2.75,12.05,67.80,64.93,-10.89,39.95,-0.22,0.08,17.00,7000.00,-38.00,0.00,7.00
384614.00,2019-06-30 17:48:48.614,0.00,294.23,0.00,1.51,0.00,1.00,1.00,127.35,2.75,12.07,67.81,64.93,-10.91,39.95,-0.19,0.08,17.00,7000.00,-38.00,0.00,7.00
384714.00,2019-06-30 17:48:48.714,0.00,294.23,0.00,1.51,0.00,1.00,1.00,127.35,2.75,11.93,67.81,64.93,-10.91,39.95,-0.23,0.08,17.00,7000.00,-38.00,0.00,7.00
384814.00,2019-06-30 17:48:48.814,0.00,294.23,0.00,1.51,0.00,1.00,1.00,127.35,2.75,12.06,67.81,64.91,-10.91,39.95,-0.22,0.09,17.00,7000.00,-38.00,0.00,7.00
384914.00,2019-06-30 17:48:48.914,0.00,294.23,0.00,1.51,0.00,1.00,1.00,127.35,2.75,12.08,67.81,64.91,-10.81,39.98,-0.24,0.08,17.00,7000.00,-38.00,0.00,7.00
385014.00,2019-06-30 17:48:49.014,0.00,294.23,0.00,1.51,0.00,1.00,1.00,127.35,2.75,11.93,67.81,64.91,-10.81,39.98,-0.22,0.08,17.00,7000.00,-38.00,0.00,7.00
385114.00,2019-06-30 17:48:49.114,0.00,294.23,0.00,1.51,0.00,1.00,1.00,127.35,2.75,12.08,67.84,64.91,-10.71,39.98,-0.21,0.08,17.00,7000.00,-38.00,0.00,7.00
385214.00,2019-06-30 17:48:49.214,0.00,294.23,0.00,1.51,0.00,1.00,1.00,127.35,2.75,12.05,67.84,64.91,-10.71,39.98,-0.22,0.08,17.00,7000.00,-38.00,0.00,7.00
385314.00,2019-06-30 17:48:49.314,0.00,294.23,0.00,1.51,0.00,1.00,1.00,127.35,2.75,11.95,67.84,64.93,-10.71,39.95,-0.20,0.08,17.00,7000.00,-38.00,0.00,7.00
385414.00,2019-06-30 17:48:49.414,0.00,294.23,0.00,1.51,0.00,1.00,1.00,127.35,2.75,12.08,67.83,64.93,-10.70,39.95,-0.23,0.09,17.00,7000.00,-38.00,0.00,7.00
385514.00,2019-06-30 17:48:49.514,0.00,294.23,0.00,1.51,0.00,1.00,1.00,127.35,2.75,11.92,67.83,64.91,-10.70,39.95,-0.22,0.08,17.00,7000.00,-38.00,0.00,7.00
385614.00,2019-06-30 17:48:49.614,0.00,294.23,0.00,1.51,0.00,1.00,1.00,127.35,2.75,12.08,67.83,64.91,-10.68,39.95,-0.22,0.08,17.00,7000.00,-38.00,0.00,7.00
385714.00,2019-06-30 17:48:49.714,0.00,294.23,0.00,1.51,0.00,1.00,1.00,127.35,2.75,12.05,67.84,64.91,-10.68,39.99,-0.22,0.08,17.00,7000.00,-38.00,0.00,7.00
385814.00,2019-06-30 17:48:49.814,0.00,294.23,0.00,1.51,0.00,1.00,1.00,127.35,2.75,11.95,67.84,64.93,-10.68,39.99,-0.21,0.08,17.00,7000.00,-38.00,0.00,7.00
385914.00,2019-06-30 17:48:49.914,0.00,294.23,0.00,1.51,0.00,1.00,1.00,127.35,2.75,12.05,67.88,64.93,-10.68,39.99,-0.23,0.08,17.00,7000.00,-38.00,0.00,7.00
386014.00,2019-06-30 17:48:50.014,0.00,294.23,0.00,1.51,0.00,1.00,1.00,127.35,2.75,12.08,67.88,64.92,-10.68,39.99,-0.22,0.08,17.00,7000.00,-38.00,0.00,7.00
386114.00,2019-06-30 17:48:50.114,0.00,294.23,0.00,1.51,0.00,1.00,1.00,127.35,2.75,12.07,67.88,64.92,-10.68,39.95,-0.24,0.08,17.00,7000.00,-38.00,0.00,7.00
386214.00,2019-06-30 17:48:50.214,0.00,294.23,0.00,1.51,0.00,1.00,1.00,127.35,2.75,12.07,67.88,64.92,-10.59,39.95,-0.22,0.08,17.00,7000.00,-38.00,0.00,7.00
386314.00,2019-06-30 17:48:50.314,0.00,294.23,0.00,1.51,0.00,1.00,1.00,127.35,2.75,12.08,67.88,64.79,-10.59,39.95,-0.21,0.09,17.00,7000.00,-38.00,0.00,7.00
386414.00,2019-06-30 17:48:50.414,0.00,294.23,0.00,1.51,0.00,1.00,1.00,127.35,2.75,11.92,67.86,64.79,-10.58,39.95,-0.23,0.08,17.00,7000.00,-38.00,0.00,7.00
386514.00,2019-06-30 17:48:50.514,0.00,294.23,0.00,1.51,0.00,1.00,1.00,127.35,2.75,12.08,67.86,64.88,-10.58,39.99,-0.19,0.08,17.00,7000.00,-38.00,0.00,7.00
386614.00,2019-06-30 17:48:50.614,0.00,294.23,0.00,1.51,0.00,1.00,1.00,127.35,2.75,12.05,67.86,64.88,-10.58,39.99,-0.23,0.08,17.00,7000.00,-38.00,0.00,7.00
386714.00,2019-06-30 17:48:50.714,0.00,294.23,0.00,1.51,0.00,1.00,1.00,127.35,2.75,11.94,67.92,64.88,-10.62,39.99,-0.20,0.08,17.00,7000.00,-38.00,0.00,7.00
386814.00,2019-06-30 17:48:50.814,0.00,294.23,0.00,1.51,0.00,1.00,1.00,127.35,2.75,12.08,67.92,64.85,-10.62,39.99,-0.22,0.08,17.00,7000.00,-38.00,0.00,7.00
386914.00,2019-06-30 17:48:50.914,0.00,294.23,0.00,1.51,0.00,1.00,1.00,127.35,2.75,11.92,67.85,64.85,-10.52,39.97,-0.23,0.09,17.00,7000.00,-38.00,0.00,7.00
387014.00,2019-06-30 17:48:51.014,0.00,294.23,0.00,1.51,0.00,1.00,1.00,127.35,2.75,12.07,67.85,64.91,-10.52,39.97,-0.21,0.08,17.00,7000.00,-38.00,0.00,7.00
387114.00,2019-06-30 17:48:51.114,0.00,294.23,0.00,1.51,0.00,1.00,1.00,127.35,2.75,12.05,67.85,64.91,-10.52,39.97,-0.23,0.08,17.00,7000.00,-38.00,0.00,7.00
387214.00,2019-06-30 17:48:51.214,0.00,294.23,0.00,1.51,0.00,1.00,1.00,127.35,2.75,11.95,67.88,64.91,-10.42,39.97,-0.22,0.08,17.00,7000.00,-38.00,0.00,7.00
387314.00,2019-06-30 17:48:51.314,0.00,294.23,0.00,1.51,0.00,1.00,1.00,127.35,2.75,12.06,67.88,64.86,-10.42,39.95,-0.23,0.08,17.00,7000.00,-38.00,0.00,7.00
387414.00,2019-06-30 17:48:51.414,0.00,294.23,0.00,1.51,0.00,1.00,1.00,127.35,2.75,12.07,67.88,64.86,-10.42,39.95,-0.22,0.08,17.00,7000.00,-38.00,0.00,7.00
387514.00,2019-06-30 17:48:51.514,0.00,294.23,0.00,1.51,0.00,1.00,1.00,127.35,2.75,11.95,67.90,64.90,-10.41,39.95,-0.21,0.08,17.00,7000.00,-38.00,0.00,7.00
387614.00,2019-06-30 17:48:51.614,0.00,294.23,0.00,1.51,0.00,1.00,1.00,127.35,2.75,12.05,67.90,64.90,-10.41,39.95,-0.22,0.08,17.00,7000.00,-38.00,0.00,7.00
387714.00,2019-06-30 17:48:51.714,0.00,294.23,0.00,1.51,0.00,1.00,1.00,127.35,2.75,11.94,67.99,64.90,-10.40,40.02,-0.21,0.08,17.00,7000.00,-38.00,0.00,7.00
387814.00,2019-06-30 17:48:51.814,0.00,294.23,0.00,1.51,0.00,1.00,1.00,127.35,2.75,12.08,67.99,64.86,-10.40,40.02,-0.23,0.08,17.00,7000.00,-38.00,0.00,7.00
387914.00,2019-06-30 17:48:51.914,0.00,294.23,0.00,1.51,0.00,1.00,1.00,127.35,2.75,12.05,67.99,64.86,-10.40,40.02,-0.22,0.08,17.00,7000.00,-38.00,0.00,7.00
388014.00,2019-06-30 17:48:52.014,0.00,294.23,0.00,1.51,0.00,1.00,1.00,127.35,2.75,11.95,67.85,64.99,-10.38,40.02,-0.21,0.08,17.00,7000.00,-38.00,0.00,7.00
388114.00,2019-06-30 17:48:52.114,0.00,294.23,0.00,1.51,0.00,1.00,1.00,127.35,2.75,12.05,67.85,64.99,-10.38,39.94,-0.22,0.08,17.00,7000.00,-38.00,0.00,7.00
388214.00,2019-06-30 17:48:52.214,0.00,294.23,0.00,1.51,0.00,1.00,1.00,127.35,2.75,12.07,67.93,64.99,-10.35,39.94,-0.20,0.08,17.00,7000.00,-38.00,0.00,7.00
388314.00,2019-06-30 17:48:52.314,0.00,294.23,0.00,1.51,0.00,1.00,1.00,127.35,2.75,11.94,67.93,64.92,-10.35,39.94,-0.23,0.08,17.00,7000.00,-38.00,0.00,7.00
388414.00,2019-06-30 17:48:52.414,0.00,294.23,0.00,1.51,0.00,1.00,1.00,127.35,2.75,12.06,67.93,64.92,-10.35,39.94,-0.21,0.08,17.00,7000.00,-38.00,0.00,7.00
388514.00,2019-06-30 17:48:52.514,0.00,294.23,0.00,1.51,0.00,1.00,1.00,127.35,2.75,12.08,67.92,64.88,-10.31,39.96,-0.23,0.08,17.00,7000.00,-38.00,0.00,7.00
388614.00,2019-06-30 17:48:52.614,0.00,294.23,0.00,1.51,0.00,1.00,1.00,127.35,2.75,11.91,67.92,64.88,-10.31,39.96,-0.22,0.08,17.00,7000.00,-38.00,0.00,7.00
388714.00,2019-06-30 17:48:52.714,0.00,294.23,0.00,1.51,0.00,1.00,1.00,127.35,2.75,12.08,67.92,64.88,-10.31,39.96,-0.21,0.09,17.00,7000.00,-38.00,0.00,7.00
388814.00,2019-06-30 17:48:52.814,0.00,294.23,0.00,1.51,0.00,1.00,1.00,127.35,2.75,11.92,67.88,64.83,-10.24,39.96,-0.23,0.08,17.00,7000.00,-38.00,0.00,7.00
388914.00,2019-06-30 17:48:52.914,0.00,294.23,0.00,1.51,0.00,1.00,1.00,127.35,2.75,12.05,67.88,64.83,-10.24,40.01,-0.20,0.08,17.00,7000.00,-38.00,0.00,7.00
389014.00,2019-06-30 17:48:53.014,0.00,294.23,0.00,1.51,0.00,1.00,1.00,127.35,2.75,11.95,67.88,64.81,-10.24,40.01,-0.23,0.08,17.00,7000.00,-38.00,0.00,7.00
389114.00,2019-06-30 17:48:53.114,0.00,294.23,0.00,1.51,0.00,1.00,1.00,127.35,2.75,12.05,68.02,64.81,-10.30,40.01,-0.21,0.08,17.00,7000.00,-38.00,0.00,7.00
389214.00,2019-06-30 17:48:53.214,0.00,294.23,0.00,1.51,0.00,1.00,1.00,127.35,2.75,12.08,68.02,64.81,-10.30,40.01,-0.22,0.08,17.00,7000.00,-38.00,0.00,7.00
389314.00,2019-06-30 17:48:53.314,0.00,294.23,0.00,1.51,0.00,1.00,1.00,127.35,2.75,11.92,67.95,64.85,-10.30,40.05,-0.21,0.09,17.00,7000.00,-38.00,0.00,7.00
389414.00,2019-06-30 17:48:53.414,0.00,294.23,0.00,1.51,0.00,1.00,1.00,127.35,2.75,12.07,67.95,64.85,-10.30,40.05,-0.21,0.08,17.00,7000.00,-38.00,0.00,7.00
389514.00,2019-06-30 17:48:53.514,0.00,294.23,0.00,1.51,0.00,1.00,1.00,127.35,2.75,11.95,67.95,64.80,-10.30,40.05,-0.22,0.08,17.00,7000.00,-38.00,0.00,7.00
389614.00,2019-06-30 17:48:53.614,0.00,294.23,0.00,1.51,0.00,1.00,1.00,127.35,2.75,11.95,67.97,64.80,-10.15,40.05,-0.22,0.08,17.00,7000.00,-38.00,0.00,7.00
389714.00,2019-06-30 17:48:53.714,0.00,294.23,0.00,1.51,0.00,1.00,1.00,127.35,2.75,12.06,67.97,64.80,-10.15,39.96,-0.24,0.08,17.00,7000.00,-38.00,0.00,7.00
389814.00,2019-06-30 17:48:53.814,0.00,294.23,0.00,1.51,0.00,1.00,1.00,127.35,2.75,12.07,67.95,64.77,-10.16,39.96,-0.22,0.08,17.00,7000.00,-38.00,0.00,7.00
389914.00,2019-06-30 17:48:53.914,0.00,294.23,0.00,1.51,0.00,1.00,1.00,127.35,2.75,11.94,67.95,64.77,-10.16,39.96,-0.21,0.08,17.00,7000.00,-38.00,0.00,7.00
390014.00,2019-06-30 17:48:54.014,0.00,294.23,0.00,1.51,0.00,1.00,1.00,127.35,2.75,12.08,67.95,64.85,-10.16,39.96,-0.23,0.08,17.00,7000.00,-38.00,0.00,7.00
390114.00,2019-06-30 17:48:54.114,0.00,294.23,0.00,1.51,0.00,1.00,1.00,127.35,2.75,12.08,67.97,64.85,-10.08,39.99,-0.21,0.08,17.00,7000.00,-38.00,0.00,7.00
390214.00,2019-06-30 17:48:54.214,0.00,294.23,0.00,1.51,0.00,1.00,1.00,127.35,2.75,11.92,67.97,64.85,-10.08,39.99,-0.24,0.09,17.00,7000.00,-38.00,0.00,7.00
390314.00,2019-06-30 17:48:54.314,0.00,294.23,0.00,1.51,0.00,1.00,1.00,127.35,2.75,12.06,67.97,64.77,-10.08,39.99,-0.22,0.08,17.00,7000.00,-38.00,0.00,7.00
390414.00,2019-06-30 17:48:54.414,0.00,294.23,0.00,1.51,0.00,1.00,1.00,127.35,2.75,12.07,67.98,64.77,-10.09,39.99,-0.21,0.08,17.00,7000.00,-38.00,0.00,7.00
390514.00,2019-06-30 17:48:54.514,0.00,294.23,0.00,1.51,0.00,1.00,1.00,127.35,2.75,11.93,67.98,64.80,-10.09,39.96,-0.22,0.08,17.00,7000.00,-38.00,0.00,7.00
390614.00,2019-06-30 17:48:54.614,0.00,294.23,0.00,1.51,0.00,1.00,1.00,127.35,2.75,12.08,67.99,64.80,-9.98,39.96,-0.21,0.08,17.00,7000.00,-38.00,0.00,7.00
390714.00,2019-06-30 17:48:54.714,0.00,294.23,0.00,1.51,0.00,1.00,1.00,127.35,2.75,11.95,67.99,64.80,-9.98,39.96,-0.22,0.08,17.00,7000.00,-38.00,0.00,7.00
390814.00,2019-06-30 17:48:54.814,0.00,294.23,0.00,1.51,0.00,1.00,1.00,127.35,2.75,11.95,67.99,64.77,-9.98,39.96,-0.22,0.08,17.00,7000.00,-38.00,0.00,7.00
390914.00,2019-06-30 17:48:54.914,0.00,294.23,0.00,1.51,0.00,1.00,1.00,127.35,2.75,12.08,67.92,64.77,-9.98,40.01,-0.22,0.08,17.00,7000.00,-38.00,0.00,7.00
391014.00,2019-06-30 17:48:55.014,0.00,294.23,0.00,1.51,0.00,1.00,1.00,127.35,2.75,11.91,67.92,64.83,-9.98,40.01,-0.20,0.08,17.00,7000.00,-38.00,0.00,7.00
391114.00,2019-06-30 17:48:55.114,0.00,294.23,0.00,1.51,0.00,1.00,1.00,127.35,2.75,12.08,67.98,64.83,-9.86,40.01,-0.21,0.08,17.00,7000.00,-38.00,0.00,7.00
391214.00,2019-06-30 17:48:55.214,0.00,294.23,0.00,1.51,0.00,1.00,1.00,127.35,2.75,12.06,67.98,64.83,-9.86,40.01,-0.22,0.08,17.00,7000.00,-38.00,0.00,7.00
391314.00,2019-06-30 17:48:55.314,0.00,294.23,0.00,1.51,0.00,1.00,1.00,127.35,2.75,11.94,67.98,64.77,-9.86,40.08,-0.20,0.07,17.00,7000.00,-38.00,0.00,7.00
391414.00,2019-06-30 17:48:55.414,0.00,294.23,0.00,1.51,0.00,1.00,1.00,127.35,2.75,12.08,67.95,64.77,-9.84,40.08,-0.24,0.08,17.00,7000.00,-38.00,0.00,7.00
391514.00,2019-06-30 17:48:55.514,0.00,294.23,0.00,1.51,0.00,1.00,1.00,127.35,2.75,12.05,67.95,64.80,-9.84,40.08,-0.21,0.07,17.00,7000.00,-38.00,0.00,7.00
391614.00,2019-06-30 17:48:55.614,0.00,294.23,0.00,1.51,0.00,1.00,1.00,127.35,2.75,11.95,67.97,64.80,-9.84,40.08,-0.21,0.08,17.00,7000.00,-38.00,0.00,7.00
391714.00,2019-06-30 17:48:55.714,0.00,294.23,0.00,1.51,0.00,1.00,1.00,127.35,2.75,12.05,67.97,64.80,-9.88,39.96,-0.22,0.08,17.00,7000.00,-38.00,0.00,7.00
391814.00,2019-06-30 17:48:55.814,0.00,294.23,0.00,1.51,0.00,1.00,1.00,127.35,2.75,12.08,67.97,64.73,-9.88,39.96,-0.20,0.08,17.00,7000.00,-38.00,0.00,7.00
391914.00,2019-06-30 17:48:55.914,0.00,294.23,0.00,1.51,0.00,1.00,1.00,127.35,2.75,11.92,67.97,64.73,-9.81,39.96,-0.23,0.09,17.00,7000.00,-38.00,0.00,7.00
392014.00,2019-06-30 17:48:56.014,0.00,294.23,0.00,1.51,0.00,1.00,1.00,127.35,2.75,12.05,67.97,64.72,-9.81,39.96,-0.22,0.08,17.00,7000.00,-38.00,0.00,7.00
392114.00,2019-06-30 17:48:56.114,0.00,294.23,0.00,1.51,0.00,1.00,1.00,127.35,2.75,11.94,67.97,64.72,-9.81,40.02,-0.23,0.08,17.00,7000.00,-38.00,0.00,7.00
392214.00,2019-06-30 17:48:56.214,0.00,294.23,0.00,1.51,0.00,1.00,1.00,127.35,2.75,12.05,67.97,64.72,-9.80,40.02,-0.22,0.08,17.00,7000.00,-38.00,0.00,7.00
392314.00,2019-06-30 17:48:56.314,0.00,294.23,0.00,1.51,0.00,1.00,1.00,127.35,2.75,12.08,67.97,64.77,-9.80,40.02,-0.21,0.08,17.00,7000.00,-38.00,0.00,7.00
392414.00,2019-06-30 17:48:56.414,0.00,294.23,0.00,1.51,0.00,1.00,1.00,127.35,2.75,11.92,67.92,64.77,-9.78,40.02,-0.22,0.08,17.00,7000.00,-38.00,0.00,7.00
392514.00,2019-06-30 17:48:56.514,0.00,294.23,0.00,1.51,0.00,1.00,1.00,127.35,2.75,12.07,67.92,64.72,-9.78,40.02,-0.19,0.08,17.00,7000.00,-38.00,0.00,7.00
392614.00,2019-06-30 17:48:56.614,0.00,294.23,0.00,1.51,0.00,1.00,1.00,127.35,2.75,12.08,67.92,64.72,-9.78,40.02,-0.23,0.08,17.00,7000.00,-38.00,0.00,7.00
392714.00,2019-06-30 17:48:56.714,0.00,294.23,0.00,1.51,0.00,1.00,1.00,127.35,2.75,11.91,68.00,64.72,-9.66,40.02,-0.21,0.08,17.00,7000.00,-38.00,0.00,7.00
392814.00,2019-06-30 17:48:56.814,0.00,294.23,0.00,1.51,0.00,1.00,1.00,127.35,2.75,12.08,68.00,64.75,-9.66,40.02,-0.22,0.08,17.00,7000.00,-38.00,0.00,7.00
392914.00,2019-06-30 17:48:56.914,0.00,294.23,0.00,1.51,0.00,1.00,1.00,127.35,2.75,12.05,68.02,64.75,-9.66,40.01,-0.23,0.08,17.00,7000.00,-38.00,0.00,7.00
393014.00,2019-06-30 17:48:57.014,0.00,294.23,0.00,1.51,0.00,1.00,1.00,127.35,2.75,11.94,68.02,64.79,-9.77,40.01,-0.21,0.08,17.00,7000.00,-38.00,0.00,7.00
393114.00,2019-06-30 17:48:57.114,0.00,294.23,0.00,1.51,0.00,1.00,1.00,127.35,2.75,12.05,68.02,64.79,-9.77,40.01,-0.23,0.08,17.00,7000.00,-38.00,0.00,7.00
393214.00,2019-06-30 17:48:57.214,0.00,294.23,0.00,1.51,0.00,1.00,1.00,127.35,2.75,12.08,68.07,64.79,-9.63,40.01,-0.20,0.09,17.00,7000.00,-38.00,0.00,7.00
393314.00,2019-06-30 17:48:57.314,0.00,294.23,0.00,1.51,0.00,1.00,1.00,127.35,2.75,11.93,68.07,64.77,-9.63,39.96,-0.24,0.08,17.00,7000.00,-38.00,0.00,7.00
393414.00,2019-06-30 17:48:57.414,0.00,294.23,0.00,1.51,0.00,1.00,1.00,127.35,2.75,12.07,68.07,64.77,-9.63,39.96,-0.22,0.08,17.00,7000.00,-38.00,0.00,7.00
393514.00,2019-06-30 17:48:57.514,0.00,294.23,0.00,1.51,0.00,1.00,1.00,127.35,2.75,12.08,67.95,64.75,-9.59,39.96,-0.21,0.09,17.00,7000.00,-38.00,0.00,7.00
393614.00,2019-06-30 17:48:57.614,0.00,294.23,0.00,1.51,0.00,1.00,1.00,127.35,2.75,12.08,67.95,64.75,-9.59,39.96,-0.22,0.08,17.00,7000.00,-38.00,0.00,7.00
393714.00,2019-06-30 17:48:57.714,0.00,294.23,0.00,1.51,0.00,1.00,1.00,127.35,2.75,12.05,67.98,64.75,-9.63,39.99,-0.20,0.08,17.00,7000.00,-38.00,0.00,7.00
393814.00,2019-06-30 17:48:57.814,0.00,294.23,0.00,1.51,0.00,1.00,1.00,127.35,2.75,12.05,67.98,64.65,-9.63,39.99,-0.23,0.08,17.00,7000.00,-38.00,0.00,7.00
393914.00,2019-06-30 17:48:57.914,0.00,294.23,0.00,1.51,0.00,1.00,1.00,127.35,2.75,11.94,67.98,64.65,-9.63,39.99,-0.21,0.08,17.00,7000.00,-38.00,0.00,7.00
394014.00,2019-06-30 17:48:58.014,0.00,294.23,0.00,1.51,0.00,1.00,1.00,127.35,2.75,12.07,68.02,64.72,-9.51,39.99,-0.22,0.08,17.00,7000.00,-38.00,0.00,7.00
394114.00,2019-06-30 17:48:58.114,0.00,294.23,0.00,1.51,0.00,1.00,1.00,127.35,2.75,12.06,68.02,64.72,-9.51,40.02,-0.23,0.08,17.00,7000.00,-38.00,0.00,7.00
394214.00,2019-06-30 17:48:58.214,0.00,294.23,0.00,1.51,0.00,1.00,1.00,127.35,2.75,12.05,67.98,64.72,-9.51,40.02,-0.21,0.08,17.00,7000.00,-38.00,0.00,7.00
394314.00,2019-06-30 17:48:58.314,0.00,294.23,0.00,1.51,0.00,1.00,1.00,127.35,2.75,12.08,67.98,64.67,-9.55,40.02,-0.23,0.08,17.00,7000.00,-38.00,0.00,7.00
394414.00,2019-06-30 17:48:58.414,0.00,294.23,0.00,1.51,0.00,1.00,1.00,127.35,2.75,12.08,67.98,64.67,-9.55,40.02,-0.22,0.07,17.00,7000.00,-38.00,0.00,7.00
394514.00,2019-06-30 17:48:58.514,0.00,294.23,0.00,1.51,0.00,1.00,1.00,127.35,2.75,12.07,68.13,64.72,-9.56,40.07,-0.23,0.08,17.00,7000.00,-38.00,0.00,7.00
394614.00,2019-06-30 17:48:58.614,0.00,294.23,0.00,1.51,0.00,1.00,1.00,127.35,2.75,12.07,68.13,64.72,-9.56,40.07,-0.22,0.08,17.00,7000.00,-38.00,0.00,7.00
394714.00,2019-06-30 17:48:58.714,0.00,294.23,0.00,1.51,0.00,1.00,1.00,127.35,2.75,12.08,68.04,64.72,-9.56,40.07,-0.21,0.08,17.00,7000.00,-38.00,0.00,7.00
394814.00,2019-06-30 17:48:58.814,0.00,294.23,0.00,1.51,0.00,1.00,1.00,127.35,2.75,11.92,68.04,64.65,-9.41,40.07,-0.23,0.08,17.00,7000.00,-38.00,0.00,7.00
394914.00,2019-06-30 17:48:58.914,0.00,294.23,0.00,1.51,0.00,1.00,1.00,127.35,2.75,12.08,68.04,64.65,-9.41,40.02,-0.20,0.08,17.00,7000.00,-38.00,0.00,7.00
395014.00,2019-06-30 17:48:59.014,0.00,294.23,0.00,1.51,0.00,1.00,1.00,127.35,2.75,11.94,68.02,64.66,-9.38,40.02,-0.24,0.08,17.00,7000.00,-38.00,0.00,7.00
395114.00,2019-06-30 17:48:59.114,0.00,294.23,0.00,1.51,0.00,1.00,1.00,127.35,2.75,12.05,68.02,64.66,-9.38,40.02,-0.22,0.08,17.00,7000.00,-38.00,0.00,7.00
395214.00,2019-06-30 17:48:59.214,0.00,294.23,0.00,1.51,0.00,1.00,1.00,127.35,2.75,12.08,68.02,64.66,-9.38,40.02,-0.22,0.08,17.00,7000.00,-38.00,0.00,7.00
395314.00,2019-06-30 17:48:59.314,0.00,294.23,0.00,1.51,0.00,1.00,1.00,127.35,2.75,11.92,68.05,64.75,-9.41,40.03,-0.23,0.08,17.00,7000.00,-38.00,0.00,7.00
395414.00,2019-06-30 17:48:59.414,0.00,294.23,0.00,1.51,0.00,1.00,1.00,127.35,2.75,12.05,68.05,64.75,-9.41,40.03,-0.20,0.08,17.00,7000.00,-38.00,0.00,7.00
395514.00,2019-06-30 17:48:59.514,0.00,294.23,0.00,1.51,0.00,1.00,1.00,127.35,2.75,11.94,68.04,64.72,-9.41,40.03,-0.24,0.08,17.00,7000.00,-38.00,0.00,7.00
395614.00,2019-06-30 17:48:59.614,0.00,294.23,0.00,1.51,0.00,1.00,1.00,127.35,2.75,12.06,68.04,64.72,-9.34,40.03,-0.21,0.08,17.00,7000.00,-38.00,0.00,7.00
395714.00,2019-06-30 17:48:59.714,0.00,294.23,0.00,1.51,0.00,1.00,1.00,127.35,2.75,12.08,68.04,64.72,-9.34,40.02,-0.20,0.08,17.00,7000.00,-38.00,0.00,7.00
395814.00,2019-06-30 17:48:59.814,0.00,294.23,0.00,1.51,0.00,1.00,1.00,127.35,2.75,11.92,68.05,64.70,-9.31,40.02,-0.22,0.08,17.00,7000.00,-38.00,0.00,7.00
395914.00,2019-06-30 17:48:59.914,0.00,294.23,0.00,1.51,0.00,1.00,1.00,127.35,2.75,12.07,68.05,64.70,-9.31,40.02,-0.21,0.08,17.00,7000.00,-38.00,0.00,7.00
396014.00,2019-06-30 17:49:00.014,0.00,294.23,0.00,1.51,0.00,1.00,1.00,127.35,2.75,12.06,68.00,64.68,-9.31,40.02,-0.23,0.08,17.00,7000.00,-38.00,0.00,7.00
396114.00,2019-06-30 17:49:00.114,0.00,294.23,0.00,1.51,0.00,1.00,1.00,127.35,2.75,11.94,68.00,64.68,-9.28,40.03,-0.20,0.08,17.00,7000.00,-38.00,0.00,7.00
396214.00,2019-06-30 17:49:00.214,0.00,294.23,0.00,1.51,0.00,1.00,1.00,127.35,2.75,12.06,68.00,64.68,-9.28,40.03,-0.23,0.09,17.00,7000.00,-38.00,0.00,7.00
396314.00,2019-06-30 17:49:00.314,0.00,294.23,0.00,1.51,0.00,1.00,1.00,127.35,2.75,12.07,68.04,64.67,-9.27,40.03,-0.22,0.08,17.00,7000.00,-38.00,0.00,7.00
396414.00,2019-06-30 17:49:00.414,0.00,294.23,0.00,1.51,0.00,1.00,1.00,127.35,2.75,11.94,68.04,64.67,-9.27,40.03,-0.21,0.09,17.00,7000.00,-38.00,0.00,7.00
396514.00,2019-06-30 17:49:00.514,0.00,294.23,0.00,1.51,0.00,1.00,1.00,127.35,2.75,12.05,68.04,64.73,-9.27,39.97,-0.22,0.09,17.00,7000.00,-38.00,0.00,7.00
396614.00,2019-06-30 17:49:00.614,0.00,294.23,0.00,1.51,0.00,1.00,1.00,127.35,2.75,12.08,68.06,64.73,-9.27,39.97,-0.20,0.08,17.00,7000.00,-38.00,0.00,7.00
396714.00,2019-06-30 17:49:00.714,0.00,294.23,0.00,1.51,0.00,1.00,1.00,127.35,2.75,11.91,68.06,64.73,-9.27,39.97,-0.24,0.08,17.00,7000.00,-38.00,0.00,7.00
396814.00,2019-06-30 17:49:00.814,0.00,294.23,0.00,1.51,0.00,1.00,1.00,127.35,2.75,12.08,68.04,64.68,-9.27,39.97,-0.22,0.08,17.00,7000.00,-38.00,0.00,7.00
396914.00,2019-06-30 17:49:00.914,0.00,294.23,0.00,1.51,0.00,1.00,1.00,127.35,2.75,11.94,68.04,64.68,-9.20,39.97,-0.23,0.08,17.00,7000.00,-38.00,0.00,7.00
397014.00,2019-06-30 17:49:01.014,0.00,294.23,0.00,1.51,0.00,1.00,1.00,127.35,2.75,11.94,68.04,64.68,-9.20,39.97,-0.22,0.08,17.00,7000.00,-38.00,0.00,7.00
397114.00,2019-06-30 17:49:01.114,0.00,294.23,0.00,1.51,0.00,1.00,1.00,127.35,2.75,12.08,68.02,64.68,-9.20,39.97,-0.21,0.08,17.00,7000.00,-38.00,0.00,7.00
397214.00,2019-06-30 17:49:01.214,0.00,294.23,0.00,1.51,0.00,1.00,1.00,127.35,2.75,11.93,68.02,64.68,-9.20,39.97,-0.22,0.08,17.00,7000.00,-38.00,0.00,7.00
397314.00,2019-06-30 17:49:01.314,0.00,294.23,0.00,1.51,0.00,1.00,1.00,127.35,2.75,12.06,68.06,64.63,-9.20,40.02,-0.20,0.08,17.00,7000.00,-38.00,0.00,7.00
397414.00,2019-06-30 17:49:01.414,0.00,294.23,0.00,1.51,0.00,1.00,1.00,127.35,2.75,12.08,68.06,64.63,-9.15,40.02,-0.24,0.08,17.00,7000.00,-38.00,0.00,7.00
397514.00,2019-06-30 17:49:01.514,0.00,294.23,0.00,1.51,0.00,1.00,1.00,127.35,2.75,11.91,68.06,64.73,-9.15,40.02,-0.22,0.08,17.00,7000.00,-38.00,0.00,7.00
397614.00,2019-06-30 17:49:01.614,0.00,294.23,0.00,1.51,0.00,1.00,1.00,127.35,2.75,12.08,68.05,64.73,-9.13,40.02,-0.21,0.08,17.00,7000.00,-38.00,0.00,7.00
397714.00,2019-06-30 17:49:01.714,0.00,294.23,0.00,1.51,0.00,1.00,1.00,127.35,2.75,12.05,68.05,64.73,-9.13,40.10,-0.22,0.08,17.00,7000.00,-38.00,0.00,7.00
397814.00,2019-06-30 17:49:01.814,0.00,294.23,0.00,1.51,0.00,1.00,1.00,127.35,2.75,11.94,68.04,64.60,-9.13,40.10,-0.20,0.08,17.00,7000.00,-38.00,0.00,7.00
397914.00,2019-06-30 17:49:01.914,0.00,294.23,0.00,1.51,0.00,1.00,1.00,127.35,2.75,12.07,68.04,64.60,-9.02,40.10,-0.23,0.08,17.00,7000.00,-38.00,0.00,7.00
398014.00,2019-06-30 17:49:02.014,0.00,294.23,0.00,1.51,0.00,1.00,1.00,127.35,2.75,12.05,68.04,64.63,-9.02,40.10,-0.22,0.08,17.00,7000.00,-38.00,0.00,7.00
398114.00,2019-06-30 17:49:02.114,0.00,294.23,0.00,1.51,0.00,1.00,1.00,127.35,2.75,11.95,68.11,64.63,-9.02,40.03,-0.22,0.08,17.00,7000.00,-38.00,0.00,7.00
398214.00,2019-06-30 17:49:02.214,0.00,294.23,0.00,1.51,0.00,1.00,1.00,127.35,2.75,12.05,68.11,64.63,-9.02,40.03,-0.22,0.08,17.00,7000.00,-38.00,0.00,7.00
398314.00,2019-06-30 17:49:02.314,0.00,294.23,0.00,1.51,0.00,1.00,1.00,127.35,2.75,12.08,68.11,64.60,-9.02,40.03,-0.21,0.08,17.00,7000.00,-38.00,0.00,7.00
398414.00,2019-06-30 17:49:02.414,0.00,294.23,0.00,1.51,0.00,1.00,1.00,127.35,2.75,11.93,68.11,64.60,-9.03,40.03,-0.21,0.08,17.00,7000.00,-38.00,0.00,7.00
398514.00,2019-06-30 17:49:02.514,0.00,294.23,0.00,1.51,0.00,1.00,1.00,127.35,2.75,12.05,68.11,64.61,-9.03,40.01,-0.18,0.08,17.00,7000.00,-38.00,0.00,7.00
398614.00,2019-06-30 17:49:02.614,0.00,294.23,0.00,1.51,0.00,1.00,1.00,127.35,2.75,12.05,68.09,64.61,-9.03,40.01,-0.25,0.08,17.00,7000.00,-38.00,0.00,7.00
398714.00,2019-06-30 17:49:02.714,0.00,294.23,0.00,1.51,0.00,1.00,1.00,127.35,2.75,11.94,68.09,64.61,-8.95,40.01,-0.22,0.08,17.00,7000.00,-38.00,0.00,7.00
398814.00,2019-06-30 17:49:02.814,0.00,294.23,0.00,1.51,0.00,1.00,1.00,127.35,2.75,12.08,68.09,64.70,-8.95,40.01,-0.22,0.08,17.00,7000.00,-38.00,0.00,7.00
398914.00,2019-06-30 17:49:02.914,0.00,294.23,0.00,1.51,0.00,1.00,1.00,127.35,2.75,11.92,68.06,64.70,-8.95,40.05,-0.22,0.09,17.00,7000.00,-38.00,0.00,7.00
399014.00,2019-06-30 17:49:03.014,0.00,294.23,0.00,1.51,0.00,1.00,1.00,127.35,2.75,12.07,68.06,64.70,-8.95,40.05,-0.20,0.08,17.00,7000.00,-38.00,0.00,7.00
399114.00,2019-06-30 17:49:03.114,0.00,294.23,0.00,1.51,0.00,1.00,1.00,127.35,2.75,12.05,67.99,64.70,-8.95,40.05,-0.22,0.08,17.00,7000.00,-38.00,0.00,7.00
399214.00,2019-06-30 17:49:03.214,0.00,294.23,0.00,1.51,0.00,1.00,1.00,127.35,2.75,11.95,67.99,64.70,-8.95,40.05,-0.21,0.08,17.00,7000.00,-38.00,0.00,7.00
399314.00,2019-06-30 17:49:03.314,0.00,294.23,0.00,1.51,0.00,1.00,1.00,127.35,2.75,12.06,67.99,64.63,-8.95,40.01,-0.25,0.08,17.00,7000.00,-38.00,0.00,7.00
399414.00,2019-06-30 17:49:03.414,0.00,294.23,0.00,1.51,0.00,1.00,1.00,127.35,2.75,12.06,68.02,64.63,-8.95,40.01,-0.23,0.08,17.00,7000.00,-38.00,0.00,7.00
399514.00,2019-06-30 17:49:03.514,0.00,294.23,0.00,1.51,0.00,1.00,1.00,127.35,2.75,11.95,68.02,64.60,-8.85,40.01,-0.22,0.08,17.00,7000.00,-38.00,0.00,7.00
399614.00,2019-06-30 17:49:03.614,0.00,294.23,0.00,1.51,0.00,1.00,1.00,127.35,2.75,12.05,68.02,64.60,-8.85,40.01,-0.22,0.08,17.00,7000.00,-38.00,0.00,7.00
399714.00,2019-06-30 17:49:03.714,0.00,294.23,0.00,1.51,0.00,1.00,1.00,127.35,2.75,11.93,68.09,64.60,-8.78,39.97,-0.20,0.08,17.00,7000.00,-38.00,0.00,7.00
399814.00,2019-06-30 17:49:03.814,0.00,294.23,0.00,1.51,0.00,1.00,1.00,127.35,2.75,12.08,68.09,64.61,-8.78,39.97,-0.25,0.08,17.00,7000.00,-38.00,0.00,7.00
399914.00,2019-06-30 17:49:03.914,0.00,294.23,0.00,1.51,0.00,1.00,1.00,127.35,2.75,12.05,68.05,64.61,-8.78,39.97,-0.22,0.08,17.00,7000.00,-38.00,0.00,7.00
400014.00,2019-06-30 17:49:04.014,0.00,294.23,0.00,1.51,0.00,1.00,1.00,127.35,2.75,11.95,68.05,64.66,-8.74,39.97,-0.22,0.08,17.00,7000.00,-38.00,0.00,7.00
400114.00,2019-06-30 17:49:04.114,0.00,294.23,0.00,1.51,0.00,1.00,1.00,127.35,2.75,12.05,68.05,64.66,-8.74,40.02,-0.22,0.07,17.00,7000.00,-38.00,0.00,7.00
400214.00,2019-06-30 17:49:04.214,0.00,294.23,0.00,1.51,0.00,1.00,1.00,127.35,2.75,12.07,68.09,64.66,-8.77,40.02,-0.21,0.08,17.00,7000.00,-38.00,0.00,7.00
400314.00,2019-06-30 17:49:04.314,0.00,294.23,0.00,1.51,0.00,1.00,1.00,127.35,2.75,12.08,68.09,64.56,-8.77,40.02,-0.24,0.08,17.00,7000.00,-38.00,0.00,7.00
400414.00,2019-06-30 17:49:04.414,0.00,294.23,0.00,1.51,0.00,1.00,1.00,127.35,2.75,12.08,68.13,64.56,-8.77,40.02,-0.22,0.08,17.00,7000.00,-38.00,0.00,7.00
400514.00,2019-06-30 17:49:04.514,0.00,294.23,0.00,1.51,0.00,1.00,1.00,127.35,2.75,12.06,68.13,64.60,-8.72,40.09,-0.20,0.08,17.00,7000.00,-38.00,0.00,7.00
400614.00,2019-06-30 17:49:04.614,0.00,294.23,0.00,1.51,0.00,1.00,1.00,127.35,2.75,11.93,68.13,64.60,-8.72,40.09,-0.22,0.08,17.00,7000.00,-38.00,0.00,7.00
400714.00,2019-06-30 17:49:04.714,0.00,294.23,0.00,1.51,0.00,1.00,1.00,127.35,2.75,12.08,68.07,64.60,-8.72,40.09,-0.21,0.08,17.00,7000.00,-38.00,0.00,7.00
400814.00,2019-06-30 17:49:04.814,0.00,294.23,0.00,1.51,0.00,1.00,1.00,127.35,2.75,12.05,68.07,64.60,-8.77,40.09,-0.22,0.07,17.00,7000.00,-38.00,0.00,7.00
400914.00,2019-06-30 17:49:04.914,0.00,294.23,0.00,1.51,0.00,1.00,1.00,127.35,2.75,11.95,68.07,64.60,-8.77,40.09,-0.22,0.08,17.00,7000.00,-38.00,0.00,7.00
401014.00,2019-06-30 17:49:05.014,0.00,294.23,0.00,1.51,0.00,1.00,1.00,127.35,2.75,12.08,68.07,64.53,-8.66,40.09,-0.24,0.08,17.00,7000.00,-38.00,0.00,7.00
401114.00,2019-06-30 17:49:05.114,0.00,294.23,0.00,1.51,0.00,1.00,1.00,127.35,2.75,12.07,68.07,64.53,-8.66,40.09,-0.21,0.08,17.00,7000.00,-38.00,0.00,7.00
401214.00,2019-06-30 17:49:05.214,0.00,294.23,0.00,1.51,0.00,1.00,1.00,127.35,2.75,11.94,68.12,64.53,-8.66,40.09,-0.22,0.08,17.00,7000.00,-38.00,0.00,7.00
401314.00,2019-06-30 17:49:05.314,0.00,294.23,0.00,1.51,0.00,1.00,1.00,127.35,2.75,12.05,68.12,64.56,-8.68,40.08,-0.21,0.08,17.00,7000.00,-38.00,0.00,7.00
401414.00,2019-06-30 17:49:05.414,0.00,294.23,0.00,1.51,0.00,1.00,1.00,127.35,2.75,12.08,68.12,64.56,-8.68,40.08,-0.19,0.08,17.00,7000.00,-38.00,0.00,7.00
401514.00,2019-06-30 17:49:05.514,0.00,294.23,0.00,1.51,0.00,1.00,1.00,127.35,2.75,11.91,68.11,64.56,-8.49,40.08,-0.23,0.08,17.00,7000.00,-38.00,0.00,7.00
401614.00,2019-06-30 17:49:05.614,0.00,294.23,0.00,1.51,0.00,1.00,1.00,127.35,2.75,12.05,68.11,64.56,-8.49,40.08,-0.22,0.08,17.00,7000.00,-38.00,0.00,7.00
401714.00,2019-06-30 17:49:05.714,0.00,294.23,0.00,1.51,0.00,1.00,1.00,127.35,2.75,12.06,68.13,64.56,-8.49,40.03,-0.25,0.08,17.00,7000.00,-38.00,0.00,7.00
401814.00,2019-06-30 17:49:05.814,0.00,294.23,0.00,1.51,0.00,1.00,1.00,127.35,2.75,11.94,68.13,64.55,-8.52,40.03,-0.22,0.08,17.00,7000.00,-38.00,0.00,7.00
401914.00,2019-06-30 17:49:05.914,0.00,294.23,0.00,1.51,0.00,1.00,1.00,127.35,2.75,12.08,68.13,64.55,-8.52,40.03,-0.21,0.08,17.00,7000.00,-38.00,0.00,7.00
402014.00,2019-06-30 17:49:06.014,0.00,294.23,0.00,1.51,0.00,1.00,1.00,127.35,2.75,11.93,68.09,64.51,-8.52,40.03,-0.23,0.08,17.00,7000.00,-38.00,0.00,7.00
402114.00,2019-06-30 17:49:06.114,0.00,294.23,0.00,1.51,0.00,1.00,1.00,127.35,2.75,12.06,68.09,64.51,-8.49,40.02,-0.20,0.08,17.00,7000.00,-38.00,0.00,7.00
402214.00,2019-06-30 17:49:06.214,0.00,294.23,0.00,1.51,0.00,1.00,1.00,127.35,2.75,12.08,68.11,64.51,-8.49,40.02,-0.26,0.08,17.00,7000.00,-38.00,0.00,7.00
402314.00,2019-06-30 17:49:06.314,0.00,294.23,0.00,1.51,0.00,1.00,1.00,127.35,2.75,11.91,68.11,64.56,-8.53,40.02,-0.22,0.08,17.00,7000.00,-38.00,0.00,7.00
402414.00,2019-06-30 17:49:06.414,0.00,294.23,0.00,1.51,0.00,1.00,1.00,127.35,2.75,12.08,68.11,64.56,-8.53,40.02,-0.21,0.08,17.00,7000.00,-38.00,0.00,7.00
402514.00,2019-06-30 17:49:06.514,0.00,294.23,0.00,1.51,0.00,1.00,1.00,127.35,2.75,12.05,68.13,64.55,-8.53,40.02,-0.21,0.08,17.00,7000.00,-38.00,0.00,7.00
402614.00,2019-06-30 17:49:06.614,0.00,294.23,0.00,1.51,0.00,1.00,1.00,127.35,2.75,12.07,68.13,64.55,-8.47,40.02,-0.20,0.08,17.00,7000.00,-38.00,0.00,7.00
402714.00,2019-06-30 17:49:06.714,0.00,294.23,0.00,1.51,0.00,1.00,1.00,127.35,2.75,12.07,68.13,64.55,-8.47,40.02,-0.23,0.08,17.00,7000.00,-38.00,0.00,7.00
402814.00,2019-06-30 17:49:06.814,0.00,294.23,0.00,1.51,0.00,1.00,1.00,127.35,2.75,11.93,68.13,64.49,-8.46,40.02,-0.22,0.07,17.00,7000.00,-38.00,0.00,7.00
402914.00,2019-06-30 17:49:06.914,0.00,294.23,0.00,1.51,0.00,1.00,1.00,127.35,2.75,12.08,68.13,64.49,-8.46,40.07,-0.24,0.08,17.00,7000.00,-38.00,0.00,7.00
403014.00,2019-06-30 17:49:07.014,0.00,294.23,0.00,1.51,0.00,1.00,1.00,127.35,2.75,12.05,68.16,64.53,-8.46,40.07,-0.22,0.08,17.00,7000.00,-38.00,0.00,7.00
403114.00,2019-06-30 17:49:07.114,0.00,294.23,0.00,1.51,0.00,1.00,1.00,127.35,2.75,11.95,68.16,64.53,-8.39,40.07,-0.21,0.08,17.00,7000.00,-38.00,0.00,7.00
403214.00,2019-06-30 17:49:07.214,0.00,294.23,0.00,1.51,0.00,1.00,1.00,127.35,2.75,12.06,68.16,64.53,-8.39,40.07,-0.23,0.07,17.00,7000.00,-38.00,0.00,7.00
403314.00,2019-06-30 17:49:07.314,0.00,294.23,0.00,1.51,0.00,1.00,1.00,127.35,2.75,12.07,68.16,64.52,-8.39,40.15,-0.19,0.08,17.00,7000.00,-38.00,0.00,7.00
403414.00,2019-06-30 17:49:07.414,0.00,294.23,0.00,1.51,0.00,1.00,1.00,127.35,2.75,11.95,68.16,64.52,-8.32,40.15,-0.21,0.09,17.00,7000.00,-38.00,0.00,7.00
403514.00,2019-06-30 17:49:07.514,0.00,294.23,0.00,1.51,0.00,1.00,1.00,127.35,2.75,12.06,68.20,64.56,-8.32,40.15,-0.22,0.08,17.00,7000.00,-38.00,0.00,7.00
403614.00,2019-06-30 17:49:07.614,0.00,294.23,0.00,1.51,0.00,1.00,1.00,127.35,2.75,11.94,68.20,64.56,-8.39,40.15,-0.22,0.08,17.00,7000.00,-38.00,0.00,7.00
403714.00,2019-06-30 17:49:07.714,0.00,294.23,0.00,1.51,0.00,1.00,1.00,127.35,2.75,12.05,68.20,64.56,-8.39,40.03,-0.21,0.08,17.00,7000.00,-38.00,0.00,7.00
403814.00,2019-06-30 17:49:07.814,0.00,294.23,0.00,1.51,0.00,1.00,1.00,127.35,2.75,12.07,68.19,64.55,-8.39,40.03,-0.21,0.08,17.00,7000.00,-38.00,0.00,7.00
403914.00,2019-06-30 17:49:07.914,0.00,294.23,0.00,1.51,0.00,1.00,1.00,127.35,2.75,11.94,68.19,64.55,-8.23,40.03,-0.23,0.08,17.00,7000.00,-38.00,0.00,7.00
404014.00,2019-06-30 17:49:08.014,0.00,294.23,0.00,1.51,0.00,1.00,1.00,127.35,2.75,12.05,68.16,64.47,-8.23,40.03,-0.20,0.08,17.00,7000.00,-38.00,0.00,7.00
404114.00,2019-06-30 17:49:08.114,0.00,294.23,0.00,1.51,0.00,1.00,1.00,127.35,2.75,12.08,68.16,64.47,-8.25,40.05,-0.24,0.08,17.00,7000.00,-38.00,0.00,7.00
404214.00,2019-06-30 17:49:08.214,0.00,294.23,0.00,1.51,0.00,1.00,1.00,127.35,2.75,11.92,68.16,64.47,-8.25,40.05,-0.21,0.08,17.00,7000.00,-38.00,0.00,7.00
404314.00,2019-06-30 17:49:08.314,0.00,294.23,0.00,1.51,0.00,1.00,1.00,127.35,2.75,12.08,68.09,64.54,-8.25,40.05,-0.22,0.08,17.00,7000.00,-38.00,0.00,7.00
404414.00,2019-06-30 17:49:08.414,0.00,294.23,0.00,1.51,0.00,1.00,1.00,127.35,2.75,12.06,68.09,64.54,-8.22,40.05,-0.22,0.08,17.00,7000.00,-38.00,0.00,7.00
404514.00,2019-06-30 17:49:08.514,0.00,294.23,0.00,1.51,0.00,1.00,1.00,127.35,2.75,11.94,68.09,64.56,-8.22,40.13,-0.20,0.08,17.00,7000.00,-38.00,0.00,7.00
404614.00,2019-06-30 17:49:08.614,0.00,294.23,0.00,1.51,0.00,1.00,1.00,127.35,2.75,12.08,68.16,64.56,-8.22,40.13,-0.24,0.08,17.00,7000.00,-38.00,0.00,7.00
404714.00,2019-06-30 17:49:08.714,0.00,294.23,0.00,1.51,0.00,1.00,1.00,127.35,2.75,12.05,68.16,64.56,-8.20,40.13,-0.22,0.08,17.00,7000.00,-38.00,0.00,7.00
404814.00,2019-06-30 17:49:08.814,0.00,294.23,0.00,1.51,0.00,1.00,1.00,127.35,2.75,11.95,68.16,64.54,-8.20,40.13,-0.22,0.08,17.00,7000.00,-38.00,0.00,7.00
404914.00,2019-06-30 17:49:08.914,0.00,294.23,0.00,1.51,0.00,1.00,1.00,127.35,2.75,12.05,68.16,64.54,-8.12,40.19,-0.22,0.08,17.00,7000.00,-38.00,0.00,7.00
405014.00,2019-06-30 17:49:09.014,0.00,294.23,0.00,1.51,0.00,1.00,1.00,127.35,2.75,12.08,68.16,64.48,-8.12,40.19,-0.20,0.08,17.00,7000.00,-38.00,0.00,7.00
405114.00,2019-06-30 17:49:09.114,0.00,294.23,0.00,1.51,0.00,1.00,1.00,127.35,2.75,12.08,68.16,64.48,-8.12,40.19,-0.22,0.08,17.00,7000.00,-38.00,0.00,7.00
405214.00,2019-06-30 17:49:09.214,0.00,294.23,0.00,1.51,0.00,1.00,1.00,127.35,2.75,12.07,68.16,64.48,-8.22,40.19,-0.22,0.08,17.00,7000.00,-38.00,0.00,7.00
405314.00,2019-06-30 17:49:09.314,0.00,294.23,0.00,1.51,0.00,1.00,1.00,127.35,2.75,12.06,68.14,64.51,-8.22,40.10,-0.24,0.08,17.00,7000.00,-38.00,0.00,7.00
405414.00,2019-06-30 17:49:09.414,0.00,294.23,0.00,1.51,0.00,1.00,1.00,127.35,2.75,12.07,68.14,64.51,-8.11,40.10,-0.22,0.08,17.00,7000.00,-38.00,0.00,7.00
405514.00,2019-06-30 17:49:09.514,0.00,294.23,0.00,1.51,0.00,1.00,1.00,127.35,2.75,12.06,68.14,64.53,-8.11,40.10,-0.20,0.08,17.00,7000.00,-38.00,0.00,7.00
405614.00,2019-06-30 17:49:09.614,0.00,294.23,0.00,1.51,0.00,1.00,1.00,127.35,2.75,11.95,68.09,64.53,-8.11,40.10,-0.24,0.08,17.00,7000.00,-38.00,0.00,7.00
405714.00,2019-06-30 17:49:09.714,0.00,294.23,0.00,1.51,0.00,1.00,1.00,127.35,2.75,11.95,68.09,64.53,-8.08,40.10,-0.21,0.08,17.00,7000.00,-38.00,0.00,7.00
405814.00,2019-06-30 17:49:09.814,0.00,294.23,0.00,1.51,0.00,1.00,1.00,127.35,2.75,12.06,68.09,64.47,-8.08,40.10,-0.22,0.08,17.00,7000.00,-38.00,0.00,7.00
405914.00,2019-06-30 17:49:09.914,0.00,294.23,0.00,1.51,0.00,1.00,1.00,127.35,2.75,11.91,68.19,64.47,-8.08,40.10,-0.22,0.08,17.00,7000.00,-38.00,0.00,7.00
406014.00,2019-06-30 17:49:10.014,0.00,294.23,0.00,1.51,0.00,1.00,1.00,127.35,2.75,12.08,68.19,64.52,-8.04,40.10,-0.22,0.08,17.00,7000.00,-38.00,0.00,7.00
406114.00,2019-06-30 17:49:10.114,0.00,294.23,0.00,1.51,0.00,1.00,1.00,127.35,2.75,12.05,68.19,64.52,-8.04,40.10,-0.23,0.08,17.00,7000.00,-38.00,0.00,7.00
406214.00,2019-06-30 17:49:10.214,0.00,294.23,0.00,1.51,0.00,1.00,1.00,127.35,2.75,11.94,68.19,64.52,-8.09,40.10,-0.20,0.08,17.00,7000.00,-38.00,0.00,7.00
406314.00,2019-06-30 17:49:10.314,0.00,294.23,0.00,1.51,0.00,1.00,1.00,127.35,2.75,12.08,68.19,64.46,-8.09,40.10,-0.23,0.08,17.00,7000.00,-38.00,0.00,7.00
406414.00,2019-06-30 17:49:10.414,0.00,294.23,0.00,1.51,0.00,1.00,1.00,127.35,2.75,12.07,68.19,64.46,-8.09,40.10,-0.22,0.08,17.00,7000.00,-38.00,0.00,7.00
406514.00,2019-06-30 17:49:10.514,0.00,294.23,0.00,1.51,0.00,1.00,1.00,127.35,2.75,11.93,68.19,64.41,-7.95,40.07,-0.22,0.08,17.00,7000.00,-38.00,0.00,7.00
406614.00,2019-06-30 17:49:10.614,0.00,294.23,0.00,1.51,0.00,1.00,1.00,127.35,2.75,12.07,68.13,64.41,-7.95,40.07,-0.22,0.08,17.00,7000.00,-38.00,0.00,7.00
406714.00,2019-06-30 17:49:10.714,0.00,294.23,0.00,1.51,0.00,1.00,1.00,127.35,2.75,12.08,68.13,64.41,-7.95,40.07,-0.21,0.08,17.00,7000.00,-38.00,0.00,7.00
406814.00,2019-06-30 17:49:10.814,0.00,294.23,0.00,1.51,0.00,1.00,1.00,127.35,2.75,11.92,68.13,64.44,-7.95,40.07,-0.22,0.08,17.00,7000.00,-38.00,0.00,7.00
406914.00,2019-06-30 17:49:10.914,0.00,294.23,0.00,1.51,0.00,1.00,1.00,127.35,2.75,12.06,68.09,64.44,-7.95,40.09,-0.20,0.08,17.00,7000.00,-38.00,0.00,7.00
407014.00,2019-06-30 17:49:11.014,0.00,294.23,0.00,1.51,0.00,1.00,1.00,127.35,2.75,11.95,68.09,64.52,-7.94,40.09,-0.26,0.08,17.00,7000.00,-38.00,0.00,7.00
407114.00,2019-06-30 17:49:11.114,0.00,294.23,0.00,1.51,0.00,1.00,1.00,127.35,2.75,12.04,68.25,64.52,-7.94,40.09,-0.22,0.08,17.00,7000.00,-38.00,0.00,7.00
407214.00,2019-06-30 17:49:11.214,0.00,294.23,0.00,1.51,0.00,1.00,1.00,127.35,2.75,12.08,68.25,64.52,-7.94,40.09,-0.22,0.08,17.00,7000.00,-38.00,0.00,7.00
407314.00,2019-06-30 17:49:11.314,0.00,294.23,0.00,1.51,0.00,1.00,1.00,127.35,2.75,11.92,68.25,64.49,-7.97,40.07,-0.22,0.08,17.00,7000.00,-38.00,0.00,7.00
407414.00,2019-06-30 17:49:11.414,0.00,294.23,0.00,1.51,0.00,1.00,1.00,127.35,2.75,12.07,68.14,64.49,-7.97,40.07,-0.20,0.08,17.00,7000.00,-38.00,0.00,7.00
407514.00,2019-06-30 17:49:11.514,0.00,294.23,0.00,1.51,0.00,1.00,1.00,127.35,2.75,12.07,68.14,64.51,-7.90,40.07,-0.24,0.08,17.00,7000.00,-38.00,0.00,7.00
407614.00,2019-06-30 17:49:11.614,0.00,294.23,0.00,1.51,0.00,1.00,1.00,127.35,2.75,11.92,68.14,64.51,-7.90,40.07,-0.24,0.08,17.00,7000.00,-38.00,0.00,7.00
407714.00,2019-06-30 17:49:11.714,0.00,294.23,0.00,1.51,0.00,1.00,1.00,127.35,2.75,12.08,68.16,64.51,-7.90,40.01,-0.24,0.07,17.00,7000.00,-38.00,0.00,7.00
407814.00,2019-06-30 17:49:11.814,0.00,294.23,0.00,1.51,0.00,1.00,1.00,127.35,2.75,12.05,68.16,64.47,-7.83,40.01,-0.22,0.08,17.00,7000.00,-38.00,0.00,7.00
407914.00,2019-06-30 17:49:11.914,0.00,294.23,0.00,1.51,0.00,1.00,1.00,127.35,2.75,11.95,68.16,64.47,-7.83,40.01,-0.21,0.08,17.00,7000.00,-38.00,0.00,7.00
408014.00,2019-06-30 17:49:12.014,0.00,294.23,0.00,1.51,0.00,1.00,1.00,127.35,2.75,12.06,68.16,64.41,-7.82,40.01,-0.21,0.07,17.00,7000.00,-38.00,0.00,7.00
408114.00,2019-06-30 17:49:12.114,0.00,294.23,0.00,1.51,0.00,1.00,1.00,127.35,2.75,12.08,68.16,64.41,-7.82,40.12,-0.20,0.08,17.00,7000.00,-38.00,0.00,7.00
408214.00,2019-06-30 17:49:12.214,0.00,294.23,0.00,1.51,0.00,1.00,1.00,127.35,2.75,11.92,68.23,64.41,-7.82,40.12,-0.24,0.08,17.00,7000.00,-38.00,0.00,7.00
408314.00,2019-06-30 17:49:12.314,0.00,294.23,0.00,1.51,0.00,1.00,1.00,127.35,2.75,12.07,68.23,64.40,-7.76,40.12,-0.22,0.08,17.00,7000.00,-38.00,0.00,7.00
408414.00,2019-06-30 17:49:12.414,0.00,294.23,0.00,1.51,0.00,1.00,1.00,127.35,2.75,12.07,68.18,64.40,-7.76,40.12,-0.21,0.08,17.00,7000.00,-38.00,0.00,7.00
408514.00,2019-06-30 17:49:12.514,0.00,294.23,0.00,1.51,0.00,1.00,1.00,127.35,2.75,12.08,68.18,64.46,-7.76,40.10,-0.22,0.08,17.00,7000.00,-38.00,0.00,7.00
408614.00,2019-06-30 17:49:12.614,0.00,294.23,0.00,1.51,0.00,1.00,1.00,127.35,2.75,12.08,68.18,64.46,-7.82,40.10,-0.21,0.08,17.00,7000.00,-38.00,0.00,7.00
408714.00,2019-06-30 17:49:12.714,0.00,294.23,0.00,1.51,0.00,1.00,1.00,127.35,2.75,11.95,68.14,64.46,-7.82,40.10,-0.23,0.08,17.00,7000.00,-38.00,0.00,7.00
408814.00,2019-06-30 17:49:12.814,0.00,294.23,0.00,1.51,0.00,1.00,1.00,127.35,2.75,11.94,68.14,64.49,-7.69,40.10,-0.22,0.08,17.00,7000.00,-38.00,0.00,7.00
408914.00,2019-06-30 17:49:12.914,0.00,294.23,0.00,1.51,0.00,1.00,1.00,127.35,2.75,12.06,68.14,64.49,-7.69,40.09,-0.22,0.08,17.00,7000.00,-38.00,0.00,7.00
409014.00,2019-06-30 17:49:13.014,0.00,294.23,0.00,1.51,0.00,1.00,1.00,127.35,2.75,12.06,68.21,64.40,-7.69,40.09,-0.21,0.08,17.00,7000.00,-38.00,0.00,7.00
409114.00,2019-06-30 17:49:13.114,0.00,294.23,0.00,1.51,0.00,1.00,1.00,127.35,2.75,11.95,68.21,64.40,-7.68,40.09,-0.21,0.08,17.00,7000.00,-38.00,0.00,7.00
409214.00,2019-06-30 17:49:13.214,0.00,294.23,0.00,1.51,0.00,1.00,1.00,127.35,2.75,12.06,68.14,64.40,-7.68,40.09,-0.21,0.08,17.00,7000.00,-38.00,0.00,7.00
409314.00,2019-06-30 17:49:13.314,0.00,294.23,0.00,1.51,0.00,1.00,1.00,127.35,2.75,11.94,68.14,64.41,-7.59,40.10,-0.21,0.08,17.00,7000.00,-38.00,0.00,7.00
409414.00,2019-06-30 17:49:13.414,0.00,294.23,0.00,1.51,0.00,1.00,1.00,127.35,2.75,12.08,68.14,64.41,-7.59,40.10,-0.23,0.09,17.00,7000.00,-38.00,0.00,7.00
409514.00,2019-06-30 17:49:13.514,0.00,294.23,0.00,1.51,0.00,1.00,1.00,127.35,2.75,12.05,68.20,64.45,-7.59,40.10,-0.22,0.07,17.00,7000.00,-38.00,0.00,7.00
409614.00,2019-06-30 17:49:13.614,0.00,294.23,0.00,1.51,0.00,1.00,1.00,127.35,2.75,11.95,68.20,64.45,-7.63,40.10,-0.21,0.08,17.00,7000.00,-38.00,0.00,7.00
409714.00,2019-06-30 17:49:13.714,0.00,294.23,0.00,1.51,0.00,1.00,1.00,127.35,2.75,12.05,68.26,64.45,-7.63,40.03,-0.23,0.08,17.00,7000.00,-38.00,0.00,7.00
409814.00,2019-06-30 17:49:13.814,0.00,294.23,0.00,1.51,0.00,1.00,1.00,127.35,2.75,12.07,68.26,64.45,-7.63,40.03,-0.21,0.08,17.00,7000.00,-38.00,0.00,7.00
409914.00,2019-06-30 17:49:13.914,0.00,294.23,0.00,1.51,0.00,1.00,1.00,127.35,2.75,11.94,68.26,64.45,-7.49,40.03,-0.23,0.08,17.00,7000.00,-38.00,0.00,7.00
410014.00,2019-06-30 17:49:14.014,0.00,294.23,0.00,1.51,0.00,1.00,1.00,127.35,2.75,12.05,68.23,64.46,-7.49,40.03,-0.22,0.08,17.00,7000.00,-38.00,0.00,7.00
410114.00,2019-06-30 17:49:14.114,0.00,294.23,0.00,1.51,0.00,1.00,1.00,127.35,2.75,11.95,68.23,64.46,-7.55,40.03,-0.22,0.08,17.00,7000.00,-38.00,0.00,7.00
410214.00,2019-06-30 17:49:14.214,0.00,294.23,0.00,1.51,0.00,1.00,1.00,127.35,2.75,12.05,68.27,64.46,-7.55,40.03,-0.21,0.08,17.00,7000.00,-38.00,0.00,7.00
410314.00,2019-06-30 17:49:14.314,0.00,294.23,0.00,1.51,0.00,1.00,1.00,127.35,2.75,12.07,68.27,64.44,-7.55,40.03,-0.21,0.08,17.00,7000.00,-38.00,0.00,7.00
410414.00,2019-06-30 17:49:14.414,0.00,294.23,0.00,1.51,0.00,1.00,1.00,127.35,2.75,11.91,68.27,64.44,-7.55,40.03,-0.22,0.08,17.00,7000.00,-38.00,0.00,7.00
410514.00,2019-06-30 17:49:14.514,0.00,294.23,0.00,1.51,0.00,1.00,1.00,127.35,2.75,12.08,68.18,64.40,-7.55,40.08,-0.21,0.08,17.00,7000.00,-38.00,0.00,7.00
410614.00,2019-06-30 17:49:14.614,0.00,294.23,0.00,1.51,0.00,1.00,1.00,127.35,2.75,12.05,68.18,64.40,-7.55,40.08,-0.25,0.08,17.00,7000.00,-38.00,0.00,7.00
410714.00,2019-06-30 17:49:14.714,0.00,294.23,0.00,1.51,0.00,1.00,1.00,127.35,2.75,11.94,68.18,64.40,-7.55,40.08,-0.21,0.08,17.00,7000.00,-38.00,0.00,7.00
410814.00,2019-06-30 17:49:14.814,0.00,294.23,0.00,1.51,0.00,1.00,1.00,127.35,2.75,12.06,68.19,64.37,-7.55,40.08,-0.21,0.08,17.00,7000.00,-38.00,0.00,7.00
410914.00,2019-06-30 17:49:14.914,0.00,294.23,0.00,1.51,0.00,1.00,1.00,127.35,2.75,12.05,68.19,64.37,-7.45,40.13,-0.22,0.08,17.00,7000.00,-38.00,0.00,7.00
411014.00,2019-06-30 17:49:15.014,0.00,294.23,0.00,1.51,0.00,1.00,1.00,127.35,2.75,11.95,68.20,64.39,-7.45,40.13,-0.20,0.08,17.00,7000.00,-38.00,0.00,7.00
411114.00,2019-06-30 17:49:15.114,0.00,294.23,0.00,1.51,0.00,1.00,1.00,127.35,2.75,12.07,68.20,64.39,-7.45,40.13,-0.23,0.09,17.00,7000.00,-38.00,0.00,7.00
411214.00,2019-06-30 17:49:15.214,0.00,294.23,0.00,1.51,0.00,1.00,1.00,127.35,2.75,11.92,68.20,64.39,-7.47,40.13,-0.22,0.08,17.00,7000.00,-38.00,0.00,7.00
411314.00,2019-06-30 17:49:15.314,0.00,294.23,0.00,1.51,0.00,1.00,1.00,127.35,2.75,12.08,68.27,64.41,-7.47,40.10,-0.24,0.08,17.00,7000.00,-38.00,0.00,7.00
411414.00,2019-06-30 17:49:15.414,0.00,294.23,0.00,1.51,0.00,1.00,1.00,127.35,2.75,12.06,68.27,64.41,-7.37,40.10,-0.22,0.08,17.00,7000.00,-38.00,0.00,7.00
411514.00,2019-06-30 17:49:15.514,0.00,294.23,0.00,1.51,0.00,1.00,1.00,127.35,2.75,11.95,68.33,64.32,-7.37,40.10,-0.22,0.08,17.00,7000.00,-38.00,0.00,7.00
411614.00,2019-06-30 17:49:15.614,0.00,294.23,0.00,1.51,0.00,1.00,1.00,127.35,2.75,12.06,68.33,64.32,-7.37,40.10,-0.22,0.08,17.00,7000.00,-38.00,0.00,7.00
411714.00,2019-06-30 17:49:15.714,0.00,294.23,0.00,1.51,0.00,1.00,1.00,127.35,2.75,11.93,68.33,64.32,-7.35,40.21,-0.20,0.08,17.00,7000.00,-38.00,0.00,7.00
411814.00,2019-06-30 17:49:15.814,0.00,294.23,0.00,1.51,0.00,1.00,1.00,127.35,2.75,12.08,68.23,64.34,-7.35,40.21,-0.24,0.08,17.00,7000.00,-38.00,0.00,7.00
411914.00,2019-06-30 17:49:15.914,0.00,294.23,0.00,1.51,0.00,1.00,1.00,127.35,2.75,12.04,68.23,64.34,-7.26,40.21,-0.21,0.08,17.00,7000.00,-38.00,0.00,7.00
412014.00,2019-06-30 17:49:16.014,0.00,294.23,0.00,1.51,0.00,1.00,1.00,127.35,2.75,11.95,68.23,64.38,-7.26,40.21,-0.21,0.08,17.00,7000.00,-38.00,0.00,7.00
412114.00,2019-06-30 17:49:16.114,0.00,294.23,0.00,1.51,0.00,1.00,1.00,127.35,2.75,12.05,68.25,64.38,-7.26,40.13,-0.22,0.08,17.00,7000.00,-38.00,0.00,7.00
412214.00,2019-06-30 17:49:16.214,0.00,294.23,0.00,1.51,0.00,1.00,1.00,127.35,2.75,12.07,68.25,64.38,-7.33,40.13,-0.19,0.08,17.00,7000.00,-38.00,0.00,7.00
412314.00,2019-06-30 17:49:16.314,0.00,294.23,0.00,1.51,0.00,1.00,1.00,127.35,2.75,11.94,68.23,64.34,-7.33,40.13,-0.23,0.08,17.00,7000.00,-38.00,0.00,7.00
412414.00,2019-06-30 17:49:16.414,0.00,294.23,0.00,1.51,0.00,1.00,1.00,127.35,2.75,12.06,68.23,64.34,-7.33,40.13,-0.21,0.08,17.00,7000.00,-38.00,0.00,7.00
412514.00,2019-06-30 17:49:16.514,0.00,294.23,0.00,1.51,0.00,1.00,1.00,127.35,2.75,12.08,68.23,64.34,-7.37,40.20,-0.22,0.08,17.00,7000.00,-38.00,0.00,7.00
412614.00,2019-06-30 17:49:16.614,0.00,294.23,0.00,1.51,0.00,1.00,1.00,127.35,2.75,11.92,68.26,64.34,-7.37,40.20,-0.21,0.08,17.00,7000.00,-38.00,0.00,7.00
412714.00,2019-06-30 17:49:16.714,0.00,294.23,0.00,1.51,0.00,1.00,1.00,127.35,2.75,12.07,68.26,64.34,-7.24,40.20,-0.21,0.08,17.00,7000.00,-38.00,0.00,7.00
412814.00,2019-06-30 17:49:16.814,0.00,294.23,0.00,1.51,0.00,1.00,1.00,127.35,2.75,12.06,68.30,64.37,-7.24,40.20,-0.23,0.08,17.00,7000.00,-38.00,0.00,7.00
412914.00,2019-06-30 17:49:16.914,0.00,294.23,0.00,1.51,0.00,1.00,1.00,127.35,2.75,11.93,68.30,64.37,-7.24,40.16,-0.20,0.08,17.00,7000.00,-38.00,0.00,7.00
413014.00,2019-06-30 17:49:17.014,0.00,294.23,0.00,1.51,0.00,1.00,1.00,127.35,2.75,12.08,68.30,64.33,-7.23,40.16,-0.24,0.08,17.00,7000.00,-38.00,0.00,7.00
413114.00,2019-06-30 17:49:17.114,0.00,294.23,0.00,1.51,0.00,1.00,1.00,127.35,2.75,12.04,68.16,64.33,-7.23,40.16,-0.22,0.08,17.00,7000.00,-38.00,0.00,7.00
413214.00,2019-06-30 17:49:17.214,0.00,294.23,0.00,1.51,0.00,1.00,1.00,127.35,2.75,11.94,68.16,64.33,-7.18,40.16,-0.21,0.08,17.00,7000.00,-38.00,0.00,7.00
413314.00,2019-06-30 17:49:17.314,0.00,294.23,0.00,1.51,0.00,1.00,1.00,127.35,2.75,12.05,68.25,64.28,-7.18,40.09,-0.22,0.08,17.00,7000.00,-38.00,0.00,7.00
413414.00,2019-06-30 17:49:17.414,0.00,294.23,0.00,1.51,0.00,1.00,1.00,127.35,2.75,11.94,68.25,64.28,-7.18,40.09,-0.20,0.08,17.00,7000.00,-38.00,0.00,7.00
413514.00,2019-06-30 17:49:17.514,0.00,294.23,0.00,1.51,0.00,1.00,1.00,127.35,2.75,12.07,68.25,64.28,-7.16,40.09,-0.23,0.07,17.00,7000.00,-38.00,0.00,7.00
413614.00,2019-06-30 17:49:17.614,0.00,294.23,0.00,1.51,0.00,1.00,1.00,127.35,2.75,12.05,68.26,64.28,-7.16,40.09,-0.22,0.07,17.00,7000.00,-38.00,0.00,7.00
413714.00,2019-06-30 17:49:17.714,0.00,294.23,0.00,1.51,0.00,1.00,1.00,127.35,2.75,11.95,68.26,64.28,-7.16,40.10,-0.24,0.08,17.00,7000.00,-38.00,0.00,7.00
413814.00,2019-06-30 17:49:17.814,0.00,294.23,0.00,1.51,0.00,1.00,1.00,127.35,2.75,12.05,68.26,64.32,-7.14,40.10,-0.21,0.08,17.00,7000.00,-38.00,0.00,7.00
413914.00,2019-06-30 17:49:17.914,0.00,294.23,0.00,1.51,0.00,1.00,1.00,127.35,2.75,12.07,68.32,64.32,-7.14,40.10,-0.21,0.08,17.00,7000.00,-38.00,0.00,7.00
414014.00,2019-06-30 17:49:18.014,0.00,294.23,0.00,1.51,0.00,1.00,1.00,127.35,2.75,11.93,68.32,64.28,-7.08,40.10,-0.22,0.08,17.00,7000.00,-38.00,0.00,7.00
414114.00,2019-06-30 17:49:18.114,0.00,294.23,0.00,1.51,0.00,1.00,1.00,127.35,2.75,12.08,68.27,64.28,-7.08,40.08,-0.20,0.08,17.00,7000.00,-38.00,0.00,7.00
414214.00,2019-06-30 17:49:18.214,0.00,294.23,0.00,1.51,0.00,1.00,1.00,127.35,2.75,11.95,68.27,64.28,-7.08,40.08,-0.24,0.08,17.00,7000.00,-38.00,0.00,7.00
414314.00,2019-06-30 17:49:18.314,0.00,294.23,0.00,1.51,0.00,1.00,1.00,127.35,2.75,11.94,68.27,64.38,-7.03,40.08,-0.22,0.08,17.00,7000.00,-38.00,0.00,7.00
414414.00,2019-06-30 17:49:18.414,0.00,294.23,0.00,1.51,0.00,1.00,1.00,127.35,2.75,12.07,68.27,64.38,-7.03,40.08,-0.22,0.08,17.00,7000.00,-38.00,0.00,7.00
414514.00,2019-06-30 17:49:18.514,0.00,294.23,0.00,1.51,0.00,1.00,1.00,127.35,2.75,11.92,68.27,64.34,-7.09,40.08,-0.22,0.08,17.00,7000.00,-38.00,0.00,7.00
414614.00,2019-06-30 17:49:18.614,0.00,294.23,0.00,1.51,0.00,1.00,1.00,127.35,2.75,12.08,68.27,64.34,-7.09,40.08,-0.20,0.08,17.00,7000.00,-38.00,0.00,7.00
414714.00,2019-06-30 17:49:18.714,0.00,294.23,0.00,1.51,0.00,1.00,1.00,127.35,2.75,12.05,68.27,64.34,-7.09,40.08,-0.23,0.08,17.00,7000.00,-38.00,0.00,7.00
414814.00,2019-06-30 17:49:18.814,0.00,294.23,0.00,1.51,0.00,1.00,1.00,127.35,2.75,11.94,68.27,64.27,-7.02,40.08,-0.22,0.08,17.00,7000.00,-38.00,0.00,7.00
414914.00,2019-06-30 17:49:18.914,0.00,294.23,0.00,1.51,0.00,1.00,1.00,127.35,2.75,12.06,68.23,64.27,-7.02,40.08,-0.24,0.08,17.00,7000.00,-38.00,0.00,7.00
415014.00,2019-06-30 17:49:19.014,0.00,294.23,0.00,1.51,0.00,1.00,1.00,127.35,2.75,12.06,68.23,64.26,-7.02,40.08,-0.22,0.08,17.00,7000.00,-38.00,0.00,7.00
415114.00,2019-06-30 17:49:19.114,0.00,294.23,0.00,1.51,0.00,1.00,1.00,127.35,2.75,11.95,68.23,64.26,-6.97,40.08,-0.20,0.08,17.00,7000.00,-38.00,0.00,7.00
415214.00,2019-06-30 17:49:19.214,0.00,294.23,0.00,1.51,0.00,1.00,1.00,127.35,2.75,12.04,68.27,64.26,-6.97,40.08,-0.22,0.08,17.00,7000.00,-38.00,0.00,7.00
415314.00,2019-06-30 17:49:19.314,0.00,294.23,0.00,1.51,0.00,1.00,1.00,127.35,2.75,11.91,68.27,64.28,-6.95,40.13,-0.21,0.08,17.00,7000.00,-38.00,0.00,7.00
415414.00,2019-06-30 17:49:19.414,0.00,294.23,0.00,1.51,0.00,1.00,1.00,127.35,2.75,11.92,68.25,64.28,-6.95,40.13,-0.25,0.08,17.00,7000.00,-38.00,0.00,7.00
415514.00,2019-06-30 17:49:19.514,0.00,294.23,0.00,1.51,0.00,1.00,1.00,127.35,2.75,12.07,68.25,64.30,-6.95,40.13,-0.22,0.08,17.00,7000.00,-38.00,0.00,7.00
415614.00,2019-06-30 17:49:19.614,0.00,294.23,0.00,1.51,0.00,1.00,1.00,127.35,2.75,12.08,68.25,64.30,-6.93,40.13,-0.21,0.08,17.00,7000.00,-38.00,0.00,7.00
415714.00,2019-06-30 17:49:19.714,0.00,294.23,0.00,1.51,0.00,1.00,1.00,127.35,2.75,12.08,68.30,64.30,-6.93,40.15,-0.22,0.08,17.00,7000.00,-38.00,0.00,7.00
415814.00,2019-06-30 17:49:19.814,0.00,294.23,0.00,1.51,0.00,1.00,1.00,127.35,2.75,12.08,68.30,64.26,-6.82,40.15,-0.19,0.07,17.00,7000.00,-38.00,0.00,7.00
415914.00,2019-06-30 17:49:19.914,0.00,294.23,0.00,1.51,0.00,1.00,1.00,127.35,2.75,12.05,68.26,64.26,-6.82,40.15,-0.21,0.08,17.00,7000.00,-38.00,0.00,7.00
416014.00,2019-06-30 17:49:20.014,0.00,294.23,0.00,1.51,0.00,1.00,1.00,127.35,2.75,12.05,68.26,64.23,-6.82,40.15,-0.21,0.08,17.00,7000.00,-38.00,0.00,7.00
416114.00,2019-06-30 17:49:20.114,0.00,294.23,0.00,1.51,0.00,1.00,1.00,127.35,2.75,12.08,68.26,64.23,-6.85,40.12,-0.22,0.08,17.00,7000.00,-38.00,0.00,7.00
416214.00,2019-06-30 17:49:20.214,0.00,294.23,0.00,1.51,0.00,1.00,1.00,127.35,2.75,11.92,68.32,64.23,-6.85,40.12,-0.21,0.08,17.00,7000.00,-38.00,0.00,7.00
416314.00,2019-06-30 17:49:20.314,0.00,294.23,0.00,1.51,0.00,1.00,1.00,127.35,2.75,12.08,68.32,64.28,-6.85,40.12,-0.21,0.07,17.00,7000.00,-38.00,0.00,7.00
416414.00,2019-06-30 17:49:20.414,0.00,294.23,0.00,1.51,0.00,1.00,1.00,127.35,2.75,12.05,68.32,64.28,-6.85,40.12,-0.22,0.08,17.00,7000.00,-38.00,0.00,7.00
416514.00,2019-06-30 17:49:20.514,0.00,294.23,0.00,1.51,0.00,1.00,1.00,127.35,2.75,12.06,68.32,64.26,-6.85,40.10,-0.20,0.09,17.00,7000.00,-38.00,0.00,7.00
416614.00,2019-06-30 17:49:20.614,0.00,294.23,0.00,1.51,0.00,1.00,1.00,127.35,2.75,12.08,68.32,64.26,-6.79,40.10,-0.23,0.08,17.00,7000.00,-38.00,0.00,7.00
416714.00,2019-06-30 17:49:20.714,0.00,294.23,0.00,1.51,0.00,1.00,1.00,127.35,2.75,11.91,68.28,64.26,-6.79,40.10,-0.22,0.08,17.00,7000.00,-38.00,0.00,7.00
416814.00,2019-06-30 17:49:20.814,0.00,294.23,0.00,1.51,0.00,1.00,1.00,127.35,2.75,12.08,68.28,64.20,-6.79,40.10,-0.21,0.09,17.00,7000.00,-38.00,0.00,7.00
416914.00,2019-06-30 17:49:20.914,0.00,294.23,0.00,1.51,0.00,1.00,1.00,127.35,2.75,12.06,68.28,64.20,-6.76,40.10,-0.22,0.08,17.00,7000.00,-38.00,0.00,7.00
417014.00,2019-06-30 17:49:21.014,0.00,294.23,0.00,1.51,0.00,1.00,1.00,127.35,2.75,11.94,68.26,64.23,-6.76,40.10,-0.21,0.08,17.00,7000.00,-38.00,0.00,7.00
417114.00,2019-06-30 17:49:21.114,0.00,294.23,0.00,1.51,0.00,1.00,1.00,127.35,2.75,12.05,68.26,64.23,-6.79,40.10,-0.23,0.08,17.00,7000.00,-38.00,0.00,7.00
417214.00,2019-06-30 17:49:21.214,0.00,294.23,0.00,1.51,0.00,1.00,1.00,127.35,2.75,12.07,68.28,64.23,-6.79,40.10,-0.22,0.08,17.00,7000.00,-38.00,0.00,7.00
417314.00,2019-06-30 17:49:21.314,0.00,294.23,0.00,1.51,0.00,1.00,1.00,127.35,2.75,11.93,68.28,64.23,-6.79,40.15,-0.22,0.08,17.00,7000.00,-38.00,0.00,7.00
417414.00,2019-06-30 17:49:21.414,0.00,294.23,0.00,1.51,0.00,1.00,1.00,127.35,2.75,12.06,68.28,64.23,-6.68,40.15,-0.21,0.08,17.00,7000.00,-38.00,0.00,7.00
417514.00,2019-06-30 17:49:21.514,0.00,294.23,0.00,1.51,0.00,1.00,1.00,127.35,2.75,12.08,68.35,64.23,-6.68,40.15,-0.21,0.08,17.00,7000.00,-38.00,0.00,7.00
417614.00,2019-06-30 17:49:21.614,0.00,294.23,0.00,1.51,0.00,1.00,1.00,127.35,2.75,11.91,68.35,64.23,-6.68,40.15,-0.22,0.08,17.00,7000.00,-38.00,0.00,7.00
417714.00,2019-06-30 17:49:21.714,0.00,294.23,0.00,1.51,0.00,1.00,1.00,127.35,2.75,12.06,68.26,64.23,-6.71,40.10,-0.20,0.08,17.00,7000.00,-38.00,0.00,7.00
417814.00,2019-06-30 17:49:21.814,0.00,294.23,0.00,1.51,0.00,1.00,1.00,127.35,2.75,12.08,68.26,64.20,-6.71,40.10,-0.24,0.08,17.00,7000.00,-38.00,0.00,7.00
417914.00,2019-06-30 17:49:21.914,0.00,294.23,0.00,1.51,0.00,1.00,1.00,127.35,2.75,12.07,68.26,64.20,-6.65,40.10,-0.22,0.08,17.00,7000.00,-38.00,0.00,7.00
418014.00,2019-06-30 17:49:22.014,0.00,294.23,0.00,1.51,0.00,1.00,1.00,127.35,2.75,12.07,68.35,64.21,-6.65,40.10,-0.21,0.08,17.00,7000.00,-38.00,0.00,7.00
418114.00,2019-06-30 17:49:22.114,0.00,294.23,0.00,1.51,0.00,1.00,1.00,127.35,2.75,11.91,68.35,64.21,-6.65,40.10,-0.23,0.08,17.00,7000.00,-38.00,0.00,7.00
418214.00,2019-06-30 17:49:22.214,0.00,294.23,0.00,1.51,0.00,1.00,1.00,127.35,2.75,12.08,68.35,64.21,-6.55,40.10,-0.20,0.08,17.00,7000.00,-38.00,0.00,7.00
418314.00,2019-06-30 17:49:22.314,0.00,294.23,0.00,1.51,0.00,1.00,1.00,127.35,2.75,12.05,68.27,64.16,-6.55,40.10,-0.22,0.08,17.00,7000.00,-38.00,0.00,7.00
418414.00,2019-06-30 17:49:22.414,0.00,294.23,0.00,1.51,0.00,1.00,1.00,127.35,2.75,11.95,68.27,64.16,-6.54,40.10,-0.22,0.08,17.00,7000.00,-38.00,0.00,7.00
418514.00,2019-06-30 17:49:22.514,0.00,294.23,0.00,1.51,0.00,1.00,1.00,127.35,2.75,12.07,68.40,64.19,-6.54,40.03,-0.24,0.08,17.00,7000.00,-38.00,0.00,7.00
418614.00,2019-06-30 17:49:22.614,0.00,294.23,0.00,1.51,0.00,1.00,1.00,127.35,2.75,11.91,68.40,64.19,-6.54,40.03,-0.21,0.09,17.00,7000.00,-38.00,0.00,7.00
418714.00,2019-06-30 17:49:22.714,0.00,294.23,0.00,1.51,0.00,1.00,1.00,127.35,2.75,12.07,68.40,64.19,-6.59,40.03,-0.21,0.08,17.00,7000.00,-38.00,0.00,7.00
418814.00,2019-06-30 17:49:22.814,0.00,294.23,0.00,1.51,0.00,1.00,1.00,127.35,2.75,11.95,68.21,64.16,-6.59,40.03,-0.23,0.08,17.00,7000.00,-38.00,0.00,7.00
418914.00,2019-06-30 17:49:22.914,0.00,294.23,0.00,1.51,0.00,1.00,1.00,127.35,2.75,11.95,68.21,64.16,-6.59,40.15,-0.21,0.08,17.00,7000.00,-38.00,0.00,7.00
419014.00,2019-06-30 17:49:23.014,0.00,294.23,0.00,1.51,0.00,1.00,1.00,127.35,2.75,12.07,68.33,64.16,-6.58,40.15,-0.25,0.09,17.00,7000.00,-38.00,0.00,7.00
419114.00,2019-06-30 17:49:23.114,0.00,294.23,0.00,1.51,0.00,1.00,1.00,127.35,2.75,12.06,68.33,64.16,-6.58,40.15,-0.22,0.08,17.00,7000.00,-38.00,0.00,7.00
419214.00,2019-06-30 17:49:23.214,0.00,294.23,0.00,1.51,0.00,1.00,1.00,127.35,2.75,12.06,68.33,64.16,-6.54,40.15,-0.22,0.08,17.00,7000.00,-38.00,0.00,7.00
419314.00,2019-06-30 17:49:23.314,0.00,294.23,0.00,1.51,0.00,1.00,1.00,127.35,2.75,12.04,68.34,64.18,-6.54,40.08,-0.22,0.08,17.00,7000.00,-38.00,0.00,7.00
419414.00,2019-06-30 17:49:23.414,0.00,294.23,0.00,1.51,0.00,1.00,1.00,127.35,2.75,12.08,68.34,64.18,-6.54,40.08,-0.21,0.08,17.00,7000.00,-38.00,0.00,7.00
419514.00,2019-06-30 17:49:23.514,0.00,294.23,0.00,1.51,0.00,1.00,1.00,127.35,2.75,12.07,68.34,64.16,-6.48,40.08,-0.22,0.08,17.00,7000.00,-38.00,0.00,7.00
419614.00,2019-06-30 17:49:23.614,0.00,294.23,0.00,1.51,0.00,1.00,1.00,127.35,2.75,12.05,68.32,64.16,-6.48,40.08,-0.22,0.07,17.00,7000.00,-38.00,0.00,7.00
419714.00,2019-06-30 17:49:23.714,0.00,294.23,0.00,1.51,0.00,1.00,1.00,127.35,2.75,11.95,68.32,64.16,-6.48,40.09,-0.23,0.08,17.00,7000.00,-38.00,0.00,7.00
419814.00,2019-06-30 17:49:23.814,0.00,294.23,0.00,1.51,0.00,1.00,1.00,127.35,2.75,12.05,68.37,64.07,-6.41,40.09,-0.22,0.08,17.00,7000.00,-38.00,0.00,7.00
419914.00,2019-06-30 17:49:23.914,0.00,294.23,0.00,1.51,0.00,1.00,1.00,127.35,2.75,12.07,68.37,64.07,-6.41,40.09,-0.22,0.08,17.00,7000.00,-38.00,0.00,7.00
420014.00,2019-06-30 17:49:24.014,0.00,294.23,0.00,1.51,0.00,1.00,1.00,127.35,2.75,11.93,68.37,64.16,-6.44,40.09,-0.22,0.08,17.00,7000.00,-38.00,0.00,7.00
420114.00,2019-06-30 17:49:24.114,0.00,294.23,0.00,1.51,0.00,1.00,1.00,127.35,2.75,12.06,68.32,64.16,-6.44,40.13,-0.20,0.08,17.00,7000.00,-38.00,0.00,7.00
420214.00,2019-06-30 17:49:24.214,0.00,294.23,0.00,1.51,0.00,1.00,1.00,127.35,2.75,12.08,68.32,64.16,-6.44,40.13,-0.26,0.08,17.00,7000.00,-38.00,0.00,7.00
420314.00,2019-06-30 17:49:24.314,0.00,294.23,0.00,1.51,0.00,1.00,1.00,127.35,2.75,11.91,68.27,64.19,-6.40,40.13,-0.21,0.08,17.00,7000.00,-38.00,0.00,7.00
420414.00,2019-06-30 17:49:24.414,0.00,294.23,0.00,1.51,0.00,1.00,1.00,127.35,2.75,12.08,68.27,64.19,-6.40,40.13,-0.21,0.08,17.00,7000.00,-38.00,0.00,7.00
420514.00,2019-06-30 17:49:24.514,0.00,294.23,0.00,1.51,0.00,1.00,1.00,127.35,2.75,12.05,68.27,64.09,-6.41,40.08,-0.22,0.08,17.00,7000.00,-38.00,0.00,7.00
420614.00,2019-06-30 17:49:24.614,0.00,294.23,0.00,1.51,0.00,1.00,1.00,127.35,2.75,11.94,68.33,64.09,-6.41,40.08,-0.21,0.08,17.00,7000.00,-38.00,0.00,7.00
420714.00,2019-06-30 17:49:24.714,0.00,294.23,0.00,1.51,0.00,1.00,1.00,127.35,2.75,12.07,68.33,64.09,-6.41,40.08,-0.23,0.08,17.00,7000.00,-38.00,0.00,7.00
420814.00,2019-06-30 17:49:24.814,0.00,294.23,0.00,1.51,0.00,1.00,1.00,127.35,2.75,12.07,68.33,64.14,-6.34,40.08,-0.22,0.08,17.00,7000.00,-38.00,0.00,7.00
420914.00,2019-06-30 17:49:24.914,0.00,294.23,0.00,1.51,0.00,1.00,1.00,127.35,2.75,11.93,68.23,64.14,-6.34,40.10,-0.24,0.08,17.00,7000.00,-38.00,0.00,7.00
421014.00,2019-06-30 17:49:25.014,0.00,294.23,0.00,1.51,0.00,1.00,1.00,127.35,2.75,12.05,68.23,64.12,-6.34,40.10,-0.22,0.08,17.00,7000.00,-38.00,0.00,7.00
421114.00,2019-06-30 17:49:25.114,0.00,294.23,0.00,1.51,0.00,1.00,1.00,127.35,2.75,11.94,68.38,64.12,-6.27,40.10,-0.22,0.08,17.00,7000.00,-38.00,0.00,7.00
421214.00,2019-06-30 17:49:25.214,0.00,294.23,0.00,1.51,0.00,1.00,1.00,127.35,2.75,12.06,68.38,64.12,-6.27,40.10,-0.22,0.08,17.00,7000.00,-38.00,0.00,7.00
421314.00,2019-06-30 17:49:25.314,0.00,294.23,0.00,1.51,0.00,1.00,1.00,127.35,2.75,12.06,68.38,64.13,-6.32,40.08,-0.21,0.08,17.00,7000.00,-38.00,0.00,7.00
421414.00,2019-06-30 17:49:25.414,0.00,294.23,0.00,1.51,0.00,1.00,1.00,127.35,2.75,11.95,68.33,64.13,-6.32,40.08,-0.24,0.08,17.00,7000.00,-38.00,0.00,7.00
421514.00,2019-06-30 17:49:25.514,0.00,294.23,0.00,1.51,0.00,1.00,1.00,127.35,2.75,12.06,68.33,64.09,-6.32,40.08,-0.22,0.08,17.00,7000.00,-38.00,0.00,7.00
421614.00,2019-06-30 17:49:25.614,0.00,294.23,0.00,1.51,0.00,1.00,1.00,127.35,2.75,11.95,68.35,64.09,-6.29,40.08,-0.21,0.08,17.00,7000.00,-38.00,0.00,7.00
421714.00,2019-06-30 17:49:25.714,0.00,294.23,0.00,1.51,0.00,1.00,1.00,127.35,2.75,12.05,68.35,64.09,-6.29,40.08,-0.22,0.08,17.00,7000.00,-38.00,0.00,7.00
421814.00,2019-06-30 17:49:25.814,0.00,294.23,0.00,1.51,0.00,1.00,1.00,127.35,2.75,11.91,68.35,64.13,-6.27,40.08,-0.21,0.08,17.00,7000.00,-38.00,0.00,7.00
421914.00,2019-06-30 17:49:25.914,0.00,294.23,0.00,1.51,0.00,1.00,1.00,127.35,2.75,11.91,68.35,64.13,-6.27,40.08,-0.23,0.08,17.00,7000.00,-38.00,0.00,7.00
422014.00,2019-06-30 17:49:26.014,0.00,294.23,0.00,1.51,0.00,1.00,1.00,127.35,2.75,12.07,68.35,64.13,-6.27,40.08,-0.21,0.08,17.00,7000.00,-38.00,0.00,7.00
422114.00,2019-06-30 17:49:26.114,0.00,294.23,0.00,1.51,0.00,1.00,1.00,127.35,2.75,12.07,68.38,64.13,-6.17,40.07,-0.25,0.08,17.00,7000.00,-38.00,0.00,7.00
422214.00,2019-06-30 17:49:26.214,0.00,294.23,0.00,1.51,0.00,1.00,1.00,127.35,2.75,11.93,68.38,64.13,-6.17,40.07,-0.22,0.08,17.00,7000.00,-38.00,0.00,7.00
422314.00,2019-06-30 17:49:26.314,0.00,294.23,0.00,1.51,0.00,1.00,1.00,127.35,2.75,12.08,68.38,64.14,-6.17,40.07,-0.21,0.08,17.00,7000.00,-38.00,0.00,7.00
422414.00,2019-06-30 17:49:26.414,0.00,294.23,0.00,1.51,0.00,1.00,1.00,127.35,2.75,12.05,68.33,64.14,-6.17,40.07,-0.23,0.08,17.00,7000.00,-38.00,0.00,7.00
422514.00,2019-06-30 17:49:26.514,0.00,294.23,0.00,1.51,0.00,1.00,1.00,127.35,2.75,11.95,68.33,64.16,-6.17,40.09,-0.20,0.08,17.00,7000.00,-38.00,0.00,7.00
422614.00,2019-06-30 17:49:26.614,0.00,294.23,0.00,1.51,0.00,1.00,1.00,127.35,2.75,12.08,68.33,64.16,-6.13,40.09,-0.24,0.08,17.00,7000.00,-38.00,0.00,7.00
422714.00,2019-06-30 17:49:26.714,0.00,294.23,0.00,1.51,0.00,1.00,1.00,127.35,2.75,11.91,68.23,64.16,-6.13,40.09,-0.21,0.08,17.00,7000.00,-38.00,0.00,7.00
422814.00,2019-06-30 17:49:26.814,0.00,294.23,0.00,1.51,0.00,1.00,1.00,127.35,2.75,12.08,68.23,64.16,-6.13,40.09,-0.22,0.08,17.00,7000.00,-38.00,0.00,7.00
422914.00,2019-06-30 17:49:26.914,0.00,294.23,0.00,1.51,0.00,1.00,1.00,127.35,2.75,12.06,68.37,64.16,-6.07,40.05,-0.22,0.07,17.00,7000.00,-38.00,0.00,7.00
423014.00,2019-06-30 17:49:27.014,0.00,294.23,0.00,1.51,0.00,1.00,1.00,127.35,2.75,11.94,68.37,64.13,-6.07,40.05,-0.20,0.08,17.00,7000.00,-38.00,0.00,7.00
423114.00,2019-06-30 17:49:27.114,0.00,294.23,0.00,1.51,0.00,1.00,1.00,127.35,2.75,12.08,68.37,64.13,-6.05,40.05,-0.22,0.08,17.00,7000.00,-38.00,0.00,7.00
423214.00,2019-06-30 17:49:27.214,0.00,294.23,0.00,1.51,0.00,1.00,1.00,127.35,2.75,12.05,68.39,64.13,-6.05,40.05,-0.22,0.08,17.00,7000.00,-38.00,0.00,7.00
423314.00,2019-06-30 17:49:27.314,0.00,294.23,0.00,1.51,0.00,1.00,1.00,127.35,2.75,11.95,68.39,64.16,-6.05,40.15,-0.22,0.08,17.00,7000.00,-38.00,0.00,7.00
423414.00,2019-06-30 17:49:27.414,0.00,294.23,0.00,1.51,0.00,1.00,1.00,127.35,2.75,12.05,68.34,64.16,-6.11,40.15,-0.22,0.08,17.00,7000.00,-38.00,0.00,7.00
423514.00,2019-06-30 17:49:27.514,0.00,294.23,0.00,1.51,0.00,1.00,1.00,127.35,2.75,12.07,68.34,64.09,-6.11,40.15,-0.21,0.08,17.00,7000.00,-38.00,0.00,7.00
423614.00,2019-06-30 17:49:27.614,0.00,294.23,0.00,1.51,0.00,1.00,1.00,127.35,2.75,11.91,68.34,64.09,-6.11,40.15,-0.23,0.08,17.00,7000.00,-38.00,0.00,7.00
423714.00,2019-06-30 17:49:27.714,0.00,294.23,0.00,1.51,0.00,1.00,1.00,127.35,2.75,12.07,68.39,64.09,-6.02,40.16,-0.20,0.08,17.00,7000.00,-38.00,0.00,7.00
423814.00,2019-06-30 17:49:27.814,0.00,294.23,0.00,1.51,0.00,1.00,1.00,127.35,2.75,12.06,68.39,64.13,-6.02,40.16,-0.24,0.08,17.00,7000.00,-38.00,0.00,7.00
423914.00,2019-06-30 17:49:27.914,0.00,294.23,0.00,1.51,0.00,1.00,1.00,127.35,2.75,12.06,68.39,64.13,-5.94,40.16,-0.22,0.07,17.00,7000.00,-38.00,0.00,7.00
424014.00,2019-06-30 17:49:28.014,0.00,294.23,0.00,1.51,0.00,1.00,1.00,127.35,2.75,12.08,68.35,64.12,-5.94,40.16,-0.21,0.08,17.00,7000.00,-38.00,0.00,7.00
424114.00,2019-06-30 17:49:28.114,0.00,294.23,0.00,1.51,0.00,1.00,1.00,127.35,2.75,12.05,68.35,64.12,-5.94,40.09,-0.22,0.08,17.00,7000.00,-38.00,0.00,7.00
424214.00,2019-06-30 17:49:28.214,0.00,294.23,0.00,1.51,0.00,1.00,1.00,127.35,2.75,12.05,68.41,64.12,-5.95,40.09,-0.21,0.08,17.00,7000.00,-38.00,0.00,7.00
424314.00,2019-06-30 17:49:28.314,0.00,294.23,0.00,1.51,0.00,1.00,1.00,127.35,2.75,12.08,68.41,64.19,-5.95,40.09,-0.23,0.09,17.00,7000.00,-38.00,0.00,7.00
424414.00,2019-06-30 17:49:28.414,0.00,294.23,0.00,1.51,0.00,1.00,1.00,127.35,2.75,11.92,68.41,64.19,-5.90,40.09,-0.22,0.08,17.00,7000.00,-38.00,0.00,7.00
424514.00,2019-06-30 17:49:28.514,0.00,294.23,0.00,1.51,0.00,1.00,1.00,127.35,2.75,12.08,68.34,64.09,-5.90,40.14,-0.25,0.08,17.00,7000.00,-38.00,0.00,7.00
424614.00,2019-06-30 17:49:28.614,0.00,294.23,0.00,1.51,0.00,1.00,1.00,127.35,2.75,12.05,68.34,64.09,-5.90,40.14,-0.21,0.08,17.00,7000.00,-38.00,0.00,7.00
424714.00,2019-06-30 17:49:28.714,0.00,294.23,0.00,1.51,0.00,1.00,1.00,127.35,2.75,11.94,68.39,64.09,-5.89,40.14,-0.21,0.08,17.00,7000.00,-38.00,0.00,7.00
424814.00,2019-06-30 17:49:28.814,0.00,294.23,0.00,1.51,0.00,1.00,1.00,127.35,2.75,12.06,68.39,64.07,-5.89,40.14,-0.22,0.08,17.00,7000.00,-38.00,0.00,7.00
424914.00,2019-06-30 17:49:28.914,0.00,294.23,0.00,1.51,0.00,1.00,1.00,127.35,2.75,12.06,68.39,64.07,-5.89,40.09,-0.21,0.08,17.00,7000.00,-38.00,0.00,7.00
425014.00,2019-06-30 17:49:29.014,0.00,294.23,0.00,1.51,0.00,1.00,1.00,127.35,2.75,11.95,68.42,64.09,-5.86,40.09,-0.24,0.08,17.00,7000.00,-38.00,0.00,7.00
425114.00,2019-06-30 17:49:29.114,0.00,294.23,0.00,1.51,0.00,1.00,1.00,127.35,2.75,12.05,68.42,64.09,-5.86,40.09,-0.22,0.08,17.00,7000.00,-38.00,0.00,7.00
425214.00,2019-06-30 17:49:29.214,0.00,294.23,0.00,1.51,0.00,1.00,1.00,127.35,2.75,12.08,68.37,64.09,-5.80,40.09,-0.22,0.08,17.00,7000.00,-38.00,0.00,7.00
425314.00,2019-06-30 17:49:29.314,0.00,294.23,0.00,1.51,0.00,1.00,1.00,127.35,2.75,11.92,68.37,64.11,-5.80,40.05,-0.22,0.08,17.00,7000.00,-38.00,0.00,7.00
425414.00,2019-06-30 17:49:29.414,0.00,294.23,0.00,1.51,0.00,1.00,1.00,127.35,2.75,12.07,68.37,64.11,-5.80,40.05,-0.21,0.08,17.00,7000.00,-38.00,0.00,7.00
425514.00,2019-06-30 17:49:29.514,0.00,294.23,0.00,1.51,0.00,1.00,1.00,127.35,2.75,12.08,68.33,64.02,-5.83,40.05,-0.22,0.08,17.00,7000.00,-38.00,0.00,7.00
425614.00,2019-06-30 17:49:29.614,0.00,294.23,0.00,1.51,0.00,1.00,1.00,127.35,2.75,11.92,68.33,64.02,-5.83,40.05,-0.22,0.08,17.00,7000.00,-38.00,0.00,7.00
425714.00,2019-06-30 17:49:29.714,0.00,294.23,0.00,1.51,0.00,1.00,1.00,127.35,2.75,12.08,68.33,64.02,-5.66,40.07,-0.24,0.08,17.00,7000.00,-38.00,0.00,7.00
425814.00,2019-06-30 17:49:29.814,0.00,294.23,0.00,1.51,0.00,1.00,1.00,127.35,2.75,12.05,68.41,64.18,-5.66,40.07,-0.21,0.08,17.00,7000.00,-38.00,0.00,7.00
425914.00,2019-06-30 17:49:29.914,0.00,294.23,0.00,1.51,0.00,1.00,1.00,127.35,2.75,11.94,68.41,64.18,-5.66,40.07,-0.21,0.07,17.00,7000.00,-38.00,0.00,7.00
426014.00,2019-06-30 17:49:30.014,0.00,294.23,0.00,1.51,0.00,1.00,1.00,127.35,2.75,12.06,68.40,64.11,-5.73,40.07,-0.22,0.08,17.00,7000.00,-38.00,0.00,7.00
426114.00,2019-06-30 17:49:30.114,0.00,294.23,0.00,1.51,0.00,1.00,1.00,127.35,2.75,12.06,68.40,64.11,-5.73,40.07,-0.20,0.08,17.00,7000.00,-38.00,0.00,7.00
426214.00,2019-06-30 17:49:30.214,0.00,294.23,0.00,1.51,0.00,1.00,1.00,127.35,2.75,11.95,68.40,64.11,-5.73,40.07,-0.24,0.09,17.00,7000.00,-38.00,0.00,7.00
426314.00,2019-06-30 17:49:30.314,0.00,294.23,0.00,1.51,0.00,1.00,1.00,127.35,2.75,12.04,68.41,64.06,-5.70,40.07,-0.22,0.08,17.00,7000.00,-38.00,0.00,7.00
426414.00,2019-06-30 17:49:30.414,0.00,294.23,0.00,1.51,0.00,1.00,1.00,127.35,2.75,12.08,68.41,64.06,-5.70,40.07,-0.22,0.08,17.00,7000.00,-38.00,0.00,7.00
426514.00,2019-06-30 17:49:30.514,0.00,294.23,0.00,1.51,0.00,1.00,1.00,127.35,2.75,11.92,68.41,64.14,-5.72,40.13,-0.21,0.07,17.00,7000.00,-38.00,0.00,7.00
426614.00,2019-06-30 17:49:30.614,0.00,294.23,0.00,1.51,0.00,1.00,1.00,127.35,2.75,12.08,68.41,64.14,-5.72,40.13,-0.20,0.08,17.00,7000.00,-38.00,0.00,7.00
426714.00,2019-06-30 17:49:30.714,0.00,294.23,0.00,1.51,0.00,1.00,1.00,127.35,2.75,11.95,68.41,64.14,-5.72,40.13,-0.23,0.08,17.00,7000.00,-38.00,0.00,7.00
426814.00,2019-06-30 17:49:30.814,0.00,294.23,0.00,1.51,0.00,1.00,1.00,127.35,2.75,11.94,68.38,64.13,-5.68,40.13,-0.22,0.08,17.00,7000.00,-38.00,0.00,7.00
426914.00,2019-06-30 17:49:30.914,0.00,294.23,0.00,1.51,0.00,1.00,1.00,127.35,2.75,12.07,68.38,64.13,-5.68,40.16,-0.24,0.08,17.00,7000.00,-38.00,0.00,7.00
427014.00,2019-06-30 17:49:31.014,0.00,294.23,0.00,1.51,0.00,1.00,1.00,127.35,2.75,12.06,68.38,64.09,-5.63,40.16,-0.21,0.08,17.00,7000.00,-38.00,0.00,7.00
427114.00,2019-06-30 17:49:31.114,0.00,294.23,0.00,1.51,0.00,1.00,1.00,127.35,2.75,11.95,68.46,64.09,-5.63,40.16,-0.21,0.08,17.00,7000.00,-38.00,0.00,7.00
427214.00,2019-06-30 17:49:31.214,0.00,294.23,0.00,1.51,0.00,1.00,1.00,127.35,2.75,12.05,68.46,64.09,-5.63,40.16,-0.22,0.08,17.00,7000.00,-38.00,0.00,7.00
427314.00,2019-06-30 17:49:31.314,0.00,294.23,0.00,1.51,0.00,1.00,1.00,127.35,2.75,12.07,68.42,64.05,-5.62,40.10,-0.20,0.09,17.00,7000.00,-38.00,0.00,7.00
427414.00,2019-06-30 17:49:31.414,0.00,294.23,0.00,1.51,0.00,1.00,1.00,127.35,2.75,11.92,68.42,64.05,-5.62,40.10,-0.24,0.08,17.00,7000.00,-38.00,0.00,7.00
427514.00,2019-06-30 17:49:31.514,0.00,294.23,0.00,1.51,0.00,1.00,1.00,127.35,2.75,12.07,68.42,64.07,-5.62,40.10,-0.22,0.08,17.00,7000.00,-38.00,0.00,7.00
427614.00,2019-06-30 17:49:31.614,0.00,294.23,0.00,1.51,0.00,1.00,1.00,127.35,2.75,12.08,68.41,64.07,-5.58,40.10,-0.21,0.08,17.00,7000.00,-38.00,0.00,7.00
427714.00,2019-06-30 17:49:31.714,0.00,294.23,0.00,1.51,0.00,1.00,1.00,127.35,2.75,11.92,68.41,64.07,-5.58,40.14,-0.22,0.08,17.00,7000.00,-38.00,0.00,7.00
427814.00,2019-06-30 17:49:31.814,0.00,294.23,0.00,1.51,0.00,1.00,1.00,127.35,2.75,12.08,68.33,64.07,-5.59,40.14,-0.21,0.08,17.00,7000.00,-38.00,0.00,7.00
427914.00,2019-06-30 17:49:31.914,0.00,294.23,0.00,1.51,0.00,1.00,1.00,127.35,2.75,11.94,68.33,64.07,-5.59,40.14,-0.23,0.08,17.00,7000.00,-38.00,0.00,7.00
428014.00,2019-06-30 17:49:32.014,0.00,294.23,0.00,1.51,0.00,1.00,1.00,127.35,2.75,12.05,68.33,64.05,-5.59,40.14,-0.22,0.08,17.00,7000.00,-38.00,0.00,7.00
428114.00,2019-06-30 17:49:32.114,0.00,294.23,0.00,1.51,0.00,1.00,1.00,127.35,2.75,12.08,68.37,64.05,-5.54,40.13,-0.22,0.08,17.00,7000.00,-38.00,0.00,7.00
428214.00,2019-06-30 17:49:32.214,0.00,294.23,0.00,1.51,0.00,1.00,1.00,127.35,2.75,11.92,68.37,64.05,-5.54,40.13,-0.21,0.09,17.00,7000.00,-38.00,0.00,7.00
428314.00,2019-06-30 17:49:32.314,0.00,294.23,0.00,1.51,0.00,1.00,1.00,127.35,2.75,12.08,68.42,64.16,-5.52,40.13,-0.21,0.08,17.00,7000.00,-38.00,0.00,7.00
428414.00,2019-06-30 17:49:32.414,0.00,294.23,0.00,1.51,0.00,1.00,1.00,127.35,2.75,12.07,68.42,64.16,-5.52,40.13,-0.22,0.08,17.00,7000.00,-38.00,0.00,7.00
428514.00,2019-06-30 17:49:32.514,0.00,294.23,0.00,1.51,0.00,1.00,1.00,127.35,2.75,11.92,68.42,64.13,-5.52,40.07,-0.21,0.08,17.00,7000.00,-38.00,0.00,7.00
428614.00,2019-06-30 17:49:32.614,0.00,294.23,0.00,1.51,0.00,1.00,1.00,127.35,2.75,12.08,68.47,64.13,-5.41,40.07,-0.22,0.08,17.00,7000.00,-38.00,0.00,7.00
428714.00,2019-06-30 17:49:32.714,0.00,294.23,0.00,1.51,0.00,1.00,1.00,127.35,2.75,12.04,68.47,64.13,-5.41,40.07,-0.20,0.07,17.00,7000.00,-38.00,0.00,7.00
428838.00,2019-06-30 17:49:32.838,0.00,294.23,0.00,1.51,0.00,1.00,1.00,127.35,2.75,12.08,68.45,64.00,-5.37,40.07,-0.22,0.06,17.00,7000.00,-38.00,0.00,7.00
428938.00,2019-06-30 17:49:32.938,0.00,294.23,0.00,1.51,0.00,1.00,1.00,127.35,2.75,12.05,68.45,64.00,-5.37,40.09,-0.22,0.08,17.00,7000.00,-38.00,0.00,7.00
429038.00,2019-06-30 17:49:33.038,0.00,294.23,0.00,1.51,0.00,1.00,1.00,127.35,2.75,12.05,68.45,64.07,-5.37,40.09,-0.19,0.08,17.00,7000.00,-38.00,0.00,7.00
429138.00,2019-06-30 17:49:33.138,0.00,294.23,0.00,1.51,0.00,1.00,1.00,127.35,2.75,12.08,68.45,64.07,-5.48,40.09,-0.24,0.08,17.00,7000.00,-38.00,0.00,7.00
429238.00,2019-06-30 17:49:33.238,0.00,294.23,0.00,1.51,0.00,1.00,1.00,127.35,2.75,11.91,68.45,64.09,-5.48,40.09,-0.22,0.08,17.00,7000.00,-38.00,0.00,7.00
429338.00,2019-06-30 17:49:33.338,0.00,294.23,0.00,1.51,0.00,1.00,1.00,127.35,2.75,12.07,68.45,64.09,-5.28,40.14,-0.21,0.08,17.00,7000.00,-38.00,0.00,7.00
429438.00,2019-06-30 17:49:33.438,0.00,294.23,0.00,1.51,0.00,1.00,1.00,127.35,2.75,12.06,68.45,64.09,-5.28,40.14,-0.22,0.08,17.00,7000.00,-38.00,0.00,7.00
429538.00,2019-06-30 17:49:33.538,0.00,294.23,0.00,1.51,0.00,1.00,1.00,127.35,2.75,11.93,68.45,64.11,-5.28,40.14,-0.21,0.08,17.00,7000.00,-38.00,0.00,7.00
429638.00,2019-06-30 17:49:33.638,0.00,294.23,0.00,1.51,0.00,1.00,1.00,127.35,2.75,12.08,68.45,64.11,-5.30,40.14,-0.24,0.08,17.00,7000.00,-38.00,0.00,7.00
429738.00,2019-06-30 17:49:33.738,0.00,294.23,0.00,1.51,0.00,1.00,1.00,127.35,2.75,12.04,68.45,64.02,-5.30,40.17,-0.22,0.07,17.00,7000.00,-38.00,0.00,7.00
429838.00,2019-06-30 17:49:33.838,0.00,294.23,0.00,1.51,0.00,1.00,1.00,127.35,2.75,11.95,68.45,64.02,-5.30,40.17,-0.21,0.08,17.00,7000.00,-38.00,0.00,7.00
429938.00,2019-06-30 17:49:33.938,0.00,294.23,0.00,1.51,0.00,1.00,1.00,127.35,2.75,12.05,68.48,64.02,-5.27,40.17,-0.22,0.08,17.00,7000.00,-38.00,0.00,7.00
430038.00,2019-06-30 17:49:34.038,0.00,294.23,0.00,1.51,0.00,1.00,1.00,127.35,2.75,12.08,68.48,63.99,-5.27,40.17,-0.20,0.08,17.00,7000.00,-38.00,0.00,7.00
430138.00,2019-06-30 17:49:34.138,0.00,294.23,0.00,1.51,0.00,1.00,1.00,127.35,2.75,12.07,68.46,63.99,-5.21,40.16,-0.23,0.08,17.00,7000.00,-38.00,0.00,7.00
430238.00,2019-06-30 17:49:34.238,0.00,294.23,0.00,1.51,0.00,1.00,1.00,127.35,2.75,12.07,68.46,64.02,-5.21,40.16,-0.18,0.08,17.00,7000.00,-38.00,0.00,7.00
430338.00,2019-06-30 17:49:34.338,0.00,294.23,0.00,1.51,0.00,1.00,1.00,127.35,2.75,12.06,68.46,64.02,-5.21,40.16,-0.23,0.08,17.00,7000.00,-38.00,0.00,7.00
430438.00,2019-06-30 17:49:34.438,0.00,294.23,0.00,1.51,0.00,1.00,1.00,127.35,2.75,11.93,68.49,64.02,-5.21,40.16,-0.22,0.08,17.00,7000.00,-38.00,0.00,7.00
430538.00,2019-06-30 17:49:34.538,0.00,294.23,0.00,1.51,0.00,1.00,1.00,127.35,2.75,12.08,68.49,64.04,-5.21,40.09,-0.21,0.08,17.00,7000.00,-38.00,0.00,7.00
430638.00,2019-06-30 17:49:34.638,0.00,294.23,0.00,1.51,0.00,1.00,1.00,127.35,2.75,12.05,68.38,64.04,-5.16,40.09,-0.22,0.08,17.00,7000.00,-38.00,0.00,7.00
430738.00,2019-06-30 17:49:34.738,0.00,294.23,0.00,1.51,0.00,1.00,1.00,127.35,2.75,11.95,68.38,64.04,-5.16,40.09,-0.20,0.08,17.00,7000.00,-38.00,0.00,7.00
430838.00,2019-06-30 17:49:34.838,0.00,294.23,0.00,1.51,0.00,1.00,1.00,127.35,2.75,12.07,68.38,64.04,-5.16,40.09,-0.24,0.08,17.00,7000.00,-38.00,0.00,7.00
430938.00,2019-06-30 17:49:34.938,0.00,294.23,0.00,1.51,0.00,1.00,1.00,127.35,2.75,11.93,68.44,64.04,-5.15,40.03,-0.22,0.08,17.00,7000.00,-38.00,0.00,7.00
431038.00,2019-06-30 17:49:35.038,0.00,294.23,0.00,1.51,0.00,1.00,1.00,127.35,2.75,12.07,68.44,64.05,-5.15,40.03,-0.22,0.08,17.00,7000.00,-38.00,0.00,7.00
431138.00,2019-06-30 17:49:35.138,0.00,294.23,0.00,1.51,0.00,1.00,1.00,127.35,2.75,12.05,68.45,64.05,-5.15,40.03,-0.23,0.08,17.00,7000.00,-38.00,0.00,7.00
431238.00,2019-06-30 17:49:35.238,0.00,294.23,0.00,1.51,0.00,1.00,1.00,127.35,2.75,11.94,68.45,64.04,-5.13,40.03,-0.23,0.08,17.00,7000.00,-38.00,0.00,7.00
431338.00,2019-06-30 17:49:35.338,0.00,294.23,0.00,1.51,0.00,1.00,1.00,127.35,2.75,12.07,68.45,64.04,-5.13,40.14,-0.22,0.08,17.00,7000.00,-38.00,0.00,7.00
431438.00,2019-06-30 17:49:35.438,0.00,294.23,0.00,1.51,0.00,1.00,1.00,127.35,2.75,12.05,68.42,64.04,-5.14,40.14,-0.20,0.08,17.00,7000.00,-38.00,0.00,7.00
431538.00,2019-06-30 17:49:35.538,0.00,294.23,0.00,1.51,0.00,1.00,1.00,127.35,2.75,11.95,68.42,64.09,-5.14,40.14,-0.23,0.08,17.00,7000.00,-38.00,0.00,7.00
431638.00,2019-06-30 17:49:35.638,0.00,294.23,0.00,1.51,0.00,1.00,1.00,127.35,2.75,12.05,68.42,64.09,-5.14,40.14,-0.22,0.08,17.00,7000.00,-38.00,0.00,7.00
431738.00,2019-06-30 17:49:35.738,0.00,294.23,0.00,1.51,0.00,1.00,1.00,127.35,2.75,12.07,68.48,64.02,-5.08,40.09,-0.22,0.08,17.00,7000.00,-38.00,0.00,7.00
431838.00,2019-06-30 17:49:35.838,0.00,294.23,0.00,1.51,0.00,1.00,1.00,127.35,2.75,11.93,68.48,64.02,-5.08,40.09,-0.22,0.08,17.00,7000.00,-38.00,0.00,7.00
431938.00,2019-06-30 17:49:35.938,0.00,294.23,0.00,1.51,0.00,1.00,1.00,127.35,2.75,12.06,68.48,64.02,-5.01,40.09,-0.21,0.08,17.00,7000.00,-38.00,0.00,7.00
432038.00,2019-06-30 17:49:36.038,0.00,294.23,0.00,1.51,0.00,1.00,1.00,127.35,2.75,12.08,68.48,63.99,-5.01,40.09,-0.24,0.08,17.00,7000.00,-38.00,0.00,7.00
432138.00,2019-06-30 17:49:36.138,0.00,294.23,0.00,1.51,0.00,1.00,1.00,127.35,2.75,11.91,68.48,63.99,-5.01,40.08,-0.22,0.08,17.00,7000.00,-38.00,0.00,7.00
432238.00,2019-06-30 17:49:36.238,0.00,294.23,0.00,1.51,0.00,1.00,1.00,127.35,2.75,12.08,68.46,63.99,-5.01,40.08,-0.21,0.08,17.00,7000.00,-38.00,0.00,7.00
432338.00,2019-06-30 17:49:36.338,0.00,294.23,0.00,1.51,0.00,1.00,1.00,127.35,2.75,12.05,68.46,63.99,-5.01,40.08,-0.23,0.08,17.00,7000.00,-38.00,0.00,7.00
432438.00,2019-06-30 17:49:36.438,0.00,294.23,0.00,1.51,0.00,1.00,1.00,127.35,2.75,11.93,68.52,63.99,-5.01,40.08,-0.21,0.08,17.00,7000.00,-38.00,0.00,7.00
432538.00,2019-06-30 17:49:36.538,0.00,294.23,0.00,1.51,0.00,1.00,1.00,127.35,2.75,12.07,68.52,63.95,-5.07,40.21,-0.22,0.08,17.00,7000.00,-38.00,0.00,7.00
432638.00,2019-06-30 17:49:36.638,0.00,294.23,0.00,1.51,0.00,1.00,1.00,127.35,2.75,12.07,68.52,63.95,-5.07,40.21,-0.19,0.08,17.00,7000.00,-38.00,0.00,7.00
432738.00,2019-06-30 17:49:36.738,0.00,294.23,0.00,1.51,0.00,1.00,1.00,127.35,2.75,11.93,68.41,63.95,-4.97,40.21,-0.24,0.08,17.00,7000.00,-38.00,0.00,7.00
432838.00,2019-06-30 17:49:36.838,0.00,294.23,0.00,1.51,0.00,1.00,1.00,127.35,2.75,12.06,68.41,63.95,-4.97,40.21,-0.22,0.08,17.00,7000.00,-38.00,0.00,7.00
432938.00,2019-06-30 17:49:36.938,0.00,294.23,0.00,1.51,0.00,1.00,1.00,127.35,2.75,12.08,68.57,63.95,-4.97,40.19,-0.22,0.08,17.00,7000.00,-38.00,0.00,7.00
433038.00,2019-06-30 17:49:37.038,0.00,294.23,0.00,1.51,0.00,1.00,1.00,127.35,2.75,11.91,68.57,64.02,-5.05,40.19,-0.22,0.08,17.00,7000.00,-38.00,0.00,7.00
433138.00,2019-06-30 17:49:37.138,0.00,294.23,0.00,1.51,0.00,1.00,1.00,127.35,2.75,12.05,68.57,64.02,-5.05,40.19,-0.21,0.08,17.00,7000.00,-38.00,0.00,7.00
433238.00,2019-06-30 17:49:37.238,0.00,294.23,0.00,1.51,0.00,1.00,1.00,127.35,2.75,12.06,68.46,63.97,-4.91,40.19,-0.24,0.08,17.00,7000.00,-38.00,0.00,7.00
433338.00,2019-06-30 17:49:37.338,0.00,294.23,0.00,1.51,0.00,1.00,1.00,127.35,2.75,12.05,68.46,63.97,-4.91,40.09,-0.22,0.08,17.00,7000.00,-38.00,0.00,7.00
433438.00,2019-06-30 17:49:37.438,0.00,294.23,0.00,1.51,0.00,1.00,1.00,127.35,2.75,11.93,68.46,63.97,-4.91,40.09,-0.22,0.08,17.00,7000.00,-38.00,0.00,7.00
433538.00,2019-06-30 17:49:37.538,0.00,294.23,0.00,1.51,0.00,1.00,1.00,127.35,2.75,11.92,68.55,64.02,-4.87,40.09,-0.22,0.08,17.00,7000.00,-38.00,0.00,7.00
433638.00,2019-06-30 17:49:37.638,0.00,294.23,0.00,1.51,0.00,1.00,1.00,127.35,2.75,12.05,68.55,64.02,-4.87,40.09,-0.22,0.08,17.00,7000.00,-38.00,0.00,7.00
433738.00,2019-06-30 17:49:37.738,0.00,294.23,0.00,1.51,0.00,1.00,1.00,127.35,2.75,12.05,68.45,64.02,-4.87,40.14,-0.22,0.08,17.00,7000.00,-38.00,0.00,7.00
433838.00,2019-06-30 17:49:37.838,0.00,294.23,0.00,1.51,0.00,1.00,1.00,127.35,2.75,11.94,68.45,64.02,-4.85,40.14,-0.19,0.07,17.00,7000.00,-38.00,0.00,7.00
433938.00,2019-06-30 17:49:37.938,0.00,294.23,0.00,1.51,0.00,1.00,1.00,127.35,2.75,12.06,68.45,64.02,-4.85,40.14,-0.24,0.08,17.00,7000.00,-38.00,0.00,7.00
434038.00,2019-06-30 17:49:38.038,0.00,294.23,0.00,1.51,0.00,1.00,1.00,127.35,2.75,12.06,68.47,63.99,-4.85,40.14,-0.22,0.08,17.00,7000.00,-38.00,0.00,7.00
434138.00,2019-06-30 17:49:38.138,0.00,294.23,0.00,1.51,0.00,1.00,1.00,127.35,2.75,11.95,68.47,63.99,-4.85,40.07,-0.21,0.08,17.00,7000.00,-38.00,0.00,7.00
434238.00,2019-06-30 17:49:38.238,0.00,294.23,0.00,1.51,0.00,1.00,1.00,127.35,2.75,12.06,68.48,63.99,-4.85,40.07,-0.22,0.08,17.00,7000.00,-38.00,0.00,7.00
434338.00,2019-06-30 17:49:38.338,0.00,294.23,0.00,1.51,0.00,1.00,1.00,127.35,2.75,11.93,68.48,63.99,-4.70,40.07,-0.22,0.08,17.00,7000.00,-38.00,0.00,7.00
434438.00,2019-06-30 17:49:38.438,0.00,294.23,0.00,1.51,0.00,1.00,1.00,127.35,2.75,12.08,68.48,63.99,-4.70,40.07,-0.24,0.08,17.00,7000.00,-38.00,0.00,7.00
434538.00,2019-06-30 17:49:38.538,0.00,294.23,0.00,1.51,0.00,1.00,1.00,127.35,2.75,12.07,68.49,63.93,-4.84,40.08,-0.21,0.07,17.00,7000.00,-38.00,0.00,7.00
434638.00,2019-06-30 17:49:38.638,0.00,294.23,0.00,1.51,0.00,1.00,1.00,127.35,2.75,11.94,68.49,63.93,-4.84,40.08,-0.21,0.08,17.00,7000.00,-38.00,0.00,7.00
434738.00,2019-06-30 17:49:38.738,0.00,294.23,0.00,1.51,0.00,1.00,1.00,127.35,2.75,12.05,68.58,63.97,-4.84,40.08,-0.22,0.08,17.00,7000.00,-38.00,0.00,7.00
434838.00,2019-06-30 17:49:38.838,0.00,294.23,0.00,1.51,0.00,1.00,1.00,127.35,2.75,12.08,68.58,63.97,-4.67,40.08,-0.22,0.08,17.00,7000.00,-38.00,0.00,7.00
434938.00,2019-06-30 17:49:38.938,0.00,294.23,0.00,1.51,0.00,1.00,1.00,127.35,2.75,11.92,68.58,63.97,-4.67,40.13,-0.23,0.09,17.00,7000.00,-38.00,0.00,7.00
435038.00,2019-06-30 17:49:39.038,0.00,294.23,0.00,1.51,0.00,1.00,1.00,127.35,2.75,12.07,68.55,63.91,-4.67,40.13,-0.20,0.08,17.00,7000.00,-38.00,0.00,7.00
435138.00,2019-06-30 17:49:39.138,0.00,294.23,0.00,1.51,0.00,1.00,1.00,127.35,2.75,12.06,68.55,63.91,-4.74,40.13,-0.24,0.08,17.00,7000.00,-38.00,0.00,7.00
435238.00,2019-06-30 17:49:39.238,0.00,294.23,0.00,1.51,0.00,1.00,1.00,127.35,2.75,12.05,68.55,64.00,-4.74,40.13,-0.22,0.08,17.00,7000.00,-38.00,0.00,7.00
435338.00,2019-06-30 17:49:39.338,0.00,294.23,0.00,1.51,0.00,1.00,1.00,127.35,2.75,12.07,68.45,64.00,-4.67,40.10,-0.21,0.08,17.00,7000.00,-38.00,0.00,7.00
435438.00,2019-06-30 17:49:39.438,0.00,294.23,0.00,1.51,0.00,1.00,1.00,127.35,2.75,11.93,68.45,64.00,-4.67,40.10,-0.22,0.08,17.00,7000.00,-38.00,0.00,7.00
435538.00,2019-06-30 17:49:39.538,0.00,294.23,0.00,1.51,0.00,1.00,1.00,127.35,2.75,12.06,68.45,63.97,-4.67,40.10,-0.21,0.09,17.00,7000.00,-38.00,0.00,7.00
435638.00,2019-06-30 17:49:39.638,0.00,294.23,0.00,1.51,0.00,1.00,1.00,127.35,2.75,12.08,68.45,63.97,-4.57,40.10,-0.24,0.08,17.00,7000.00,-38.00,0.00,7.00
435738.00,2019-06-30 17:49:39.738,0.00,294.23,0.00,1.51,0.00,1.00,1.00,127.35,2.75,11.91,68.45,63.90,-4.57,40.17,-0.22,0.08,17.00,7000.00,-38.00,0.00,7.00
435838.00,2019-06-30 17:49:39.838,0.00,294.23,0.00,1.51,0.00,1.00,1.00,127.35,2.75,12.08,68.52,63.90,-4.60,40.17,-0.20,0.08,17.00,7000.00,-38.00,0.00,7.00
435938.00,2019-06-30 17:49:39.938,0.00,294.23,0.00,1.51,0.00,1.00,1.00,127.35,2.75,12.05,68.52,63.90,-4.60,40.17,-0.22,0.08,17.00,7000.00,-38.00,0.00,7.00
436038.00,2019-06-30 17:49:40.038,0.00,294.23,0.00,1.51,0.00,1.00,1.00,127.35,2.75,11.94,68.58,64.02,-4.60,40.17,-0.21,0.08,17.00,7000.00,-38.00,0.00,7.00
436138.00,2019-06-30 17:49:40.138,0.00,294.23,0.00,1.51,0.00,1.00,1.00,127.35,2.75,12.07,68.58,64.02,-4.59,40.12,-0.22,0.08,17.00,7000.00,-38.00,0.00,7.00
436238.00,2019-06-30 17:49:40.238,0.00,294.23,0.00,1.51,0.00,1.00,1.00,127.35,2.75,12.05,68.58,63.95,-4.59,40.12,-0.19,0.08,17.00,7000.00,-38.00,0.00,7.00
436338.00,2019-06-30 17:49:40.338,0.00,294.23,0.00,1.51,0.00,1.00,1.00,127.35,2.75,11.95,68.54,63.95,-4.59,40.12,-0.24,0.08,17.00,7000.00,-38.00,0.00,7.00
436438.00,2019-06-30 17:49:40.438,0.00,294.23,0.00,1.51,0.00,1.00,1.00,127.35,2.75,12.05,68.54,63.95,-4.47,40.12,-0.22,0.08,17.00,7000.00,-38.00,0.00,7.00
436538.00,2019-06-30 17:49:40.538,0.00,294.23,0.00,1.51,0.00,1.00,1.00,127.35,2.75,12.07,68.46,63.91,-4.47,40.10,-0.21,0.08,17.00,7000.00,-38.00,0.00,7.00
436638.00,2019-06-30 17:49:40.638,0.00,294.23,0.00,1.51,0.00,1.00,1.00,127.35,2.75,11.93,68.46,63.91,-4.53,40.10,-0.22,0.08,17.00,7000.00,-38.00,0.00,7.00
436738.00,2019-06-30 17:49:40.738,0.00,294.23,0.00,1.51,0.00,1.00,1.00,127.35,2.75,12.06,68.46,63.91,-4.53,40.10,-0.21,0.08,17.00,7000.00,-38.00,0.00,7.00
436838.00,2019-06-30 17:49:40.838,0.00,294.23,0.00,1.51,0.00,1.00,1.00,127.35,2.75,12.08,68.44,63.91,-4.53,40.10,-0.24,0.08,17.00,7000.00,-38.00,0.00,7.00
436938.00,2019-06-30 17:49:40.938,0.00,294.23,0.00,1.51,0.00,1.00,1.00,127.35,2.75,11.91,68.44,63.91,-4.50,40.14,-0.22,0.08,17.00,7000.00,-38.00,0.00,7.00
437038.00,2019-06-30 17:49:41.038,0.00,294.23,0.00,1.51,0.00,1.00,1.00,127.35,2.75,12.06,68.44,63.93,-4.50,40.14,-0.22,0.08,17.00,7000.00,-38.00,0.00,7.00
437138.00,2019-06-30 17:49:41.138,0.00,294.23,0.00,1.51,0.00,1.00,1.00,127.35,2.75,12.05,68.42,63.93,-4.46,40.14,-0.21,0.08,17.00,7000.00,-38.00,0.00,7.00
437238.00,2019-06-30 17:49:41.238,0.00,294.23,0.00,1.51,0.00,1.00,1.00,127.35,2.75,11.95,68.42,63.84,-4.46,40.14,-0.21,0.08,17.00,7000.00,-38.00,0.00,7.00
437338.00,2019-06-30 17:49:41.338,0.00,294.23,0.00,1.51,0.00,1.00,1.00,127.35,2.75,12.07,68.48,63.84,-4.46,40.07,-0.22,0.09,17.00,7000.00,-38.00,0.00,7.00
437438.00,2019-06-30 17:49:41.438,0.00,294.23,0.00,1.51,0.00,1.00,1.00,127.35,2.75,11.91,68.48,63.84,-4.41,40.07,-0.19,0.08,17.00,7000.00,-38.00,0.00,7.00
437538.00,2019-06-30 17:49:41.538,0.00,294.23,0.00,1.51,0.00,1.00,1.00,127.35,2.75,12.08,68.48,63.88,-4.41,40.07,-0.24,0.08,17.00,7000.00,-38.00,0.00,7.00
437638.00,2019-06-30 17:49:41.638,0.00,294.23,0.00,1.51,0.00,1.00,1.00,127.35,2.75,12.05,68.49,63.88,-4.41,40.07,-0.22,0.08,17.00,7000.00,-38.00,0.00,7.00
437738.00,2019-06-30 17:49:41.738,0.00,294.23,0.00,1.51,0.00,1.00,1.00,127.35,2.75,11.94,68.49,63.81,-4.44,40.13,-0.21,0.07,17.00,7000.00,-38.00,0.00,7.00
437838.00,2019-06-30 17:49:41.838,0.00,294.23,0.00,1.51,0.00,1.00,1.00,127.35,2.75,12.06,68.55,63.81,-4.44,40.13,-0.22,0.08,17.00,7000.00,-38.00,0.00,7.00
437938.00,2019-06-30 17:49:41.938,0.00,294.23,0.00,1.51,0.00,1.00,1.00,127.35,2.75,12.06,68.55,63.81,-4.34,40.13,-0.21,0.08,17.00,7000.00,-38.00,0.00,7.00
438038.00,2019-06-30 17:49:42.038,0.00,294.23,0.00,1.51,0.00,1.00,1.00,127.35,2.75,11.95,68.55,63.86,-4.34,40.13,-0.23,0.08,17.00,7000.00,-38.00,0.00,7.00
438138.00,2019-06-30 17:49:42.138,0.00,294.23,0.00,1.51,0.00,1.00,1.00,127.35,2.75,12.05,68.47,63.86,-4.34,40.15,-0.22,0.08,17.00,7000.00,-38.00,0.00,7.00
438238.00,2019-06-30 17:49:42.238,0.00,294.23,0.00,1.51,0.00,1.00,1.00,127.35,2.75,12.08,68.47,63.81,-4.42,40.15,-0.22,0.08,17.00,7000.00,-38.00,0.00,7.00
438338.00,2019-06-30 17:49:42.338,0.00,294.23,0.00,1.51,0.00,1.00,1.00,127.35,2.75,11.92,68.46,63.81,-4.42,40.15,-0.22,0.08,17.00,7000.00,-38.00,0.00,7.00
438438.00,2019-06-30 17:49:42.438,0.00,294.23,0.00,1.51,0.00,1.00,1.00,127.35,2.75,12.07,68.46,63.81,-4.34,40.15,-0.21,0.08,17.00,7000.00,-38.00,0.00,7.00
438538.00,2019-06-30 17:49:42.538,0.00,294.23,0.00,1.51,0.00,1.00,1.00,127.35,2.75,12.05,68.46,63.83,-4.34,40.09,-0.23,0.08,17.00,7000.00,-38.00,0.00,7.00
438638.00,2019-06-30 17:49:42.638,0.00,294.23,0.00,1.51,0.00,1.00,1.00,127.35,2.75,12.05,68.47,63.83,-4.34,40.09,-0.20,0.08,17.00,7000.00,-38.00,0.00,7.00
438760.00,2019-06-30 17:49:42.760,0.00,294.23,0.00,1.51,0.00,1.00,1.00,127.35,2.75,12.06,68.47,63.79,-4.28,40.09,-0.21,0.07,17.00,7000.00,-38.00,0.00,7.00
438860.00,2019-06-30 17:49:42.860,0.00,294.23,0.00,1.51,0.00,1.00,1.00,127.35,2.75,12.08,68.45,63.79,-4.28,40.09,-0.22,0.08,17.00,7000.00,-38.00,0.00,7.00
438960.00,2019-06-30 17:49:42.960,0.00,294.23,0.00,1.51,0.00,1.00,1.00,127.35,2.75,12.05,68.45,63.79,-4.23,40.19,-0.21,0.08,17.00,7000.00,-38.00,0.00,7.00
439060.00,2019-06-30 17:49:43.060,0.00,294.23,0.00,1.51,0.00,1.00,1.00,127.35,2.75,12.05,68.45,63.84,-4.23,40.19,-0.22,0.08,17.00,7000.00,-38.00,0.00,7.00
439160.00,2019-06-30 17:49:43.160,0.00,294.23,0.00,1.51,0.00,1.00,1.00,127.35,2.75,12.06,68.45,63.84,-4.23,40.19,-0.22,0.08,17.00,7000.00,-38.00,0.00,7.00
439260.00,2019-06-30 17:49:43.260,0.00,294.23,0.00,1.51,0.00,1.00,1.00,127.35,2.75,12.06,68.45,63.80,-4.22,40.19,-0.22,0.08,17.00,7000.00,-38.00,0.00,7.00
439360.00,2019-06-30 17:49:43.360,0.00,294.23,0.00,1.51,0.00,1.00,1.00,127.35,2.75,11.95,68.49,63.80,-4.22,40.09,-0.23,0.08,17.00,7000.00,-38.00,0.00,7.00
439460.00,2019-06-30 17:49:43.460,0.00,294.23,0.00,1.51,0.00,1.00,1.00,127.35,2.75,12.04,68.49,63.80,-4.19,40.09,-0.21,0.08,17.00,7000.00,-38.00,0.00,7.00
439560.00,2019-06-30 17:49:43.560,0.00,294.23,0.00,1.51,0.00,1.00,1.00,127.35,2.75,12.08,68.49,63.80,-4.19,40.09,-0.22,0.08,17.00,7000.00,-38.00,0.00,7.00
439660.00,2019-06-30 17:49:43.660,0.00,294.23,0.00,1.51,0.00,1.00,1.00,127.35,2.75,11.92,68.46,63.80,-4.19,40.09,-0.21,0.08,17.00,7000.00,-38.00,0.00,7.00
439760.00,2019-06-30 17:49:43.760,0.00,294.23,0.00,1.51,0.00,1.00,1.00,127.35,2.75,12.07,68.46,63.81,-4.17,40.13,-0.23,0.08,17.00,7000.00,-38.00,0.00,7.00
439860.00,2019-06-30 17:49:43.860,0.00,294.23,0.00,1.51,0.00,1.00,1.00,127.35,2.75,12.07,68.46,63.81,-4.17,40.13,-0.22,0.08,17.00,7000.00,-38.00,0.00,7.00
439960.00,2019-06-30 17:49:43.960,0.00,294.23,0.00,1.51,0.00,1.00,1.00,127.35,2.75,12.08,68.51,63.81,-4.17,40.13,-0.21,0.08,17.00,7000.00,-38.00,0.00,7.00
440060.00,2019-06-30 17:49:44.060,0.00,294.23,0.00,1.51,0.00,1.00,1.00,127.35,2.75,12.07,68.51,63.73,-4.17,40.13,-0.22,0.08,17.00,7000.00,-38.00,0.00,7.00
440160.00,2019-06-30 17:49:44.160,0.00,294.23,0.00,1.51,0.00,1.00,1.00,127.35,2.75,11.91,68.49,63.73,-4.17,40.14,-0.22,0.08,17.00,7000.00,-38.00,0.00,7.00
440260.00,2019-06-30 17:49:44.260,0.00,294.23,0.00,1.51,0.00,1.00,1.00,127.35,2.75,12.07,68.49,63.76,-4.13,40.14,-0.23,0.08,17.00,7000.00,-38.00,0.00,7.00
440360.00,2019-06-30 17:49:44.360,0.00,294.23,0.00,1.51,0.00,1.00,1.00,127.35,2.75,11.94,68.49,63.76,-4.13,40.14,-0.22,0.07,17.00,7000.00,-38.00,0.00,7.00
440460.00,2019-06-30 17:49:44.460,0.00,294.23,0.00,1.51,0.00,1.00,1.00,127.35,2.75,12.07,68.51,63.76,-4.13,40.14,-0.22,0.08,17.00,7000.00,-38.00,0.00,7.00
440560.00,2019-06-30 17:49:44.560,0.00,294.23,0.00,1.51,0.00,1.00,1.00,127.35,2.75,12.08,68.51,63.92,-4.13,40.12,-0.22,0.08,17.00,7000.00,-38.00,0.00,7.00
440660.00,2019-06-30 17:49:44.660,0.00,294.23,0.00,1.51,0.00,1.00,1.00,127.35,2.75,12.04,68.51,63.92,-4.13,40.12,-0.21,0.07,17.00,7000.00,-38.00,0.00,7.00
440760.00,2019-06-30 17:49:44.760,0.00,294.23,0.00,1.51,0.00,1.00,1.00,127.35,2.75,11.94,68.51,63.84,-4.13,40.12,-0.23,0.08,17.00,7000.00,-38.00,0.00,7.00
440860.00,2019-06-30 17:49:44.860,0.00,294.23,0.00,1.51,0.00,1.00,1.00,127.35,2.75,12.05,68.51,63.84,-4.13,40.12,-0.20,0.08,17.00,7000.00,-38.00,0.00,7.00
440960.00,2019-06-30 17:49:44.960,0.00,294.23,0.00,1.51,0.00,1.00,1.00,127.35,2.75,11.91,68.53,63.84,-4.13,40.15,-0.23,0.08,17.00,7000.00,-38.00,0.00,7.00
441060.00,2019-06-30 17:49:45.060,0.00,294.23,0.00,1.51,0.00,1.00,1.00,127.35,2.75,12.08,68.53,63.81,-4.09,40.15,-0.22,0.08,17.00,7000.00,-38.00,0.00,7.00
441160.00,2019-06-30 17:49:45.160,0.00,294.23,0.00,1.51,0.00,1.00,1.00,127.35,2.75,12.05,68.53,63.81,-4.09,40.15,-0.21,0.08,17.00,7000.00,-38.00,0.00,7.00
441260.00,2019-06-30 17:49:45.260,0.00,294.23,0.00,1.51,0.00,1.00,1.00,127.35,2.75,11.94,68.54,63.74,-4.09,40.15,-0.22,0.08,17.00,7000.00,-38.00,0.00,7.00
441360.00,2019-06-30 17:49:45.360,0.00,294.23,0.00,1.51,0.00,1.00,1.00,127.35,2.75,12.07,68.54,63.74,-4.02,40.10,-0.21,0.08,17.00,7000.00,-38.00,0.00,7.00
441460.00,2019-06-30 17:49:45.460,0.00,294.23,0.00,1.51,0.00,1.00,1.00,127.35,2.75,12.06,68.45,63.74,-4.02,40.10,-0.23,0.08,17.00,7000.00,-38.00,0.00,7.00
441560.00,2019-06-30 17:49:45.560,0.00,294.23,0.00,1.51,0.00,1.00,1.00,127.35,2.75,11.95,68.45,63.76,-4.01,40.10,-0.22,0.08,17.00,7000.00,-38.00,0.00,7.00
441660.00,2019-06-30 17:49:45.660,0.00,294.23,0.00,1.51,0.00,1.00,1.00,127.35,2.75,12.07,68.45,63.76,-4.01,40.10,-0.22,0.08,17.00,7000.00,-38.00,0.00,7.00
441760.00,2019-06-30 17:49:45.760,0.00,294.23,0.00,1.51,0.00,1.00,1.00,127.35,2.75,12.08,68.55,63.72,-4.01,40.13,-0.24,0.08,17.00,7000.00,-38.00,0.00,7.00
441860.00,2019-06-30 17:49:45.860,0.00,294.23,0.00,1.51,0.00,1.00,1.00,127.35,2.75,11.91,68.55,63.72,-3.98,40.13,-0.21,0.08,17.00,7000.00,-38.00,0.00,7.00
441960.00,2019-06-30 17:49:45.960,0.00,294.23,0.00,1.51,0.00,1.00,1.00,127.35,2.75,12.08,68.54,63.72,-3.98,40.13,-0.22,0.08,17.00,7000.00,-38.00,0.00,7.00
442060.00,2019-06-30 17:49:46.060,0.00,294.23,0.00,1.51,0.00,1.00,1.00,127.35,2.75,11.94,68.54,63.78,-4.01,40.13,-0.18,0.08,17.00,7000.00,-38.00,0.00,7.00
442160.00,2019-06-30 17:49:46.160,0.00,294.23,0.00,1.51,0.00,1.00,1.00,127.35,2.75,11.93,68.54,63.78,-4.01,40.15,-0.23,0.08,17.00,7000.00,-38.00,0.00,7.00
442260.00,2019-06-30 17:49:46.260,0.00,294.23,0.00,1.51,0.00,1.00,1.00,127.35,2.75,12.06,68.57,63.65,-4.01,40.15,-0.22,0.08,17.00,7000.00,-38.00,0.00,7.00
442360.00,2019-06-30 17:49:46.360,0.00,294.23,0.00,1.51,0.00,1.00,1.00,127.35,2.75,11.95,68.57,63.65,-3.91,40.15,-0.22,0.08,17.00,7000.00,-38.00,0.00,7.00
442460.00,2019-06-30 17:49:46.460,0.00,294.23,0.00,1.51,0.00,1.00,1.00,127.35,2.75,11.94,68.63,63.65,-3.91,40.15,-0.22,0.08,17.00,7000.00,-38.00,0.00,7.00
442560.00,2019-06-30 17:49:46.560,0.00,294.23,0.00,1.51,0.00,1.00,1.00,127.35,2.75,12.07,68.63,63.76,-3.91,40.07,-0.22,0.08,17.00,7000.00,-38.00,0.00,7.00
442660.00,2019-06-30 17:49:46.660,0.00,294.23,0.00,1.51,0.00,1.00,1.00,127.35,2.75,11.92,68.63,63.76,-3.87,40.07,-0.24,0.08,17.00,7000.00,-38.00,0.00,7.00
442760.00,2019-06-30 17:49:46.760,0.00,294.23,0.00,1.51,0.00,1.00,1.00,127.35,2.75,12.08,68.51,63.73,-3.87,40.07,-0.21,0.08,17.00,7000.00,-38.00,0.00,7.00
442860.00,2019-06-30 17:49:46.860,0.00,294.23,0.00,1.51,0.00,1.00,1.00,127.35,2.75,12.05,68.51,63.73,-3.90,40.07,-0.22,0.08,17.00,7000.00,-38.00,0.00,7.00
442960.00,2019-06-30 17:49:46.960,0.00,294.23,0.00,1.51,0.00,1.00,1.00,127.35,2.75,11.94,68.51,63.73,-3.90,40.10,-0.22,0.08,17.00,7000.00,-38.00,0.00,7.00
443060.00,2019-06-30 17:49:47.060,0.00,294.23,0.00,1.51,0.00,1.00,1.00,127.35,2.75,12.06,68.54,63.77,-3.90,40.10,-0.21,0.08,17.00,7000.00,-38.00,0.00,7.00
443160.00,2019-06-30 17:49:47.160,0.00,294.23,0.00,1.51,0.00,1.00,1.00,127.35,2.75,12.06,68.54,63.77,-3.87,40.10,-0.23,0.08,17.00,7000.00,-38.00,0.00,7.00
443260.00,2019-06-30 17:49:47.260,0.00,294.23,0.00,1.51,0.00,1.00,1.00,127.35,2.75,11.95,68.57,63.73,-3.87,40.10,-0.19,0.08,17.00,7000.00,-38.00,0.00,7.00
443360.00,2019-06-30 17:49:47.360,0.00,294.23,0.00,1.51,0.00,1.00,1.00,127.35,2.75,12.05,68.57,63.73,-3.84,40.05,-0.23,0.08,17.00,7000.00,-38.00,0.00,7.00
443460.00,2019-06-30 17:49:47.460,0.00,294.23,0.00,1.51,0.00,1.00,1.00,127.35,2.75,12.08,68.57,63.73,-3.84,40.05,-0.21,0.08,17.00,7000.00,-38.00,0.00,7.00
443560.00,2019-06-30 17:49:47.560,0.00,294.23,0.00,1.51,0.00,1.00,1.00,127.35,2.75,11.92,68.63,63.72,-3.84,40.05,-0.22,0.08,17.00,7000.00,-38.00,0.00,7.00
443660.00,2019-06-30 17:49:47.660,0.00,294.23,0.00,1.51,0.00,1.00,1.00,127.35,2.75,12.07,68.63,63.72,-3.77,40.05,-0.22,0.08,17.00,7000.00,-38.00,0.00,7.00
443760.00,2019-06-30 17:49:47.760,0.00,294.23,0.00,1.51,0.00,1.00,1.00,127.35,2.75,12.07,68.55,63.67,-3.77,40.09,-0.21,0.08,17.00,7000.00,-38.00,0.00,7.00
443860.00,2019-06-30 17:49:47.860,0.00,294.23,0.00,1.51,0.00,1.00,1.00,127.35,2.75,11.92,68.55,63.67,-3.77,40.09,-0.22,0.08,17.00,7000.00,-38.00,0.00,7.00
443960.00,2019-06-30 17:49:47.960,0.00,294.23,0.00,1.51,0.00,1.00,1.00,127.35,2.75,12.08,68.55,63.67,-3.71,40.09,-0.22,0.08,17.00,7000.00,-38.00,0.00,7.00
444060.00,2019-06-30 17:49:48.060,0.00,294.23,0.00,1.51,0.00,1.00,1.00,127.35,2.75,12.05,68.54,63.72,-3.71,40.09,-0.22,0.08,17.00,7000.00,-38.00,0.00,7.00
444160.00,2019-06-30 17:49:48.160,0.00,294.23,0.00,1.51,0.00,1.00,1.00,127.35,2.75,11.94,68.54,63.72,-3.71,40.15,-0.22,0.07,17.00,7000.00,-38.00,0.00,7.00
444260.00,2019-06-30 17:49:48.260,0.00,294.23,0.00,1.51,0.00,1.00,1.00,127.35,2.75,12.04,68.54,63.70,-3.71,40.15,-0.22,0.08,17.00,7000.00,-38.00,0.00,7.00
444360.00,2019-06-30 17:49:48.360,0.00,294.23,0.00,1.51,0.00,1.00,1.00,127.35,2.75,12.08,68.52,63.70,-3.71,40.15,-0.22,0.08,17.00,7000.00,-38.00,0.00,7.00
444460.00,2019-06-30 17:49:48.460,0.00,294.23,0.00,1.51,0.00,1.00,1.00,127.35,2.75,11.92,68.52,63.70,-3.65,40.15,-0.20,0.08,17.00,7000.00,-38.00,0.00,7.00
444560.00,2019-06-30 17:49:48.560,0.00,294.23,0.00,1.51,0.00,1.00,1.00,127.35,2.75,12.07,68.54,63.71,-3.65,40.20,-0.23,0.08,17.00,7000.00,-38.00,0.00,7.00
444660.00,2019-06-30 17:49:48.660,0.00,294.23,0.00,1.51,0.00,1.00,1.00,127.35,2.75,12.07,68.54,63.71,-3.65,40.20,-0.23,0.08,17.00,7000.00,-38.00,0.00,7.00
444760.00,2019-06-30 17:49:48.760,0.00,294.23,0.00,1.51,0.00,1.00,1.00,127.35,2.75,12.08,68.54,63.78,-3.65,40.20,-0.21,0.08,17.00,7000.00,-38.00,0.00,7.00
444860.00,2019-06-30 17:49:48.860,0.00,294.23,0.00,1.51,0.00,1.00,1.00,127.35,2.75,12.08,68.58,63.78,-3.65,40.20,-0.23,0.08,17.00,7000.00,-38.00,0.00,7.00
444960.00,2019-06-30 17:49:48.960,0.00,294.23,0.00,1.51,0.00,1.00,1.00,127.35,2.75,12.05,68.58,63.78,-3.63,40.09,-0.21,0.08,17.00,7000.00,-38.00,0.00,7.00
445060.00,2019-06-30 17:49:49.060,0.00,294.23,0.00,1.51,0.00,1.00,1.00,127.35,2.75,11.94,68.51,63.73,-3.63,40.09,-0.22,0.08,17.00,7000.00,-38.00,0.00,7.00
445160.00,2019-06-30 17:49:49.160,0.00,294.23,0.00,1.51,0.00,1.00,1.00,127.35,2.75,12.06,68.51,63.73,-3.63,40.09,-0.21,0.08,17.00,7000.00,-38.00,0.00,7.00
445260.00,2019-06-30 17:49:49.260,0.00,294.23,0.00,1.51,0.00,1.00,1.00,127.35,2.75,11.94,68.51,63.73,-3.54,40.09,-0.24,0.08,17.00,7000.00,-38.00,0.00,7.00
445360.00,2019-06-30 17:49:49.360,0.00,294.23,0.00,1.51,0.00,1.00,1.00,127.35,2.75,11.95,68.47,63.73,-3.54,40.10,-0.22,0.08,17.00,7000.00,-38.00,0.00,7.00
445460.00,2019-06-30 17:49:49.460,0.00,294.23,0.00,1.51,0.00,1.00,1.00,127.35,2.75,12.05,68.47,63.73,-3.59,40.10,-0.21,0.08,17.00,7000.00,-38.00,0.00,7.00
445560.00,2019-06-30 17:49:49.560,0.00,294.23,0.00,1.51,0.00,1.00,1.00,127.35,2.75,11.91,68.55,63.65,-3.59,40.10,-0.22,0.08,17.00,7000.00,-38.00,0.00,7.00
445660.00,2019-06-30 17:49:49.660,0.00,294.23,0.00,1.51,0.00,1.00,1.00,127.35,2.75,12.07,68.55,63.65,-3.59,40.10,-0.20,0.08,17.00,7000.00,-38.00,0.00,7.00
445760.00,2019-06-30 17:49:49.760,0.00,294.23,0.00,1.51,0.00,1.00,1.00,127.35,2.75,12.04,68.55,63.69,-3.56,40.12,-0.23,0.08,17.00,7000.00,-38.00,0.00,7.00
445860.00,2019-06-30 17:49:49.860,0.00,294.23,0.00,1.51,0.00,1.00,1.00,127.35,2.75,11.95,68.47,63.69,-3.56,40.12,-0.22,0.08,17.00,7000.00,-38.00,0.00,7.00
445960.00,2019-06-30 17:49:49.960,0.00,294.23,0.00,1.51,0.00,1.00,1.00,127.35,2.75,12.05,68.47,63.69,-3.55,40.12,-0.22,0.07,17.00,7000.00,-38.00,0.00,7.00
446060.00,2019-06-30 17:49:50.060,0.00,294.23,0.00,1.51,0.00,1.00,1.00,127.35,2.75,12.07,68.47,63.71,-3.55,40.12,-0.22,0.08,17.00,7000.00,-38.00,0.00,7.00
446160.00,2019-06-30 17:49:50.160,0.00,294.23,0.00,1.51,0.00,1.00,1.00,127.35,2.75,11.93,68.53,63.71,-3.55,40.13,-0.20,0.08,17.00,7000.00,-38.00,0.00,7.00
446260.00,2019-06-30 17:49:50.260,0.00,294.23,0.00,1.51,0.00,1.00,1.00,127.35,2.75,12.05,68.53,63.61,-3.53,40.13,-0.22,0.08,17.00,7000.00,-38.00,0.00,7.00
446360.00,2019-06-30 17:49:50.360,0.00,294.23,0.00,1.51,0.00,1.00,1.00,127.35,2.75,12.08,68.55,63.61,-3.53,40.13,-0.22,0.08,17.00,7000.00,-38.00,0.00,7.00
446460.00,2019-06-30 17:49:50.460,0.00,294.23,0.00,1.51,0.00,1.00,1.00,127.35,2.75,11.91,68.55,63.61,-3.53,40.13,-0.22,0.09,17.00,7000.00,-38.00,0.00,7.00
446560.00,2019-06-30 17:49:50.560,0.00,294.23,0.00,1.51,0.00,1.00,1.00,127.35,2.75,12.07,68.55,63.65,-3.49,40.15,-0.22,0.08,17.00,7000.00,-38.00,0.00,7.00
446660.00,2019-06-30 17:49:50.660,0.00,294.23,0.00,1.51,0.00,1.00,1.00,127.35,2.75,12.06,68.54,63.65,-3.49,40.15,-0.21,0.08,17.00,7000.00,-38.00,0.00,7.00
446760.00,2019-06-30 17:49:50.760,0.00,294.23,0.00,1.51,0.00,1.00,1.00,127.35,2.75,11.93,68.54,63.65,-3.44,40.15,-0.23,0.08,17.00,7000.00,-38.00,0.00,7.00
446860.00,2019-06-30 17:49:50.860,0.00,294.23,0.00,1.51,0.00,1.00,1.00,127.35,2.75,12.08,68.48,63.65,-3.44,40.15,-0.20,0.08,17.00,7000.00,-38.00,0.00,7.00
446960.00,2019-06-30 17:49:50.960,0.00,294.23,0.00,1.51,0.00,1.00,1.00,127.35,2.75,12.05,68.48,63.65,-3.44,40.14,-0.24,0.07,17.00,7000.00,-38.00,0.00,7.00
447060.00,2019-06-30 17:49:51.060,0.00,294.23,0.00,1.51,0.00,1.00,1.00,127.35,2.75,11.94,68.48,63.61,-3.30,40.14,-0.22,0.08,17.00,7000.00,-38.00,0.00,7.00
447160.00,2019-06-30 17:49:51.160,0.00,294.23,0.00,1.51,0.00,1.00,1.00,127.35,2.75,12.08,68.47,63.61,-3.30,40.14,-0.20,0.09,17.00,7000.00,-38.00,0.00,7.00
447260.00,2019-06-30 17:49:51.260,0.00,294.23,0.00,1.51,0.00,1.00,1.00,127.35,2.75,11.94,68.47,63.52,-3.36,40.14,-0.22,0.08,17.00,7000.00,-38.00,0.00,7.00
447360.00,2019-06-30 17:49:51.360,0.00,294.23,0.00,1.51,0.00,1.00,1.00,127.35,2.75,12.07,68.47,63.52,-3.36,40.07,-0.21,0.08,17.00,7000.00,-38.00,0.00,7.00
447460.00,2019-06-30 17:49:51.460,0.00,294.23,0.00,1.51,0.00,1.00,1.00,127.35,2.75,12.05,68.55,63.52,-3.36,40.07,-0.24,0.08,17.00,7000.00,-38.00,0.00,7.00
447560.00,2019-06-30 17:49:51.560,0.00,294.23,0.00,1.51,0.00,1.00,1.00,127.35,2.75,11.95,68.55,63.61,-3.43,40.07,-0.20,0.08,17.00,7000.00,-38.00,0.00,7.00
447660.00,2019-06-30 17:49:51.660,0.00,294.23,0.00,1.51,0.00,1.00,1.00,127.35,2.75,12.05,68.53,63.61,-3.43,40.07,-0.22,0.08,17.00,7000.00,-38.00,0.00,7.00
447760.00,2019-06-30 17:49:51.760,0.00,294.23,0.00,1.51,0.00,1.00,1.00,127.35,2.75,12.07,68.53,63.65,-3.43,40.12,-0.23,0.08,17.00,7000.00,-38.00,0.00,7.00
447860.00,2019-06-30 17:49:51.860,0.00,294.23,0.00,1.51,0.00,1.00,1.00,127.35,2.75,11.93,68.53,63.65,-3.27,40.12,-0.21,0.08,17.00,7000.00,-38.00,0.00,7.00
447960.00,2019-06-30 17:49:51.960,0.00,294.23,0.00,1.51,0.00,1.00,1.00,127.35,2.75,12.06,68.55,63.65,-3.27,40.12,-0.22,0.08,17.00,7000.00,-38.00,0.00,7.00
448060.00,2019-06-30 17:49:52.060,0.00,294.23,0.00,1.51,0.00,1.00,1.00,127.35,2.75,12.08,68.55,63.61,-3.30,40.12,-0.19,0.08,17.00,7000.00,-38.00,0.00,7.00
448160.00,2019-06-30 17:49:52.160,0.00,294.23,0.00,1.51,0.00,1.00,1.00,127.35,2.75,11.91,68.51,63.61,-3.30,40.14,-0.24,0.08,17.00,7000.00,-38.00,0.00,7.00
448260.00,2019-06-30 17:49:52.260,0.00,294.23,0.00,1.51,0.00,1.00,1.00,127.35,2.75,12.08,68.51,63.55,-3.30,40.14,-0.22,0.09,17.00,7000.00,-38.00,0.00,7.00
448360.00,2019-06-30 17:49:52.360,0.00,294.23,0.00,1.51,0.00,1.00,1.00,127.35,2.75,12.06,68.51,63.55,-3.24,40.14,-0.22,0.08,17.00,7000.00,-38.00,0.00,7.00
448460.00,2019-06-30 17:49:52.460,0.00,294.23,0.00,1.51,0.00,1.00,1.00,127.35,2.75,11.93,68.53,63.55,-3.24,40.14,-0.23,0.08,17.00,7000.00,-38.00,0.00,7.00
448560.00,2019-06-30 17:49:52.560,0.00,294.23,0.00,1.51,0.00,1.00,1.00,127.35,2.75,12.07,68.53,63.63,-3.29,40.15,-0.21,0.08,17.00,7000.00,-38.00,0.00,7.00
448660.00,2019-06-30 17:49:52.660,0.00,294.23,0.00,1.51,0.00,1.00,1.00,127.35,2.75,12.05,68.53,63.63,-3.29,40.15,-0.23,0.07,17.00,7000.00,-38.00,0.00,7.00
448763.00,2019-06-30 17:49:52.763,0.00,294.23,0.00,1.51,0.00,1.00,1.00,127.35,2.75,12.07,68.53,63.59,-3.29,40.15,-0.22,0.08,17.00,7000.00,-38.00,0.00,7.00
448863.00,2019-06-30 17:49:52.863,0.00,294.23,0.00,1.51,0.00,1.00,1.00,127.35,2.75,12.05,68.53,63.59,-3.16,40.15,-0.21,0.08,17.00,7000.00,-38.00,0.00,7.00
448963.00,2019-06-30 17:49:52.963,0.00,294.23,0.00,1.51,0.00,1.00,1.00,127.35,2.75,11.95,68.59,63.59,-3.16,40.23,-0.22,0.07,17.00,7000.00,-38.00,0.00,7.00
449063.00,2019-06-30 17:49:53.063,0.00,294.23,0.00,1.51,0.00,1.00,1.00,127.35,2.75,12.06,68.59,63.56,-3.16,40.23,-0.22,0.08,17.00,7000.00,-38.00,0.00,7.00
449163.00,2019-06-30 17:49:53.163,0.00,294.23,0.00,1.51,0.00,1.00,1.00,127.35,2.75,12.06,68.59,63.56,-3.16,40.23,-0.23,0.08,17.00,7000.00,-38.00,0.00,7.00
449263.00,2019-06-30 17:49:53.263,0.00,294.23,0.00,1.51,0.00,1.00,1.00,127.35,2.75,11.95,68.60,63.59,-3.16,40.23,-0.19,0.08,17.00,7000.00,-38.00,0.00,7.00
449363.00,2019-06-30 17:49:53.363,0.00,294.23,0.00,1.51,0.00,1.00,1.00,127.35,2.75,12.08,68.60,63.59,-3.20,40.14,-0.24,0.08,17.00,7000.00,-38.00,0.00,7.00
449463.00,2019-06-30 17:49:53.463,0.00,294.23,0.00,1.51,0.00,1.00,1.00,127.35,2.75,11.91,68.58,63.59,-3.20,40.14,-0.23,0.08,17.00,7000.00,-38.00,0.00,7.00
449563.00,2019-06-30 17:49:53.563,0.00,294.23,0.00,1.51,0.00,1.00,1.00,127.35,2.75,11.92,68.58,63.60,-3.20,40.14,-0.21,0.08,17.00,7000.00,-38.00,0.00,7.00
449663.00,2019-06-30 17:49:53.663,0.00,294.23,0.00,1.51,0.00,1.00,1.00,127.35,2.75,12.07,68.58,63.60,-3.10,40.14,-0.22,0.08,17.00,7000.00,-38.00,0.00,7.00
449763.00,2019-06-30 17:49:53.763,0.00,294.23,0.00,1.51,0.00,1.00,1.00,127.35,2.75,12.07,68.64,63.63,-3.10,40.07,-0.20,0.08,17.00,7000.00,-38.00,0.00,7.00
449863.00,2019-06-30 17:49:53.863,0.00,294.23,0.00,1.51,0.00,1.00,1.00,127.35,2.75,12.08,68.64,63.63,-3.09,40.07,-0.23,0.08,17.00,7000.00,-38.00,0.00,7.00
449963.00,2019-06-30 17:49:53.963,0.00,294.23,0.00,1.51,0.00,1.00,1.00,127.35,2.75,12.08,68.55,63.63,-3.09,40.07,-0.22,0.08,17.00,7000.00,-38.00,0.00,7.00
450063.00,2019-06-30 17:49:54.063,0.00,294.23,0.00,1.51,0.00,1.00,1.00,127.35,2.75,12.05,68.55,63.55,-3.09,40.07,-0.22,0.08,17.00,7000.00,-38.00,0.00,7.00
450163.00,2019-06-30 17:49:54.163,0.00,294.23,0.00,1.51,0.00,1.00,1.00,127.35,2.75,11.94,68.55,63.55,-3.09,40.08,-0.22,0.08,17.00,7000.00,-38.00,0.00,7.00
450263.00,2019-06-30 17:49:54.263,0.00,294.23,0.00,1.51,0.00,1.00,1.00,127.35,2.75,12.07,68.60,63.49,-3.09,40.08,-0.21,0.08,17.00,7000.00,-38.00,0.00,7.00
450363.00,2019-06-30 17:49:54.363,0.00,294.23,0.00,1.51,0.00,1.00,1.00,127.35,2.75,11.92,68.60,63.49,-3.09,40.08,-0.22,0.08,17.00,7000.00,-38.00,0.00,7.00
450463.00,2019-06-30 17:49:54.463,0.00,294.23,0.00,1.51,0.00,1.00,1.00,127.35,2.75,12.07,68.53,63.49,-3.06,40.08,-0.19,0.08,17.00,7000.00,-38.00,0.00,7.00
450563.00,2019-06-30 17:49:54.563,0.00,294.23,0.00,1.51,0.00,1.00,1.00,127.35,2.75,12.06,68.53,63.59,-3.06,40.12,-0.24,0.08,17.00,7000.00,-38.00,0.00,7.00
450663.00,2019-06-30 17:49:54.663,0.00,294.23,0.00,1.51,0.00,1.00,1.00,127.35,2.75,11.93,68.53,63.59,-3.12,40.12,-0.24,0.07,17.00,7000.00,-38.00,0.00,7.00
450763.00,2019-06-30 17:49:54.763,0.00,294.23,0.00,1.51,0.00,1.00,1.00,127.35,2.75,12.08,68.58,63.48,-3.12,40.12,-0.22,0.08,17.00,7000.00,-38.00,0.00,7.00
450863.00,2019-06-30 17:49:54.863,0.00,294.23,0.00,1.51,0.00,1.00,1.00,127.35,2.75,12.04,68.58,63.48,-3.12,40.12,-0.22,0.08,17.00,7000.00,-38.00,0.00,7.00
450963.00,2019-06-30 17:49:54.963,0.00,294.23,0.00,1.51,0.00,1.00,1.00,127.35,2.75,11.94,68.58,63.48,-2.92,40.10,-0.20,0.08,17.00,7000.00,-38.00,0.00,7.00
451063.00,2019-06-30 17:49:55.063,0.00,294.23,0.00,1.51,0.00,1.00,1.00,127.35,2.75,12.06,68.62,63.53,-2.92,40.10,-0.23,0.07,17.00,7000.00,-38.00,0.00,7.00
451163.00,2019-06-30 17:49:55.163,0.00,294.23,0.00,1.51,0.00,1.00,1.00,127.35,2.75,12.07,68.62,63.53,-2.99,40.10,-0.21,0.08,17.00,7000.00,-38.00,0.00,7.00
451263.00,2019-06-30 17:49:55.263,0.00,294.23,0.00,1.51,0.00,1.00,1.00,127.35,2.75,11.94,68.54,63.56,-2.99,40.10,-0.21,0.08,17.00,7000.00,-38.00,0.00,7.00
451363.00,2019-06-30 17:49:55.363,0.00,294.23,0.00,1.51,0.00,1.00,1.00,127.35,2.75,12.05,68.54,63.56,-2.99,40.10,-0.22,0.08,17.00,7000.00,-38.00,0.00,7.00
451463.00,2019-06-30 17:49:55.463,0.00,294.23,0.00,1.51,0.00,1.00,1.00,127.35,2.75,12.08,68.54,63.56,-2.96,40.10,-0.20,0.08,17.00,7000.00,-38.00,0.00,7.00
451563.00,2019-06-30 17:49:55.563,0.00,294.23,0.00,1.51,0.00,1.00,1.00,127.35,2.75,11.92,68.49,63.63,-2.96,40.10,-0.22,0.09,17.00,7000.00,-38.00,0.00,7.00
451663.00,2019-06-30 17:49:55.663,0.00,294.23,0.00,1.51,0.00,1.00,1.00,127.35,2.75,12.05,68.49,63.63,-2.96,40.10,-0.20,0.08,17.00,7000.00,-38.00,0.00,7.00
451763.00,2019-06-30 17:49:55.763,0.00,294.23,0.00,1.51,0.00,1.00,1.00,127.35,2.75,11.95,68.55,63.56,-2.88,40.15,-0.23,0.08,17.00,7000.00,-38.00,0.00,7.00
451863.00,2019-06-30 17:49:55.863,0.00,294.23,0.00,1.51,0.00,1.00,1.00,127.35,2.75,11.94,68.55,63.56,-2.88,40.15,-0.22,0.08,17.00,7000.00,-38.00,0.00,7.00
451963.00,2019-06-30 17:49:55.963,0.00,294.23,0.00,1.51,0.00,1.00,1.00,127.35,2.75,12.07,68.55,63.56,-2.88,40.15,-0.22,0.08,17.00,7000.00,-38.00,0.00,7.00
452063.00,2019-06-30 17:49:56.063,0.00,294.23,0.00,1.51,0.00,1.00,1.00,127.35,2.75,11.91,68.57,63.53,-2.88,40.15,-0.22,0.08,17.00,7000.00,-38.00,0.00,7.00
452163.00,2019-06-30 17:49:56.163,0.00,294.23,0.00,1.51,0.00,1.00,1.00,127.35,2.75,12.08,68.57,63.53,-2.88,40.20,-0.20,0.08,17.00,7000.00,-38.00,0.00,7.00
452263.00,2019-06-30 17:49:56.263,0.00,294.23,0.00,1.51,0.00,1.00,1.00,127.35,2.75,12.06,68.62,63.51,-2.84,40.20,-0.22,0.08,17.00,7000.00,-38.00,0.00,7.00
452363.00,2019-06-30 17:49:56.363,0.00,294.23,0.00,1.51,0.00,1.00,1.00,127.35,2.75,12.04,68.62,63.51,-2.84,40.20,-0.22,0.08,17.00,7000.00,-38.00,0.00,7.00
452463.00,2019-06-30 17:49:56.463,0.00,294.23,0.00,1.51,0.00,1.00,1.00,127.35,2.75,12.05,68.62,63.51,-2.84,40.20,-0.20,0.08,17.00,7000.00,-38.00,0.00,7.00
452563.00,2019-06-30 17:49:56.563,0.00,294.23,0.00,1.51,0.00,1.00,1.00,127.35,2.75,12.07,68.57,63.52,-2.84,40.23,-0.21,0.08,17.00,7000.00,-38.00,0.00,7.00
452663.00,2019-06-30 17:49:56.663,0.00,294.23,0.00,1.51,0.00,1.00,1.00,127.35,2.75,11.93,68.57,63.52,-2.84,40.23,-0.22,0.08,17.00,7000.00,-38.00,0.00,7.00
452763.00,2019-06-30 17:49:56.763,0.00,294.23,0.00,1.51,0.00,1.00,1.00,127.35,2.75,12.05,68.57,63.56,-2.76,40.23,-0.21,0.08,17.00,7000.00,-38.00,0.00,7.00
452863.00,2019-06-30 17:49:56.863,0.00,294.23,0.00,1.51,0.00,1.00,1.00,127.35,2.75,11.94,68.57,63.56,-2.76,40.23,-0.20,0.07,17.00,7000.00,-38.00,0.00,7.00
452963.00,2019-06-30 17:49:56.963,0.00,294.23,0.00,1.51,0.00,1.00,1.00,127.35,2.75,12.06,68.57,63.56,-2.76,40.10,-0.24,0.08,17.00,7000.00,-38.00,0.00,7.00
453063.00,2019-06-30 17:49:57.063,0.00,294.23,0.00,1.51,0.00,1.00,1.00,127.35,2.75,12.06,68.63,63.52,-2.76,40.10,-0.22,0.08,17.00,7000.00,-38.00,0.00,7.00
453163.00,2019-06-30 17:49:57.163,0.00,294.23,0.00,1.51,0.00,1.00,1.00,127.35,2.75,11.95,68.63,63.52,-2.76,40.10,-0.22,0.08,17.00,7000.00,-38.00,0.00,7.00
453263.00,2019-06-30 17:49:57.263,0.00,294.23,0.00,1.51,0.00,1.00,1.00,127.35,2.75,12.05,68.63,63.56,-2.70,40.10,-0.22,0.08,17.00,7000.00,-38.00,0.00,7.00
453363.00,2019-06-30 17:49:57.363,0.00,294.23,0.00,1.51,0.00,1.00,1.00,127.35,2.75,12.08,68.59,63.56,-2.70,40.17,-0.21,0.08,17.00,7000.00,-38.00,0.00,7.00
453463.00,2019-06-30 17:49:57.463,0.00,294.23,0.00,1.51,0.00,1.00,1.00,127.35,2.75,11.93,68.59,63.56,-2.70,40.17,-0.23,0.08,17.00,7000.00,-38.00,0.00,7.00
453563.00,2019-06-30 17:49:57.563,0.00,294.23,0.00,1.51,0.00,1.00,1.00,127.35,2.75,12.07,68.60,63.53,-2.66,40.17,-0.21,0.08,17.00,7000.00,-38.00,0.00,7.00
453663.00,2019-06-30 17:49:57.663,0.00,294.23,0.00,1.51,0.00,1.00,1.00,127.35,2.75,12.08,68.60,63.53,-2.66,40.17,-0.22,0.08,17.00,7000.00,-38.00,0.00,7.00
453763.00,2019-06-30 17:49:57.763,0.00,294.23,0.00,1.51,0.00,1.00,1.00,127.35,2.75,11.92,68.60,63.45,-2.65,40.12,-0.22,0.08,17.00,7000.00,-38.00,0.00,7.00
453863.00,2019-06-30 17:49:57.863,0.00,294.23,0.00,1.51,0.00,1.00,1.00,127.35,2.75,12.08,68.62,63.45,-2.65,40.12,-0.21,0.07,17.00,7000.00,-38.00,0.00,7.00
453963.00,2019-06-30 17:49:57.963,0.00,294.23,0.00,1.51,0.00,1.00,1.00,127.35,2.75,12.06,68.62,63.45,-2.65,40.12,-0.22,0.08,17.00,7000.00,-38.00,0.00,7.00
454063.00,2019-06-30 17:49:58.063,0.00,294.23,0.00,1.51,0.00,1.00,1.00,127.35,2.75,11.95,68.67,63.48,-2.56,40.12,-0.19,0.08,17.00,7000.00,-38.00,0.00,7.00
454163.00,2019-06-30 17:49:58.163,0.00,294.23,0.00,1.51,0.00,1.00,1.00,127.35,2.75,12.04,68.67,63.48,-2.56,40.17,-0.23,0.08,17.00,7000.00,-38.00,0.00,7.00
454263.00,2019-06-30 17:49:58.263,0.00,294.23,0.00,1.51,0.00,1.00,1.00,127.35,2.75,12.08,68.67,63.49,-2.56,40.17,-0.22,0.08,17.00,7000.00,-38.00,0.00,7.00
454363.00,2019-06-30 17:49:58.363,0.00,294.23,0.00,1.51,0.00,1.00,1.00,127.35,2.75,12.08,68.58,63.49,-2.66,40.17,-0.23,0.08,17.00,7000.00,-38.00,0.00,7.00
454463.00,2019-06-30 17:49:58.463,0.00,294.23,0.00,1.51,0.00,1.00,1.00,127.35,2.75,12.04,68.58,63.49,-2.66,40.17,-0.22,0.08,17.00,7000.00,-38.00,0.00,7.00
454563.00,2019-06-30 17:49:58.563,0.00,294.23,0.00,1.51,0.00,1.00,1.00,127.35,2.75,11.95,68.58,63.46,-2.55,40.13,-0.22,0.08,17.00,7000.00,-38.00,0.00,7.00
454663.00,2019-06-30 17:49:58.663,0.00,294.23,0.00,1.51,0.00,1.00,1.00,127.35,2.75,12.06,68.58,63.46,-2.55,40.13,-0.23,0.08,17.00,7000.00,-38.00,0.00,7.00
454763.00,2019-06-30 17:49:58.763,0.00,294.23,0.00,1.51,0.00,1.00,1.00,127.35,2.75,12.07,68.58,63.55,-2.55,40.13,-0.22,0.08,17.00,7000.00,-38.00,0.00,7.00
454863.00,2019-06-30 17:49:58.863,0.00,294.23,0.00,1.51,0.00,1.00,1.00,127.35,2.75,11.94,68.60,63.55,-2.59,40.13,-0.22,0.08,17.00,7000.00,-38.00,0.00,7.00
454963.00,2019-06-30 17:49:58.963,0.00,294.23,0.00,1.51,0.00,1.00,1.00,127.35,2.75,12.05,68.60,63.55,-2.59,40.14,-0.22,0.08,17.00,7000.00,-38.00,0.00,7.00
455063.00,2019-06-30 17:49:59.063,0.00,294.23,0.00,1.51,0.00,1.00,1.00,127.35,2.75,12.08,68.60,63.58,-2.60,40.14,-0.21,0.08,17.00,7000.00,-38.00,0.00,7.00
455163.00,2019-06-30 17:49:59.163,0.00,294.23,0.00,1.51,0.00,1.00,1.00,127.35,2.75,11.92,68.63,63.58,-2.60,40.14,-0.22,0.08,17.00,7000.00,-38.00,0.00,7.00
455263.00,2019-06-30 17:49:59.263,0.00,294.23,0.00,1.51,0.00,1.00,1.00,127.35,2.75,12.07,68.63,63.52,-2.60,40.14,-0.20,0.08,17.00,7000.00,-38.00,0.00,7.00
455363.00,2019-06-30 17:49:59.363,0.00,294.23,0.00,1.51,0.00,1.00,1.00,127.35,2.75,12.06,68.55,63.52,-2.51,40.16,-0.24,0.08,17.00,7000.00,-38.00,0.00,7.00
455463.00,2019-06-30 17:49:59.463,0.00,294.23,0.00,1.51,0.00,1.00,1.00,127.35,2.75,11.92,68.55,63.52,-2.51,40.16,-0.22,0.08,17.00,7000.00,-38.00,0.00,7.00
455563.00,2019-06-30 17:49:59.563,0.00,294.23,0.00,1.51,0.00,1.00,1.00,127.35,2.75,12.08,68.55,63.45,-2.51,40.16,-0.22,0.08,17.00,7000.00,-38.00,0.00,7.00
455663.00,2019-06-30 17:49:59.663,0.00,294.23,0.00,1.51,0.00,1.00,1.00,127.35,2.75,12.04,68.64,63.45,-2.59,40.16,-0.22,0.08,17.00,7000.00,-38.00,0.00,7.00
455763.00,2019-06-30 17:49:59.763,0.00,294.23,0.00,1.51,0.00,1.00,1.00,127.35,2.75,11.95,68.64,63.41,-2.59,40.16,-0.23,0.08,17.00,7000.00,-38.00,0.00,7.00
455863.00,2019-06-30 17:49:59.863,0.00,294.23,0.00,1.51,0.00,1.00,1.00,127.35,2.75,12.06,68.66,63.41,-2.46,40.16,-0.23,0.08,17.00,7000.00,-38.00,0.00,7.00
455963.00,2019-06-30 17:49:59.963,0.00,294.23,0.00,1.51,0.00,1.00,1.00,127.35,2.75,12.06,68.66,63.41,-2.46,40.16,-0.21,0.08,17.00,7000.00,-38.00,0.00,7.00
456063.00,2019-06-30 17:50:00.063,0.00,294.23,0.00,1.51,0.00,1.00,1.00,127.35,2.75,11.94,68.66,63.38,-2.46,40.16,-0.21,0.08,17.00,7000.00,-38.00,0.00,7.00
456163.00,2019-06-30 17:50:00.163,0.00,294.23,0.00,1.51,0.00,1.00,1.00,127.35,2.75,12.05,68.54,63.38,-2.41,40.14,-0.22,0.08,17.00,7000.00,-38.00,0.00,7.00
456263.00,2019-06-30 17:50:00.263,0.00,294.23,0.00,1.51,0.00,1.00,1.00,127.35,2.75,12.08,68.54,63.41,-2.41,40.14,-0.21,0.08,17.00,7000.00,-38.00,0.00,7.00
456363.00,2019-06-30 17:50:00.363,0.00,294.23,0.00,1.51,0.00,1.00,1.00,127.35,2.75,11.92,68.54,63.41,-2.45,40.14,-0.23,0.09,17.00,7000.00,-38.00,0.00,7.00
456463.00,2019-06-30 17:50:00.463,0.00,294.23,0.00,1.51,0.00,1.00,1.00,127.35,2.75,12.07,68.63,63.41,-2.45,40.14,-0.19,0.08,17.00,7000.00,-38.00,0.00,7.00
456563.00,2019-06-30 17:50:00.563,0.00,294.23,0.00,1.51,0.00,1.00,1.00,127.35,2.75,12.07,68.63,63.48,-2.45,40.15,-0.25,0.08,17.00,7000.00,-38.00,0.00,7.00
456663.00,2019-06-30 17:50:00.663,0.00,294.23,0.00,1.51,0.00,1.00,1.00,127.35,2.75,11.93,68.62,63.48,-2.37,40.15,-0.22,0.08,17.00,7000.00,-38.00,0.00,7.00
456763.00,2019-06-30 17:50:00.763,0.00,294.23,0.00,1.51,0.00,1.00,1.00,127.35,2.75,12.08,68.62,63.42,-2.37,40.15,-0.22,0.08,17.00,7000.00,-38.00,0.00,7.00
456863.00,2019-06-30 17:50:00.863,0.00,294.23,0.00,1.51,0.00,1.00,1.00,127.35,2.75,12.07,68.62,63.42,-2.37,40.15,-0.23,0.08,17.00,7000.00,-38.00,0.00,7.00
456963.00,2019-06-30 17:50:00.963,0.00,294.23,0.00,1.51,0.00,1.00,1.00,127.35,2.75,11.94,68.60,63.42,-2.42,40.15,-0.23,0.08,17.00,7000.00,-38.00,0.00,7.00
457063.00,2019-06-30 17:50:01.063,0.00,294.23,0.00,1.51,0.00,1.00,1.00,127.35,2.75,12.08,68.60,63.37,-2.42,40.15,-0.24,0.08,17.00,7000.00,-38.00,0.00,7.00
457163.00,2019-06-30 17:50:01.163,0.00,294.23,0.00,1.51,0.00,1.00,1.00,127.35,2.75,12.08,68.54,63.37,-2.45,40.15,-0.22,0.08,17.00,7000.00,-38.00,0.00,7.00
457263.00,2019-06-30 17:50:01.263,0.00,294.23,0.00,1.51,0.00,1.00,1.00,127.35,2.75,12.08,68.54,63.37,-2.45,40.15,-0.22,0.08,17.00,7000.00,-38.00,0.00,7.00
457363.00,2019-06-30 17:50:01.363,0.00,294.23,0.00,1.51,0.00,1.00,1.00,127.35,2.75,12.07,68.54,63.37,-2.45,40.16,-0.22,0.08,17.00,7000.00,-38.00,0.00,7.00
457463.00,2019-06-30 17:50:01.463,0.00,294.23,0.00,1.51,0.00,1.00,1.00,127.35,2.75,11.93,68.62,63.37,-2.37,40.16,-0.21,0.08,17.00,7000.00,-38.00,0.00,7.00
457563.00,2019-06-30 17:50:01.563,0.00,294.23,0.00,1.51,0.00,1.00,1.00,127.35,2.75,12.05,68.62,63.41,-2.37,40.16,-0.23,0.08,17.00,7000.00,-38.00,0.00,7.00
457663.00,2019-06-30 17:50:01.663,0.00,294.23,0.00,1.51,0.00,1.00,1.00,127.35,2.75,12.07,68.62,63.41,-2.33,40.16,-0.21,0.08,17.00,7000.00,-38.00,0.00,7.00
457763.00,2019-06-30 17:50:01.763,0.00,294.23,0.00,1.51,0.00,1.00,1.00,127.35,2.75,11.93,68.62,63.41,-2.33,40.21,-0.24,0.08,17.00,7000.00,-38.00,0.00,7.00
457863.00,2019-06-30 17:50:01.863,0.00,294.23,0.00,1.51,0.00,1.00,1.00,127.35,2.75,12.08,68.62,63.41,-2.33,40.21,-0.22,0.08,17.00,7000.00,-38.00,0.00,7.00
457963.00,2019-06-30 17:50:01.963,0.00,294.23,0.00,1.51,0.00,1.00,1.00,127.35,2.75,12.06,68.71,63.41,-2.21,40.21,-0.22,0.08,17.00,7000.00,-38.00,0.00,7.00
458063.00,2019-06-30 17:50:02.063,0.00,294.23,0.00,1.51,0.00,1.00,1.00,127.35,2.75,12.06,68.71,63.37,-2.21,40.21,-0.22,0.08,17.00,7000.00,-38.00,0.00,7.00
458163.00,2019-06-30 17:50:02.163,0.00,294.23,0.00,1.51,0.00,1.00,1.00,127.35,2.75,12.07,68.71,63.37,-2.21,40.15,-0.22,0.08,17.00,7000.00,-38.00,0.00,7.00
458263.00,2019-06-30 17:50:02.263,0.00,294.23,0.00,1.51,0.00,1.00,1.00,127.35,2.75,11.92,68.60,63.38,-2.23,40.15,-0.24,0.08,17.00,7000.00,-38.00,0.00,7.00
458363.00,2019-06-30 17:50:02.363,0.00,294.23,0.00,1.51,0.00,1.00,1.00,127.35,2.75,12.08,68.60,63.38,-2.23,40.15,-0.21,0.08,17.00,7000.00,-38.00,0.00,7.00
458463.00,2019-06-30 17:50:02.463,0.00,294.23,0.00,1.51,0.00,1.00,1.00,127.35,2.75,11.95,68.65,63.38,-2.27,40.15,-0.22,0.08,17.00,7000.00,-38.00,0.00,7.00
458563.00,2019-06-30 17:50:02.563,0.00,294.23,0.00,1.51,0.00,1.00,1.00,127.35,2.75,11.94,68.65,63.38,-2.27,40.12,-0.22,0.08,17.00,7000.00,-38.00,0.00,7.00
458663.00,2019-06-30 17:50:02.663,0.00,294.23,0.00,1.51,0.00,1.00,1.00,127.35,2.75,12.08,68.65,63.38,-2.27,40.12,-0.22,0.08,17.00,7000.00,-38.00,0.00,7.00
458763.00,2019-06-30 17:50:02.763,0.00,294.23,0.00,1.51,0.00,1.00,1.00,127.35,2.75,11.93,68.59,63.42,-2.13,40.12,-0.23,0.08,17.00,7000.00,-38.00,0.00,7.00
458863.00,2019-06-30 17:50:02.863,0.00,294.23,0.00,1.51,0.00,1.00,1.00,127.35,2.75,12.08,68.59,63.42,-2.13,40.12,-0.19,0.07,17.00,7000.00,-38.00,0.00,7.00
458963.00,2019-06-30 17:50:02.963,0.00,294.23,0.00,1.51,0.00,1.00,1.00,127.35,2.75,12.05,68.66,63.42,-2.23,40.21,-0.24,0.08,17.00,7000.00,-38.00,0.00,7.00
459063.00,2019-06-30 17:50:03.063,0.00,294.23,0.00,1.51,0.00,1.00,1.00,127.35,2.75,11.94,68.66,63.41,-2.23,40.21,-0.21,0.08,17.00,7000.00,-38.00,0.00,7.00
459163.00,2019-06-30 17:50:03.163,0.00,294.23,0.00,1.51,0.00,1.00,1.00,127.35,2.75,12.06,68.66,63.41,-2.23,40.21,-0.22,0.08,17.00,7000.00,-38.00,0.00,7.00
459263.00,2019-06-30 17:50:03.263,0.00,294.23,0.00,1.51,0.00,1.00,1.00,127.35,2.75,12.06,68.62,63.36,-2.08,40.21,-0.22,0.08,17.00,7000.00,-38.00,0.00,7.00
459363.00,2019-06-30 17:50:03.363,0.00,294.23,0.00,1.51,0.00,1.00,1.00,127.35,2.75,11.94,68.62,63.36,-2.08,40.10,-0.21,0.08,17.00,7000.00,-38.00,0.00,7.00
459463.00,2019-06-30 17:50:03.463,0.00,294.23,0.00,1.51,0.00,1.00,1.00,127.35,2.75,12.05,68.62,63.36,-2.08,40.10,-0.23,0.08,17.00,7000.00,-38.00,0.00,7.00
459563.00,2019-06-30 17:50:03.563,0.00,294.23,0.00,1.51,0.00,1.00,1.00,127.35,2.75,11.93,68.58,63.32,-2.11,40.10,-0.22,0.08,17.00,7000.00,-38.00,0.00,7.00
459663.00,2019-06-30 17:50:03.663,0.00,294.23,0.00,1.51,0.00,1.00,1.00,127.35,2.75,12.05,68.58,63.32,-2.11,40.10,-0.22,0.08,17.00,7000.00,-38.00,0.00,7.00
459763.00,2019-06-30 17:50:03.763,0.00,294.23,0.00,1.51,0.00,1.00,1.00,127.35,2.75,12.07,68.58,63.36,-2.11,40.14,-0.22,0.08,17.00,7000.00,-38.00,0.00,7.00
459863.00,2019-06-30 17:50:03.863,0.00,294.23,0.00,1.51,0.00,1.00,1.00,127.35,2.75,11.93,68.58,63.36,-2.11,40.14,-0.20,0.08,17.00,7000.00,-38.00,0.00,7.00
459963.00,2019-06-30 17:50:03.963,0.00,294.23,0.00,1.51,0.00,1.00,1.00,127.35,2.75,12.08,68.58,63.36,-2.11,40.14,-0.22,0.09,17.00,7000.00,-38.00,0.00,7.00
460063.00,2019-06-30 17:50:04.063,0.00,294.23,0.00,1.51,0.00,1.00,1.00,127.35,2.75,12.08,68.63,63.37,-2.05,40.14,-0.19,0.08,17.00,7000.00,-38.00,0.00,7.00
460163.00,2019-06-30 17:50:04.163,0.00,294.23,0.00,1.51,0.00,1.00,1.00,127.35,2.75,11.91,68.63,63.37,-2.05,40.16,-0.24,0.08,17.00,7000.00,-38.00,0.00,7.00
460263.00,2019-06-30 17:50:04.263,0.00,294.23,0.00,1.51,0.00,1.00,1.00,127.35,2.75,12.07,68.63,63.39,-1.99,40.16,-0.23,0.08,17.00,7000.00,-38.00,0.00,7.00
460363.00,2019-06-30 17:50:04.363,0.00,294.23,0.00,1.51,0.00,1.00,1.00,127.35,2.75,11.94,68.63,63.39,-1.99,40.16,-0.21,0.07,17.00,7000.00,-38.00,0.00,7.00
460463.00,2019-06-30 17:50:04.463,0.00,294.23,0.00,1.51,0.00,1.00,1.00,127.35,2.75,12.05,68.63,63.39,-1.99,40.16,-0.23,0.08,17.00,7000.00,-38.00,0.00,7.00
460563.00,2019-06-30 17:50:04.563,0.00,294.23,0.00,1.51,0.00,1.00,1.00,127.35,2.75,12.08,68.63,63.34,-1.99,40.17,-0.21,0.08,17.00,7000.00,-38.00,0.00,7.00
460663.00,2019-06-30 17:50:04.663,0.00,294.23,0.00,1.51,0.00,1.00,1.00,127.35,2.75,11.91,68.63,63.34,-1.99,40.17,-0.22,0.08,17.00,7000.00,-38.00,0.00,7.00
460763.00,2019-06-30 17:50:04.763,0.00,294.23,0.00,1.51,0.00,1.00,1.00,127.35,2.75,12.08,68.60,63.29,-1.99,40.17,-0.22,0.08,17.00,7000.00,-38.00,0.00,7.00
460863.00,2019-06-30 17:50:04.863,0.00,294.23,0.00,1.51,0.00,1.00,1.00,127.35,2.75,11.95,68.60,63.29,-2.02,40.17,-0.22,0.08,17.00,7000.00,-38.00,0.00,7.00
460963.00,2019-06-30 17:50:04.963,0.00,294.23,0.00,1.51,0.00,1.00,1.00,127.35,2.75,12.05,68.60,63.29,-2.02,40.13,-0.22,0.08,17.00,7000.00,-38.00,0.00,7.00
461063.00,2019-06-30 17:50:05.063,0.00,294.23,0.00,1.51,0.00,1.00,1.00,127.35,2.75,12.08,68.60,63.32,-1.99,40.13,-0.21,0.08,17.00,7000.00,-38.00,0.00,7.00
461163.00,2019-06-30 17:50:05.163,0.00,294.23,0.00,1.51,0.00,1.00,1.00,127.35,2.75,11.92,68.60,63.32,-1.99,40.13,-0.23,0.08,17.00,7000.00,-38.00,0.00,7.00
461263.00,2019-06-30 17:50:05.263,0.00,294.23,0.00,1.51,0.00,1.00,1.00,127.35,2.75,12.08,68.60,63.24,-1.99,40.13,-0.20,0.08,17.00,7000.00,-38.00,0.00,7.00
461363.00,2019-06-30 17:50:05.363,0.00,294.23,0.00,1.51,0.00,1.00,1.00,127.35,2.75,11.93,68.63,63.24,-1.91,40.20,-0.22,0.08,17.00,7000.00,-38.00,0.00,7.00
461463.00,2019-06-30 17:50:05.463,0.00,294.23,0.00,1.51,0.00,1.00,1.00,127.35,2.75,12.06,68.63,63.24,-1.91,40.20,-0.22,0.09,17.00,7000.00,-38.00,0.00,7.00
461563.00,2019-06-30 17:50:05.563,0.00,294.23,0.00,1.51,0.00,1.00,1.00,127.35,2.75,12.08,68.64,63.27,-1.91,40.20,-0.22,0.08,17.00,7000.00,-38.00,0.00,7.00
461663.00,2019-06-30 17:50:05.663,0.00,294.23,0.00,1.51,0.00,1.00,1.00,127.35,2.75,11.91,68.64,63.27,-1.91,40.20,-0.23,0.08,17.00,7000.00,-38.00,0.00,7.00
461763.00,2019-06-30 17:50:05.763,0.00,294.23,0.00,1.51,0.00,1.00,1.00,127.35,2.75,12.07,68.64,63.24,-1.91,40.15,-0.22,0.09,17.00,7000.00,-38.00,0.00,7.00
461863.00,2019-06-30 17:50:05.863,0.00,294.23,0.00,1.51,0.00,1.00,1.00,127.35,2.75,12.06,68.64,63.24,-1.99,40.15,-0.23,0.08,17.00,7000.00,-38.00,0.00,7.00
461963.00,2019-06-30 17:50:05.963,0.00,294.23,0.00,1.51,0.00,1.00,1.00,127.35,2.75,11.93,68.64,63.24,-1.99,40.15,-0.22,0.08,17.00,7000.00,-38.00,0.00,7.00
462063.00,2019-06-30 17:50:06.063,0.00,294.23,0.00,1.51,0.00,1.00,1.00,127.35,2.75,12.07,68.69,63.30,-1.99,40.15,-0.21,0.08,17.00,7000.00,-38.00,0.00,7.00
462163.00,2019-06-30 17:50:06.163,0.00,294.23,0.00,1.51,0.00,1.00,1.00,127.35,2.75,12.05,68.69,63.30,-1.89,40.14,-0.22,0.07,17.00,7000.00,-38.00,0.00,7.00
462263.00,2019-06-30 17:50:06.263,0.00,294.23,0.00,1.51,0.00,1.00,1.00,127.35,2.75,11.95,68.69,63.27,-1.89,40.14,-0.21,0.08,17.00,7000.00,-38.00,0.00,7.00
462363.00,2019-06-30 17:50:06.363,0.00,294.23,0.00,1.51,0.00,1.00,1.00,127.35,2.75,12.05,68.67,63.27,-1.89,40.14,-0.22,0.08,17.00,7000.00,-38.00,0.00,7.00
462463.00,2019-06-30 17:50:06.463,0.00,294.23,0.00,1.51,0.00,1.00,1.00,127.35,2.75,12.08,68.67,63.27,-1.89,40.14,-0.19,0.08,17.00,7000.00,-38.00,0.00,7.00
462563.00,2019-06-30 17:50:06.563,0.00,294.23,0.00,1.51,0.00,1.00,1.00,127.35,2.75,11.91,68.67,63.29,-1.89,40.23,-0.23,0.08,17.00,7000.00,-38.00,0.00,7.00
462663.00,2019-06-30 17:50:06.663,0.00,294.23,0.00,1.51,0.00,1.00,1.00,127.35,2.75,12.07,68.64,63.29,-1.87,40.23,-0.22,0.08,17.00,7000.00,-38.00,0.00,7.00
462763.00,2019-06-30 17:50:06.763,0.00,294.23,0.00,1.51,0.00,1.00,1.00,127.35,2.75,11.94,68.64,63.23,-1.87,40.23,-0.22,0.08,17.00,7000.00,-38.00,0.00,7.00
462863.00,2019-06-30 17:50:06.863,0.00,294.23,0.00,1.51,0.00,1.00,1.00,127.35,2.75,12.06,68.52,63.23,-1.77,40.23,-0.22,0.08,17.00,7000.00,-38.00,0.00,7.00
462963.00,2019-06-30 17:50:06.963,0.00,294.23,0.00,1.51,0.00,1.00,1.00,127.35,2.75,12.06,68.52,63.23,-1.77,40.16,-0.20,0.08,17.00,7000.00,-38.00,0.00,7.00
463063.00,2019-06-30 17:50:07.063,0.00,294.23,0.00,1.51,0.00,1.00,1.00,127.35,2.75,12.05,68.52,63.20,-1.77,40.16,-0.25,0.08,17.00,7000.00,-38.00,0.00,7.00
463163.00,2019-06-30 17:50:07.163,0.00,294.23,0.00,1.51,0.00,1.00,1.00,127.35,2.75,12.04,68.67,63.20,-1.70,40.16,-0.23,0.08,17.00,7000.00,-38.00,0.00,7.00
463263.00,2019-06-30 17:50:07.263,0.00,294.23,0.00,1.51,0.00,1.00,1.00,127.35,2.75,12.07,68.67,63.30,-1.70,40.16,-0.21,0.08,17.00,7000.00,-38.00,0.00,7.00
463363.00,2019-06-30 17:50:07.363,0.00,294.23,0.00,1.51,0.00,1.00,1.00,127.35,2.75,12.07,68.58,63.30,-1.70,40.19,-0.23,0.08,17.00,7000.00,-38.00,0.00,7.00
463463.00,2019-06-30 17:50:07.463,0.00,294.23,0.00,1.51,0.00,1.00,1.00,127.35,2.75,12.08,68.58,63.30,-1.77,40.19,-0.21,0.08,17.00,7000.00,-38.00,0.00,7.00
463563.00,2019-06-30 17:50:07.563,0.00,294.23,0.00,1.51,0.00,1.00,1.00,127.35,2.75,12.05,68.58,63.29,-1.77,40.19,-0.21,0.08,17.00,7000.00,-38.00,0.00,7.00
463663.00,2019-06-30 17:50:07.663,0.00,294.23,0.00,1.51,0.00,1.00,1.00,127.35,2.75,12.05,68.71,63.29,-1.66,40.19,-0.20,0.08,17.00,7000.00,-38.00,0.00,7.00
463763.00,2019-06-30 17:50:07.763,0.00,294.23,0.00,1.51,0.00,1.00,1.00,127.35,2.75,12.07,68.71,63.14,-1.66,40.14,-0.23,0.08,17.00,7000.00,-38.00,0.00,7.00
463863.00,2019-06-30 17:50:07.863,0.00,294.23,0.00,1.51,0.00,1.00,1.00,127.35,2.75,11.93,68.63,63.14,-1.66,40.14,-0.21,0.07,17.00,7000.00,-38.00,0.00,7.00
463963.00,2019-06-30 17:50:07.963,0.00,294.23,0.00,1.51,0.00,1.00,1.00,127.35,2.75,12.08,68.63,63.14,-1.72,40.14,-0.20,0.08,17.00,7000.00,-38.00,0.00,7.00
464063.00,2019-06-30 17:50:08.063,0.00,294.23,0.00,1.51,0.00,1.00,1.00,127.35,2.75,12.06,68.63,63.31,-1.72,40.14,-0.21,0.08,17.00,7000.00,-38.00,0.00,7.00
464163.00,2019-06-30 17:50:08.163,0.00,294.23,0.00,1.51,0.00,1.00,1.00,127.35,2.75,12.07,68.67,63.31,-1.70,40.15,-0.21,0.07,17.00,7000.00,-38.00,0.00,7.00
464263.00,2019-06-30 17:50:08.263,0.00,294.23,0.00,1.51,0.00,1.00,1.00,127.35,2.75,12.06,68.67,63.27,-1.70,40.15,-0.23,0.08,17.00,7000.00,-38.00,0.00,7.00
464363.00,2019-06-30 17:50:08.363,0.00,294.23,0.00,1.51,0.00,1.00,1.00,127.35,2.75,11.93,68.67,63.27,-1.70,40.15,-0.22,0.08,17.00,7000.00,-38.00,0.00,7.00
464463.00,2019-06-30 17:50:08.463,0.00,294.23,0.00,1.51,0.00,1.00,1.00,127.35,2.75,12.08,68.73,63.27,-1.78,40.15,-0.22,0.08,17.00,7000.00,-38.00,0.00,7.00
464563.00,2019-06-30 17:50:08.563,0.00,294.23,0.00,1.51,0.00,1.00,1.00,127.35,2.75,12.04,68.73,63.19,-1.78,40.16,-0.22,0.07,17.00,7000.00,-38.00,0.00,7.00
464663.00,2019-06-30 17:50:08.663,0.00,294.23,0.00,1.51,0.00,1.00,1.00,127.35,2.75,11.95,68.72,63.19,-1.78,40.16,-0.22,0.08,17.00,7000.00,-38.00,0.00,7.00
464763.00,2019-06-30 17:50:08.763,0.00,294.23,0.00,1.51,0.00,1.00,1.00,127.35,2.75,12.05,68.72,63.20,-1.64,40.16,-0.23,0.08,17.00,7000.00,-38.00,0.00,7.00
464863.00,2019-06-30 17:50:08.863,0.00,294.23,0.00,1.51,0.00,1.00,1.00,127.35,2.75,12.07,68.72,63.20,-1.64,40.16,-0.20,0.08,17.00,7000.00,-38.00,0.00,7.00
464963.00,2019-06-30 17:50:08.963,0.00,294.23,0.00,1.51,0.00,1.00,1.00,127.35,2.75,11.93,68.67,63.20,-1.62,40.23,-0.23,0.08,17.00,7000.00,-38.00,0.00,7.00
465063.00,2019-06-30 17:50:09.063,0.00,294.23,0.00,1.51,0.00,1.00,1.00,127.35,2.75,12.06,68.67,63.24,-1.62,40.23,-0.22,0.08,17.00,7000.00,-38.00,0.00,7.00
465163.00,2019-06-30 17:50:09.163,0.00,294.23,0.00,1.51,0.00,1.00,1.00,127.35,2.75,12.08,68.76,63.24,-1.62,40.23,-0.22,0.08,17.00,7000.00,-38.00,0.00,7.00
465263.00,2019-06-30 17:50:09.263,0.00,294.23,0.00,1.51,0.00,1.00,1.00,127.35,2.75,11.91,68.76,63.22,-1.56,40.23,-0.21,0.08,17.00,7000.00,-38.00,0.00,7.00
465363.00,2019-06-30 17:50:09.363,0.00,294.23,0.00,1.51,0.00,1.00,1.00,127.35,2.75,12.07,68.76,63.22,-1.56,40.15,-0.22,0.08,17.00,7000.00,-38.00,0.00,7.00
465463.00,2019-06-30 17:50:09.463,0.00,294.23,0.00,1.51,0.00,1.00,1.00,127.35,2.75,12.06,68.71,63.22,-1.50,40.15,-0.23,0.08,17.00,7000.00,-38.00,0.00,7.00
465563.00,2019-06-30 17:50:09.563,0.00,294.23,0.00,1.51,0.00,1.00,1.00,127.35,2.75,11.93,68.71,63.23,-1.50,40.15,-0.21,0.08,17.00,7000.00,-38.00,0.00,7.00
465663.00,2019-06-30 17:50:09.663,0.00,294.23,0.00,1.51,0.00,1.00,1.00,127.35,2.75,12.08,68.71,63.23,-1.50,40.15,-0.21,0.08,17.00,7000.00,-38.00,0.00,7.00
465763.00,2019-06-30 17:50:09.763,0.00,294.23,0.00,1.51,0.00,1.00,1.00,127.35,2.75,12.05,68.70,63.18,-1.52,40.14,-0.22,0.08,17.00,7000.00,-38.00,0.00,7.00
465863.00,2019-06-30 17:50:09.863,0.00,294.23,0.00,1.51,0.00,1.00,1.00,127.35,2.75,11.95,68.70,63.18,-1.52,40.14,-0.20,0.08,17.00,7000.00,-38.00,0.00,7.00
465963.00,2019-06-30 17:50:09.963,0.00,294.23,0.00,1.51,0.00,1.00,1.00,127.35,2.75,12.05,68.69,63.18,-1.52,40.14,-0.22,0.08,17.00,7000.00,-38.00,0.00,7.00
466063.00,2019-06-30 17:50:10.063,0.00,294.23,0.00,1.51,0.00,1.00,1.00,127.35,2.75,12.07,68.69,63.23,-1.52,40.14,-0.19,0.08,17.00,7000.00,-38.00,0.00,7.00
466163.00,2019-06-30 17:50:10.163,0.00,294.23,0.00,1.51,0.00,1.00,1.00,127.35,2.75,11.93,68.69,63.23,-1.52,40.23,-0.23,0.08,17.00,7000.00,-38.00,0.00,7.00
466263.00,2019-06-30 17:50:10.263,0.00,294.23,0.00,1.51,0.00,1.00,1.00,127.35,2.75,12.05,68.66,63.12,-1.48,40.23,-0.21,0.08,17.00,7000.00,-38.00,0.00,7.00
466363.00,2019-06-30 17:50:10.363,0.00,294.23,0.00,1.51,0.00,1.00,1.00,127.35,2.75,12.06,68.66,63.12,-1.48,40.23,-0.21,0.08,17.00,7000.00,-38.00,0.00,7.00
466463.00,2019-06-30 17:50:10.463,0.00,294.23,0.00,1.51,0.00,1.00,1.00,127.35,2.75,11.93,68.65,63.12,-1.48,40.23,-0.22,0.08,17.00,7000.00,-38.00,0.00,7.00
466563.00,2019-06-30 17:50:10.563,0.00,294.23,0.00,1.51,0.00,1.00,1.00,127.35,2.75,12.06,68.65,63.22,-1.37,40.14,-0.21,0.08,17.00,7000.00,-38.00,0.00,7.00
466663.00,2019-06-30 17:50:10.663,0.00,294.23,0.00,1.51,0.00,1.00,1.00,127.35,2.75,12.05,68.65,63.22,-1.37,40.14,-0.23,0.07,17.00,7000.00,-38.00,0.00,7.00
466763.00,2019-06-30 17:50:10.763,0.00,294.23,0.00,1.51,0.00,1.00,1.00,127.35,2.75,12.06,68.64,63.18,-1.43,40.14,-0.22,0.08,17.00,7000.00,-38.00,0.00,7.00
466863.00,2019-06-30 17:50:10.863,0.00,294.23,0.00,1.51,0.00,1.00,1.00,127.35,2.75,12.07,68.64,63.18,-1.43,40.14,-0.21,0.08,17.00,7000.00,-38.00,0.00,7.00
466963.00,2019-06-30 17:50:10.963,0.00,294.23,0.00,1.51,0.00,1.00,1.00,127.35,2.75,11.91,68.58,63.18,-1.43,40.17,-0.22,0.08,17.00,7000.00,-38.00,0.00,7.00
467063.00,2019-06-30 17:50:11.063,0.00,294.23,0.00,1.51,0.00,1.00,1.00,127.35,2.75,12.08,68.58,63.27,-1.34,40.17,-0.22,0.08,17.00,7000.00,-38.00,0.00,7.00
467163.00,2019-06-30 17:50:11.163,0.00,294.23,0.00,1.51,0.00,1.00,1.00,127.35,2.75,12.05,68.58,63.27,-1.34,40.17,-0.23,0.08,17.00,7000.00,-38.00,0.00,7.00
467263.00,2019-06-30 17:50:11.263,0.00,294.23,0.00,1.51,0.00,1.00,1.00,127.35,2.75,11.94,68.64,63.11,-1.34,40.17,-0.20,0.08,17.00,7000.00,-38.00,0.00,7.00
467363.00,2019-06-30 17:50:11.363,0.00,294.23,0.00,1.51,0.00,1.00,1.00,127.35,2.75,12.07,68.64,63.11,-1.38,40.23,-0.23,0.08,17.00,7000.00,-38.00,0.00,7.00
467463.00,2019-06-30 17:50:11.463,0.00,294.23,0.00,1.51,0.00,1.00,1.00,127.35,2.75,12.06,68.64,63.11,-1.38,40.23,-0.22,0.08,17.00,7000.00,-38.00,0.00,7.00
467563.00,2019-06-30 17:50:11.563,0.00,294.23,0.00,1.51,0.00,1.00,1.00,127.35,2.75,12.07,68.69,63.18,-1.26,40.23,-0.22,0.08,17.00,7000.00,-38.00,0.00,7.00
467663.00,2019-06-30 17:50:11.663,0.00,294.23,0.00,1.51,0.00,1.00,1.00,127.35,2.75,12.06,68.69,63.18,-1.26,40.23,-0.22,0.08,17.00,7000.00,-38.00,0.00,7.00
467763.00,2019-06-30 17:50:11.763,0.00,294.23,0.00,1.51,0.00,1.00,1.00,127.35,2.75,12.08,68.71,63.19,-1.26,40.26,-0.21,0.08,17.00,7000.00,-38.00,0.00,7.00
467863.00,2019-06-30 17:50:11.863,0.00,294.23,0.00,1.51,0.00,1.00,1.00,127.35,2.75,11.91,68.71,63.19,-1.26,40.26,-0.23,0.08,17.00,7000.00,-38.00,0.00,7.00
467963.00,2019-06-30 17:50:11.963,0.00,294.23,0.00,1.51,0.00,1.00,1.00,127.35,2.75,12.08,68.71,63.19,-1.26,40.26,-0.22,0.08,17.00,7000.00,-38.00,0.00,7.00
468063.00,2019-06-30 17:50:12.063,0.00,294.23,0.00,1.51,0.00,1.00,1.00,127.35,2.75,12.05,68.77,63.18,-1.26,40.26,-0.22,0.08,17.00,7000.00,-38.00,0.00,7.00
468163.00,2019-06-30 17:50:12.163,0.00,294.23,0.00,1.51,0.00,1.00,1.00,127.35,2.75,11.94,68.77,63.18,-1.26,40.20,-0.22,0.07,17.00,7000.00,-38.00,0.00,7.00
468263.00,2019-06-30 17:50:12.263,0.00,294.23,0.00,1.51,0.00,1.00,1.00,127.35,2.75,12.08,68.64,63.12,-1.26,40.20,-0.21,0.08,17.00,7000.00,-38.00,0.00,7.00
468363.00,2019-06-30 17:50:12.363,0.00,294.23,0.00,1.51,0.00,1.00,1.00,127.35,2.75,11.92,68.64,63.12,-1.23,40.20,-0.22,0.08,17.00,7000.00,-38.00,0.00,7.00
468463.00,2019-06-30 17:50:12.463,0.00,294.23,0.00,1.51,0.00,1.00,1.00,127.35,2.75,12.07,68.64,63.12,-1.23,40.20,-0.20,0.08,17.00,7000.00,-38.00,0.00,7.00
468563.00,2019-06-30 17:50:12.563,0.00,294.23,0.00,1.51,0.00,1.00,1.00,127.35,2.75,12.07,68.67,63.19,-1.23,40.20,-0.23,0.08,17.00,7000.00,-38.00,0.00,7.00
468663.00,2019-06-30 17:50:12.663,0.00,294.23,0.00,1.51,0.00,1.00,1.00,127.35,2.75,11.95,68.67,63.19,-1.22,40.20,-0.23,0.08,17.00,7000.00,-38.00,0.00,7.00
468764.00,2019-06-30 17:50:12.764,0.00,294.23,0.00,1.51,0.00,1.00,1.00,127.35,2.75,12.05,68.67,63.23,-1.22,40.20,-0.22,0.11,17.00,7000.00,-38.00,0.00,7.00
468864.00,2019-06-30 17:50:12.864,0.00,294.23,0.00,1.51,0.00,1.00,1.00,127.35,2.75,12.06,68.69,63.23,-1.13,40.20,-0.22,0.08,17.00,7000.00,-38.00,0.00,7.00
468964.00,2019-06-30 17:50:12.964,0.00,294.23,0.00,1.51,0.00,1.00,1.00,127.35,2.75,11.94,68.69,63.23,-1.13,40.21,-0.20,0.08,17.00,7000.00,-38.00,0.00,7.00
469064.00,2019-06-30 17:50:13.064,0.00,294.23,0.00,1.51,0.00,1.00,1.00,127.35,2.75,12.04,68.69,63.24,-1.13,40.21,-0.24,0.08,17.00,7000.00,-38.00,0.00,7.00
469164.00,2019-06-30 17:50:13.164,0.00,294.23,0.00,1.51,0.00,1.00,1.00,127.35,2.75,12.08,68.69,63.24,-1.06,40.21,-0.23,0.08,17.00,7000.00,-38.00,0.00,7.00
469264.00,2019-06-30 17:50:13.264,0.00,294.23,0.00,1.51,0.00,1.00,1.00,127.35,2.75,11.92,68.69,63.27,-1.06,40.21,-0.22,0.08,17.00,7000.00,-38.00,0.00,7.00
469364.00,2019-06-30 17:50:13.364,0.00,294.23,0.00,1.51,0.00,1.00,1.00,127.35,2.75,12.07,68.69,63.27,-1.13,40.23,-0.22,0.08,17.00,7000.00,-38.00,0.00,7.00
469464.00,2019-06-30 17:50:13.464,0.00,294.23,0.00,1.51,0.00,1.00,1.00,127.35,2.75,12.07,68.69,63.27,-1.13,40.23,-0.21,0.08,17.00,7000.00,-38.00,0.00,7.00
469564.00,2019-06-30 17:50:13.564,0.00,294.23,0.00,1.51,0.00,1.00,1.00,127.35,2.75,11.92,68.74,63.16,-1.13,40.23,-0.22,0.08,17.00,7000.00,-38.00,0.00,7.00
469664.00,2019-06-30 17:50:13.664,0.00,294.23,0.00,1.51,0.00,1.00,1.00,127.35,2.75,12.08,68.74,63.16,-1.08,40.23,-0.19,0.08,17.00,7000.00,-38.00,0.00,7.00
469764.00,2019-06-30 17:50:13.764,0.00,294.23,0.00,1.51,0.00,1.00,1.00,127.35,2.75,12.05,68.74,63.12,-1.08,40.16,-0.23,0.08,17.00,7000.00,-38.00,0.00,7.00
469864.00,2019-06-30 17:50:13.864,0.00,294.23,0.00,1.51,0.00,1.00,1.00,127.35,2.75,11.95,68.74,63.12,-1.08,40.16,-0.22,0.08,17.00,7000.00,-38.00,0.00,7.00
469964.00,2019-06-30 17:50:13.964,0.00,294.23,0.00,1.51,0.00,1.00,1.00,127.35,2.75,12.06,68.74,63.12,-1.09,40.16,-0.22,0.07,17.00,7000.00,-38.00,0.00,7.00
470064.00,2019-06-30 17:50:14.064,0.00,294.23,0.00,1.51,0.00,1.00,1.00,127.35,2.75,12.08,68.69,63.16,-1.09,40.16,-0.22,0.08,17.00,7000.00,-38.00,0.00,7.00
470164.00,2019-06-30 17:50:14.164,0.00,294.23,0.00,1.51,0.00,1.00,1.00,127.35,2.75,11.92,68.69,63.16,-1.11,40.20,-0.22,0.09,17.00,7000.00,-38.00,0.00,7.00
470264.00,2019-06-30 17:50:14.264,0.00,294.23,0.00,1.51,0.00,1.00,1.00,127.35,2.75,12.07,68.69,63.23,-1.11,40.20,-0.23,0.08,17.00,7000.00,-38.00,0.00,7.00
470364.00,2019-06-30 17:50:14.364,0.00,294.23,0.00,1.51,0.00,1.00,1.00,127.35,2.75,11.93,68.73,63.23,-1.11,40.20,-0.20,0.08,17.00,7000.00,-38.00,0.00,7.00
470464.00,2019-06-30 17:50:14.464,0.00,294.23,0.00,1.51,0.00,1.00,1.00,127.35,2.75,11.92,68.73,63.23,-1.06,40.20,-0.21,0.08,17.00,7000.00,-38.00,0.00,7.00
470564.00,2019-06-30 17:50:14.564,0.00,294.23,0.00,1.51,0.00,1.00,1.00,127.35,2.75,12.04,68.73,63.16,-1.06,40.21,-0.22,0.08,17.00,7000.00,-38.00,0.00,7.00
470664.00,2019-06-30 17:50:14.664,0.00,294.23,0.00,1.51,0.00,1.00,1.00,127.35,2.75,12.05,68.79,63.16,-1.08,40.21,-0.22,0.08,17.00,7000.00,-38.00,0.00,7.00
470764.00,2019-06-30 17:50:14.764,0.00,294.23,0.00,1.51,0.00,1.00,1.00,127.35,2.75,11.94,68.79,63.09,-1.08,40.21,-0.23,0.08,17.00,7000.00,-38.00,0.00,7.00
470864.00,2019-06-30 17:50:14.864,0.00,294.23,0.00,1.51,0.00,1.00,1.00,127.35,2.75,12.06,68.74,63.09,-1.08,40.21,-0.19,0.08,17.00,7000.00,-38.00,0.00,7.00
470964.00,2019-06-30 17:50:14.964,0.00,294.23,0.00,1.51,0.00,1.00,1.00,127.35,2.75,11.93,68.74,63.09,-1.02,40.13,-0.22,0.08,17.00,7000.00,-38.00,0.00,7.00
471064.00,2019-06-30 17:50:15.064,0.00,294.23,0.00,1.51,0.00,1.00,1.00,127.35,2.75,11.94,68.74,63.00,-1.02,40.13,-0.22,0.08,17.00,7000.00,-38.00,0.00,7.00
471164.00,2019-06-30 17:50:15.164,0.00,294.23,0.00,1.51,0.00,1.00,1.00,127.35,2.75,12.04,68.67,63.00,-1.02,40.13,-0.22,0.08,17.00,7000.00,-38.00,0.00,7.00
471264.00,2019-06-30 17:50:15.264,0.00,294.23,0.00,1.51,0.00,1.00,1.00,127.35,2.75,12.08,68.67,63.12,-0.92,40.13,-0.23,0.08,17.00,7000.00,-38.00,0.00,7.00
471364.00,2019-06-30 17:50:15.364,0.00,294.23,0.00,1.51,0.00,1.00,1.00,127.35,2.75,11.91,68.74,63.12,-0.92,40.20,-0.19,0.08,17.00,7000.00,-38.00,0.00,7.00
471464.00,2019-06-30 17:50:15.464,0.00,294.23,0.00,1.51,0.00,1.00,1.00,127.35,2.75,12.07,68.74,63.12,-0.98,40.20,-0.23,0.08,17.00,7000.00,-38.00,0.00,7.00
471564.00,2019-06-30 17:50:15.564,0.00,294.23,0.00,1.51,0.00,1.00,1.00,127.35,2.75,12.07,68.74,63.16,-0.98,40.20,-0.22,0.08,17.00,7000.00,-38.00,0.00,7.00
471664.00,2019-06-30 17:50:15.664,0.00,294.23,0.00,1.51,0.00,1.00,1.00,127.35,2.75,11.93,68.76,63.16,-0.98,40.20,-0.23,0.08,17.00,7000.00,-38.00,0.00,7.00
471764.00,2019-06-30 17:50:15.764,0.00,294.23,0.00,1.51,0.00,1.00,1.00,127.35,2.75,12.08,68.76,63.14,-0.87,40.16,-0.22,0.07,17.00,7000.00,-38.00,0.00,7.00
471864.00,2019-06-30 17:50:15.864,0.00,294.23,0.00,1.51,0.00,1.00,1.00,127.35,2.75,12.05,68.76,63.14,-0.87,40.16,-0.22,0.08,17.00,7000.00,-38.00,0.00,7.00
471964.00,2019-06-30 17:50:15.964,0.00,294.23,0.00,1.51,0.00,1.00,1.00,127.35,2.75,11.94,68.74,63.14,-0.87,40.16,-0.23,0.07,17.00,7000.00,-38.00,0.00,7.00
472064.00,2019-06-30 17:50:16.064,0.00,294.23,0.00,1.51,0.00,1.00,1.00,127.35,2.75,12.06,68.74,63.07,-0.87,40.16,-0.18,0.08,17.00,7000.00,-38.00,0.00,7.00
472164.00,2019-06-30 17:50:16.164,0.00,294.23,0.00,1.51,0.00,1.00,1.00,127.35,2.75,12.06,68.74,63.07,-0.87,40.10,-0.25,0.08,17.00,7000.00,-38.00,0.00,7.00
472264.00,2019-06-30 17:50:16.264,0.00,294.23,0.00,1.51,0.00,1.00,1.00,127.35,2.75,11.95,68.74,63.16,-0.91,40.10,-0.21,0.08,17.00,7000.00,-38.00,0.00,7.00
472364.00,2019-06-30 17:50:16.364,0.00,294.23,0.00,1.51,0.00,1.00,1.00,127.35,2.75,12.04,68.74,63.16,-0.91,40.10,-0.22,0.08,17.00,7000.00,-38.00,0.00,7.00
472464.00,2019-06-30 17:50:16.464,0.00,294.23,0.00,1.51,0.00,1.00,1.00,127.35,2.75,12.08,68.77,63.16,-0.91,40.10,-0.23,0.08,17.00,7000.00,-38.00,0.00,7.00
472564.00,2019-06-30 17:50:16.564,0.00,294.23,0.00,1.51,0.00,1.00,1.00,127.35,2.75,12.08,68.77,63.18,-0.91,40.14,-0.21,0.08,17.00,7000.00,-38.00,0.00,7.00
472664.00,2019-06-30 17:50:16.664,0.00,294.23,0.00,1.51,0.00,1.00,1.00,127.35,2.75,12.05,68.67,63.18,-0.91,40.14,-0.23,0.07,17.00,7000.00,-38.00,0.00,7.00
472764.00,2019-06-30 17:50:16.764,0.00,294.23,0.00,1.51,0.00,1.00,1.00,127.35,2.75,11.95,68.67,63.11,-0.84,40.14,-0.22,0.08,17.00,7000.00,-38.00,0.00,7.00
472864.00,2019-06-30 17:50:16.864,0.00,294.23,0.00,1.51,0.00,1.00,1.00,127.35,2.75,12.05,68.67,63.11,-0.84,40.14,-0.24,0.07,17.00,7000.00,-38.00,0.00,7.00
472964.00,2019-06-30 17:50:16.964,0.00,294.23,0.00,1.51,0.00,1.00,1.00,127.35,2.75,12.07,68.74,63.11,-0.84,40.23,-0.23,0.08,17.00,7000.00,-38.00,0.00,7.00
473064.00,2019-06-30 17:50:17.064,0.00,294.23,0.00,1.51,0.00,1.00,1.00,127.35,2.75,11.91,68.74,63.09,-0.78,40.23,-0.22,0.08,17.00,7000.00,-38.00,0.00,7.00
473164.00,2019-06-30 17:50:17.164,0.00,294.23,0.00,1.51,0.00,1.00,1.00,127.35,2.75,12.07,68.82,63.09,-0.78,40.23,-0.22,0.08,17.00,7000.00,-38.00,0.00,7.00
473264.00,2019-06-30 17:50:17.264,0.00,294.23,0.00,1.51,0.00,1.00,1.00,127.35,2.75,11.94,68.82,63.09,-0.78,40.23,-0.22,0.08,17.00,7000.00,-38.00,0.00,7.00
473364.00,2019-06-30 17:50:17.364,0.00,294.23,0.00,1.51,0.00,1.00,1.00,127.35,2.75,12.05,68.82,63.09,-0.78,40.12,-0.25,0.08,17.00,7000.00,-38.00,0.00,7.00
473464.00,2019-06-30 17:50:17.464,0.00,294.23,0.00,1.51,0.00,1.00,1.00,127.35,2.75,12.08,68.74,63.09,-0.78,40.12,-0.22,0.08,17.00,7000.00,-38.00,0.00,7.00
473564.00,2019-06-30 17:50:17.564,0.00,294.23,0.00,1.51,0.00,1.00,1.00,127.35,2.75,11.93,68.74,63.11,-0.75,40.12,-0.22,0.08,17.00,7000.00,-38.00,0.00,7.00
473664.00,2019-06-30 17:50:17.664,0.00,294.23,0.00,1.51,0.00,1.00,1.00,127.35,2.75,12.06,68.74,63.11,-0.75,40.12,-0.22,0.08,17.00,7000.00,-38.00,0.00,7.00
473764.00,2019-06-30 17:50:17.764,0.00,294.23,0.00,1.51,0.00,1.00,1.00,127.35,2.75,12.08,68.77,63.05,-0.75,40.12,-0.22,0.08,17.00,7000.00,-38.00,0.00,7.00
473864.00,2019-06-30 17:50:17.864,0.00,294.23,0.00,1.51,0.00,1.00,1.00,127.35,2.75,11.91,68.77,63.05,-0.64,40.12,-0.22,0.08,17.00,7000.00,-38.00,0.00,7.00
473964.00,2019-06-30 17:50:17.964,0.00,294.23,0.00,1.51,0.00,1.00,1.00,127.35,2.75,12.08,68.77,63.05,-0.64,40.12,-0.22,0.08,17.00,7000.00,-38.00,0.00,7.00
474064.00,2019-06-30 17:50:18.064,0.00,294.23,0.00,1.51,0.00,1.00,1.00,127.35,2.75,12.05,68.77,63.11,-0.73,40.12,-0.22,0.08,17.00,7000.00,-38.00,0.00,7.00
474164.00,2019-06-30 17:50:18.164,0.00,294.23,0.00,1.51,0.00,1.00,1.00,127.35,2.75,11.94,68.77,63.11,-0.73,40.25,-0.22,0.08,17.00,7000.00,-38.00,0.00,7.00
474264.00,2019-06-30 17:50:18.264,0.00,294.23,0.00,1.51,0.00,1.00,1.00,127.35,2.75,12.07,68.74,63.09,-0.73,40.25,-0.21,0.08,17.00,7000.00,-38.00,0.00,7.00
474364.00,2019-06-30 17:50:18.364,0.00,294.23,0.00,1.51,0.00,1.00,1.00,127.35,2.75,12.05,68.74,63.09,-0.70,40.25,-0.23,0.08,17.00,7000.00,-38.00,0.00,7.00
474464.00,2019-06-30 17:50:18.464,0.00,294.23,0.00,1.51,0.00,1.00,1.00,127.35,2.75,11.95,68.77,63.09,-0.70,40.25,-0.19,0.08,17.00,7000.00,-38.00,0.00,7.00
474564.00,2019-06-30 17:50:18.564,0.00,294.23,0.00,1.51,0.00,1.00,1.00,127.35,2.75,12.06,68.77,63.06,-0.63,40.20,-0.22,0.08,17.00,7000.00,-38.00,0.00,7.00
474664.00,2019-06-30 17:50:18.664,0.00,294.23,0.00,1.51,0.00,1.00,1.00,127.35,2.75,11.95,68.77,63.06,-0.63,40.20,-0.22,0.08,17.00,7000.00,-38.00,0.00,7.00
474764.00,2019-06-30 17:50:18.764,0.00,294.23,0.00,1.51,0.00,1.00,1.00,127.35,2.75,12.06,68.79,63.07,-0.63,40.20,-0.24,0.07,17.00,7000.00,-38.00,0.00,7.00
474864.00,2019-06-30 17:50:18.864,0.00,294.23,0.00,1.51,0.00,1.00,1.00,127.35,2.75,12.06,68.79,63.07,-0.59,40.20,-0.23,0.08,17.00,7000.00,-38.00,0.00,7.00
474964.00,2019-06-30 17:50:18.964,0.00,294.23,0.00,1.51,0.00,1.00,1.00,127.35,2.75,11.95,68.79,63.07,-0.59,40.23,-0.20,0.08,17.00,7000.00,-38.00,0.00,7.00
475064.00,2019-06-30 17:50:19.064,0.00,294.23,0.00,1.51,0.00,1.00,1.00,127.35,2.75,12.04,68.73,63.04,-0.59,40.23,-0.23,0.08,17.00,7000.00,-38.00,0.00,7.00
475164.00,2019-06-30 17:50:19.164,0.00,294.23,0.00,1.51,0.00,1.00,1.00,127.35,2.75,12.08,68.73,63.04,-0.57,40.23,-0.22,0.08,17.00,7000.00,-38.00,0.00,7.00
475264.00,2019-06-30 17:50:19.264,0.00,294.23,0.00,1.51,0.00,1.00,1.00,127.35,2.75,11.92,68.79,63.06,-0.57,40.23,-0.21,0.08,17.00,7000.00,-38.00,0.00,7.00
475364.00,2019-06-30 17:50:19.364,0.00,294.23,0.00,1.51,0.00,1.00,1.00,127.35,2.75,12.07,68.79,63.06,-0.48,40.10,-0.23,0.08,17.00,7000.00,-38.00,0.00,7.00
475464.00,2019-06-30 17:50:19.464,0.00,294.23,0.00,1.51,0.00,1.00,1.00,127.35,2.75,12.07,68.79,63.06,-0.48,40.10,-0.21,0.08,17.00,7000.00,-38.00,0.00,7.00
475564.00,2019-06-30 17:50:19.564,0.00,294.23,0.00,1.51,0.00,1.00,1.00,127.35,2.75,11.94,68.77,63.06,-0.48,40.10,-0.22,0.08,17.00,7000.00,-38.00,0.00,7.00
475664.00,2019-06-30 17:50:19.664,0.00,294.23,0.00,1.51,0.00,1.00,1.00,127.35,2.75,12.07,68.77,63.06,-0.52,40.10,-0.19,0.08,17.00,7000.00,-38.00,0.00,7.00
475764.00,2019-06-30 17:50:19.764,0.00,294.23,0.00,1.51,0.00,1.00,1.00,127.35,2.75,12.06,68.74,63.07,-0.52,40.17,-0.23,0.08,17.00,7000.00,-38.00,0.00,7.00
475864.00,2019-06-30 17:50:19.864,0.00,294.23,0.00,1.51,0.00,1.00,1.00,127.35,2.75,12.08,68.74,63.07,-0.55,40.17,-0.21,0.08,17.00,7000.00,-38.00,0.00,7.00
475964.00,2019-06-30 17:50:19.964,0.00,294.23,0.00,1.51,0.00,1.00,1.00,127.35,2.75,12.06,68.74,63.07,-0.55,40.17,-0.22,0.08,17.00,7000.00,-38.00,0.00,7.00
476064.00,2019-06-30 17:50:20.064,0.00,294.23,0.00,1.51,0.00,1.00,1.00,127.35,2.75,11.93,68.73,63.05,-0.55,40.17,-0.21,0.08,17.00,7000.00,-38.00,0.00,7.00
476164.00,2019-06-30 17:50:20.164,0.00,294.23,0.00,1.51,0.00,1.00,1.00,127.35,2.75,12.08,68.73,63.05,-0.48,40.15,-0.21,0.07,17.00,7000.00,-38.00,0.00,7.00
476264.00,2019-06-30 17:50:20.264,0.00,294.23,0.00,1.51,0.00,1.00,1.00,127.35,2.75,12.07,68.73,63.05,-0.48,40.15,-0.23,0.08,17.00,7000.00,-38.00,0.00,7.00
476364.00,2019-06-30 17:50:20.364,0.00,294.23,0.00,1.51,0.00,1.00,1.00,127.35,2.75,11.94,68.73,63.05,-0.48,40.15,-0.22,0.08,17.00,7000.00,-38.00,0.00,7.00
476464.00,2019-06-30 17:50:20.464,0.00,294.23,0.00,1.51,0.00,1.00,1.00,127.35,2.75,12.08,68.73,63.05,-0.45,40.15,-0.23,0.09,17.00,7000.00,-38.00,0.00,7.00
476564.00,2019-06-30 17:50:20.564,0.00,294.23,0.00,1.51,0.00,1.00,1.00,127.35,2.75,12.08,68.73,63.02,-0.45,40.23,-0.22,0.08,17.00,7000.00,-38.00,0.00,7.00
476664.00,2019-06-30 17:50:20.664,0.00,294.23,0.00,1.51,0.00,1.00,1.00,127.35,2.75,11.91,68.73,63.02,-0.45,40.23,-0.20,0.08,17.00,7000.00,-38.00,0.00,7.00
476764.00,2019-06-30 17:50:20.764,0.00,294.23,0.00,1.51,0.00,1.00,1.00,127.35,2.75,12.05,68.73,63.06,-0.45,40.23,-0.24,0.08,17.00,7000.00,-38.00,0.00,7.00
476864.00,2019-06-30 17:50:20.864,0.00,294.23,0.00,1.51,0.00,1.00,1.00,127.35,2.75,11.95,68.79,63.06,-0.45,40.23,-0.20,0.08,17.00,7000.00,-38.00,0.00,7.00
476964.00,2019-06-30 17:50:20.964,0.00,294.23,0.00,1.51,0.00,1.00,1.00,127.35,2.75,12.05,68.79,63.06,-0.46,40.26,-0.23,0.08,17.00,7000.00,-38.00,0.00,7.00
477064.00,2019-06-30 17:50:21.064,0.00,294.23,0.00,1.51,0.00,1.00,1.00,127.35,2.75,12.08,68.76,63.05,-0.46,40.26,-0.22,0.08,17.00,7000.00,-38.00,0.00,7.00
477164.00,2019-06-30 17:50:21.164,0.00,294.23,0.00,1.51,0.00,1.00,1.00,127.35,2.75,11.93,68.76,63.05,-0.45,40.26,-0.22,0.08,17.00,7000.00,-38.00,0.00,7.00
477264.00,2019-06-30 17:50:21.264,0.00,294.23,0.00,1.51,0.00,1.00,1.00,127.35,2.75,12.06,68.76,62.97,-0.45,40.26,-0.22,0.08,17.00,7000.00,-38.00,0.00,7.00
477364.00,2019-06-30 17:50:21.364,0.00,294.23,0.00,1.51,0.00,1.00,1.00,127.35,2.75,12.08,68.80,62.97,-0.45,40.20,-0.20,0.08,17.00,7000.00,-38.00,0.00,7.00
477464.00,2019-06-30 17:50:21.464,0.00,294.23,0.00,1.51,0.00,1.00,1.00,127.35,2.75,11.91,68.80,62.97,-0.41,40.20,-0.24,0.08,17.00,7000.00,-38.00,0.00,7.00
477564.00,2019-06-30 17:50:21.564,0.00,294.23,0.00,1.51,0.00,1.00,1.00,127.35,2.75,12.07,68.77,63.00,-0.41,40.20,-0.22,0.08,17.00,7000.00,-38.00,0.00,7.00
477664.00,2019-06-30 17:50:21.664,0.00,294.23,0.00,1.51,0.00,1.00,1.00,127.35,2.75,12.05,68.77,63.00,-0.41,40.20,-0.23,0.08,17.00,7000.00,-38.00,0.00,7.00
477764.00,2019-06-30 17:50:21.764,0.00,294.23,0.00,1.51,0.00,1.00,1.00,127.35,2.75,11.94,68.77,63.02,-0.42,40.28,-0.21,0.07,17.00,7000.00,-38.00,0.00,7.00
477864.00,2019-06-30 17:50:21.864,0.00,294.23,0.00,1.51,0.00,1.00,1.00,127.35,2.75,12.07,68.80,63.02,-0.42,40.28,-0.21,0.07,17.00,7000.00,-38.00,0.00,7.00
477964.00,2019-06-30 17:50:21.964,0.00,294.23,0.00,1.51,0.00,1.00,1.00,127.35,2.75,12.06,68.80,63.02,-0.43,40.28,-0.22,0.08,17.00,7000.00,-38.00,0.00,7.00
478064.00,2019-06-30 17:50:22.064,0.00,294.23,0.00,1.51,0.00,1.00,1.00,127.35,2.75,11.95,68.80,63.02,-0.43,40.28,-0.19,0.08,17.00,7000.00,-38.00,0.00,7.00
478164.00,2019-06-30 17:50:22.164,0.00,294.23,0.00,1.51,0.00,1.00,1.00,127.35,2.75,12.05,68.82,63.02,-0.43,40.20,-0.22,0.08,17.00,7000.00,-38.00,0.00,7.00
478264.00,2019-06-30 17:50:22.264,0.00,294.23,0.00,1.51,0.00,1.00,1.00,127.35,2.75,12.07,68.82,63.02,-0.27,40.20,-0.21,0.08,17.00,7000.00,-38.00,0.00,7.00
478364.00,2019-06-30 17:50:22.364,0.00,294.23,0.00,1.51,0.00,1.00,1.00,127.35,2.75,11.93,68.76,63.02,-0.27,40.20,-0.22,0.08,17.00,7000.00,-38.00,0.00,7.00
478464.00,2019-06-30 17:50:22.464,0.00,294.23,0.00,1.51,0.00,1.00,1.00,127.35,2.75,12.06,68.76,63.02,-0.25,40.20,-0.22,0.08,17.00,7000.00,-38.00,0.00,7.00
478564.00,2019-06-30 17:50:22.564,0.00,294.23,0.00,1.51,0.00,1.00,1.00,127.35,2.75,12.08,68.76,62.95,-0.25,40.23,-0.21,0.08,17.00,7000.00,-38.00,0.00,7.00
478664.00,2019-06-30 17:50:22.664,0.00,294.23,0.00,1.51,0.00,1.00,1.00,127.35,2.75,11.91,68.74,62.95,-0.25,40.23,-0.22,0.08,17.00,7000.00,-38.00,0.00,7.00
478764.00,2019-06-30 17:50:22.764,0.00,294.23,0.00,1.51,0.00,1.00,1.00,127.35,2.75,12.08,68.74,63.00,-0.23,40.23,-0.21,0.08,17.00,7000.00,-38.00,0.00,7.00
478864.00,2019-06-30 17:50:22.864,0.00,294.23,0.00,1.51,0.00,1.00,1.00,127.35,2.75,11.92,68.78,63.00,-0.23,40.23,-0.21,0.09,17.00,7000.00,-38.00,0.00,7.00
478964.00,2019-06-30 17:50:22.964,0.00,294.23,0.00,1.51,0.00,1.00,1.00,127.35,2.75,12.08,68.78,63.00,-0.23,40.20,-0.22,0.08,17.00,7000.00,-38.00,0.00,7.00
479064.00,2019-06-30 17:50:23.064,0.00,294.23,0.00,1.51,0.00,1.00,1.00,127.35,2.75,12.05,68.78,62.95,-0.25,40.20,-0.22,0.08,17.00,7000.00,-38.00,0.00,7.00
479164.00,2019-06-30 17:50:23.164,0.00,294.23,0.00,1.51,0.00,1.00,1.00,127.35,2.75,12.05,68.74,62.95,-0.25,40.20,-0.21,0.08,17.00,7000.00,-38.00,0.00,7.00
479264.00,2019-06-30 17:50:23.264,0.00,294.23,0.00,1.51,0.00,1.00,1.00,127.35,2.75,12.06,68.74,62.95,-0.25,40.20,-0.20,0.08,17.00,7000.00,-38.00,0.00,7.00
479364.00,2019-06-30 17:50:23.364,0.00,294.23,0.00,1.51,0.00,1.00,1.00,127.35,2.75,12.06,68.74,62.95,-0.29,40.30,-0.21,0.08,17.00,7000.00,-38.00,0.00,7.00
479464.00,2019-06-30 17:50:23.464,0.00,294.23,0.00,1.51,0.00,1.00,1.00,127.35,2.75,11.95,68.74,62.95,-0.29,40.30,-0.21,0.08,17.00,7000.00,-38.00,0.00,7.00
479564.00,2019-06-30 17:50:23.564,0.00,294.23,0.00,1.51,0.00,1.00,1.00,127.35,2.75,12.06,68.74,62.95,-0.19,40.30,-0.21,0.08,17.00,7000.00,-38.00,0.00,7.00
479664.00,2019-06-30 17:50:23.664,0.00,294.23,0.00,1.51,0.00,1.00,1.00,127.35,2.75,11.93,68.77,62.95,-0.19,40.30,-0.23,0.08,17.00,7000.00,-38.00,0.00,7.00
479764.00,2019-06-30 17:50:23.764,0.00,294.23,0.00,1.51,0.00,1.00,1.00,127.35,2.75,12.08,68.77,62.97,-0.19,40.25,-0.19,0.08,17.00,7000.00,-38.00,0.00,7.00
479864.00,2019-06-30 17:50:23.864,0.00,294.23,0.00,1.51,0.00,1.00,1.00,127.35,2.75,12.05,68.77,62.97,-0.10,40.25,-0.23,0.07,17.00,7000.00,-38.00,0.00,7.00
479964.00,2019-06-30 17:50:23.964,0.00,294.23,0.00,1.51,0.00,1.00,1.00,127.35,2.75,11.94,68.72,62.97,-0.10,40.25,-0.22,0.08,17.00,7000.00,-38.00,0.00,7.00
480064.00,2019-06-30 17:50:24.064,0.00,294.23,0.00,1.51,0.00,1.00,1.00,127.35,2.75,12.05,68.72,62.91,-0.07,40.25,-0.22,0.08,17.00,7000.00,-38.00,0.00,7.00
480164.00,2019-06-30 17:50:24.164,0.00,294.23,0.00,1.51,0.00,1.00,1.00,127.35,2.75,11.91,68.78,62.91,-0.07,40.21,-0.23,0.08,17.00,7000.00,-38.00,0.00,7.00
480264.00,2019-06-30 17:50:24.264,0.00,294.23,0.00,1.51,0.00,1.00,1.00,127.35,2.75,11.91,68.78,62.88,-0.07,40.21,-0.21,0.08,17.00,7000.00,-38.00,0.00,7.00
480364.00,2019-06-30 17:50:24.364,0.00,294.23,0.00,1.51,0.00,1.00,1.00,127.35,2.75,12.05,68.78,62.88,-0.13,40.21,-0.22,0.07,17.00,7000.00,-38.00,0.00,7.00
480464.00,2019-06-30 17:50:24.464,0.00,294.23,0.00,1.51,0.00,1.00,1.00,127.35,2.75,12.06,68.74,62.88,-0.13,40.21,-0.20,0.08,17.00,7000.00,-38.00,0.00,7.00
480564.00,2019-06-30 17:50:24.564,0.00,294.23,0.00,1.51,0.00,1.00,1.00,127.35,2.75,11.93,68.74,62.93,-0.13,40.21,-0.20,0.08,17.00,7000.00,-38.00,0.00,7.00
480664.00,2019-06-30 17:50:24.664,0.00,294.23,0.00,1.51,0.00,1.00,1.00,127.35,2.75,12.08,68.70,62.93,-0.13,40.21,-0.21,0.08,17.00,7000.00,-38.00,0.00,7.00
480764.00,2019-06-30 17:50:24.764,0.00,294.23,0.00,1.51,0.00,1.00,1.00,127.35,2.75,12.04,68.70,62.86,-0.13,40.21,-0.21,0.08,17.00,7000.00,-38.00,0.00,7.00
480864.00,2019-06-30 17:50:24.864,0.00,294.23,0.00,1.51,0.00,1.00,1.00,127.35,2.75,11.94,68.70,62.86,-0.09,40.21,-0.23,0.08,17.00,7000.00,-38.00,0.00,7.00
480964.00,2019-06-30 17:50:24.964,0.00,294.23,0.00,1.51,0.00,1.00,1.00,127.35,2.75,12.05,68.82,62.86,-0.09,40.21,-0.20,0.08,17.00,7000.00,-38.00,0.00,7.00
481064.00,2019-06-30 17:50:25.064,0.00,294.23,0.00,1.51,0.00,1.00,1.00,127.35,2.75,12.07,68.82,62.92,-0.09,40.21,-0.22,0.08,17.00,7000.00,-38.00,0.00,7.00
481164.00,2019-06-30 17:50:25.164,0.00,294.23,0.00,1.51,0.00,1.00,1.00,127.35,2.75,12.08,68.82,62.92,-0.06,40.21,-0.20,0.08,17.00,7000.00,-38.00,0.00,7.00
481264.00,2019-06-30 17:50:25.264,0.00,294.23,0.00,1.51,0.00,1.00,1.00,127.35,2.75,12.05,68.80,62.78,-0.06,40.21,-0.22,0.08,17.00,7000.00,-38.00,0.00,7.00
481364.00,2019-06-30 17:50:25.364,0.00,294.23,0.00,1.51,0.00,1.00,1.00,127.35,2.75,11.94,68.80,62.78,-0.01,40.23,-0.22,0.07,17.00,7000.00,-38.00,0.00,7.00
481464.00,2019-06-30 17:50:25.464,0.00,294.23,0.00,1.51,0.00,1.00,1.00,127.35,2.75,12.07,68.73,62.78,-0.01,40.23,-0.21,0.08,17.00,7000.00,-38.00,0.00,7.00
481564.00,2019-06-30 17:50:25.564,0.00,294.23,0.00,1.51,0.00,1.00,1.00,127.35,2.75,12.05,68.73,62.91,-0.01,40.23,-0.23,0.08,17.00,7000.00,-38.00,0.00,7.00
481664.00,2019-06-30 17:50:25.664,0.00,294.23,0.00,1.51,0.00,1.00,1.00,127.35,2.75,12.07,68.73,62.91,0.04,40.23,-0.20,0.08,17.00,7000.00,-38.00,0.00,7.00
481764.00,2019-06-30 17:50:25.764,0.00,294.23,0.00,1.51,0.00,1.00,1.00,127.35,2.75,12.07,68.80,62.85,0.04,40.23,-0.25,0.08,17.00,7000.00,-38.00,0.00,7.00
481864.00,2019-06-30 17:50:25.864,0.00,294.23,0.00,1.51,0.00,1.00,1.00,127.35,2.75,11.92,68.80,62.85,0.04,40.23,-0.21,0.08,17.00,7000.00,-38.00,0.00,7.00
481964.00,2019-06-30 17:50:25.964,0.00,294.23,0.00,1.51,0.00,1.00,1.00,127.35,2.75,12.08,68.81,62.85,0.05,40.23,-0.22,0.08,17.00,7000.00,-38.00,0.00,7.00
482064.00,2019-06-30 17:50:26.064,0.00,294.23,0.00,1.51,0.00,1.00,1.00,127.35,2.75,12.07,68.81,62.83,0.05,40.23,-0.21,0.08,17.00,7000.00,-38.00,0.00,7.00
482164.00,2019-06-30 17:50:26.164,0.00,294.23,0.00,1.51,0.00,1.00,1.00,127.35,2.75,11.94,68.81,62.83,0.02,40.16,-0.19,0.07,17.00,7000.00,-38.00,0.00,7.00
482264.00,2019-06-30 17:50:26.264,0.00,294.23,0.00,1.51,0.00,1.00,1.00,127.35,2.75,11.93,68.79,62.83,0.02,40.16,-0.24,0.08,17.00,7000.00,-38.00,0.00,7.00
482364.00,2019-06-30 17:50:26.364,0.00,294.23,0.00,1.51,0.00,1.00,1.00,127.35,2.75,12.06,68.79,62.83,0.02,40.16,-0.22,0.08,17.00,7000.00,-38.00,0.00,7.00
482464.00,2019-06-30 17:50:26.464,0.00,294.23,0.00,1.51,0.00,1.00,1.00,127.35,2.75,11.95,68.79,62.83,0.06,40.16,-0.22,0.08,17.00,7000.00,-38.00,0.00,7.00
482564.00,2019-06-30 17:50:26.564,0.00,294.23,0.00,1.51,0.00,1.00,1.00,127.35,2.75,12.07,68.81,62.83,0.06,40.21,-0.22,0.08,17.00,7000.00,-38.00,0.00,7.00
482664.00,2019-06-30 17:50:26.664,0.00,294.23,0.00,1.51,0.00,1.00,1.00,127.35,2.75,12.07,68.81,62.83,0.08,40.21,-0.20,0.08,17.00,7000.00,-38.00,0.00,7.00
482764.00,2019-06-30 17:50:26.764,0.00,294.23,0.00,1.51,0.00,1.00,1.00,127.35,2.75,11.92,68.76,62.86,0.08,40.21,-0.23,0.08,17.00,7000.00,-38.00,0.00,7.00
482864.00,2019-06-30 17:50:26.864,0.00,294.23,0.00,1.51,0.00,1.00,1.00,127.35,2.75,12.08,68.76,62.86,0.08,40.21,-0.20,0.08,17.00,7000.00,-38.00,0.00,7.00
482964.00,2019-06-30 17:50:26.964,0.00,294.23,0.00,1.51,0.00,1.00,1.00,127.35,2.75,12.05,68.76,62.86,0.10,40.20,-0.24,0.07,17.00,7000.00,-38.00,0.00,7.00
483064.00,2019-06-30 17:50:27.064,0.00,294.23,0.00,1.51,0.00,1.00,1.00,127.35,2.75,11.94,68.70,62.79,0.10,40.20,-0.22,0.07,17.00,7000.00,-38.00,0.00,7.00
483164.00,2019-06-30 17:50:27.164,0.00,294.23,0.00,1.51,0.00,1.00,1.00,127.35,2.75,12.06,68.70,62.79,0.10,40.20,-0.21,0.07,17.00,7000.00,-38.00,0.00,7.00
483264.00,2019-06-30 17:50:27.264,0.00,294.23,0.00,1.51,0.00,1.00,1.00,127.35,2.75,12.08,68.82,62.79,0.09,40.20,-0.23,0.08,17.00,7000.00,-38.00,0.00,7.00
483364.00,2019-06-30 17:50:27.364,0.00,294.23,0.00,1.51,0.00,1.00,1.00,127.35,2.75,12.07,68.82,62.79,0.09,40.23,-0.22,0.08,17.00,7000.00,-38.00,0.00,7.00
483464.00,2019-06-30 17:50:27.464,0.00,294.23,0.00,1.51,0.00,1.00,1.00,127.35,2.75,12.06,68.82,62.79,0.14,40.23,-0.24,0.08,17.00,7000.00,-38.00,0.00,7.00
483564.00,2019-06-30 17:50:27.564,0.00,294.23,0.00,1.51,0.00,1.00,1.00,127.35,2.75,11.93,68.76,62.79,0.14,40.23,-0.22,0.08,17.00,7000.00,-38.00,0.00,7.00
483664.00,2019-06-30 17:50:27.664,0.00,294.23,0.00,1.51,0.00,1.00,1.00,127.35,2.75,11.92,68.76,62.79,0.14,40.23,-0.21,0.08,17.00,7000.00,-38.00,0.00,7.00
483764.00,2019-06-30 17:50:27.764,0.00,294.23,0.00,1.51,0.00,1.00,1.00,127.35,2.75,12.08,68.76,62.76,0.14,40.23,-0.22,0.08,17.00,7000.00,-38.00,0.00,7.00
483864.00,2019-06-30 17:50:27.864,0.00,294.23,0.00,1.51,0.00,1.00,1.00,127.35,2.75,11.95,68.76,62.76,0.14,40.23,-0.22,0.08,17.00,7000.00,-38.00,0.00,7.00
483964.00,2019-06-30 17:50:27.964,0.00,294.23,0.00,1.51,0.00,1.00,1.00,127.35,2.75,11.94,68.76,62.76,0.23,40.23,-0.22,0.07,17.00,7000.00,-38.00,0.00,7.00
484064.00,2019-06-30 17:50:28.064,0.00,294.23,0.00,1.51,0.00,1.00,1.00,127.35,2.75,12.06,68.79,62.83,0.23,40.23,-0.21,0.08,17.00,7000.00,-38.00,0.00,7.00
484164.00,2019-06-30 17:50:28.164,0.00,294.23,0.00,1.51,0.00,1.00,1.00,127.35,2.75,12.06,68.79,62.83,0.23,40.21,-0.23,0.08,17.00,7000.00,-38.00,0.00,7.00
484264.00,2019-06-30 17:50:28.264,0.00,294.23,0.00,1.51,0.00,1.00,1.00,127.35,2.75,12.07,68.79,62.81,0.32,40.21,-0.22,0.08,17.00,7000.00,-38.00,0.00,7.00
484364.00,2019-06-30 17:50:28.364,0.00,294.23,0.00,1.51,0.00,1.00,1.00,127.35,2.75,12.06,68.80,62.81,0.32,40.21,-0.22,0.08,17.00,7000.00,-38.00,0.00,7.00
484464.00,2019-06-30 17:50:28.464,0.00,294.23,0.00,1.51,0.00,1.00,1.00,127.35,2.75,11.93,68.80,62.81,0.32,40.21,-0.22,0.08,17.00,7000.00,-38.00,0.00,7.00
484564.00,2019-06-30 17:50:28.564,0.00,294.23,0.00,1.51,0.00,1.00,1.00,127.35,2.75,12.08,68.77,62.80,0.29,40.23,-0.21,0.08,17.00,7000.00,-38.00,0.00,7.00
484664.00,2019-06-30 17:50:28.664,0.00,294.23,0.00,1.51,0.00,1.00,1.00,127.35,2.75,12.05,68.77,62.80,0.29,40.23,-0.23,0.08,17.00,7000.00,-38.00,0.00,7.00
484764.00,2019-06-30 17:50:28.764,0.00,294.23,0.00,1.51,0.00,1.00,1.00,127.35,2.75,11.94,68.77,62.73,0.29,40.23,-0.21,0.08,17.00,7000.00,-38.00,0.00,7.00
484864.00,2019-06-30 17:50:28.864,0.00,294.23,0.00,1.51,0.00,1.00,1.00,127.35,2.75,12.05,68.81,62.73,0.29,40.23,-0.22,0.07,17.00,7000.00,-38.00,0.00,7.00
484964.00,2019-06-30 17:50:28.964,0.00,294.23,0.00,1.51,0.00,1.00,1.00,127.35,2.75,12.07,68.81,62.73,0.29,40.28,-0.23,0.08,17.00,7000.00,-38.00,0.00,7.00
485064.00,2019-06-30 17:50:29.064,0.00,294.23,0.00,1.51,0.00,1.00,1.00,127.35,2.75,11.94,68.77,62.74,0.31,40.28,-0.22,0.08,17.00,7000.00,-38.00,0.00,7.00
485164.00,2019-06-30 17:50:29.164,0.00,294.23,0.00,1.51,0.00,1.00,1.00,127.35,2.75,12.05,68.77,62.74,0.31,40.28,-0.22,0.08,17.00,7000.00,-38.00,0.00,7.00
485264.00,2019-06-30 17:50:29.264,0.00,294.23,0.00,1.51,0.00,1.00,1.00,127.35,2.75,11.94,68.77,62.78,0.34,40.28,-0.19,0.07,17.00,7000.00,-38.00,0.00,7.00
485364.00,2019-06-30 17:50:29.364,0.00,294.23,0.00,1.51,0.00,1.00,1.00,127.35,2.75,11.93,68.73,62.78,0.34,40.17,-0.24,0.07,17.00,7000.00,-38.00,0.00,7.00
485464.00,2019-06-30 17:50:29.464,0.00,294.23,0.00,1.51,0.00,1.00,1.00,127.35,2.75,12.05,68.73,62.78,0.34,40.17,-0.21,0.08,17.00,7000.00,-38.00,0.00,7.00
485564.00,2019-06-30 17:50:29.564,0.00,294.23,0.00,1.51,0.00,1.00,1.00,127.35,2.75,12.05,68.73,62.77,0.31,40.17,-0.21,0.07,17.00,7000.00,-38.00,0.00,7.00
485664.00,2019-06-30 17:50:29.664,0.00,294.23,0.00,1.51,0.00,1.00,1.00,127.35,2.75,11.95,68.80,62.77,0.31,40.17,-0.22,0.08,17.00,7000.00,-38.00,0.00,7.00
485764.00,2019-06-30 17:50:29.764,0.00,294.23,0.00,1.51,0.00,1.00,1.00,127.35,2.75,12.05,68.80,62.81,0.31,40.23,-0.20,0.08,17.00,7000.00,-38.00,0.00,7.00
485864.00,2019-06-30 17:50:29.864,0.00,294.23,0.00,1.51,0.00,1.00,1.00,127.35,2.75,11.91,68.76,62.81,0.42,40.23,-0.24,0.08,17.00,7000.00,-38.00,0.00,7.00
485964.00,2019-06-30 17:50:29.964,0.00,294.23,0.00,1.51,0.00,1.00,1.00,127.35,2.75,12.08,68.76,62.81,0.42,40.23,-0.22,0.08,17.00,7000.00,-38.00,0.00,7.00
486064.00,2019-06-30 17:50:30.064,0.00,294.23,0.00,1.51,0.00,1.00,1.00,127.35,2.75,12.05,68.76,62.88,0.41,40.23,-0.23,0.08,17.00,7000.00,-38.00,0.00,7.00
486164.00,2019-06-30 17:50:30.164,0.00,294.23,0.00,1.51,0.00,1.00,1.00,127.35,2.75,11.94,68.82,62.88,0.41,40.16,-0.23,0.07,17.00,7000.00,-38.00,0.00,7.00
486264.00,2019-06-30 17:50:30.264,0.00,294.23,0.00,1.51,0.00,1.00,1.00,127.35,2.75,12.07,68.82,62.73,0.41,40.16,-0.21,0.08,17.00,7000.00,-38.00,0.00,7.00
486364.00,2019-06-30 17:50:30.364,0.00,294.23,0.00,1.51,0.00,1.00,1.00,127.35,2.75,12.04,68.87,62.73,0.42,40.16,-0.22,0.07,17.00,7000.00,-38.00,0.00,7.00
486464.00,2019-06-30 17:50:30.464,0.00,294.23,0.00,1.51,0.00,1.00,1.00,127.35,2.75,11.95,68.87,62.73,0.42,40.16,-0.19,0.08,17.00,7000.00,-38.00,0.00,7.00
486564.00,2019-06-30 17:50:30.564,0.00,294.23,0.00,1.51,0.00,1.00,1.00,127.35,2.75,12.06,68.87,62.81,0.41,40.25,-0.24,0.08,17.00,7000.00,-38.00,0.00,7.00
486664.00,2019-06-30 17:50:30.664,0.00,294.23,0.00,1.51,0.00,1.00,1.00,127.35,2.75,12.08,68.81,62.81,0.41,40.25,-0.22,0.08,17.00,7000.00,-38.00,0.00,7.00
486764.00,2019-06-30 17:50:30.764,0.00,294.23,0.00,1.51,0.00,1.00,1.00,127.35,2.75,12.08,68.81,62.78,0.41,40.25,-0.20,0.08,17.00,7000.00,-38.00,0.00,7.00
486864.00,2019-06-30 17:50:30.864,0.00,294.23,0.00,1.51,0.00,1.00,1.00,127.35,2.75,12.08,68.82,62.78,0.48,40.25,-0.23,0.08,17.00,7000.00,-38.00,0.00,7.00
486964.00,2019-06-30 17:50:30.964,0.00,294.23,0.00,1.51,0.00,1.00,1.00,127.35,2.75,12.06,68.82,62.78,0.48,40.20,-0.20,0.08,17.00,7000.00,-38.00,0.00,7.00
487064.00,2019-06-30 17:50:31.064,0.00,294.23,0.00,1.51,0.00,1.00,1.00,127.35,2.75,11.94,68.82,62.85,0.48,40.20,-0.23,0.07,17.00,7000.00,-38.00,0.00,7.00
487164.00,2019-06-30 17:50:31.164,0.00,294.23,0.00,1.51,0.00,1.00,1.00,127.35,2.75,12.08,68.81,62.85,0.44,40.20,-0.22,0.08,17.00,7000.00,-38.00,0.00,7.00
487264.00,2019-06-30 17:50:31.264,0.00,294.23,0.00,1.51,0.00,1.00,1.00,127.35,2.75,11.92,68.81,62.83,0.44,40.20,-0.22,0.08,17.00,7000.00,-38.00,0.00,7.00
487364.00,2019-06-30 17:50:31.364,0.00,294.23,0.00,1.51,0.00,1.00,1.00,127.35,2.75,12.06,68.81,62.83,0.55,40.15,-0.23,0.08,17.00,7000.00,-38.00,0.00,7.00
487464.00,2019-06-30 17:50:31.464,0.00,294.23,0.00,1.51,0.00,1.00,1.00,127.35,2.75,12.07,68.84,62.83,0.55,40.15,-0.22,0.08,17.00,7000.00,-38.00,0.00,7.00
487564.00,2019-06-30 17:50:31.564,0.00,294.23,0.00,1.51,0.00,1.00,1.00,127.35,2.75,11.92,68.84,62.72,0.55,40.15,-0.23,0.08,17.00,7000.00,-38.00,0.00,7.00
487664.00,2019-06-30 17:50:31.664,0.00,294.23,0.00,1.51,0.00,1.00,1.00,127.35,2.75,12.08,68.76,62.72,0.58,40.15,-0.21,0.08,17.00,7000.00,-38.00,0.00,7.00
487764.00,2019-06-30 17:50:31.764,0.00,294.23,0.00,1.51,0.00,1.00,1.00,127.35,2.75,12.05,68.76,62.73,0.58,40.12,-0.24,0.08,17.00,7000.00,-38.00,0.00,7.00
487864.00,2019-06-30 17:50:31.864,0.00,294.23,0.00,1.51,0.00,1.00,1.00,127.35,2.75,12.05,68.76,62.73,0.49,40.12,-0.22,0.08,17.00,7000.00,-38.00,0.00,7.00
487964.00,2019-06-30 17:50:31.964,0.00,294.23,0.00,1.51,0.00,1.00,1.00,127.35,2.75,12.04,68.84,62.73,0.49,40.12,-0.21,0.08,17.00,7000.00,-38.00,0.00,7.00
488064.00,2019-06-30 17:50:32.064,0.00,294.23,0.00,1.51,0.00,1.00,1.00,127.35,2.75,12.08,68.84,62.81,0.49,40.12,-0.22,0.08,17.00,7000.00,-38.00,0.00,7.00
488164.00,2019-06-30 17:50:32.164,0.00,294.23,0.00,1.51,0.00,1.00,1.00,127.35,2.75,12.08,68.82,62.81,0.66,40.23,-0.20,0.08,17.00,7000.00,-38.00,0.00,7.00
488264.00,2019-06-30 17:50:32.264,0.00,294.23,0.00,1.51,0.00,1.00,1.00,127.35,2.75,12.04,68.82,62.74,0.66,40.23,-0.24,0.07,17.00,7000.00,-38.00,0.00,7.00
488364.00,2019-06-30 17:50:32.364,0.00,294.23,0.00,1.51,0.00,1.00,1.00,127.35,2.75,11.94,68.82,62.74,0.66,40.23,-0.21,0.08,17.00,7000.00,-38.00,0.00,7.00
488464.00,2019-06-30 17:50:32.464,0.00,294.23,0.00,1.51,0.00,1.00,1.00,127.35,2.75,12.05,68.80,62.74,0.68,40.23,-0.24,0.07,17.00,7000.00,-38.00,0.00,7.00
488564.00,2019-06-30 17:50:32.564,0.00,294.23,0.00,1.51,0.00,1.00,1.00,127.35,2.75,12.07,68.80,62.80,0.68,40.23,-0.22,0.08,17.00,7000.00,-38.00,0.00,7.00
488664.00,2019-06-30 17:50:32.664,0.00,294.23,0.00,1.51,0.00,1.00,1.00,127.35,2.75,11.92,68.80,62.80,0.66,40.23,-0.21,0.08,17.00,7000.00,-38.00,0.00,7.00
488764.00,2019-06-30 17:50:32.764,0.00,294.23,0.00,1.51,0.00,1.00,1.00,127.35,2.75,12.05,68.84,62.76,0.66,40.23,-0.22,0.07,17.00,7000.00,-38.00,0.00,7.00
488864.00,2019-06-30 17:50:32.864,0.00,294.23,0.00,1.51,0.00,1.00,1.00,127.35,2.75,12.06,68.84,62.76,0.66,40.23,-0.20,0.08,17.00,7000.00,-38.00,0.00,7.00
488964.00,2019-06-30 17:50:32.964,0.00,294.23,0.00,1.51,0.00,1.00,1.00,127.35,2.75,11.92,68.81,62.76,0.68,40.23,-0.24,0.08,17.00,7000.00,-38.00,0.00,7.00
489064.00,2019-06-30 17:50:33.064,0.00,294.23,0.00,1.51,0.00,1.00,1.00,127.35,2.75,12.08,68.81,62.73,0.68,40.23,-0.22,0.08,17.00,7000.00,-38.00,0.00,7.00
489164.00,2019-06-30 17:50:33.164,0.00,294.23,0.00,1.51,0.00,1.00,1.00,127.35,2.75,11.95,68.81,62.73,0.68,40.23,-0.22,0.08,17.00,7000.00,-38.00,0.00,7.00
489264.00,2019-06-30 17:50:33.264,0.00,294.23,0.00,1.51,0.00,1.00,1.00,127.35,2.75,11.95,68.84,62.74,0.68,40.23,-0.22,0.08,17.00,7000.00,-38.00,0.00,7.00
489364.00,2019-06-30 17:50:33.364,0.00,294.23,0.00,1.51,0.00,1.00,1.00,127.35,2.75,12.05,68.84,62.74,0.68,40.21,-0.21,0.08,17.00,7000.00,-38.00,0.00,7.00
489464.00,2019-06-30 17:50:33.464,0.00,294.23,0.00,1.51,0.00,1.00,1.00,127.35,2.75,11.91,68.76,62.74,0.70,40.21,-0.23,0.08,17.00,7000.00,-38.00,0.00,7.00
489564.00,2019-06-30 17:50:33.564,0.00,294.23,0.00,1.51,0.00,1.00,1.00,127.35,2.75,12.08,68.76,62.64,0.70,40.21,-0.22,0.08,17.00,7000.00,-38.00,0.00,7.00
489664.00,2019-06-30 17:50:33.664,0.00,294.23,0.00,1.51,0.00,1.00,1.00,127.35,2.75,12.06,68.76,62.64,0.70,40.21,-0.22,0.07,17.00,7000.00,-38.00,0.00,7.00
489764.00,2019-06-30 17:50:33.764,0.00,294.23,0.00,1.51,0.00,1.00,1.00,127.35,2.75,11.94,68.76,62.66,0.74,40.28,-0.22,0.08,17.00,7000.00,-38.00,0.00,7.00
489864.00,2019-06-30 17:50:33.864,0.00,294.23,0.00,1.51,0.00,1.00,1.00,127.35,2.75,12.07,68.76,62.66,0.74,40.28,-0.20,0.08,17.00,7000.00,-38.00,0.00,7.00
489964.00,2019-06-30 17:50:33.964,0.00,294.23,0.00,1.51,0.00,1.00,1.00,127.35,2.75,12.05,68.81,62.66,0.78,40.28,-0.23,0.08,17.00,7000.00,-38.00,0.00,7.00
490064.00,2019-06-30 17:50:34.064,0.00,294.23,0.00,1.51,0.00,1.00,1.00,127.35,2.75,11.95,68.81,62.81,0.78,40.28,-0.20,0.08,17.00,7000.00,-38.00,0.00,7.00
490164.00,2019-06-30 17:50:34.164,0.00,294.23,0.00,1.51,0.00,1.00,1.00,127.35,2.75,12.05,68.81,62.81,0.78,40.25,-0.24,0.08,17.00,7000.00,-38.00,0.00,7.00
490264.00,2019-06-30 17:50:34.264,0.00,294.23,0.00,1.51,0.00,1.00,1.00,127.35,2.75,12.07,68.82,62.72,0.73,40.25,-0.21,0.08,17.00,7000.00,-38.00,0.00,7.00
490364.00,2019-06-30 17:50:34.364,0.00,294.23,0.00,1.51,0.00,1.00,1.00,127.35,2.75,11.91,68.82,62.72,0.73,40.25,-0.21,0.08,17.00,7000.00,-38.00,0.00,7.00
490464.00,2019-06-30 17:50:34.464,0.00,294.23,0.00,1.51,0.00,1.00,1.00,127.35,2.75,12.08,68.82,62.72,0.84,40.25,-0.22,0.08,17.00,7000.00,-38.00,0.00,7.00
490564.00,2019-06-30 17:50:34.564,0.00,294.23,0.00,1.51,0.00,1.00,1.00,127.35,2.75,12.05,68.82,62.70,0.84,40.26,-0.21,0.08,17.00,7000.00,-38.00,0.00,7.00
490664.00,2019-06-30 17:50:34.664,0.00,294.23,0.00,1.51,0.00,1.00,1.00,127.35,2.75,11.94,68.82,62.70,0.84,40.26,-0.23,0.08,17.00,7000.00,-38.00,0.00,7.00
490764.00,2019-06-30 17:50:34.764,0.00,294.23,0.00,1.51,0.00,1.00,1.00,127.35,2.75,12.07,68.76,62.76,0.81,40.26,-0.22,0.08,17.00,7000.00,-38.00,0.00,7.00
490864.00,2019-06-30 17:50:34.864,0.00,294.23,0.00,1.51,0.00,1.00,1.00,127.35,2.75,11.92,68.76,62.76,0.81,40.26,-0.21,0.08,17.00,7000.00,-38.00,0.00,7.00
490964.00,2019-06-30 17:50:34.964,0.00,294.23,0.00,1.51,0.00,1.00,1.00,127.35,2.75,12.07,68.76,62.76,0.81,40.20,-0.22,0.08,17.00,7000.00,-38.00,0.00,7.00
491064.00,2019-06-30 17:50:35.064,0.00,294.23,0.00,1.51,0.00,1.00,1.00,127.35,2.75,12.07,68.76,62.71,0.89,40.20,-0.21,0.08,17.00,7000.00,-38.00,0.00,7.00
491164.00,2019-06-30 17:50:35.164,0.00,294.23,0.00,1.51,0.00,1.00,1.00,127.35,2.75,11.92,68.76,62.71,0.89,40.20,-0.22,0.08,17.00,7000.00,-38.00,0.00,7.00
491264.00,2019-06-30 17:50:35.264,0.00,294.23,0.00,1.51,0.00,1.00,1.00,127.35,2.75,12.06,68.80,62.74,0.84,40.20,-0.20,0.08,17.00,7000.00,-38.00,0.00,7.00
491364.00,2019-06-30 17:50:35.364,0.00,294.23,0.00,1.51,0.00,1.00,1.00,127.35,2.75,11.91,68.80,62.74,0.84,40.20,-0.23,0.08,17.00,7000.00,-38.00,0.00,7.00
491464.00,2019-06-30 17:50:35.464,0.00,294.23,0.00,1.51,0.00,1.00,1.00,127.35,2.75,12.08,68.80,62.74,0.84,40.20,-0.22,0.08,17.00,7000.00,-38.00,0.00,7.00
491564.00,2019-06-30 17:50:35.564,0.00,294.23,0.00,1.51,0.00,1.00,1.00,127.35,2.75,12.04,68.82,62.69,0.89,40.20,-0.22,0.08,17.00,7000.00,-38.00,0.00,7.00
491664.00,2019-06-30 17:50:35.664,0.00,294.23,0.00,1.51,0.00,1.00,1.00,127.35,2.75,12.06,68.82,62.69,0.89,40.20,-0.24,0.08,17.00,7000.00,-38.00,0.00,7.00
491764.00,2019-06-30 17:50:35.764,0.00,294.23,0.00,1.51,0.00,1.00,1.00,127.35,2.75,12.08,68.82,62.70,0.88,40.23,-0.20,0.08,17.00,7000.00,-38.00,0.00,7.00
491864.00,2019-06-30 17:50:35.864,0.00,294.23,0.00,1.51,0.00,1.00,1.00,127.35,2.75,11.91,68.81,62.70,0.88,40.23,-0.23,0.08,17.00,7000.00,-38.00,0.00,7.00
491964.00,2019-06-30 17:50:35.964,0.00,294.23,0.00,1.51,0.00,1.00,1.00,127.35,2.75,12.08,68.81,62.70,0.88,40.23,-0.22,0.08,17.00,7000.00,-38.00,0.00,7.00
492064.00,2019-06-30 17:50:36.064,0.00,294.23,0.00,1.51,0.00,1.00,1.00,127.35,2.75,11.95,68.80,62.70,0.96,40.23,-0.22,0.08,17.00,7000.00,-38.00,0.00,7.00
492164.00,2019-06-30 17:50:36.164,0.00,294.23,0.00,1.51,0.00,1.00,1.00,127.35,2.75,11.95,68.80,62.70,0.96,40.34,-0.22,0.08,17.00,7000.00,-38.00,0.00,7.00
492264.00,2019-06-30 17:50:36.264,0.00,294.23,0.00,1.51,0.00,1.00,1.00,127.35,2.75,12.05,68.80,62.63,0.96,40.34,-0.21,0.08,17.00,7000.00,-38.00,0.00,7.00
492364.00,2019-06-30 17:50:36.364,0.00,294.23,0.00,1.51,0.00,1.00,1.00,127.35,2.75,11.92,68.78,62.63,0.95,40.34,-0.22,0.08,17.00,7000.00,-38.00,0.00,7.00
492464.00,2019-06-30 17:50:36.464,0.00,294.23,0.00,1.51,0.00,1.00,1.00,127.35,2.75,11.93,68.78,62.63,0.95,40.34,-0.20,0.08,17.00,7000.00,-38.00,0.00,7.00
492564.00,2019-06-30 17:50:36.564,0.00,294.23,0.00,1.51,0.00,1.00,1.00,127.35,2.75,12.07,68.88,62.76,0.98,40.23,-0.22,0.08,17.00,7000.00,-38.00,0.00,7.00
492664.00,2019-06-30 17:50:36.664,0.00,294.23,0.00,1.51,0.00,1.00,1.00,127.35,2.75,11.94,68.88,62.76,0.98,40.23,-0.21,0.08,17.00,7000.00,-38.00,0.00,7.00
492764.00,2019-06-30 17:50:36.764,0.00,294.23,0.00,1.51,0.00,1.00,1.00,127.35,2.75,12.06,68.88,62.70,0.98,40.23,-0.21,0.08,17.00,7000.00,-38.00,0.00,7.00
492864.00,2019-06-30 17:50:36.864,0.00,294.23,0.00,1.51,0.00,1.00,1.00,127.35,2.75,12.06,68.78,62.70,1.02,40.23,-0.22,0.08,17.00,7000.00,-38.00,0.00,7.00
492964.00,2019-06-30 17:50:36.964,0.00,294.23,0.00,1.51,0.00,1.00,1.00,127.35,2.75,11.95,68.78,62.70,1.02,40.28,-0.21,0.08,17.00,7000.00,-38.00,0.00,7.00
493064.00,2019-06-30 17:50:37.064,0.00,294.23,0.00,1.51,0.00,1.00,1.00,127.35,2.75,12.04,68.82,62.66,1.04,40.28,-0.24,0.08,17.00,7000.00,-38.00,0.00,7.00
493164.00,2019-06-30 17:50:37.164,0.00,294.23,0.00,1.51,0.00,1.00,1.00,127.35,2.75,12.07,68.82,62.66,1.04,40.28,-0.23,0.08,17.00,7000.00,-38.00,0.00,7.00
493264.00,2019-06-30 17:50:37.264,0.00,294.23,0.00,1.51,0.00,1.00,1.00,127.35,2.75,11.92,68.82,62.70,1.04,40.28,-0.22,0.08,17.00,7000.00,-38.00,0.00,7.00
493364.00,2019-06-30 17:50:37.364,0.00,294.23,0.00,1.51,0.00,1.00,1.00,127.35,2.75,12.07,68.79,62.70,1.09,40.23,-0.22,0.08,17.00,7000.00,-38.00,0.00,7.00
493464.00,2019-06-30 17:50:37.464,0.00,294.23,0.00,1.51,0.00,1.00,1.00,127.35,2.75,12.07,68.79,62.70,1.09,40.23,-0.22,0.08,17.00,7000.00,-38.00,0.00,7.00
493564.00,2019-06-30 17:50:37.564,0.00,294.23,0.00,1.51,0.00,1.00,1.00,127.35,2.75,11.94,68.79,62.70,1.09,40.23,-0.23,0.07,17.00,7000.00,-38.00,0.00,7.00
493664.00,2019-06-30 17:50:37.664,0.00,294.23,0.00,1.51,0.00,1.00,1.00,127.35,2.75,12.06,68.81,62.70,1.09,40.23,-0.20,0.08,17.00,7000.00,-38.00,0.00,7.00
493764.00,2019-06-30 17:50:37.764,0.00,294.23,0.00,1.51,0.00,1.00,1.00,127.35,2.75,12.06,68.81,62.66,1.09,40.27,-0.25,0.08,17.00,7000.00,-38.00,0.00,7.00
493864.00,2019-06-30 17:50:37.864,0.00,294.23,0.00,1.51,0.00,1.00,1.00,127.35,2.75,11.95,68.82,62.66,1.11,40.27,-0.22,0.08,17.00,7000.00,-38.00,0.00,7.00
493964.00,2019-06-30 17:50:37.964,0.00,294.23,0.00,1.51,0.00,1.00,1.00,127.35,2.75,12.04,68.82,62.66,1.11,40.27,-0.22,0.08,17.00,7000.00,-38.00,0.00,7.00
494064.00,2019-06-30 17:50:38.064,0.00,294.23,0.00,1.51,0.00,1.00,1.00,127.35,2.75,12.07,68.82,62.67,1.11,40.27,-0.22,0.08,17.00,7000.00,-38.00,0.00,7.00
494164.00,2019-06-30 17:50:38.164,0.00,294.23,0.00,1.51,0.00,1.00,1.00,127.35,2.75,11.92,68.82,62.67,1.16,40.20,-0.20,0.08,17.00,7000.00,-38.00,0.00,7.00
494264.00,2019-06-30 17:50:38.264,0.00,294.23,0.00,1.51,0.00,1.00,1.00,127.35,2.75,12.07,68.82,62.60,1.16,40.20,-0.24,0.08,17.00,7000.00,-38.00,0.00,7.00
494364.00,2019-06-30 17:50:38.364,0.00,294.23,0.00,1.51,0.00,1.00,1.00,127.35,2.75,11.94,68.84,62.60,1.15,40.20,-0.22,0.08,17.00,7000.00,-38.00,0.00,7.00
494464.00,2019-06-30 17:50:38.464,0.00,294.23,0.00,1.51,0.00,1.00,1.00,127.35,2.75,12.05,68.84,62.60,1.15,40.20,-0.24,0.08,17.00,7000.00,-38.00,0.00,7.00
494564.00,2019-06-30 17:50:38.564,0.00,294.23,0.00,1.51,0.00,1.00,1.00,127.35,2.75,12.08,68.84,62.67,1.15,40.21,-0.22,0.08,17.00,7000.00,-38.00,0.00,7.00
494664.00,2019-06-30 17:50:38.664,0.00,294.23,0.00,1.51,0.00,1.00,1.00,127.35,2.75,11.92,68.89,62.67,1.16,40.21,-0.21,0.08,17.00,7000.00,-38.00,0.00,7.00
494764.00,2019-06-30 17:50:38.764,0.00,294.23,0.00,1.51,0.00,1.00,1.00,127.35,2.75,12.07,68.89,62.70,1.16,40.21,-0.23,0.08,17.00,7000.00,-38.00,0.00,7.00
494864.00,2019-06-30 17:50:38.864,0.00,294.23,0.00,1.51,0.00,1.00,1.00,127.35,2.75,12.06,68.89,62.70,1.16,40.21,-0.21,0.08,17.00,7000.00,-38.00,0.00,7.00
494964.00,2019-06-30 17:50:38.964,0.00,294.23,0.00,1.51,0.00,1.00,1.00,127.35,2.75,11.93,68.84,62.70,1.18,40.23,-0.23,0.08,17.00,7000.00,-38.00,0.00,7.00
495064.00,2019-06-30 17:50:39.064,0.00,294.23,0.00,1.51,0.00,1.00,1.00,127.35,2.75,12.08,68.84,62.62,1.18,40.23,-0.22,0.08,17.00,7000.00,-38.00,0.00,7.00
495164.00,2019-06-30 17:50:39.164,0.00,294.23,0.00,1.51,0.00,1.00,1.00,127.35,2.75,12.04,68.82,62.62,1.28,40.23,-0.22,0.08,17.00,7000.00,-38.00,0.00,7.00
495264.00,2019-06-30 17:50:39.264,0.00,294.23,0.00,1.51,0.00,1.00,1.00,127.35,2.75,11.95,68.82,62.64,1.28,40.23,-0.22,0.08,17.00,7000.00,-38.00,0.00,7.00
495364.00,2019-06-30 17:50:39.364,0.00,294.23,0.00,1.51,0.00,1.00,1.00,127.35,2.75,12.05,68.82,62.64,1.28,40.30,-0.20,0.08,17.00,7000.00,-38.00,0.00,7.00
495464.00,2019-06-30 17:50:39.464,0.00,294.23,0.00,1.51,0.00,1.00,1.00,127.35,2.75,11.91,68.84,62.64,1.20,40.30,-0.24,0.08,17.00,7000.00,-38.00,0.00,7.00
495564.00,2019-06-30 17:50:39.564,0.00,294.23,0.00,1.51,0.00,1.00,1.00,127.35,2.75,12.07,68.84,62.66,1.20,40.30,-0.22,0.08,17.00,7000.00,-38.00,0.00,7.00
495664.00,2019-06-30 17:50:39.664,0.00,294.23,0.00,1.51,0.00,1.00,1.00,127.35,2.75,12.05,68.80,62.66,1.30,40.30,-0.24,0.07,17.00,7000.00,-38.00,0.00,7.00
495764.00,2019-06-30 17:50:39.764,0.00,294.23,0.00,1.51,0.00,1.00,1.00,127.35,2.75,11.95,68.80,62.62,1.30,40.30,-0.21,0.08,17.00,7000.00,-38.00,0.00,7.00
495864.00,2019-06-30 17:50:39.864,0.00,294.23,0.00,1.51,0.00,1.00,1.00,127.35,2.75,12.05,68.80,62.62,1.30,40.30,-0.20,0.08,17.00,7000.00,-38.00,0.00,7.00
495964.00,2019-06-30 17:50:39.964,0.00,294.23,0.00,1.51,0.00,1.00,1.00,127.35,2.75,12.07,68.82,62.62,1.26,40.30,-0.23,0.08,17.00,7000.00,-38.00,0.00,7.00
496064.00,2019-06-30 17:50:40.064,0.00,294.23,0.00,1.51,0.00,1.00,1.00,127.35,2.75,12.08,68.82,62.62,1.26,40.30,-0.19,0.07,17.00,7000.00,-38.00,0.00,7.00
496164.00,2019-06-30 17:50:40.164,0.00,294.23,0.00,1.51,0.00,1.00,1.00,127.35,2.75,12.05,68.93,62.62,1.26,40.28,-0.23,0.08,17.00,7000.00,-38.00,0.00,7.00
496264.00,2019-06-30 17:50:40.264,0.00,294.23,0.00,1.51,0.00,1.00,1.00,127.35,2.75,11.95,68.93,62.63,1.26,40.28,-0.21,0.08,17.00,7000.00,-38.00,0.00,7.00
496364.00,2019-06-30 17:50:40.364,0.00,294.23,0.00,1.51,0.00,1.00,1.00,127.35,2.75,12.06,68.93,62.63,1.26,40.28,-0.22,0.08,17.00,7000.00,-38.00,0.00,7.00
496464.00,2019-06-30 17:50:40.464,0.00,294.23,0.00,1.51,0.00,1.00,1.00,127.35,2.75,11.94,68.80,62.63,1.36,40.28,-0.22,0.08,17.00,7000.00,-38.00,0.00,7.00
496564.00,2019-06-30 17:50:40.564,0.00,294.23,0.00,1.51,0.00,1.00,1.00,127.35,2.75,12.05,68.80,62.59,1.36,40.21,-0.22,0.08,17.00,7000.00,-38.00,0.00,7.00
496664.00,2019-06-30 17:50:40.664,0.00,294.23,0.00,1.51,0.00,1.00,1.00,127.35,2.75,12.07,68.80,62.59,1.36,40.21,-0.24,0.08,17.00,7000.00,-38.00,0.00,7.00
496764.00,2019-06-30 17:50:40.764,0.00,294.23,0.00,1.51,0.00,1.00,1.00,127.35,2.75,12.08,68.88,62.65,1.39,40.21,-0.21,0.08,17.00,7000.00,-38.00,0.00,7.00
496864.00,2019-06-30 17:50:40.864,0.00,294.23,0.00,1.51,0.00,1.00,1.00,127.35,2.75,12.05,68.88,62.65,1.39,40.21,-0.22,0.07,17.00,7000.00,-38.00,0.00,7.00
496964.00,2019-06-30 17:50:40.964,0.00,294.23,0.00,1.51,0.00,1.00,1.00,127.35,2.75,11.93,68.89,62.65,1.39,40.26,-0.22,0.08,17.00,7000.00,-38.00,0.00,7.00
497064.00,2019-06-30 17:50:41.064,0.00,294.23,0.00,1.51,0.00,1.00,1.00,127.35,2.75,12.07,68.89,62.70,1.39,40.26,-0.20,0.08,17.00,7000.00,-38.00,0.00,7.00
497164.00,2019-06-30 17:50:41.164,0.00,294.23,0.00,1.51,0.00,1.00,1.00,127.35,2.75,12.05,68.89,62.70,1.39,40.26,-0.22,0.07,17.00,7000.00,-38.00,0.00,7.00
497264.00,2019-06-30 17:50:41.264,0.00,294.23,0.00,1.51,0.00,1.00,1.00,127.35,2.75,12.06,68.81,62.66,1.39,40.26,-0.21,0.08,17.00,7000.00,-38.00,0.00,7.00
497364.00,2019-06-30 17:50:41.364,0.00,294.23,0.00,1.51,0.00,1.00,1.00,127.35,2.75,12.05,68.81,62.66,1.39,40.27,-0.23,0.08,17.00,7000.00,-38.00,0.00,7.00
497464.00,2019-06-30 17:50:41.464,0.00,294.23,0.00,1.51,0.00,1.00,1.00,127.35,2.75,12.08,68.88,62.66,1.39,40.27,-0.21,0.08,17.00,7000.00,-38.00,0.00,7.00
497564.00,2019-06-30 17:50:41.564,0.00,294.23,0.00,1.51,0.00,1.00,1.00,127.35,2.75,11.91,68.88,62.63,1.45,40.27,-0.22,0.08,17.00,7000.00,-38.00,0.00,7.00
497664.00,2019-06-30 17:50:41.664,0.00,294.23,0.00,1.51,0.00,1.00,1.00,127.35,2.75,12.07,68.88,62.63,1.45,40.27,-0.22,0.08,17.00,7000.00,-38.00,0.00,7.00
497764.00,2019-06-30 17:50:41.764,0.00,294.23,0.00,1.51,0.00,1.00,1.00,127.35,2.75,12.06,68.84,62.58,1.45,40.23,-0.21,0.07,17.00,7000.00,-38.00,0.00,7.00
497864.00,2019-06-30 17:50:41.864,0.00,294.23,0.00,1.51,0.00,1.00,1.00,127.35,2.75,12.06,68.84,62.58,1.45,40.23,-0.23,0.08,17.00,7000.00,-38.00,0.00,7.00
497964.00,2019-06-30 17:50:41.964,0.00,294.23,0.00,1.51,0.00,1.00,1.00,127.35,2.75,12.07,68.84,62.58,1.45,40.23,-0.22,0.08,17.00,7000.00,-38.00,0.00,7.00
498064.00,2019-06-30 17:50:42.064,0.00,294.23,0.00,1.51,0.00,1.00,1.00,127.35,2.75,11.95,68.81,62.55,1.48,40.23,-0.22,0.08,17.00,7000.00,-38.00,0.00,7.00
498164.00,2019-06-30 17:50:42.164,0.00,294.23,0.00,1.51,0.00,1.00,1.00,127.35,2.75,11.95,68.81,62.55,1.48,40.30,-0.22,0.08,17.00,7000.00,-38.00,0.00,7.00
498264.00,2019-06-30 17:50:42.264,0.00,294.23,0.00,1.51,0.00,1.00,1.00,127.35,2.75,12.05,68.88,62.59,1.50,40.30,-0.21,0.08,17.00,7000.00,-38.00,0.00,7.00
498364.00,2019-06-30 17:50:42.364,0.00,294.23,0.00,1.51,0.00,1.00,1.00,127.35,2.75,12.07,68.88,62.59,1.50,40.30,-0.22,0.08,17.00,7000.00,-38.00,0.00,7.00
498464.00,2019-06-30 17:50:42.464,0.00,294.23,0.00,1.51,0.00,1.00,1.00,127.35,2.75,11.93,68.88,62.59,1.50,40.30,-0.19,0.08,17.00,7000.00,-38.00,0.00,7.00
498564.00,2019-06-30 17:50:42.564,0.00,294.23,0.00,1.51,0.00,1.00,1.00,127.35,2.75,12.05,68.89,62.57,1.50,40.28,-0.24,0.08,17.00,7000.00,-38.00,0.00,7.00
498664.00,2019-06-30 17:50:42.664,0.00,294.23,0.00,1.51,0.00,1.00,1.00,127.35,2.75,12.08,68.89,62.57,1.50,40.28,-0.22,0.08,17.00,7000.00,-38.00,0.00,7.00
498764.00,2019-06-30 17:50:42.764,0.00,294.23,0.00,1.51,0.00,1.00,1.00,127.35,2.75,12.06,68.88,62.53,1.50,40.28,-0.22,0.08,17.00,7000.00,-38.00,0.00,7.00
498864.00,2019-06-30 17:50:42.864,0.00,294.23,0.00,1.51,0.00,1.00,1.00,127.35,2.75,11.93,68.88,62.53,1.56,40.28,-0.23,0.08,17.00,7000.00,-38.00,0.00,7.00
498964.00,2019-06-30 17:50:42.964,0.00,294.23,0.00,1.51,0.00,1.00,1.00,127.35,2.75,12.08,68.88,62.53,1.56,40.21,-0.21,0.08,17.00,7000.00,-38.00,0.00,7.00
499064.00,2019-06-30 17:50:43.064,0.00,294.23,0.00,1.51,0.00,1.00,1.00,127.35,2.75,12.04,68.81,62.63,1.59,40.21,-0.23,0.08,17.00,7000.00,-38.00,0.00,7.00
499164.00,2019-06-30 17:50:43.164,0.00,294.23,0.00,1.51,0.00,1.00,1.00,127.35,2.75,11.94,68.81,62.63,1.59,40.21,-0.23,0.08,17.00,7000.00,-38.00,0.00,7.00
499264.00,2019-06-30 17:50:43.264,0.00,294.23,0.00,1.51,0.00,1.00,1.00,127.35,2.75,12.08,68.81,62.58,1.59,40.21,-0.21,0.08,17.00,7000.00,-38.00,0.00,7.00
499364.00,2019-06-30 17:50:43.364,0.00,294.23,0.00,1.51,0.00,1.00,1.00,127.35,2.75,12.08,68.88,62.58,1.61,40.30,-0.22,0.08,17.00,7000.00,-38.00,0.00,7.00
499464.00,2019-06-30 17:50:43.464,0.00,294.23,0.00,1.51,0.00,1.00,1.00,127.35,2.75,11.92,68.88,62.58,1.61,40.30,-0.22,0.08,17.00,7000.00,-38.00,0.00,7.00
499564.00,2019-06-30 17:50:43.564,0.00,294.23,0.00,1.51,0.00,1.00,1.00,127.35,2.75,12.05,68.80,62.58,1.65,40.30,-0.23,0.07,17.00,7000.00,-38.00,0.00,7.00
499664.00,2019-06-30 17:50:43.664,0.00,294.23,0.00,1.51,0.00,1.00,1.00,127.35,2.75,11.95,68.80,62.58,1.65,40.30,-0.20,0.08,17.00,7000.00,-38.00,0.00,7.00
499764.00,2019-06-30 17:50:43.764,0.00,294.23,0.00,1.51,0.00,1.00,1.00,127.35,2.75,12.05,68.80,62.55,1.65,40.26,-0.23,0.08,17.00,7000.00,-38.00,0.00,7.00
499864.00,2019-06-30 17:50:43.864,0.00,294.23,0.00,1.51,0.00,1.00,1.00,127.35,2.75,12.07,68.86,62.55,1.60,40.26,-0.22,0.08,17.00,7000.00,-38.00,0.00,7.00
499964.00,2019-06-30 17:50:43.964,0.00,294.23,0.00,1.51,0.00,1.00,1.00,127.35,2.75,11.93,68.86,62.55,1.60,40.26,-0.22,0.08,17.00,7000.00,-38.00,0.00,7.00
500064.00,2019-06-30 17:50:44.064,0.00,294.23,0.00,1.51,0.00,1.00,1.00,127.35,2.75,12.06,68.87,62.57,1.60,40.26,-0.22,0.08,17.00,7000.00,-38.00,0.00,7.00
500164.00,2019-06-30 17:50:44.164,0.00,294.23,0.00,1.51,0.00,1.00,1.00,127.35,2.75,12.08,68.87,62.57,1.65,40.35,-0.21,0.08,17.00,7000.00,-38.00,0.00,7.00
500264.00,2019-06-30 17:50:44.264,0.00,294.23,0.00,1.51,0.00,1.00,1.00,127.35,2.75,11.93,68.87,62.60,1.65,40.35,-0.23,0.08,17.00,7000.00,-38.00,0.00,7.00
500364.00,2019-06-30 17:50:44.364,0.00,294.23,0.00,1.51,0.00,1.00,1.00,127.35,2.75,12.07,68.84,62.60,1.66,40.35,-0.22,0.08,17.00,7000.00,-38.00,0.00,7.00
500464.00,2019-06-30 17:50:44.464,0.00,294.23,0.00,1.51,0.00,1.00,1.00,127.35,2.75,12.05,68.84,62.60,1.66,40.35,-0.22,0.07,17.00,7000.00,-38.00,0.00,7.00
500564.00,2019-06-30 17:50:44.564,0.00,294.23,0.00,1.51,0.00,1.00,1.00,127.35,2.75,11.95,68.84,62.53,1.66,40.32,-0.21,0.08,17.00,7000.00,-38.00,0.00,7.00
500664.00,2019-06-30 17:50:44.664,0.00,294.23,0.00,1.51,0.00,1.00,1.00,127.35,2.75,12.07,68.84,62.53,1.73,40.32,-0.22,0.08,17.00,7000.00,-38.00,0.00,7.00
500764.00,2019-06-30 17:50:44.764,0.00,294.23,0.00,1.51,0.00,1.00,1.00,127.35,2.75,11.91,68.84,62.60,1.73,40.32,-0.21,0.08,17.00,7000.00,-38.00,0.00,7.00
500864.00,2019-06-30 17:50:44.864,0.00,294.23,0.00,1.51,0.00,1.00,1.00,127.35,2.75,12.08,68.84,62.60,1.71,40.32,-0.20,0.08,17.00,7000.00,-38.00,0.00,7.00
500964.00,2019-06-30 17:50:44.964,0.00,294.23,0.00,1.51,0.00,1.00,1.00,127.35,2.75,12.05,68.84,62.60,1.71,40.30,-0.25,0.08,17.00,7000.00,-38.00,0.00,7.00
501064.00,2019-06-30 17:50:45.064,0.00,294.23,0.00,1.51,0.00,1.00,1.00,127.35,2.75,11.94,68.84,62.60,1.71,40.30,-0.23,0.07,17.00,7000.00,-38.00,0.00,7.00
501164.00,2019-06-30 17:50:45.164,0.00,294.23,0.00,1.51,0.00,1.00,1.00,127.35,2.75,12.06,68.88,62.60,1.67,40.30,-0.21,0.08,17.00,7000.00,-38.00,0.00,7.00
501264.00,2019-06-30 17:50:45.264,0.00,294.23,0.00,1.51,0.00,1.00,1.00,127.35,2.75,12.05,68.88,62.58,1.67,40.30,-0.23,0.08,17.00,7000.00,-38.00,0.00,7.00
501364.00,2019-06-30 17:50:45.364,0.00,294.23,0.00,1.51,0.00,1.00,1.00,127.35,2.75,11.95,68.86,62.58,1.67,40.37,-0.20,0.08,17.00,7000.00,-38.00,0.00,7.00
501464.00,2019-06-30 17:50:45.464,0.00,294.23,0.00,1.51,0.00,1.00,1.00,127.35,2.75,12.04,68.86,62.58,1.80,40.37,-0.23,0.08,17.00,7000.00,-38.00,0.00,7.00
501564.00,2019-06-30 17:50:45.564,0.00,294.23,0.00,1.51,0.00,1.00,1.00,127.35,2.75,12.08,68.86,62.57,1.80,40.37,-0.21,0.08,17.00,7000.00,-38.00,0.00,7.00
501664.00,2019-06-30 17:50:45.664,0.00,294.23,0.00,1.51,0.00,1.00,1.00,127.35,2.75,11.92,68.84,62.57,1.84,40.37,-0.22,0.08,17.00,7000.00,-38.00,0.00,7.00
501764.00,2019-06-30 17:50:45.764,0.00,294.23,0.00,1.51,0.00,1.00,1.00,127.35,2.75,12.07,68.84,62.51,1.84,40.30,-0.22,0.08,17.00,7000.00,-38.00,0.00,7.00
501864.00,2019-06-30 17:50:45.864,0.00,294.23,0.00,1.51,0.00,1.00,1.00,127.35,2.75,12.08,68.86,62.51,1.84,40.30,-0.21,0.08,17.00,7000.00,-38.00,0.00,7.00
501964.00,2019-06-30 17:50:45.964,0.00,294.23,0.00,1.51,0.00,1.00,1.00,127.35,2.75,11.92,68.86,62.51,1.80,40.30,-0.23,0.08,17.00,7000.00,-38.00,0.00,7.00
502064.00,2019-06-30 17:50:46.064,0.00,294.23,0.00,1.51,0.00,1.00,1.00,127.35,2.75,12.08,68.86,62.55,1.80,40.30,-0.20,0.08,17.00,7000.00,-38.00,0.00,7.00
502164.00,2019-06-30 17:50:46.164,0.00,294.23,0.00,1.51,0.00,1.00,1.00,127.35,2.75,12.05,68.84,62.55,1.84,40.28,-0.23,0.08,17.00,7000.00,-38.00,0.00,7.00
502264.00,2019-06-30 17:50:46.264,0.00,294.23,0.00,1.51,0.00,1.00,1.00,127.35,2.75,11.95,68.84,62.58,1.84,40.28,-0.23,0.08,17.00,7000.00,-38.00,0.00,7.00
502364.00,2019-06-30 17:50:46.364,0.00,294.23,0.00,1.51,0.00,1.00,1.00,127.35,2.75,12.04,68.84,62.58,1.84,40.28,-0.22,0.08,17.00,7000.00,-38.00,0.00,7.00
502464.00,2019-06-30 17:50:46.464,0.00,294.23,0.00,1.51,0.00,1.00,1.00,127.35,2.75,12.07,68.88,62.58,1.90,40.28,-0.22,0.08,17.00,7000.00,-38.00,0.00,7.00
502564.00,2019-06-30 17:50:46.564,0.00,294.23,0.00,1.51,0.00,1.00,1.00,127.35,2.75,11.92,68.88,62.48,1.90,40.34,-0.19,0.08,17.00,7000.00,-38.00,0.00,7.00
502664.00,2019-06-30 17:50:46.664,0.00,294.23,0.00,1.51,0.00,1.00,1.00,127.35,2.75,12.05,68.87,62.48,1.90,40.34,-0.23,0.07,17.00,7000.00,-38.00,0.00,7.00
502764.00,2019-06-30 17:50:46.764,0.00,294.23,0.00,1.51,0.00,1.00,1.00,127.35,2.75,11.94,68.87,62.48,1.93,40.34,-0.22,0.08,17.00,7000.00,-38.00,0.00,7.00
502864.00,2019-06-30 17:50:46.864,0.00,294.23,0.00,1.51,0.00,1.00,1.00,127.35,2.75,12.05,68.87,62.48,1.93,40.34,-0.22,0.08,17.00,7000.00,-38.00,0.00,7.00
502964.00,2019-06-30 17:50:46.964,0.00,294.23,0.00,1.51,0.00,1.00,1.00,127.35,2.75,12.08,68.80,62.48,1.90,40.30,-0.22,0.08,17.00,7000.00,-38.00,0.00,7.00
503064.00,2019-06-30 17:50:47.064,0.00,294.23,0.00,1.51,0.00,1.00,1.00,127.35,2.75,11.92,68.80,62.53,1.90,40.30,-0.23,0.08,17.00,7000.00,-38.00,0.00,7.00
503164.00,2019-06-30 17:50:47.164,0.00,294.23,0.00,1.51,0.00,1.00,1.00,127.35,2.75,12.07,68.89,62.53,1.90,40.30,-0.22,0.07,17.00,7000.00,-38.00,0.00,7.00
503264.00,2019-06-30 17:50:47.264,0.00,294.23,0.00,1.51,0.00,1.00,1.00,127.35,2.75,11.95,68.89,62.51,1.99,40.30,-0.19,0.08,17.00,7000.00,-38.00,0.00,7.00
503364.00,2019-06-30 17:50:47.364,0.00,294.23,0.00,1.51,0.00,1.00,1.00,127.35,2.75,12.05,68.89,62.51,1.99,40.28,-0.23,0.08,17.00,7000.00,-38.00,0.00,7.00
503464.00,2019-06-30 17:50:47.464,0.00,294.23,0.00,1.51,0.00,1.00,1.00,127.35,2.75,12.08,68.89,62.51,2.03,40.28,-0.22,0.08,17.00,7000.00,-38.00,0.00,7.00
503564.00,2019-06-30 17:50:47.564,0.00,294.23,0.00,1.51,0.00,1.00,1.00,127.35,2.75,12.08,68.89,62.51,2.03,40.28,-0.22,0.08,17.00,7000.00,-38.00,0.00,7.00
503664.00,2019-06-30 17:50:47.664,0.00,294.23,0.00,1.51,0.00,1.00,1.00,127.35,2.75,12.07,68.84,62.51,2.03,40.28,-0.22,0.08,17.00,7000.00,-38.00,0.00,7.00
503764.00,2019-06-30 17:50:47.764,0.00,294.23,0.00,1.51,0.00,1.00,1.00,127.35,2.75,12.06,68.84,62.53,1.98,40.34,-0.22,0.08,17.00,7000.00,-38.00,0.00,7.00
503864.00,2019-06-30 17:50:47.864,0.00,294.23,0.00,1.51,0.00,1.00,1.00,127.35,2.75,11.93,68.84,62.53,1.98,40.34,-0.23,0.08,17.00,7000.00,-38.00,0.00,7.00
503964.00,2019-06-30 17:50:47.964,0.00,294.23,0.00,1.51,0.00,1.00,1.00,127.35,2.75,12.07,68.82,62.53,1.98,40.34,-0.21,0.08,17.00,7000.00,-38.00,0.00,7.00
504064.00,2019-06-30 17:50:48.064,0.00,294.23,0.00,1.51,0.00,1.00,1.00,127.35,2.75,11.92,68.82,62.58,1.97,40.34,-0.22,0.08,17.00,7000.00,-38.00,0.00,7.00
504164.00,2019-06-30 17:50:48.164,0.00,294.23,0.00,1.51,0.00,1.00,1.00,127.35,2.75,12.07,68.82,62.58,1.97,40.30,-0.22,0.08,17.00,7000.00,-38.00,0.00,7.00
504264.00,2019-06-30 17:50:48.264,0.00,294.23,0.00,1.51,0.00,1.00,1.00,127.35,2.75,12.08,68.81,62.58,2.04,40.30,-0.21,0.08,17.00,7000.00,-38.00,0.00,7.00
504364.00,2019-06-30 17:50:48.364,0.00,294.23,0.00,1.51,0.00,1.00,1.00,127.35,2.75,11.94,68.81,62.58,2.04,40.30,-0.23,0.07,17.00,7000.00,-38.00,0.00,7.00
504464.00,2019-06-30 17:50:48.464,0.00,294.23,0.00,1.51,0.00,1.00,1.00,127.35,2.75,12.07,68.82,62.58,2.04,40.30,-0.20,0.08,17.00,7000.00,-38.00,0.00,7.00
504564.00,2019-06-30 17:50:48.564,0.00,294.23,0.00,1.51,0.00,1.00,1.00,127.35,2.75,12.05,68.82,62.50,2.09,40.25,-0.22,0.08,17.00,7000.00,-38.00,0.00,7.00
504664.00,2019-06-30 17:50:48.664,0.00,294.23,0.00,1.51,0.00,1.00,1.00,127.35,2.75,11.95,68.82,62.50,2.09,40.25,-0.22,0.08,17.00,7000.00,-38.00,0.00,7.00
504764.00,2019-06-30 17:50:48.764,0.00,294.23,0.00,1.51,0.00,1.00,1.00,127.35,2.75,12.04,68.84,62.53,2.04,40.25,-0.22,0.08,17.00,7000.00,-38.00,0.00,7.00
504864.00,2019-06-30 17:50:48.864,0.00,294.23,0.00,1.51,0.00,1.00,1.00,127.35,2.75,11.92,68.84,62.53,2.04,40.25,-0.22,0.08,17.00,7000.00,-38.00,0.00,7.00
504964.00,2019-06-30 17:50:48.964,0.00,294.23,0.00,1.51,0.00,1.00,1.00,127.35,2.75,12.08,68.94,62.53,2.04,40.30,-0.20,0.07,17.00,7000.00,-38.00,0.00,7.00
505064.00,2019-06-30 17:50:49.064,0.00,294.23,0.00,1.51,0.00,1.00,1.00,127.35,2.75,12.04,68.94,62.59,2.07,40.30,-0.24,0.08,17.00,7000.00,-38.00,0.00,7.00
505164.00,2019-06-30 17:50:49.164,0.00,294.23,0.00,1.51,0.00,1.00,1.00,127.35,2.75,11.94,68.94,62.59,2.07,40.30,-0.22,0.08,17.00,7000.00,-38.00,0.00,7.00
505264.00,2019-06-30 17:50:49.264,0.00,294.23,0.00,1.51,0.00,1.00,1.00,127.35,2.75,12.05,68.89,62.51,2.07,40.30,-0.22,0.07,17.00,7000.00,-38.00,0.00,7.00
505364.00,2019-06-30 17:50:49.364,0.00,294.23,0.00,1.51,0.00,1.00,1.00,127.35,2.75,12.06,68.89,62.51,2.08,40.23,-0.21,0.08,17.00,7000.00,-38.00,0.00,7.00
505464.00,2019-06-30 17:50:49.464,0.00,294.23,0.00,1.51,0.00,1.00,1.00,127.35,2.75,11.94,68.89,62.51,2.08,40.23,-0.21,0.08,17.00,7000.00,-38.00,0.00,7.00
505564.00,2019-06-30 17:50:49.564,0.00,294.23,0.00,1.51,0.00,1.00,1.00,127.35,2.75,12.04,68.89,62.57,2.18,40.23,-0.22,0.08,17.00,7000.00,-38.00,0.00,7.00
505664.00,2019-06-30 17:50:49.664,0.00,294.23,0.00,1.51,0.00,1.00,1.00,127.35,2.75,12.08,68.89,62.57,2.18,40.23,-0.20,0.08,17.00,7000.00,-38.00,0.00,7.00
505764.00,2019-06-30 17:50:49.764,0.00,294.23,0.00,1.51,0.00,1.00,1.00,127.35,2.75,11.92,68.91,62.51,2.18,40.26,-0.24,0.08,17.00,7000.00,-38.00,0.00,7.00
505864.00,2019-06-30 17:50:49.864,0.00,294.23,0.00,1.51,0.00,1.00,1.00,127.35,2.75,12.08,68.91,62.51,2.08,40.26,-0.21,0.07,17.00,7000.00,-38.00,0.00,7.00
505964.00,2019-06-30 17:50:49.964,0.00,294.23,0.00,1.51,0.00,1.00,1.00,127.35,2.75,12.04,68.91,62.51,2.08,40.26,-0.20,0.08,17.00,7000.00,-38.00,0.00,7.00
506064.00,2019-06-30 17:50:50.064,0.00,294.23,0.00,1.51,0.00,1.00,1.00,127.35,2.75,11.95,68.89,62.52,2.13,40.26,-0.22,0.08,17.00,7000.00,-38.00,0.00,7.00
506164.00,2019-06-30 17:50:50.164,0.00,294.23,0.00,1.51,0.00,1.00,1.00,127.35,2.75,12.06,68.89,62.52,2.13,40.30,-0.21,0.08,17.00,7000.00,-38.00,0.00,7.00
506264.00,2019-06-30 17:50:50.264,0.00,294.23,0.00,1.51,0.00,1.00,1.00,127.35,2.75,12.06,68.88,62.46,2.13,40.30,-0.22,0.08,17.00,7000.00,-38.00,0.00,7.00
506364.00,2019-06-30 17:50:50.364,0.00,294.23,0.00,1.51,0.00,1.00,1.00,127.35,2.75,12.05,68.88,62.46,2.10,40.30,-0.22,0.08,17.00,7000.00,-38.00,0.00,7.00
506464.00,2019-06-30 17:50:50.464,0.00,294.23,0.00,1.51,0.00,1.00,1.00,127.35,2.75,12.04,68.88,62.46,2.10,40.30,-0.22,0.08,17.00,7000.00,-38.00,0.00,7.00
506564.00,2019-06-30 17:50:50.564,0.00,294.23,0.00,1.51,0.00,1.00,1.00,127.35,2.75,12.08,68.82,62.45,2.10,40.33,-0.23,0.08,17.00,7000.00,-38.00,0.00,7.00
506664.00,2019-06-30 17:50:50.664,0.00,294.23,0.00,1.51,0.00,1.00,1.00,127.35,2.75,11.92,68.82,62.45,2.16,40.33,-0.22,0.08,17.00,7000.00,-38.00,0.00,7.00
506764.00,2019-06-30 17:50:50.764,0.00,294.23,0.00,1.51,0.00,1.00,1.00,127.35,2.75,12.05,68.87,62.44,2.16,40.33,-0.23,0.07,17.00,7000.00,-38.00,0.00,7.00
506864.00,2019-06-30 17:50:50.864,0.00,294.23,0.00,1.51,0.00,1.00,1.00,127.35,2.75,11.95,68.87,62.44,2.16,40.33,-0.19,0.07,17.00,7000.00,-38.00,0.00,7.00
506964.00,2019-06-30 17:50:50.964,0.00,294.23,0.00,1.51,0.00,1.00,1.00,127.35,2.75,12.05,68.87,62.44,2.16,40.37,-0.22,0.07,17.00,7000.00,-38.00,0.00,7.00
507064.00,2019-06-30 17:50:51.064,0.00,294.23,0.00,1.51,0.00,1.00,1.00,127.35,2.75,12.08,68.89,62.59,2.16,40.37,-0.22,0.08,17.00,7000.00,-38.00,0.00,7.00
507164.00,2019-06-30 17:50:51.164,0.00,294.23,0.00,1.51,0.00,1.00,1.00,127.35,2.75,11.91,68.89,62.59,2.23,40.37,-0.22,0.08,17.00,7000.00,-38.00,0.00,7.00
507264.00,2019-06-30 17:50:51.264,0.00,294.23,0.00,1.51,0.00,1.00,1.00,127.35,2.75,12.05,68.89,62.50,2.23,40.37,-0.23,0.08,17.00,7000.00,-38.00,0.00,7.00
507364.00,2019-06-30 17:50:51.364,0.00,294.23,0.00,1.51,0.00,1.00,1.00,127.35,2.75,12.06,68.91,62.50,2.29,40.34,-0.22,0.08,17.00,7000.00,-38.00,0.00,7.00
507464.00,2019-06-30 17:50:51.464,0.00,294.23,0.00,1.51,0.00,1.00,1.00,127.35,2.75,12.04,68.91,62.50,2.29,40.34,-0.22,0.08,17.00,7000.00,-38.00,0.00,7.00
507564.00,2019-06-30 17:50:51.564,0.00,294.23,0.00,1.51,0.00,1.00,1.00,127.35,2.75,12.07,68.93,62.55,2.29,40.34,-0.22,0.08,17.00,7000.00,-38.00,0.00,7.00
507664.00,2019-06-30 17:50:51.664,0.00,294.23,0.00,1.51,0.00,1.00,1.00,127.35,2.75,11.92,68.93,62.55,2.27,40.34,-0.23,0.08,17.00,7000.00,-38.00,0.00,7.00
507764.00,2019-06-30 17:50:51.764,0.00,294.23,0.00,1.51,0.00,1.00,1.00,127.35,2.75,12.07,68.93,62.44,2.27,40.28,-0.22,0.08,17.00,7000.00,-38.00,0.00,7.00
507864.00,2019-06-30 17:50:51.864,0.00,294.23,0.00,1.51,0.00,1.00,1.00,127.35,2.75,12.08,68.89,62.44,2.27,40.28,-0.21,0.08,17.00,7000.00,-38.00,0.00,7.00
507964.00,2019-06-30 17:50:51.964,0.00,294.23,0.00,1.51,0.00,1.00,1.00,127.35,2.75,11.91,68.89,62.44,2.29,40.28,-0.22,0.08,17.00,7000.00,-38.00,0.00,7.00
508064.00,2019-06-30 17:50:52.064,0.00,294.23,0.00,1.51,0.00,1.00,1.00,127.35,2.75,12.08,68.91,62.55,2.29,40.28,-0.21,0.08,17.00,7000.00,-38.00,0.00,7.00
508164.00,2019-06-30 17:50:52.164,0.00,294.23,0.00,1.51,0.00,1.00,1.00,127.35,2.75,12.05,68.91,62.55,2.27,40.32,-0.23,0.08,17.00,7000.00,-38.00,0.00,7.00
508264.00,2019-06-30 17:50:52.264,0.00,294.23,0.00,1.51,0.00,1.00,1.00,127.35,2.75,11.94,68.91,62.50,2.27,40.32,-0.22,0.08,17.00,7000.00,-38.00,0.00,7.00
508364.00,2019-06-30 17:50:52.364,0.00,294.23,0.00,1.51,0.00,1.00,1.00,127.35,2.75,12.04,68.86,62.50,2.27,40.32,-0.22,0.08,17.00,7000.00,-38.00,0.00,7.00
508464.00,2019-06-30 17:50:52.464,0.00,294.23,0.00,1.51,0.00,1.00,1.00,127.35,2.75,12.07,68.86,62.50,2.38,40.32,-0.23,0.08,17.00,7000.00,-38.00,0.00,7.00
508564.00,2019-06-30 17:50:52.564,0.00,294.23,0.00,1.51,0.00,1.00,1.00,127.35,2.75,12.08,68.86,62.48,2.38,40.33,-0.20,0.08,17.00,7000.00,-38.00,0.00,7.00
508664.00,2019-06-30 17:50:52.664,0.00,294.23,0.00,1.51,0.00,1.00,1.00,127.35,2.75,12.04,68.91,62.48,2.36,40.33,-0.24,0.07,17.00,7000.00,-38.00,0.00,7.00
508764.00,2019-06-30 17:50:52.764,0.00,294.23,0.00,1.51,0.00,1.00,1.00,127.35,2.75,12.06,68.91,62.50,2.36,40.33,-0.22,0.08,17.00,7000.00,-38.00,0.00,7.00
508864.00,2019-06-30 17:50:52.864,0.00,294.23,0.00,1.51,0.00,1.00,1.00,127.35,2.75,11.91,68.95,62.50,2.36,40.33,-0.23,0.08,17.00,7000.00,-38.00,0.00,7.00
508964.00,2019-06-30 17:50:52.964,0.00,294.23,0.00,1.51,0.00,1.00,1.00,127.35,2.75,12.08,68.95,62.50,2.44,40.32,-0.23,0.08,17.00,7000.00,-38.00,0.00,7.00
509064.00,2019-06-30 17:50:53.064,0.00,294.23,0.00,1.51,0.00,1.00,1.00,127.35,2.75,12.05,68.95,62.53,2.44,40.32,-0.21,0.08,17.00,7000.00,-38.00,0.00,7.00
509164.00,2019-06-30 17:50:53.164,0.00,294.23,0.00,1.51,0.00,1.00,1.00,127.35,2.75,12.06,68.88,62.53,2.44,40.32,-0.22,0.07,17.00,7000.00,-38.00,0.00,7.00
509264.00,2019-06-30 17:50:53.264,0.00,294.23,0.00,1.51,0.00,1.00,1.00,127.35,2.75,12.07,68.88,62.48,2.39,40.32,-0.20,0.08,17.00,7000.00,-38.00,0.00,7.00
509364.00,2019-06-30 17:50:53.364,0.00,294.23,0.00,1.51,0.00,1.00,1.00,127.35,2.75,11.94,68.91,62.48,2.39,40.26,-0.23,0.08,17.00,7000.00,-38.00,0.00,7.00
509464.00,2019-06-30 17:50:53.464,0.00,294.23,0.00,1.51,0.00,1.00,1.00,127.35,2.75,11.95,68.91,62.48,2.36,40.26,-0.20,0.08,17.00,7000.00,-38.00,0.00,7.00
509564.00,2019-06-30 17:50:53.564,0.00,294.23,0.00,1.51,0.00,1.00,1.00,127.35,2.75,12.04,68.91,62.45,2.36,40.26,-0.22,0.08,17.00,7000.00,-38.00,0.00,7.00
509664.00,2019-06-30 17:50:53.664,0.00,294.23,0.00,1.51,0.00,1.00,1.00,127.35,2.75,12.07,69.00,62.45,2.36,40.26,-0.22,0.08,17.00,7000.00,-38.00,0.00,7.00
509764.00,2019-06-30 17:50:53.764,0.00,294.23,0.00,1.51,0.00,1.00,1.00,127.35,2.75,11.92,69.00,62.59,2.35,40.38,-0.22,0.08,17.00,7000.00,-38.00,0.00,7.00
509864.00,2019-06-30 17:50:53.864,0.00,294.23,0.00,1.51,0.00,1.00,1.00,127.35,2.75,12.06,68.87,62.59,2.35,40.38,-0.23,0.08,17.00,7000.00,-38.00,0.00,7.00
509964.00,2019-06-30 17:50:53.964,0.00,294.23,0.00,1.51,0.00,1.00,1.00,127.35,2.75,12.08,68.87,62.59,2.33,40.38,-0.22,0.08,17.00,7000.00,-38.00,0.00,7.00
510064.00,2019-06-30 17:50:54.064,0.00,294.23,0.00,1.51,0.00,1.00,1.00,127.35,2.75,12.08,68.87,62.55,2.33,40.38,-0.22,0.08,17.00,7000.00,-38.00,0.00,7.00
510164.00,2019-06-30 17:50:54.164,0.00,294.23,0.00,1.51,0.00,1.00,1.00,127.35,2.75,12.07,68.93,62.55,2.33,40.25,-0.21,0.08,17.00,7000.00,-38.00,0.00,7.00
510264.00,2019-06-30 17:50:54.264,0.00,294.23,0.00,1.51,0.00,1.00,1.00,127.35,2.75,11.94,68.93,62.50,2.35,40.25,-0.21,0.08,17.00,7000.00,-38.00,0.00,7.00
510364.00,2019-06-30 17:50:54.364,0.00,294.23,0.00,1.51,0.00,1.00,1.00,127.35,2.75,11.94,68.93,62.50,2.35,40.25,-0.23,0.07,17.00,7000.00,-38.00,0.00,7.00
510464.00,2019-06-30 17:50:54.464,0.00,294.23,0.00,1.51,0.00,1.00,1.00,127.35,2.75,12.06,68.93,62.50,2.35,40.25,-0.21,0.08,17.00,7000.00,-38.00,0.00,7.00
510564.00,2019-06-30 17:50:54.564,0.00,294.23,0.00,1.51,0.00,1.00,1.00,127.35,2.75,12.05,68.93,62.48,2.35,40.30,-0.23,0.08,17.00,7000.00,-38.00,0.00,7.00
510664.00,2019-06-30 17:50:54.664,0.00,294.23,0.00,1.51,0.00,1.00,1.00,127.35,2.75,11.95,68.94,62.48,2.35,40.30,-0.22,0.08,17.00,7000.00,-38.00,0.00,7.00
510764.00,2019-06-30 17:50:54.764,0.00,294.23,0.00,1.51,0.00,1.00,1.00,127.35,2.75,12.04,68.94,62.55,2.27,40.30,-0.21,0.08,17.00,7000.00,-38.00,0.00,7.00
510864.00,2019-06-30 17:50:54.864,0.00,294.23,0.00,1.51,0.00,1.00,1.00,127.35,2.75,12.07,68.94,62.55,2.27,40.30,-0.23,0.08,17.00,7000.00,-38.00,0.00,7.00
510964.00,2019-06-30 17:50:54.964,0.00,294.23,0.00,1.51,0.00,1.00,1.00,127.35,2.75,11.92,68.91,62.55,2.27,40.30,-0.21,0.08,17.00,7000.00,-38.00,0.00,7.00
511064.00,2019-06-30 17:50:55.064,0.00,294.23,0.00,1.51,0.00,1.00,1.00,127.35,2.75,12.06,68.91,62.52,2.30,40.30,-0.23,0.08,17.00,7000.00,-38.00,0.00,7.00
511164.00,2019-06-30 17:50:55.164,0.00,294.23,0.00,1.51,0.00,1.00,1.00,127.35,2.75,11.92,68.94,62.52,2.30,40.30,-0.22,0.08,17.00,7000.00,-38.00,0.00,7.00
511264.00,2019-06-30 17:50:55.264,0.00,294.23,0.00,1.51,0.00,1.00,1.00,127.35,2.75,11.91,68.94,62.52,2.31,40.30,-0.22,0.08,17.00,7000.00,-38.00,0.00,7.00
511364.00,2019-06-30 17:50:55.364,0.00,294.23,0.00,1.51,0.00,1.00,1.00,127.35,2.75,12.06,68.94,62.52,2.31,40.32,-0.22,0.08,17.00,7000.00,-38.00,0.00,7.00
511464.00,2019-06-30 17:50:55.464,0.00,294.23,0.00,1.51,0.00,1.00,1.00,127.35,2.75,11.94,68.94,62.52,2.31,40.32,-0.21,0.08,17.00,7000.00,-38.00,0.00,7.00
511564.00,2019-06-30 17:50:55.564,0.00,294.23,0.00,1.51,0.00,1.00,1.00,127.35,2.75,12.05,68.94,62.48,2.35,40.32,-0.23,0.08,17.00,7000.00,-38.00,0.00,7.00
511664.00,2019-06-30 17:50:55.664,0.00,294.23,0.00,1.51,0.00,1.00,1.00,127.35,2.75,12.08,68.94,62.48,2.35,40.32,-0.20,0.08,17.00,7000.00,-38.00,0.00,7.00
511764.00,2019-06-30 17:50:55.764,0.00,294.23,0.00,1.51,0.00,1.00,1.00,127.35,2.75,11.92,69.03,62.51,2.35,40.25,-0.23,0.08,17.00,7000.00,-38.00,0.00,7.00
511864.00,2019-06-30 17:50:55.864,0.00,294.23,0.00,1.51,0.00,1.00,1.00,127.35,2.75,12.07,69.03,62.51,2.31,40.25,-0.22,0.08,17.00,7000.00,-38.00,0.00,7.00
511964.00,2019-06-30 17:50:55.964,0.00,294.23,0.00,1.51,0.00,1.00,1.00,127.35,2.75,12.07,68.93,62.51,2.31,40.25,-0.22,0.08,17.00,7000.00,-38.00,0.00,7.00
512064.00,2019-06-30 17:50:56.064,0.00,294.23,0.00,1.51,0.00,1.00,1.00,127.35,2.75,11.92,68.93,62.55,2.42,40.25,-0.23,0.08,17.00,7000.00,-38.00,0.00,7.00
512164.00,2019-06-30 17:50:56.164,0.00,294.23,0.00,1.51,0.00,1.00,1.00,127.35,2.75,12.08,68.93,62.55,2.42,40.38,-0.20,0.08,17.00,7000.00,-38.00,0.00,7.00
512264.00,2019-06-30 17:50:56.264,0.00,294.23,0.00,1.51,0.00,1.00,1.00,127.35,2.75,12.05,68.94,62.51,2.42,40.38,-0.23,0.08,17.00,7000.00,-38.00,0.00,7.00
512364.00,2019-06-30 17:50:56.364,0.00,294.23,0.00,1.51,0.00,1.00,1.00,127.35,2.75,11.94,68.94,62.51,2.45,40.38,-0.23,0.07,17.00,7000.00,-38.00,0.00,7.00
512464.00,2019-06-30 17:50:56.464,0.00,294.23,0.00,1.51,0.00,1.00,1.00,127.35,2.75,12.06,68.96,62.51,2.45,40.38,-0.22,0.07,17.00,7000.00,-38.00,0.00,7.00
512564.00,2019-06-30 17:50:56.564,0.00,294.23,0.00,1.51,0.00,1.00,1.00,127.35,2.75,12.07,68.96,62.46,2.38,40.33,-0.21,0.08,17.00,7000.00,-38.00,0.00,7.00
512664.00,2019-06-30 17:50:56.664,0.00,294.23,0.00,1.51,0.00,1.00,1.00,127.35,2.75,11.94,68.96,62.46,2.38,40.33,-0.21,0.08,17.00,7000.00,-38.00,0.00,7.00
512764.00,2019-06-30 17:50:56.764,0.00,294.23,0.00,1.51,0.00,1.00,1.00,127.35,2.75,12.04,68.91,62.45,2.38,40.33,-0.23,0.08,17.00,7000.00,-38.00,0.00,7.00
512864.00,2019-06-30 17:50:56.864,0.00,294.23,0.00,1.51,0.00,1.00,1.00,127.35,2.75,12.08,68.91,62.45,2.44,40.33,-0.21,0.08,17.00,7000.00,-38.00,0.00,7.00
512964.00,2019-06-30 17:50:56.964,0.00,294.23,0.00,1.51,0.00,1.00,1.00,127.35,2.75,11.92,68.91,62.45,2.44,40.34,-0.24,0.08,17.00,7000.00,-38.00,0.00,7.00
513064.00,2019-06-30 17:50:57.064,0.00,294.23,0.00,1.51,0.00,1.00,1.00,127.35,2.75,12.08,68.91,62.53,2.44,40.34,-0.23,0.07,17.00,7000.00,-38.00,0.00,7.00
513164.00,2019-06-30 17:50:57.164,0.00,294.23,0.00,1.51,0.00,1.00,1.00,127.35,2.75,11.94,68.91,62.53,2.50,40.34,-0.22,0.08,17.00,7000.00,-38.00,0.00,7.00
513264.00,2019-06-30 17:50:57.264,0.00,294.23,0.00,1.51,0.00,1.00,1.00,127.35,2.75,11.94,68.87,62.46,2.50,40.34,-0.22,0.08,17.00,7000.00,-38.00,0.00,7.00
513364.00,2019-06-30 17:50:57.364,0.00,294.23,0.00,1.51,0.00,1.00,1.00,127.35,2.75,12.07,68.87,62.46,2.45,40.30,-0.22,0.08,17.00,7000.00,-38.00,0.00,7.00
513464.00,2019-06-30 17:50:57.464,0.00,294.23,0.00,1.51,0.00,1.00,1.00,127.35,2.75,12.06,68.87,62.46,2.45,40.30,-0.23,0.08,17.00,7000.00,-38.00,0.00,7.00
513564.00,2019-06-30 17:50:57.564,0.00,294.23,0.00,1.51,0.00,1.00,1.00,127.35,2.75,12.06,68.91,62.48,2.45,40.30,-0.22,0.08,17.00,7000.00,-38.00,0.00,7.00
513664.00,2019-06-30 17:50:57.664,0.00,294.23,0.00,1.51,0.00,1.00,1.00,127.35,2.75,12.04,68.91,62.48,2.42,40.30,-0.24,0.08,17.00,7000.00,-38.00,0.00,7.00
513764.00,2019-06-30 17:50:57.764,0.00,294.23,0.00,1.51,0.00,1.00,1.00,127.35,2.75,12.08,68.89,62.41,2.42,40.30,-0.22,0.08,17.00,7000.00,-38.00,0.00,7.00
513864.00,2019-06-30 17:50:57.864,0.00,294.23,0.00,1.51,0.00,1.00,1.00,127.35,2.75,11.91,68.89,62.41,2.46,40.30,-0.24,0.08,17.00,7000.00,-38.00,0.00,7.00
513964.00,2019-06-30 17:50:57.964,0.00,294.23,0.00,1.51,0.00,1.00,1.00,127.35,2.75,12.06,68.89,62.41,2.46,40.30,-0.23,0.08,17.00,7000.00,-38.00,0.00,7.00
514064.00,2019-06-30 17:50:58.064,0.00,294.23,0.00,1.51,0.00,1.00,1.00,127.35,2.75,12.07,68.84,62.41,2.46,40.30,-0.20,0.08,17.00,7000.00,-38.00,0.00,7.00
514164.00,2019-06-30 17:50:58.164,0.00,294.23,0.00,1.51,0.00,1.00,1.00,127.35,2.75,12.08,68.84,62.41,2.44,40.37,-0.23,0.08,17.00,7000.00,-38.00,0.00,7.00
514264.00,2019-06-30 17:50:58.264,0.00,294.23,0.00,1.51,0.00,1.00,1.00,127.35,2.75,12.04,68.89,62.39,2.44,40.37,-0.23,0.07,17.00,7000.00,-38.00,0.00,7.00
514364.00,2019-06-30 17:50:58.364,0.00,294.23,0.00,1.51,0.00,1.00,1.00,127.35,2.75,12.04,68.89,62.39,2.44,40.37,-0.22,0.07,17.00,7000.00,-38.00,0.00,7.00
514464.00,2019-06-30 17:50:58.464,0.00,294.23,0.00,1.51,0.00,1.00,1.00,127.35,2.75,11.94,68.89,62.39,2.50,40.37,-0.23,0.08,17.00,7000.00,-38.00,0.00,7.00
514564.00,2019-06-30 17:50:58.564,0.00,294.23,0.00,1.51,0.00,1.00,1.00,127.35,2.75,12.08,68.93,62.43,2.50,40.41,-0.22,0.08,17.00,7000.00,-38.00,0.00,7.00
514664.00,2019-06-30 17:50:58.664,0.00,294.23,0.00,1.51,0.00,1.00,1.00,127.35,2.75,11.91,68.93,62.43,2.57,40.41,-0.25,0.08,17.00,7000.00,-38.00,0.00,7.00
514764.00,2019-06-30 17:50:58.764,0.00,294.23,0.00,1.51,0.00,1.00,1.00,127.35,2.75,12.07,68.93,62.41,2.57,40.41,-0.23,0.08,17.00,7000.00,-38.00,0.00,7.00
514864.00,2019-06-30 17:50:58.864,0.00,294.23,0.00,1.51,0.00,1.00,1.00,127.35,2.75,12.06,68.93,62.41,2.57,40.41,-0.22,0.07,17.00,7000.00,-38.00,0.00,7.00
514964.00,2019-06-30 17:50:58.964,0.00,294.23,0.00,1.51,0.00,1.00,1.00,127.35,2.75,11.93,68.93,62.41,2.52,40.38,-0.22,0.08,17.00,7000.00,-38.00,0.00,7.00
515064.00,2019-06-30 17:50:59.064,0.00,294.23,0.00,1.51,0.00,1.00,1.00,127.35,2.75,12.07,68.93,62.38,2.52,40.38,-0.22,0.08,17.00,7000.00,-38.00,0.00,7.00
515164.00,2019-06-30 17:50:59.164,0.00,294.23,0.00,1.51,0.00,1.00,1.00,127.35,2.75,12.07,68.93,62.38,2.57,40.38,-0.22,0.08,17.00,7000.00,-38.00,0.00,7.00
515264.00,2019-06-30 17:50:59.264,0.00,294.23,0.00,1.51,0.00,1.00,1.00,127.35,2.75,12.06,68.93,62.41,2.57,40.38,-0.20,0.08,17.00,7000.00,-38.00,0.00,7.00
515364.00,2019-06-30 17:50:59.364,0.00,294.23,0.00,1.51,0.00,1.00,1.00,127.35,2.75,12.08,68.96,62.41,2.57,40.39,-0.23,0.08,17.00,7000.00,-38.00,0.00,7.00
515464.00,2019-06-30 17:50:59.464,0.00,294.23,0.00,1.51,0.00,1.00,1.00,127.35,2.75,11.94,68.96,62.41,2.57,40.39,-0.22,0.08,17.00,7000.00,-38.00,0.00,7.00
515564.00,2019-06-30 17:50:59.564,0.00,294.23,0.00,1.51,0.00,1.00,1.00,127.35,2.75,12.07,68.91,62.41,2.57,40.39,-0.22,0.08,17.00,7000.00,-38.00,0.00,7.00
515664.00,2019-06-30 17:50:59.664,0.00,294.23,0.00,1.51,0.00,1.00,1.00,127.35,2.75,12.05,68.91,62.41,2.57,40.39,-0.22,0.08,17.00,7000.00,-38.00,0.00,7.00
515764.00,2019-06-30 17:50:59.764,0.00,294.23,0.00,1.51,0.00,1.00,1.00,127.35,2.75,11.94,68.91,62.34,2.52,40.32,-0.21,0.08,17.00,7000.00,-38.00,0.00,7.00
515864.00,2019-06-30 17:50:59.864,0.00,294.23,0.00,1.51,0.00,1.00,1.00,127.35,2.75,12.04,68.91,62.34,2.52,40.32,-0.23,0.07,17.00,7000.00,-38.00,0.00,7.00
515964.00,2019-06-30 17:50:59.964,0.00,294.23,0.00,1.51,0.00,1.00,1.00,127.35,2.75,12.07,68.91,62.34,2.51,40.32,-0.22,0.08,17.00,7000.00,-38.00,0.00,7.00
516064.00,2019-06-30 17:51:00.064,0.00,294.23,0.00,1.51,0.00,1.00,1.00,127.35,2.75,11.92,68.89,62.48,2.51,40.32,-0.22,0.08,17.00,7000.00,-38.00,0.00,7.00
516164.00,2019-06-30 17:51:00.164,0.00,294.23,0.00,1.51,0.00,1.00,1.00,127.35,2.75,12.06,68.89,62.48,2.51,40.34,-0.22,0.08,17.00,7000.00,-38.00,0.00,7.00
516264.00,2019-06-30 17:51:00.264,0.00,294.23,0.00,1.51,0.00,1.00,1.00,127.35,2.75,12.08,68.89,62.36,2.55,40.34,-0.21,0.08,17.00,7000.00,-38.00,0.00,7.00
516364.00,2019-06-30 17:51:00.364,0.00,294.23,0.00,1.51,0.00,1.00,1.00,127.35,2.75,11.91,68.98,62.36,2.55,40.34,-0.23,0.08,17.00,7000.00,-38.00,0.00,7.00
516464.00,2019-06-30 17:51:00.464,0.00,294.23,0.00,1.51,0.00,1.00,1.00,127.35,2.75,12.08,68.98,62.36,2.59,40.34,-0.21,0.08,17.00,7000.00,-38.00,0.00,7.00
516564.00,2019-06-30 17:51:00.564,0.00,294.23,0.00,1.51,0.00,1.00,1.00,127.35,2.75,12.05,68.98,62.50,2.59,40.39,-0.23,0.07,17.00,7000.00,-38.00,0.00,7.00
516664.00,2019-06-30 17:51:00.664,0.00,294.23,0.00,1.51,0.00,1.00,1.00,127.35,2.75,11.94,68.93,62.50,2.59,40.39,-0.22,0.08,17.00,7000.00,-38.00,0.00,7.00
516764.00,2019-06-30 17:51:00.764,0.00,294.23,0.00,1.51,0.00,1.00,1.00,127.35,2.75,12.07,68.93,62.41,2.56,40.39,-0.22,0.08,17.00,7000.00,-38.00,0.00,7.00
516864.00,2019-06-30 17:51:00.864,0.00,294.23,0.00,1.51,0.00,1.00,1.00,127.35,2.75,12.06,68.94,62.41,2.56,40.39,-0.22,0.08,17.00,7000.00,-38.00,0.00,7.00
516964.00,2019-06-30 17:51:00.964,0.00,294.23,0.00,1.51,0.00,1.00,1.00,127.35,2.75,11.95,68.94,62.41,2.56,40.37,-0.21,0.08,17.00,7000.00,-38.00,0.00,7.00
517064.00,2019-06-30 17:51:01.064,0.00,294.23,0.00,1.51,0.00,1.00,1.00,127.35,2.75,12.06,68.94,62.36,2.59,40.37,-0.23,0.08,17.00,7000.00,-38.00,0.00,7.00
517164.00,2019-06-30 17:51:01.164,0.00,294.23,0.00,1.51,0.00,1.00,1.00,127.35,2.75,11.94,68.94,62.36,2.59,40.37,-0.22,0.08,17.00,7000.00,-38.00,0.00,7.00
517264.00,2019-06-30 17:51:01.264,0.00,294.23,0.00,1.51,0.00,1.00,1.00,127.35,2.75,12.06,68.94,62.34,2.67,40.37,-0.24,0.07,17.00,7000.00,-38.00,0.00,7.00
517364.00,2019-06-30 17:51:01.364,0.00,294.23,0.00,1.51,0.00,1.00,1.00,127.35,2.75,12.06,68.93,62.34,2.67,40.38,-0.22,0.08,17.00,7000.00,-38.00,0.00,7.00
517464.00,2019-06-30 17:51:01.464,0.00,294.23,0.00,1.51,0.00,1.00,1.00,127.35,2.75,11.95,68.93,62.34,2.67,40.38,-0.21,0.08,17.00,7000.00,-38.00,0.00,7.00
517564.00,2019-06-30 17:51:01.564,0.00,294.23,0.00,1.51,0.00,1.00,1.00,127.35,2.75,12.07,68.93,62.36,2.61,40.38,-0.23,0.07,17.00,7000.00,-38.00,0.00,7.00
517664.00,2019-06-30 17:51:01.664,0.00,294.23,0.00,1.51,0.00,1.00,1.00,127.35,2.75,12.07,68.98,62.36,2.61,40.38,-0.20,0.08,17.00,7000.00,-38.00,0.00,7.00
517764.00,2019-06-30 17:51:01.764,0.00,294.23,0.00,1.51,0.00,1.00,1.00,127.35,2.75,12.07,68.98,62.32,2.72,40.38,-0.24,0.08,17.00,7000.00,-38.00,0.00,7.00
517864.00,2019-06-30 17:51:01.864,0.00,294.23,0.00,1.51,0.00,1.00,1.00,127.35,2.75,12.08,68.98,62.32,2.72,40.38,-0.22,0.07,17.00,7000.00,-38.00,0.00,7.00
517964.00,2019-06-30 17:51:01.964,0.00,294.23,0.00,1.51,0.00,1.00,1.00,127.35,2.75,12.04,69.00,62.32,2.72,40.38,-0.22,0.07,17.00,7000.00,-38.00,0.00,7.00
518064.00,2019-06-30 17:51:02.064,0.00,294.23,0.00,1.51,0.00,1.00,1.00,127.35,2.75,11.94,69.00,62.32,2.79,40.38,-0.23,0.07,17.00,7000.00,-38.00,0.00,7.00
518164.00,2019-06-30 17:51:02.164,0.00,294.23,0.00,1.51,0.00,1.00,1.00,127.35,2.75,12.06,68.98,62.32,2.79,40.34,-0.21,0.08,17.00,7000.00,-38.00,0.00,7.00
518264.00,2019-06-30 17:51:02.264,0.00,294.23,0.00,1.51,0.00,1.00,1.00,127.35,2.75,11.91,68.98,62.41,2.79,40.34,-0.23,0.08,17.00,7000.00,-38.00,0.00,7.00
518364.00,2019-06-30 17:51:02.364,0.00,294.23,0.00,1.51,0.00,1.00,1.00,127.35,2.75,12.07,68.98,62.41,2.81,40.34,-0.23,0.08,17.00,7000.00,-38.00,0.00,7.00
518464.00,2019-06-30 17:51:02.464,0.00,294.23,0.00,1.51,0.00,1.00,1.00,127.35,2.75,12.06,68.94,62.41,2.81,40.34,-0.24,0.08,17.00,7000.00,-38.00,0.00,7.00
518564.00,2019-06-30 17:51:02.564,0.00,294.23,0.00,1.51,0.00,1.00,1.00,127.35,2.75,11.93,68.94,62.34,2.70,40.30,-0.21,0.08,17.00,7000.00,-38.00,0.00,7.00
518664.00,2019-06-30 17:51:02.664,0.00,294.23,0.00,1.51,0.00,1.00,1.00,127.35,2.75,12.07,68.94,62.34,2.70,40.30,-0.23,0.08,17.00,7000.00,-38.00,0.00,7.00
518764.00,2019-06-30 17:51:02.764,0.00,294.23,0.00,1.51,0.00,1.00,1.00,127.35,2.75,11.91,68.94,62.38,2.70,40.30,-0.23,0.08,17.00,7000.00,-38.00,0.00,7.00
518864.00,2019-06-30 17:51:02.864,0.00,294.23,0.00,1.51,0.00,1.00,1.00,127.35,2.75,12.07,68.94,62.38,2.76,40.30,-0.21,0.08,17.00,7000.00,-38.00,0.00,7.00
518964.00,2019-06-30 17:51:02.964,0.00,294.23,0.00,1.51,0.00,1.00,1.00,127.35,2.75,12.05,68.96,62.38,2.76,40.37,-0.22,0.08,17.00,7000.00,-38.00,0.00,7.00
519064.00,2019-06-30 17:51:03.064,0.00,294.23,0.00,1.51,0.00,1.00,1.00,127.35,2.75,11.94,68.96,62.34,2.76,40.37,-0.22,0.07,17.00,7000.00,-38.00,0.00,7.00
519164.00,2019-06-30 17:51:03.164,0.00,294.23,0.00,1.51,0.00,1.00,1.00,127.35,2.75,12.07,68.96,62.34,2.80,40.37,-0.22,0.08,17.00,7000.00,-38.00,0.00,7.00
519264.00,2019-06-30 17:51:03.264,0.00,294.23,0.00,1.51,0.00,1.00,1.00,127.35,2.75,12.05,68.95,62.34,2.80,40.37,-0.22,0.08,17.00,7000.00,-38.00,0.00,7.00
519364.00,2019-06-30 17:51:03.364,0.00,294.23,0.00,1.51,0.00,1.00,1.00,127.35,2.75,11.95,68.95,62.34,2.85,40.41,-0.21,0.08,17.00,7000.00,-38.00,0.00,7.00
519464.00,2019-06-30 17:51:03.464,0.00,294.23,0.00,1.51,0.00,1.00,1.00,127.35,2.75,12.04,68.96,62.34,2.85,40.41,-0.23,0.08,17.00,7000.00,-38.00,0.00,7.00
519564.00,2019-06-30 17:51:03.564,0.00,294.23,0.00,1.51,0.00,1.00,1.00,127.35,2.75,12.07,68.96,62.39,2.85,40.41,-0.21,0.08,17.00,7000.00,-38.00,0.00,7.00
519664.00,2019-06-30 17:51:03.664,0.00,294.23,0.00,1.51,0.00,1.00,1.00,127.35,2.75,11.93,68.96,62.39,2.78,40.41,-0.22,0.08,17.00,7000.00,-38.00,0.00,7.00
519764.00,2019-06-30 17:51:03.764,0.00,294.23,0.00,1.51,0.00,1.00,1.00,127.35,2.75,12.06,68.98,62.39,2.78,40.34,-0.23,0.08,17.00,7000.00,-38.00,0.00,7.00
519864.00,2019-06-30 17:51:03.864,0.00,294.23,0.00,1.51,0.00,1.00,1.00,127.35,2.75,12.08,68.98,62.39,2.93,40.34,-0.21,0.08,17.00,7000.00,-38.00,0.00,7.00
519964.00,2019-06-30 17:51:03.964,0.00,294.23,0.00,1.51,0.00,1.00,1.00,127.35,2.75,11.94,68.94,62.39,2.93,40.34,-0.23,0.07,17.00,7000.00,-38.00,0.00,7.00
520064.00,2019-06-30 17:51:04.064,0.00,294.23,0.00,1.51,0.00,1.00,1.00,127.35,2.75,12.07,68.94,62.21,2.93,40.34,-0.21,0.08,17.00,7000.00,-38.00,0.00,7.00
520164.00,2019-06-30 17:51:04.164,0.00,294.23,0.00,1.51,0.00,1.00,1.00,127.35,2.75,11.94,68.94,62.21,2.83,40.37,-0.23,0.08,17.00,7000.00,-38.00,0.00,7.00
520264.00,2019-06-30 17:51:04.264,0.00,294.23,0.00,1.51,0.00,1.00,1.00,127.35,2.75,12.04,69.00,62.27,2.83,40.37,-0.23,0.08,17.00,7000.00,-38.00,0.00,7.00
520364.00,2019-06-30 17:51:04.364,0.00,294.23,0.00,1.51,0.00,1.00,1.00,127.35,2.75,12.04,69.00,62.27,2.83,40.37,-0.21,0.08,17.00,7000.00,-38.00,0.00,7.00
520464.00,2019-06-30 17:51:04.464,0.00,294.23,0.00,1.51,0.00,1.00,1.00,127.35,2.75,12.07,68.98,62.27,2.85,40.37,-0.22,0.08,17.00,7000.00,-38.00,0.00,7.00
520564.00,2019-06-30 17:51:04.564,0.00,294.23,0.00,1.51,0.00,1.00,1.00,127.35,2.75,11.93,68.98,62.21,2.85,40.41,-0.22,0.08,17.00,7000.00,-38.00,0.00,7.00
520664.00,2019-06-30 17:51:04.664,0.00,294.23,0.00,1.51,0.00,1.00,1.00,127.35,2.75,12.06,68.98,62.21,2.91,40.41,-0.23,0.08,17.00,7000.00,-38.00,0.00,7.00
520764.00,2019-06-30 17:51:04.764,0.00,294.23,0.00,1.51,0.00,1.00,1.00,127.35,2.75,12.08,69.00,62.36,2.91,40.41,-0.22,0.08,17.00,7000.00,-38.00,0.00,7.00
520864.00,2019-06-30 17:51:04.864,0.00,294.23,0.00,1.51,0.00,1.00,1.00,127.35,2.75,11.91,69.00,62.36,2.91,40.41,-0.21,0.08,17.00,7000.00,-38.00,0.00,7.00
520964.00,2019-06-30 17:51:04.964,0.00,294.23,0.00,1.51,0.00,1.00,1.00,127.35,2.75,12.08,69.00,62.36,2.98,40.34,-0.22,0.07,17.00,7000.00,-38.00,0.00,7.00
521064.00,2019-06-30 17:51:05.064,0.00,294.23,0.00,1.51,0.00,1.00,1.00,127.35,2.75,12.05,68.98,62.18,2.98,40.34,-0.22,0.08,17.00,7000.00,-38.00,0.00,7.00
521164.00,2019-06-30 17:51:05.164,0.00,294.23,0.00,1.51,0.00,1.00,1.00,127.35,2.75,11.93,68.98,62.18,2.91,40.34,-0.24,0.07,17.00,7000.00,-38.00,0.00,7.00
521264.00,2019-06-30 17:51:05.264,0.00,294.23,0.00,1.51,0.00,1.00,1.00,127.35,2.75,12.07,69.00,62.19,2.91,40.34,-0.20,0.08,17.00,7000.00,-38.00,0.00,7.00
521364.00,2019-06-30 17:51:05.364,0.00,294.23,0.00,1.51,0.00,1.00,1.00,127.35,2.75,11.94,69.00,62.19,2.91,40.41,-0.23,0.08,17.00,7000.00,-38.00,0.00,7.00
521464.00,2019-06-30 17:51:05.464,0.00,294.23,0.00,1.51,0.00,1.00,1.00,127.35,2.75,12.04,69.00,62.19,2.94,40.41,-0.22,0.08,17.00,7000.00,-38.00,0.00,7.00
521564.00,2019-06-30 17:51:05.564,0.00,294.23,0.00,1.51,0.00,1.00,1.00,127.35,2.75,12.07,68.98,62.27,2.94,40.41,-0.21,0.08,17.00,7000.00,-38.00,0.00,7.00
521664.00,2019-06-30 17:51:05.664,0.00,294.23,0.00,1.51,0.00,1.00,1.00,127.35,2.75,11.94,68.98,62.27,2.94,40.41,-0.22,0.07,17.00,7000.00,-38.00,0.00,7.00
521764.00,2019-06-30 17:51:05.764,0.00,294.23,0.00,1.51,0.00,1.00,1.00,127.35,2.75,12.06,68.95,62.24,2.93,40.43,-0.20,0.08,17.00,7000.00,-38.00,0.00,7.00
521864.00,2019-06-30 17:51:05.864,0.00,294.23,0.00,1.51,0.00,1.00,1.00,127.35,2.75,12.06,68.95,62.24,2.93,40.43,-0.23,0.08,17.00,7000.00,-38.00,0.00,7.00
521964.00,2019-06-30 17:51:05.964,0.00,294.23,0.00,1.51,0.00,1.00,1.00,127.35,2.75,11.95,68.95,62.24,3.04,40.43,-0.21,0.08,17.00,7000.00,-38.00,0.00,7.00
522064.00,2019-06-30 17:51:06.064,0.00,294.23,0.00,1.51,0.00,1.00,1.00,127.35,2.75,12.08,68.96,62.21,3.04,40.43,-0.24,0.08,17.00,7000.00,-38.00,0.00,7.00
522164.00,2019-06-30 17:51:06.164,0.00,294.23,0.00,1.51,0.00,1.00,1.00,127.35,2.75,12.07,68.96,62.21,3.04,40.28,-0.23,0.08,17.00,7000.00,-38.00,0.00,7.00
522264.00,2019-06-30 17:51:06.264,0.00,294.23,0.00,1.51,0.00,1.00,1.00,127.35,2.75,11.92,68.96,62.27,3.00,40.28,-0.21,0.08,17.00,7000.00,-38.00,0.00,7.00
522364.00,2019-06-30 17:51:06.364,0.00,294.23,0.00,1.51,0.00,1.00,1.00,127.35,2.75,12.07,68.91,62.27,3.00,40.28,-0.22,0.08,17.00,7000.00,-38.00,0.00,7.00
522464.00,2019-06-30 17:51:06.464,0.00,294.23,0.00,1.51,0.00,1.00,1.00,127.35,2.75,12.07,68.91,62.27,3.02,40.28,-0.20,0.08,17.00,7000.00,-38.00,0.00,7.00
522564.00,2019-06-30 17:51:06.564,0.00,294.23,0.00,1.51,0.00,1.00,1.00,127.35,2.75,12.05,68.98,62.21,3.02,40.37,-0.23,0.07,17.00,7000.00,-38.00,0.00,7.00
522664.00,2019-06-30 17:51:06.664,0.00,294.23,0.00,1.51,0.00,1.00,1.00,127.35,2.75,12.07,68.98,62.21,3.02,40.37,-0.22,0.08,17.00,7000.00,-38.00,0.00,7.00
522764.00,2019-06-30 17:51:06.764,0.00,294.23,0.00,1.51,0.00,1.00,1.00,127.35,2.75,11.93,68.98,62.19,3.09,40.37,-0.22,0.08,17.00,7000.00,-38.00,0.00,7.00
522864.00,2019-06-30 17:51:06.864,0.00,294.23,0.00,1.51,0.00,1.00,1.00,127.35,2.75,12.05,68.91,62.19,3.09,40.37,-0.21,0.08,17.00,7000.00,-38.00,0.00,7.00
522964.00,2019-06-30 17:51:06.964,0.00,294.23,0.00,1.51,0.00,1.00,1.00,127.35,2.75,12.08,68.91,62.19,3.09,40.37,-0.22,0.08,17.00,7000.00,-38.00,0.00,7.00
523064.00,2019-06-30 17:51:07.064,0.00,294.23,0.00,1.51,0.00,1.00,1.00,127.35,2.75,11.91,68.94,62.23,3.06,40.37,-0.23,0.08,17.00,7000.00,-38.00,0.00,7.00
523164.00,2019-06-30 17:51:07.164,0.00,294.23,0.00,1.51,0.00,1.00,1.00,127.35,2.75,12.08,68.94,62.23,3.06,40.37,-0.22,0.08,17.00,7000.00,-38.00,0.00,7.00
523264.00,2019-06-30 17:51:07.264,0.00,294.23,0.00,1.51,0.00,1.00,1.00,127.35,2.75,11.95,68.94,62.24,3.13,40.37,-0.22,0.08,17.00,7000.00,-38.00,0.00,7.00
523364.00,2019-06-30 17:51:07.364,0.00,294.23,0.00,1.51,0.00,1.00,1.00,127.35,2.75,12.04,68.96,62.24,3.13,40.43,-0.22,0.08,17.00,7000.00,-38.00,0.00,7.00
523464.00,2019-06-30 17:51:07.464,0.00,294.23,0.00,1.51,0.00,1.00,1.00,127.35,2.75,12.08,68.96,62.24,3.13,40.43,-0.21,0.08,17.00,7000.00,-38.00,0.00,7.00
523564.00,2019-06-30 17:51:07.564,0.00,294.23,0.00,1.51,0.00,1.00,1.00,127.35,2.75,11.91,68.91,62.23,3.09,40.43,-0.22,0.08,17.00,7000.00,-38.00,0.00,7.00
523664.00,2019-06-30 17:51:07.664,0.00,294.23,0.00,1.51,0.00,1.00,1.00,127.35,2.75,12.06,68.91,62.23,3.09,40.43,-0.20,0.08,17.00,7000.00,-38.00,0.00,7.00
523764.00,2019-06-30 17:51:07.764,0.00,294.23,0.00,1.51,0.00,1.00,1.00,127.35,2.75,11.94,68.91,62.24,3.11,40.41,-0.24,0.08,17.00,7000.00,-38.00,0.00,7.00
523864.00,2019-06-30 17:51:07.864,0.00,294.23,0.00,1.51,0.00,1.00,1.00,127.35,2.75,12.07,68.88,62.24,3.11,40.41,-0.21,0.08,17.00,7000.00,-38.00,0.00,7.00
523964.00,2019-06-30 17:51:07.964,0.00,294.23,0.00,1.51,0.00,1.00,1.00,127.35,2.75,12.07,68.88,62.24,3.11,40.41,-0.21,0.08,17.00,7000.00,-38.00,0.00,7.00
524064.00,2019-06-30 17:51:08.064,0.00,294.23,0.00,1.51,0.00,1.00,1.00,127.35,2.75,11.92,68.88,62.19,3.20,40.41,-0.22,0.07,17.00,7000.00,-38.00,0.00,7.00
524164.00,2019-06-30 17:51:08.164,0.00,294.23,0.00,1.51,0.00,1.00,1.00,127.35,2.75,12.08,68.96,62.19,3.20,40.41,-0.22,0.07,17.00,7000.00,-38.00,0.00,7.00
524264.00,2019-06-30 17:51:08.264,0.00,294.23,0.00,1.51,0.00,1.00,1.00,127.35,2.75,12.05,68.96,62.32,3.20,40.41,-0.23,0.08,17.00,7000.00,-38.00,0.00,7.00
524364.00,2019-06-30 17:51:08.364,0.00,294.23,0.00,1.51,0.00,1.00,1.00,127.35,2.75,11.94,68.94,62.32,3.15,40.41,-0.22,0.07,17.00,7000.00,-38.00,0.00,7.00
524464.00,2019-06-30 17:51:08.464,0.00,294.23,0.00,1.51,0.00,1.00,1.00,127.35,2.75,12.06,68.94,62.32,3.15,40.41,-0.21,0.07,17.00,7000.00,-38.00,0.00,7.00
524564.00,2019-06-30 17:51:08.564,0.00,294.23,0.00,1.51,0.00,1.00,1.00,127.35,2.75,12.06,68.94,62.19,3.19,40.45,-0.22,0.08,17.00,7000.00,-38.00,0.00,7.00
524664.00,2019-06-30 17:51:08.664,0.00,294.23,0.00,1.51,0.00,1.00,1.00,127.35,2.75,11.95,68.98,62.19,3.19,40.45,-0.22,0.08,17.00,7000.00,-38.00,0.00,7.00
524764.00,2019-06-30 17:51:08.764,0.00,294.23,0.00,1.51,0.00,1.00,1.00,127.35,2.75,12.04,68.98,62.19,3.19,40.45,-0.22,0.08,17.00,7000.00,-38.00,0.00,7.00
524864.00,2019-06-30 17:51:08.864,0.00,294.23,0.00,1.51,0.00,1.00,1.00,127.35,2.75,12.08,68.94,62.19,3.20,40.45,-0.19,0.08,17.00,7000.00,-38.00,0.00,7.00
524964.00,2019-06-30 17:51:08.964,0.00,294.23,0.00,1.51,0.00,1.00,1.00,127.35,2.75,11.92,68.94,62.19,3.20,40.38,-0.23,0.08,17.00,7000.00,-38.00,0.00,7.00
525064.00,2019-06-30 17:51:09.064,0.00,294.23,0.00,1.51,0.00,1.00,1.00,127.35,2.75,12.07,68.94,62.19,3.28,40.38,-0.22,0.08,17.00,7000.00,-38.00,0.00,7.00
525164.00,2019-06-30 17:51:09.164,0.00,294.23,0.00,1.51,0.00,1.00,1.00,127.35,2.75,12.07,68.95,62.19,3.28,40.38,-0.22,0.08,17.00,7000.00,-38.00,0.00,7.00
525264.00,2019-06-30 17:51:09.264,0.00,294.23,0.00,1.51,0.00,1.00,1.00,127.35,2.75,11.92,68.95,62.13,3.28,40.38,-0.22,0.08,17.00,7000.00,-38.00,0.00,7.00
525364.00,2019-06-30 17:51:09.364,0.00,294.23,0.00,1.51,0.00,1.00,1.00,127.35,2.75,12.08,68.95,62.13,3.23,40.39,-0.21,0.08,17.00,7000.00,-38.00,0.00,7.00
525464.00,2019-06-30 17:51:09.464,0.00,294.23,0.00,1.51,0.00,1.00,1.00,127.35,2.75,12.05,68.95,62.13,3.23,40.39,-0.23,0.08,17.00,7000.00,-38.00,0.00,7.00
525564.00,2019-06-30 17:51:09.564,0.00,294.23,0.00,1.51,0.00,1.00,1.00,127.35,2.75,11.94,68.95,62.23,3.23,40.39,-0.22,0.07,17.00,7000.00,-38.00,0.00,7.00
525664.00,2019-06-30 17:51:09.664,0.00,294.23,0.00,1.51,0.00,1.00,1.00,127.35,2.75,12.06,68.95,62.23,3.26,40.39,-0.22,0.08,17.00,7000.00,-38.00,0.00,7.00
525764.00,2019-06-30 17:51:09.764,0.00,294.23,0.00,1.51,0.00,1.00,1.00,127.35,2.75,12.07,68.95,62.16,3.26,40.41,-0.22,0.08,17.00,7000.00,-38.00,0.00,7.00
525864.00,2019-06-30 17:51:09.864,0.00,294.23,0.00,1.51,0.00,1.00,1.00,127.35,2.75,11.92,68.95,62.16,3.34,40.41,-0.21,0.08,17.00,7000.00,-38.00,0.00,7.00
525964.00,2019-06-30 17:51:09.964,0.00,294.23,0.00,1.51,0.00,1.00,1.00,127.35,2.75,12.07,68.95,62.16,3.34,40.41,-0.22,0.08,17.00,7000.00,-38.00,0.00,7.00
526064.00,2019-06-30 17:51:10.064,0.00,294.23,0.00,1.51,0.00,1.00,1.00,127.35,2.75,11.93,68.95,62.16,3.34,40.41,-0.21,0.08,17.00,7000.00,-38.00,0.00,7.00
526164.00,2019-06-30 17:51:10.164,0.00,294.23,0.00,1.51,0.00,1.00,1.00,127.35,2.75,12.07,68.87,62.16,3.38,40.38,-0.24,0.08,17.00,7000.00,-38.00,0.00,7.00
526264.00,2019-06-30 17:51:10.264,0.00,294.23,0.00,1.51,0.00,1.00,1.00,127.35,2.75,12.08,68.87,62.13,3.38,40.38,-0.22,0.07,17.00,7000.00,-38.00,0.00,7.00
526364.00,2019-06-30 17:51:10.364,0.00,294.23,0.00,1.51,0.00,1.00,1.00,127.35,2.75,12.04,68.87,62.13,3.30,40.38,-0.22,0.08,17.00,7000.00,-38.00,0.00,7.00
526464.00,2019-06-30 17:51:10.464,0.00,294.23,0.00,1.51,0.00,1.00,1.00,127.35,2.75,11.94,68.98,62.13,3.30,40.38,-0.22,0.07,17.00,7000.00,-38.00,0.00,7.00
526564.00,2019-06-30 17:51:10.564,0.00,294.23,0.00,1.51,0.00,1.00,1.00,127.35,2.75,12.07,68.98,62.19,3.30,40.45,-0.21,0.08,17.00,7000.00,-38.00,0.00,7.00
526664.00,2019-06-30 17:51:10.664,0.00,294.23,0.00,1.51,0.00,1.00,1.00,127.35,2.75,11.94,68.98,62.19,3.36,40.45,-0.22,0.08,17.00,7000.00,-38.00,0.00,7.00
526764.00,2019-06-30 17:51:10.764,0.00,294.23,0.00,1.51,0.00,1.00,1.00,127.35,2.75,11.95,68.98,62.16,3.36,40.45,-0.22,0.07,17.00,7000.00,-38.00,0.00,7.00
526864.00,2019-06-30 17:51:10.864,0.00,294.23,0.00,1.51,0.00,1.00,1.00,127.35,2.75,12.04,68.98,62.16,3.36,40.45,-0.22,0.08,17.00,7000.00,-38.00,0.00,7.00
526964.00,2019-06-30 17:51:10.964,0.00,294.23,0.00,1.51,0.00,1.00,1.00,127.35,2.75,12.07,68.94,62.16,3.33,40.39,-0.22,0.08,17.00,7000.00,-38.00,0.00,7.00
527064.00,2019-06-30 17:51:11.064,0.00,294.23,0.00,1.51,0.00,1.00,1.00,127.35,2.75,11.91,68.94,62.11,3.33,40.39,-0.21,0.08,17.00,7000.00,-38.00,0.00,7.00
527164.00,2019-06-30 17:51:11.164,0.00,294.23,0.00,1.51,0.00,1.00,1.00,127.35,2.75,12.07,68.94,62.11,3.43,40.39,-0.22,0.08,17.00,7000.00,-38.00,0.00,7.00
527264.00,2019-06-30 17:51:11.264,0.00,294.23,0.00,1.51,0.00,1.00,1.00,127.35,2.75,11.93,68.98,62.16,3.43,40.39,-0.21,0.07,17.00,7000.00,-38.00,0.00,7.00
527364.00,2019-06-30 17:51:11.364,0.00,294.23,0.00,1.51,0.00,1.00,1.00,127.35,2.75,12.08,68.98,62.16,3.43,40.45,-0.24,0.08,17.00,7000.00,-38.00,0.00,7.00
527464.00,2019-06-30 17:51:11.464,0.00,294.23,0.00,1.51,0.00,1.00,1.00,127.35,2.75,12.08,68.96,62.16,3.45,40.45,-0.24,0.08,17.00,7000.00,-38.00,0.00,7.00
527564.00,2019-06-30 17:51:11.564,0.00,294.23,0.00,1.51,0.00,1.00,1.00,127.35,2.75,12.05,68.96,62.13,3.45,40.45,-0.22,0.08,17.00,7000.00,-38.00,0.00,7.00
527664.00,2019-06-30 17:51:11.664,0.00,294.23,0.00,1.51,0.00,1.00,1.00,127.35,2.75,11.94,68.96,62.13,3.48,40.45,-0.23,0.07,17.00,7000.00,-38.00,0.00,7.00
527764.00,2019-06-30 17:51:11.764,0.00,294.23,0.00,1.51,0.00,1.00,1.00,127.35,2.75,12.06,69.01,62.16,3.48,40.44,-0.21,0.08,17.00,7000.00,-38.00,0.00,7.00
527864.00,2019-06-30 17:51:11.864,0.00,294.23,0.00,1.51,0.00,1.00,1.00,127.35,2.75,12.06,69.01,62.16,3.48,40.44,-0.22,0.08,17.00,7000.00,-38.00,0.00,7.00
527964.00,2019-06-30 17:51:11.964,0.00,294.23,0.00,1.51,0.00,1.00,1.00,127.35,2.75,11.95,68.95,62.16,3.48,40.44,-0.22,0.08,17.00,7000.00,-38.00,0.00,7.00
528064.00,2019-06-30 17:51:12.064,0.00,294.23,0.00,1.51,0.00,1.00,1.00,127.35,2.75,12.04,68.95,62.18,3.48,40.44,-0.24,0.08,17.00,7000.00,-38.00,0.00,7.00
528164.00,2019-06-30 17:51:12.164,0.00,294.23,0.00,1.51,0.00,1.00,1.00,127.35,2.75,12.08,68.95,62.18,3.48,40.43,-0.21,0.08,17.00,7000.00,-38.00,0.00,7.00
528264.00,2019-06-30 17:51:12.264,0.00,294.23,0.00,1.51,0.00,1.00,1.00,127.35,2.75,11.91,68.94,62.06,3.48,40.43,-0.21,0.08,17.00,7000.00,-38.00,0.00,7.00
528364.00,2019-06-30 17:51:12.364,0.00,294.23,0.00,1.51,0.00,1.00,1.00,127.35,2.75,12.04,68.94,62.06,3.48,40.43,-0.22,0.08,17.00,7000.00,-38.00,0.00,7.00
528464.00,2019-06-30 17:51:12.464,0.00,294.23,0.00,1.51,0.00,1.00,1.00,127.35,2.75,11.95,68.94,62.06,3.60,40.43,-0.21,0.08,17.00,7000.00,-38.00,0.00,7.00
528564.00,2019-06-30 17:51:12.564,0.00,294.23,0.00,1.51,0.00,1.00,1.00,127.35,2.75,12.05,68.98,62.07,3.60,40.45,-0.24,0.08,17.00,7000.00,-38.00,0.00,7.00
528664.00,2019-06-30 17:51:12.664,0.00,294.23,0.00,1.51,0.00,1.00,1.00,127.35,2.75,12.07,68.98,62.07,3.60,40.45,-0.22,0.08,17.00,7000.00,-38.00,0.00,7.00
528764.00,2019-06-30 17:51:12.764,0.00,294.23,0.00,1.51,0.00,1.00,1.00,127.35,2.75,11.91,68.94,62.16,3.55,40.45,-0.21,0.08,17.00,7000.00,-38.00,0.00,7.00
528864.00,2019-06-30 17:51:12.864,0.00,294.23,0.00,1.51,0.00,1.00,1.00,127.35,2.75,12.05,68.94,62.16,3.55,40.45,-0.22,0.07,17.00,7000.00,-38.00,0.00,7.00
528964.00,2019-06-30 17:51:12.964,0.00,294.23,0.00,1.51,0.00,1.00,1.00,127.35,2.75,11.95,68.94,62.16,3.50,40.48,-0.22,0.08,17.00,7000.00,-38.00,0.00,7.00
529064.00,2019-06-30 17:51:13.064,0.00,294.23,0.00,1.51,0.00,1.00,1.00,127.35,2.75,12.04,68.93,62.02,3.50,40.48,-0.23,0.08,17.00,7000.00,-38.00,0.00,7.00
529164.00,2019-06-30 17:51:13.164,0.00,294.23,0.00,1.51,0.00,1.00,1.00,127.35,2.75,12.07,68.93,62.02,3.50,40.48,-0.23,0.08,17.00,7000.00,-38.00,0.00,7.00
529264.00,2019-06-30 17:51:13.264,0.00,294.23,0.00,1.51,0.00,1.00,1.00,127.35,2.75,11.92,68.93,62.11,3.62,40.48,-0.24,0.08,17.00,7000.00,-38.00,0.00,7.00
529364.00,2019-06-30 17:51:13.364,0.00,294.23,0.00,1.51,0.00,1.00,1.00,127.35,2.75,12.06,69.01,62.11,3.62,40.41,-0.22,0.08,17.00,7000.00,-38.00,0.00,7.00
529464.00,2019-06-30 17:51:13.464,0.00,294.23,0.00,1.51,0.00,1.00,1.00,127.35,2.75,12.05,69.01,62.11,3.62,40.41,-0.21,0.08,17.00,7000.00,-38.00,0.00,7.00
529564.00,2019-06-30 17:51:13.564,0.00,294.23,0.00,1.51,0.00,1.00,1.00,127.35,2.75,12.06,68.98,62.11,3.63,40.41,-0.21,0.07,17.00,7000.00,-38.00,0.00,7.00
529664.00,2019-06-30 17:51:13.664,0.00,294.23,0.00,1.51,0.00,1.00,1.00,127.35,2.75,12.07,68.98,62.11,3.63,40.41,-0.21,0.08,17.00,7000.00,-38.00,0.00,7.00
529764.00,2019-06-30 17:51:13.764,0.00,294.23,0.00,1.51,0.00,1.00,1.00,127.35,2.75,12.05,68.98,62.11,3.73,40.41,-0.23,0.07,17.00,7000.00,-38.00,0.00,7.00
529864.00,2019-06-30 17:51:13.864,0.00,294.23,0.00,1.51,0.00,1.00,1.00,127.35,2.75,11.95,68.96,62.11,3.73,40.41,-0.20,0.07,17.00,7000.00,-38.00,0.00,7.00
529964.00,2019-06-30 17:51:13.964,0.00,294.23,0.00,1.51,0.00,1.00,1.00,127.35,2.75,12.04,68.96,62.11,3.73,40.41,-0.22,0.08,17.00,7000.00,-38.00,0.00,7.00
530064.00,2019-06-30 17:51:14.064,0.00,294.23,0.00,1.51,0.00,1.00,1.00,127.35,2.75,11.92,69.02,62.09,3.56,40.41,-0.22,0.08,17.00,7000.00,-38.00,0.00,7.00
530164.00,2019-06-30 17:51:14.164,0.00,294.23,0.00,1.51,0.00,1.00,1.00,127.35,2.75,12.08,69.02,62.09,3.56,40.45,-0.21,0.08,17.00,7000.00,-38.00,0.00,7.00
530264.00,2019-06-30 17:51:14.264,0.00,294.23,0.00,1.51,0.00,1.00,1.00,127.35,2.75,12.05,69.02,62.11,3.67,40.45,-0.22,0.07,17.00,7000.00,-38.00,0.00,7.00
530364.00,2019-06-30 17:51:14.364,0.00,294.23,0.00,1.51,0.00,1.00,1.00,127.35,2.75,11.93,68.94,62.11,3.67,40.45,-0.22,0.08,17.00,7000.00,-38.00,0.00,7.00
530464.00,2019-06-30 17:51:14.464,0.00,294.23,0.00,1.51,0.00,1.00,1.00,127.35,2.75,12.06,68.94,62.11,3.67,40.45,-0.24,0.07,17.00,7000.00,-38.00,0.00,7.00
530564.00,2019-06-30 17:51:14.564,0.00,294.23,0.00,1.51,0.00,1.00,1.00,127.35,2.75,12.06,68.94,62.07,3.76,40.48,-0.22,0.08,17.00,7000.00,-38.00,0.00,7.00
530664.00,2019-06-30 17:51:14.664,0.00,294.23,0.00,1.51,0.00,1.00,1.00,127.35,2.75,11.95,68.98,62.07,3.76,40.48,-0.22,0.08,17.00,7000.00,-38.00,0.00,7.00
530764.00,2019-06-30 17:51:14.764,0.00,294.23,0.00,1.51,0.00,1.00,1.00,127.35,2.75,12.04,68.98,62.05,3.76,40.48,-0.23,0.07,17.00,7000.00,-38.00,0.00,7.00
530864.00,2019-06-30 17:51:14.864,0.00,294.23,0.00,1.51,0.00,1.00,1.00,127.35,2.75,12.07,68.98,62.05,3.67,40.48,-0.20,0.08,17.00,7000.00,-38.00,0.00,7.00
530964.00,2019-06-30 17:51:14.964,0.00,294.23,0.00,1.51,0.00,1.00,1.00,127.35,2.75,11.92,68.98,62.05,3.67,40.32,-0.23,0.08,17.00,7000.00,-38.00,0.00,7.00
531064.00,2019-06-30 17:51:15.064,0.00,294.23,0.00,1.51,0.00,1.00,1.00,127.35,2.75,12.07,68.98,62.07,3.70,40.32,-0.21,0.08,17.00,7000.00,-38.00,0.00,7.00
531164.00,2019-06-30 17:51:15.164,0.00,294.23,0.00,1.51,0.00,1.00,1.00,127.35,2.75,12.07,68.98,62.07,3.70,40.32,-0.22,0.08,17.00,7000.00,-38.00,0.00,7.00
531264.00,2019-06-30 17:51:15.264,0.00,294.23,0.00,1.51,0.00,1.00,1.00,127.35,2.75,11.94,68.98,62.07,3.70,40.32,-0.22,0.07,17.00,7000.00,-38.00,0.00,7.00
531364.00,2019-06-30 17:51:15.364,0.00,294.23,0.00,1.51,0.00,1.00,1.00,127.35,2.75,12.06,68.98,62.07,3.69,40.34,-0.22,0.08,17.00,7000.00,-38.00,0.00,7.00
531464.00,2019-06-30 17:51:15.464,0.00,294.23,0.00,1.51,0.00,1.00,1.00,127.35,2.75,12.06,68.98,62.07,3.69,40.34,-0.23,0.08,17.00,7000.00,-38.00,0.00,7.00
531564.00,2019-06-30 17:51:15.564,0.00,294.23,0.00,1.51,0.00,1.00,1.00,127.35,2.75,12.05,68.98,62.09,3.82,40.34,-0.21,0.08,17.00,7000.00,-38.00,0.00,7.00
531664.00,2019-06-30 17:51:15.664,0.00,294.23,0.00,1.51,0.00,1.00,1.00,127.35,2.75,12.04,68.93,62.09,3.82,40.34,-0.23,0.08,17.00,7000.00,-38.00,0.00,7.00
531764.00,2019-06-30 17:51:15.764,0.00,294.23,0.00,1.51,0.00,1.00,1.00,127.35,2.75,12.07,68.93,62.06,3.82,40.41,-0.22,0.08,17.00,7000.00,-38.00,0.00,7.00
531864.00,2019-06-30 17:51:15.864,0.00,294.23,0.00,1.51,0.00,1.00,1.00,127.35,2.75,12.08,69.05,62.06,3.82,40.41,-0.21,0.08,17.00,7000.00,-38.00,0.00,7.00
531964.00,2019-06-30 17:51:15.964,0.00,294.23,0.00,1.51,0.00,1.00,1.00,127.35,2.75,12.04,69.05,62.06,3.82,40.41,-0.22,0.07,17.00,7000.00,-38.00,0.00,7.00
532064.00,2019-06-30 17:51:16.064,0.00,294.23,0.00,1.51,0.00,1.00,1.00,127.35,2.75,11.94,69.05,62.09,3.82,40.41,-0.20,0.08,17.00,7000.00,-38.00,0.00,7.00
532164.00,2019-06-30 17:51:16.164,0.00,294.23,0.00,1.51,0.00,1.00,1.00,127.35,2.75,12.05,69.02,62.09,3.88,40.30,-0.22,0.07,17.00,7000.00,-38.00,0.00,7.00
532264.00,2019-06-30 17:51:16.264,0.00,294.23,0.00,1.51,0.00,1.00,1.00,127.35,2.75,12.07,69.02,62.02,3.88,40.30,-0.23,0.08,17.00,7000.00,-38.00,0.00,7.00
532364.00,2019-06-30 17:51:16.364,0.00,294.23,0.00,1.51,0.00,1.00,1.00,127.35,2.75,11.94,69.02,62.02,3.84,40.30,-0.22,0.08,17.00,7000.00,-38.00,0.00,7.00
532464.00,2019-06-30 17:51:16.464,0.00,294.23,0.00,1.51,0.00,1.00,1.00,127.35,2.75,12.05,68.95,62.02,3.84,40.30,-0.22,0.08,17.00,7000.00,-38.00,0.00,7.00
532564.00,2019-06-30 17:51:16.564,0.00,294.23,0.00,1.51,0.00,1.00,1.00,127.35,2.75,12.07,68.95,62.04,3.84,40.41,-0.22,0.08,17.00,7000.00,-38.00,0.00,7.00
532664.00,2019-06-30 17:51:16.664,0.00,294.23,0.00,1.51,0.00,1.00,1.00,127.35,2.75,11.91,68.91,62.04,3.86,40.41,-0.23,0.08,17.00,7000.00,-38.00,0.00,7.00
532764.00,2019-06-30 17:51:16.764,0.00,294.23,0.00,1.51,0.00,1.00,1.00,127.35,2.75,12.08,68.91,62.07,3.86,40.41,-0.21,0.08,17.00,7000.00,-38.00,0.00,7.00
532864.00,2019-06-30 17:51:16.864,0.00,294.23,0.00,1.51,0.00,1.00,1.00,127.35,2.75,11.93,68.91,62.07,3.88,40.41,-0.24,0.08,17.00,7000.00,-38.00,0.00,7.00
532964.00,2019-06-30 17:51:16.964,0.00,294.23,0.00,1.51,0.00,1.00,1.00,127.35,2.75,12.07,69.05,62.07,3.88,40.38,-0.22,0.07,17.00,7000.00,-38.00,0.00,7.00
533064.00,2019-06-30 17:51:17.064,0.00,294.23,0.00,1.51,0.00,1.00,1.00,127.35,2.75,12.05,69.05,61.95,3.88,40.38,-0.21,0.07,17.00,7000.00,-38.00,0.00,7.00
533164.00,2019-06-30 17:51:17.164,0.00,294.23,0.00,1.51,0.00,1.00,1.00,127.35,2.75,12.06,68.94,61.95,3.90,40.38,-0.23,0.08,17.00,7000.00,-38.00,0.00,7.00
533264.00,2019-06-30 17:51:17.264,0.00,294.23,0.00,1.51,0.00,1.00,1.00,127.35,2.75,12.07,68.94,61.97,3.90,40.38,-0.20,0.07,17.00,7000.00,-38.00,0.00,7.00
533364.00,2019-06-30 17:51:17.364,0.00,294.23,0.00,1.51,0.00,1.00,1.00,127.35,2.75,12.05,68.94,61.97,3.90,40.37,-0.23,0.07,17.00,7000.00,-38.00,0.00,7.00
533464.00,2019-06-30 17:51:17.464,0.00,294.23,0.00,1.51,0.00,1.00,1.00,127.35,2.75,11.94,69.00,61.97,3.88,40.37,-0.22,0.08,17.00,7000.00,-38.00,0.00,7.00
533564.00,2019-06-30 17:51:17.564,0.00,294.23,0.00,1.51,0.00,1.00,1.00,127.35,2.75,12.05,69.00,61.98,3.88,40.37,-0.21,0.08,17.00,7000.00,-38.00,0.00,7.00
533664.00,2019-06-30 17:51:17.664,0.00,294.23,0.00,1.51,0.00,1.00,1.00,127.35,2.75,11.92,69.00,61.98,3.92,40.37,-0.22,0.08,17.00,7000.00,-38.00,0.00,7.00
533764.00,2019-06-30 17:51:17.764,0.00,294.23,0.00,1.51,0.00,1.00,1.00,127.35,2.75,11.93,69.00,61.95,3.92,40.38,-0.22,0.08,17.00,7000.00,-38.00,0.00,7.00
533864.00,2019-06-30 17:51:17.864,0.00,294.23,0.00,1.51,0.00,1.00,1.00,127.35,2.75,12.06,69.00,61.95,3.92,40.38,-0.23,0.08,17.00,7000.00,-38.00,0.00,7.00
533964.00,2019-06-30 17:51:17.964,0.00,294.23,0.00,1.51,0.00,1.00,1.00,127.35,2.75,12.08,68.91,61.95,3.92,40.38,-0.21,0.08,17.00,7000.00,-38.00,0.00,7.00
534064.00,2019-06-30 17:51:18.064,0.00,294.23,0.00,1.51,0.00,1.00,1.00,127.35,2.75,11.90,68.91,61.95,3.92,40.38,-0.22,0.07,17.00,7000.00,-38.00,0.00,7.00
534164.00,2019-06-30 17:51:18.164,0.00,294.23,0.00,1.51,0.00,1.00,1.00,127.35,2.75,12.07,68.91,61.95,3.99,40.37,-0.23,0.07,17.00,7000.00,-38.00,0.00,7.00
534264.00,2019-06-30 17:51:18.264,0.00,294.23,0.00,1.51,0.00,1.00,1.00,127.35,2.75,12.05,68.95,61.95,3.99,40.37,-0.22,0.07,17.00,7000.00,-38.00,0.00,7.00
534364.00,2019-06-30 17:51:18.364,0.00,294.23,0.00,1.51,0.00,1.00,1.00,127.35,2.75,11.93,68.95,61.95,3.99,40.37,-0.22,0.07,17.00,7000.00,-38.00,0.00,7.00
534464.00,2019-06-30 17:51:18.464,0.00,294.23,0.00,1.51,0.00,1.00,1.00,127.35,2.75,12.07,68.94,61.95,4.07,40.37,-0.19,0.07,17.00,7000.00,-38.00,0.00,7.00
534564.00,2019-06-30 17:51:18.564,0.00,294.23,0.00,1.51,0.00,1.00,1.00,127.35,2.75,12.08,68.94,61.95,4.07,40.38,-0.23,0.07,17.00,7000.00,-38.00,0.00,7.00
534664.00,2019-06-30 17:51:18.664,0.00,294.23,0.00,1.51,0.00,1.00,1.00,127.35,2.75,12.08,68.94,61.95,4.07,40.38,-0.22,0.07,17.00,7000.00,-38.00,0.00,7.00
534764.00,2019-06-30 17:51:18.764,0.00,294.23,0.00,1.51,0.00,1.00,1.00,127.35,2.75,12.05,69.00,61.93,4.05,40.38,-0.22,0.08,17.00,7000.00,-38.00,0.00,7.00
534864.00,2019-06-30 17:51:18.864,0.00,294.23,0.00,1.51,0.00,1.00,1.00,127.35,2.75,11.94,69.00,61.93,4.05,40.38,-0.22,0.07,17.00,7000.00,-38.00,0.00,7.00
534964.00,2019-06-30 17:51:18.964,0.00,294.23,0.00,1.51,0.00,1.00,1.00,127.35,2.75,12.06,69.02,61.93,4.07,40.43,-0.21,0.08,17.00,7000.00,-38.00,0.00,7.00
535064.00,2019-06-30 17:51:19.064,0.00,294.23,0.00,1.51,0.00,1.00,1.00,127.35,2.75,12.05,69.02,61.92,4.07,40.43,-0.23,0.07,17.00,7000.00,-38.00,0.00,7.00
535164.00,2019-06-30 17:51:19.164,0.00,294.23,0.00,1.51,0.00,1.00,1.00,127.35,2.75,12.05,69.02,61.92,4.07,40.43,-0.22,0.08,17.00,7000.00,-38.00,0.00,7.00
535264.00,2019-06-30 17:51:19.264,0.00,294.23,0.00,1.51,0.00,1.00,1.00,127.35,2.75,12.04,69.00,61.91,4.13,40.43,-0.23,0.08,17.00,7000.00,-38.00,0.00,7.00
535364.00,2019-06-30 17:51:19.364,0.00,294.23,0.00,1.51,0.00,1.00,1.00,127.35,2.75,11.93,69.00,61.91,4.13,40.43,-0.22,0.07,17.00,7000.00,-38.00,0.00,7.00
535464.00,2019-06-30 17:51:19.464,0.00,294.23,0.00,1.51,0.00,1.00,1.00,127.35,2.75,12.08,69.00,61.91,4.13,40.43,-0.22,0.07,17.00,7000.00,-38.00,0.00,7.00
535564.00,2019-06-30 17:51:19.564,0.00,294.23,0.00,1.51,0.00,1.00,1.00,127.35,2.75,12.04,69.01,61.97,4.13,40.43,-0.22,0.07,17.00,7000.00,-38.00,0.00,7.00
535664.00,2019-06-30 17:51:19.664,0.00,294.23,0.00,1.51,0.00,1.00,1.00,127.35,2.75,11.94,69.01,61.97,4.13,40.43,-0.21,0.08,17.00,7000.00,-38.00,0.00,7.00
535764.00,2019-06-30 17:51:19.764,0.00,294.23,0.00,1.51,0.00,1.00,1.00,127.35,2.75,12.05,69.00,61.95,4.14,40.43,-0.24,0.07,17.00,7000.00,-38.00,0.00,7.00
535864.00,2019-06-30 17:51:19.864,0.00,294.23,0.00,1.51,0.00,1.00,1.00,127.35,2.75,12.08,69.00,61.95,4.14,40.43,-0.23,0.08,17.00,7000.00,-38.00,0.00,7.00
535964.00,2019-06-30 17:51:19.964,0.00,294.23,0.00,1.51,0.00,1.00,1.00,127.35,2.75,11.91,69.00,61.95,4.14,40.43,-0.22,0.08,17.00,7000.00,-38.00,0.00,7.00
536064.00,2019-06-30 17:51:20.064,0.00,294.23,0.00,1.51,0.00,1.00,1.00,127.35,2.75,12.05,68.95,61.88,4.19,40.43,-0.22,0.08,17.00,7000.00,-38.00,0.00,7.00
536164.00,2019-06-30 17:51:20.164,0.00,294.23,0.00,1.51,0.00,1.00,1.00,127.35,2.75,12.06,68.95,61.88,4.19,40.34,-0.22,0.08,17.00,7000.00,-38.00,0.00,7.00
536264.00,2019-06-30 17:51:20.264,0.00,294.23,0.00,1.51,0.00,1.00,1.00,127.35,2.75,11.93,68.91,61.86,4.13,40.34,-0.22,0.07,17.00,7000.00,-38.00,0.00,7.00
536364.00,2019-06-30 17:51:20.364,0.00,294.23,0.00,1.51,0.00,1.00,1.00,127.35,2.75,12.08,68.91,61.86,4.13,40.34,-0.22,0.07,17.00,7000.00,-38.00,0.00,7.00
536464.00,2019-06-30 17:51:20.464,0.00,294.23,0.00,1.51,0.00,1.00,1.00,127.35,2.75,12.04,68.91,61.86,4.13,40.34,-0.22,0.07,17.00,7000.00,-38.00,0.00,7.00
536564.00,2019-06-30 17:51:20.564,0.00,294.23,0.00,1.51,0.00,1.00,1.00,127.35,2.75,12.06,68.95,61.88,4.20,40.41,-0.24,0.08,17.00,7000.00,-38.00,0.00,7.00
536664.00,2019-06-30 17:51:20.664,0.00,294.23,0.00,1.51,0.00,1.00,1.00,127.35,2.75,12.08,68.95,61.88,4.20,40.41,-0.22,0.08,17.00,7000.00,-38.00,0.00,7.00
536764.00,2019-06-30 17:51:20.764,0.00,294.23,0.00,1.51,0.00,1.00,1.00,127.35,2.75,11.91,68.95,61.83,4.20,40.41,-0.22,0.08,17.00,7000.00,-38.00,0.00,7.00
536864.00,2019-06-30 17:51:20.864,0.00,294.23,0.00,1.51,0.00,1.00,1.00,127.35,2.75,12.07,68.93,61.83,4.20,40.41,-0.20,0.08,17.00,7000.00,-38.00,0.00,7.00
536964.00,2019-06-30 17:51:20.964,0.00,294.23,0.00,1.51,0.00,1.00,1.00,127.35,2.75,12.05,68.93,61.83,4.20,40.32,-0.23,0.08,17.00,7000.00,-38.00,0.00,7.00
537064.00,2019-06-30 17:51:21.064,0.00,294.23,0.00,1.51,0.00,1.00,1.00,127.35,2.75,11.93,68.98,61.85,4.21,40.32,-0.22,0.07,17.00,7000.00,-38.00,0.00,7.00
537164.00,2019-06-30 17:51:21.164,0.00,294.23,0.00,1.51,0.00,1.00,1.00,127.35,2.75,12.07,68.98,61.85,4.21,40.32,-0.21,0.08,17.00,7000.00,-38.00,0.00,7.00
537264.00,2019-06-30 17:51:21.264,0.00,294.23,0.00,1.51,0.00,1.00,1.00,127.35,2.75,12.05,68.98,61.84,4.21,40.32,-0.22,0.07,17.00,7000.00,-38.00,0.00,7.00
537364.00,2019-06-30 17:51:21.364,0.00,294.23,0.00,1.51,0.00,1.00,1.00,127.35,2.75,11.95,69.00,61.84,4.21,40.38,-0.22,0.08,17.00,7000.00,-38.00,0.00,7.00
537464.00,2019-06-30 17:51:21.464,0.00,294.23,0.00,1.51,0.00,1.00,1.00,127.35,2.75,12.05,69.00,61.84,4.21,40.38,-0.23,0.08,17.00,7000.00,-38.00,0.00,7.00
537564.00,2019-06-30 17:51:21.564,0.00,294.23,0.00,1.51,0.00,1.00,1.00,127.35,2.75,12.07,68.91,61.90,4.20,40.38,-0.21,0.07,17.00,7000.00,-38.00,0.00,7.00
537664.00,2019-06-30 17:51:21.664,0.00,294.23,0.00,1.51,0.00,1.00,1.00,127.35,2.75,11.93,68.91,61.90,4.20,40.38,-0.22,0.08,17.00,7000.00,-38.00,0.00,7.00
537764.00,2019-06-30 17:51:21.764,0.00,294.23,0.00,1.51,0.00,1.00,1.00,127.35,2.75,12.05,68.91,61.85,4.20,40.30,-0.22,0.08,17.00,7000.00,-38.00,0.00,7.00
537864.00,2019-06-30 17:51:21.864,0.00,294.23,0.00,1.51,0.00,1.00,1.00,127.35,2.75,12.05,68.91,61.85,4.25,40.30,-0.22,0.08,17.00,7000.00,-38.00,0.00,7.00
537964.00,2019-06-30 17:51:21.964,0.00,294.23,0.00,1.51,0.00,1.00,1.00,127.35,2.75,11.93,68.91,61.85,4.25,40.30,-0.22,0.07,17.00,7000.00,-38.00,0.00,7.00
538064.00,2019-06-30 17:51:22.064,0.00,294.23,0.00,1.51,0.00,1.00,1.00,127.35,2.75,12.06,69.00,61.80,4.36,40.30,-0.21,0.08,17.00,7000.00,-38.00,0.00,7.00
538164.00,2019-06-30 17:51:22.164,0.00,294.23,0.00,1.51,0.00,1.00,1.00,127.35,2.75,12.05,69.00,61.80,4.36,40.37,-0.22,0.07,17.00,7000.00,-38.00,0.00,7.00
538264.00,2019-06-30 17:51:22.264,0.00,294.23,0.00,1.51,0.00,1.00,1.00,127.35,2.75,11.94,69.00,61.86,4.36,40.37,-0.22,0.08,17.00,7000.00,-38.00,0.00,7.00
538364.00,2019-06-30 17:51:22.364,0.00,294.23,0.00,1.51,0.00,1.00,1.00,127.35,2.75,12.04,68.98,61.86,4.25,40.37,-0.22,0.08,17.00,7000.00,-38.00,0.00,7.00
538464.00,2019-06-30 17:51:22.464,0.00,294.23,0.00,1.51,0.00,1.00,1.00,127.35,2.75,12.07,68.98,61.86,4.25,40.37,-0.22,0.08,17.00,7000.00,-38.00,0.00,7.00
538564.00,2019-06-30 17:51:22.564,0.00,294.23,0.00,1.51,0.00,1.00,1.00,127.35,2.75,11.93,68.98,61.85,4.25,40.37,-0.22,0.08,17.00,7000.00,-38.00,0.00,7.00
538664.00,2019-06-30 17:51:22.664,0.00,294.23,0.00,1.51,0.00,1.00,1.00,127.35,2.75,12.05,68.98,61.85,4.34,40.37,-0.23,0.08,17.00,7000.00,-38.00,0.00,7.00
538764.00,2019-06-30 17:51:22.764,0.00,294.23,0.00,1.51,0.00,1.00,1.00,127.35,2.75,11.95,68.98,61.91,4.34,40.37,-0.22,0.08,17.00,7000.00,-38.00,0.00,7.00
538864.00,2019-06-30 17:51:22.864,0.00,294.23,0.00,1.51,0.00,1.00,1.00,127.35,2.75,12.08,68.94,61.91,4.33,40.37,-0.24,0.07,17.00,7000.00,-38.00,0.00,7.00
538964.00,2019-06-30 17:51:22.964,0.00,294.23,0.00,1.51,0.00,1.00,1.00,127.35,2.75,12.05,68.94,61.91,4.33,40.33,-0.22,0.08,17.00,7000.00,-38.00,0.00,7.00
539064.00,2019-06-30 17:51:23.064,0.00,294.23,0.00,1.51,0.00,1.00,1.00,127.35,2.75,12.05,68.94,61.90,4.33,40.33,-0.21,0.08,17.00,7000.00,-38.00,0.00,7.00
539164.00,2019-06-30 17:51:23.164,0.00,294.23,0.00,1.51,0.00,1.00,1.00,127.35,2.75,11.93,68.98,61.90,4.31,40.33,-0.23,0.07,17.00,7000.00,-38.00,0.00,7.00
539264.00,2019-06-30 17:51:23.264,0.00,294.23,0.00,1.51,0.00,1.00,1.00,127.35,2.75,12.06,68.98,61.86,4.31,40.33,-0.20,0.08,17.00,7000.00,-38.00,0.00,7.00
539364.00,2019-06-30 17:51:23.364,0.00,294.23,0.00,1.51,0.00,1.00,1.00,127.35,2.75,11.95,69.02,61.86,4.42,40.33,-0.23,0.08,17.00,7000.00,-38.00,0.00,7.00
539464.00,2019-06-30 17:51:23.464,0.00,294.23,0.00,1.51,0.00,1.00,1.00,127.35,2.75,12.07,69.02,61.86,4.42,40.33,-0.21,0.08,17.00,7000.00,-38.00,0.00,7.00
539564.00,2019-06-30 17:51:23.564,0.00,294.23,0.00,1.51,0.00,1.00,1.00,127.35,2.75,12.07,69.02,61.86,4.42,40.33,-0.22,0.08,17.00,7000.00,-38.00,0.00,7.00
539664.00,2019-06-30 17:51:23.664,0.00,294.23,0.00,1.51,0.00,1.00,1.00,127.35,2.75,11.92,68.96,61.86,4.38,40.33,-0.22,0.08,17.00,7000.00,-38.00,0.00,7.00
539764.00,2019-06-30 17:51:23.764,0.00,294.23,0.00,1.51,0.00,1.00,1.00,127.35,2.75,12.08,68.96,61.85,4.38,40.33,-0.21,0.08,17.00,7000.00,-38.00,0.00,7.00
539864.00,2019-06-30 17:51:23.864,0.00,294.23,0.00,1.51,0.00,1.00,1.00,127.35,2.75,12.05,68.96,61.85,4.38,40.33,-0.24,0.08,17.00,7000.00,-38.00,0.00,7.00
539964.00,2019-06-30 17:51:23.964,0.00,294.23,0.00,1.51,0.00,1.00,1.00,127.35,2.75,11.94,68.98,61.85,4.38,40.33,-0.22,0.07,17.00,7000.00,-38.00,0.00,7.00
540064.00,2019-06-30 17:51:24.064,0.00,294.23,0.00,1.51,0.00,1.00,1.00,127.35,2.75,12.06,68.98,61.88,4.38,40.33,-0.24,0.08,17.00,7000.00,-38.00,0.00,7.00
540164.00,2019-06-30 17:51:24.164,0.00,294.23,0.00,1.51,0.00,1.00,1.00,127.35,2.75,12.06,68.96,61.88,4.38,40.27,-0.23,0.07,17.00,7000.00,-38.00,0.00,7.00
540264.00,2019-06-30 17:51:24.264,0.00,294.23,0.00,1.51,0.00,1.00,1.00,127.35,2.75,11.95,68.96,61.81,4.38,40.27,-0.21,0.08,17.00,7000.00,-38.00,0.00,7.00
540364.00,2019-06-30 17:51:24.364,0.00,294.23,0.00,1.51,0.00,1.00,1.00,127.35,2.75,12.04,68.96,61.81,4.38,40.27,-0.23,0.08,17.00,7000.00,-38.00,0.00,7.00
540464.00,2019-06-30 17:51:24.464,0.00,294.23,0.00,1.51,0.00,1.00,1.00,127.35,2.75,12.07,69.08,61.81,4.42,40.27,-0.21,0.08,17.00,7000.00,-38.00,0.00,7.00
540564.00,2019-06-30 17:51:24.564,0.00,294.23,0.00,1.51,0.00,1.00,1.00,127.35,2.75,11.91,69.08,61.97,4.42,40.39,-0.24,0.07,17.00,7000.00,-38.00,0.00,7.00
540664.00,2019-06-30 17:51:24.664,0.00,294.23,0.00,1.51,0.00,1.00,1.00,127.35,2.75,12.08,68.95,61.97,4.51,40.39,-0.22,0.08,17.00,7000.00,-38.00,0.00,7.00
540764.00,2019-06-30 17:51:24.764,0.00,294.23,0.00,1.51,0.00,1.00,1.00,127.35,2.75,12.05,68.95,61.83,4.51,40.39,-0.22,0.07,17.00,7000.00,-38.00,0.00,7.00
540864.00,2019-06-30 17:51:24.864,0.00,294.23,0.00,1.51,0.00,1.00,1.00,127.35,2.75,11.94,68.95,61.83,4.51,40.39,-0.22,0.07,17.00,7000.00,-38.00,0.00,7.00
540964.00,2019-06-30 17:51:24.964,0.00,294.23,0.00,1.51,0.00,1.00,1.00,127.35,2.75,12.06,69.02,61.83,4.48,40.33,-0.22,0.08,17.00,7000.00,-38.00,0.00,7.00
541064.00,2019-06-30 17:51:25.064,0.00,294.23,0.00,1.51,0.00,1.00,1.00,127.35,2.75,12.06,69.02,61.81,4.48,40.33,-0.23,0.07,17.00,7000.00,-38.00,0.00,7.00
541164.00,2019-06-30 17:51:25.164,0.00,294.23,0.00,1.51,0.00,1.00,1.00,127.35,2.75,12.07,69.02,61.81,4.48,40.33,-0.22,0.07,17.00,7000.00,-38.00,0.00,7.00
541264.00,2019-06-30 17:51:25.264,0.00,294.23,0.00,1.51,0.00,1.00,1.00,127.35,2.75,12.06,69.02,61.80,4.45,40.33,-0.24,0.07,17.00,7000.00,-38.00,0.00,7.00
541364.00,2019-06-30 17:51:25.364,0.00,294.23,0.00,1.51,0.00,1.00,1.00,127.35,2.75,11.95,69.02,61.80,4.45,40.44,-0.22,0.07,17.00,7000.00,-38.00,0.00,7.00
541464.00,2019-06-30 17:51:25.464,0.00,294.23,0.00,1.51,0.00,1.00,1.00,127.35,2.75,12.06,68.93,61.80,4.50,40.44,-0.21,0.08,17.00,7000.00,-38.00,0.00,7.00
541564.00,2019-06-30 17:51:25.564,0.00,294.23,0.00,1.51,0.00,1.00,1.00,127.35,2.75,12.06,68.93,61.78,4.50,40.44,-0.23,0.07,17.00,7000.00,-38.00,0.00,7.00
541664.00,2019-06-30 17:51:25.664,0.00,294.23,0.00,1.51,0.00,1.00,1.00,127.35,2.75,12.07,68.93,61.78,4.50,40.44,-0.21,0.07,17.00,7000.00,-38.00,0.00,7.00
541764.00,2019-06-30 17:51:25.764,0.00,294.23,0.00,1.51,0.00,1.00,1.00,127.35,2.75,12.05,68.98,61.84,4.53,40.35,-0.22,0.07,17.00,7000.00,-38.00,0.00,7.00
541864.00,2019-06-30 17:51:25.864,0.00,294.23,0.00,1.51,0.00,1.00,1.00,127.35,2.75,11.95,68.98,61.84,4.53,40.35,-0.22,0.08,17.00,7000.00,-38.00,0.00,7.00
541964.00,2019-06-30 17:51:25.964,0.00,294.23,0.00,1.51,0.00,1.00,1.00,127.35,2.75,12.07,68.98,61.84,4.48,40.35,-0.22,0.08,17.00,7000.00,-38.00,0.00,7.00
542064.00,2019-06-30 17:51:26.064,0.00,294.23,0.00,1.51,0.00,1.00,1.00,127.35,2.75,11.91,68.98,61.81,4.48,40.35,-0.22,0.08,17.00,7000.00,-38.00,0.00,7.00
542164.00,2019-06-30 17:51:26.164,0.00,294.23,0.00,1.51,0.00,1.00,1.00,127.35,2.75,12.07,68.98,61.81,4.48,40.37,-0.22,0.07,17.00,7000.00,-38.00,0.00,7.00
542264.00,2019-06-30 17:51:26.264,0.00,294.23,0.00,1.51,0.00,1.00,1.00,127.35,2.75,12.05,68.91,61.80,4.59,40.37,-0.22,0.07,17.00,7000.00,-38.00,0.00,7.00
542364.00,2019-06-30 17:51:26.364,0.00,294.23,0.00,1.51,0.00,1.00,1.00,127.35,2.75,11.94,68.91,61.80,4.59,40.37,-0.21,0.07,17.00,7000.00,-38.00,0.00,7.00
542464.00,2019-06-30 17:51:26.464,0.00,294.23,0.00,1.51,0.00,1.00,1.00,127.35,2.75,12.06,68.98,61.80,4.59,40.37,-0.25,0.07,17.00,7000.00,-38.00,0.00,7.00
542564.00,2019-06-30 17:51:26.564,0.00,294.23,0.00,1.51,0.00,1.00,1.00,127.35,2.75,12.07,68.98,61.91,4.53,40.34,-0.22,0.08,17.00,7000.00,-38.00,0.00,7.00
542664.00,2019-06-30 17:51:26.664,0.00,294.23,0.00,1.51,0.00,1.00,1.00,127.35,2.75,11.92,68.98,61.91,4.53,40.34,-0.22,0.08,17.00,7000.00,-38.00,0.00,7.00
542764.00,2019-06-30 17:51:26.764,0.00,294.23,0.00,1.51,0.00,1.00,1.00,127.35,2.75,12.06,69.08,61.79,4.62,40.34,-0.22,0.07,17.00,7000.00,-38.00,0.00,7.00
542864.00,2019-06-30 17:51:26.864,0.00,294.23,0.00,1.51,0.00,1.00,1.00,127.35,2.75,12.07,69.08,61.79,4.62,40.34,-0.20,0.08,17.00,7000.00,-38.00,0.00,7.00
542964.00,2019-06-30 17:51:26.964,0.00,294.23,0.00,1.51,0.00,1.00,1.00,127.35,2.75,11.91,69.08,61.79,4.62,40.37,-0.23,0.07,17.00,7000.00,-38.00,0.00,7.00
543064.00,2019-06-30 17:51:27.064,0.00,294.23,0.00,1.51,0.00,1.00,1.00,127.35,2.75,12.07,68.96,61.79,4.68,40.37,-0.23,0.08,17.00,7000.00,-38.00,0.00,7.00
543164.00,2019-06-30 17:51:27.164,0.00,294.23,0.00,1.51,0.00,1.00,1.00,127.35,2.75,11.94,68.96,61.79,4.68,40.37,-0.22,0.07,17.00,7000.00,-38.00,0.00,7.00
543264.00,2019-06-30 17:51:27.264,0.00,294.23,0.00,1.51,0.00,1.00,1.00,127.35,2.75,12.05,68.98,61.77,4.57,40.37,-0.22,0.07,17.00,7000.00,-38.00,0.00,7.00
543364.00,2019-06-30 17:51:27.364,0.00,294.23,0.00,1.51,0.00,1.00,1.00,127.35,2.75,12.07,68.98,61.77,4.57,40.34,-0.21,0.08,17.00,7000.00,-38.00,0.00,7.00
543464.00,2019-06-30 17:51:27.464,0.00,294.23,0.00,1.51,0.00,1.00,1.00,127.35,2.75,11.92,68.98,61.77,4.57,40.34,-0.24,0.08,17.00,7000.00,-38.00,0.00,7.00
543564.00,2019-06-30 17:51:27.564,0.00,294.23,0.00,1.51,0.00,1.00,1.00,127.35,2.75,12.05,69.01,61.83,4.64,40.34,-0.22,0.07,17.00,7000.00,-38.00,0.00,7.00
543664.00,2019-06-30 17:51:27.664,0.00,294.23,0.00,1.51,0.00,1.00,1.00,127.35,2.75,11.95,69.01,61.83,4.64,40.34,-0.25,0.08,17.00,7000.00,-38.00,0.00,7.00
543764.00,2019-06-30 17:51:27.764,0.00,294.23,0.00,1.51,0.00,1.00,1.00,127.35,2.75,12.04,68.98,61.88,4.64,40.43,-0.22,0.07,17.00,7000.00,-38.00,0.00,7.00
543864.00,2019-06-30 17:51:27.864,0.00,294.23,0.00,1.51,0.00,1.00,1.00,127.35,2.75,12.05,68.98,61.88,4.70,40.43,-0.20,0.08,17.00,7000.00,-38.00,0.00,7.00
543964.00,2019-06-30 17:51:27.964,0.00,294.23,0.00,1.51,0.00,1.00,1.00,127.35,2.75,11.93,68.98,61.88,4.70,40.43,-0.21,0.08,17.00,7000.00,-38.00,0.00,7.00
544064.00,2019-06-30 17:51:28.064,0.00,294.23,0.00,1.51,0.00,1.00,1.00,127.35,2.75,11.94,68.95,61.88,4.70,40.43,-0.19,0.08,17.00,7000.00,-38.00,0.00,7.00
544164.00,2019-06-30 17:51:28.164,0.00,294.23,0.00,1.51,0.00,1.00,1.00,127.35,2.75,12.05,68.95,61.88,4.70,40.37,-0.23,0.08,17.00,7000.00,-38.00,0.00,7.00
544264.00,2019-06-30 17:51:28.264,0.00,294.23,0.00,1.51,0.00,1.00,1.00,127.35,2.75,11.91,68.95,61.83,4.70,40.37,-0.22,0.07,17.00,7000.00,-38.00,0.00,7.00
544364.00,2019-06-30 17:51:28.364,0.00,294.23,0.00,1.51,0.00,1.00,1.00,127.35,2.75,11.91,69.03,61.83,4.70,40.37,-0.21,0.08,17.00,7000.00,-38.00,0.00,7.00
544464.00,2019-06-30 17:51:28.464,0.00,294.23,0.00,1.51,0.00,1.00,1.00,127.35,2.75,12.07,69.03,61.83,4.70,40.37,-0.22,0.08,17.00,7000.00,-38.00,0.00,7.00
544564.00,2019-06-30 17:51:28.564,0.00,294.23,0.00,1.51,0.00,1.00,1.00,127.35,2.75,12.06,69.02,61.74,4.68,40.39,-0.21,0.08,17.00,7000.00,-38.00,0.00,7.00
544664.00,2019-06-30 17:51:28.664,0.00,294.23,0.00,1.51,0.00,1.00,1.00,127.35,2.75,12.07,69.02,61.74,4.68,40.39,-0.22,0.07,17.00,7000.00,-38.00,0.00,7.00
544764.00,2019-06-30 17:51:28.764,0.00,294.23,0.00,1.51,0.00,1.00,1.00,127.35,2.75,12.08,69.02,61.74,4.68,40.39,-0.22,0.07,17.00,7000.00,-38.00,0.00,7.00
544864.00,2019-06-30 17:51:28.864,0.00,294.23,0.00,1.51,0.00,1.00,1.00,127.35,2.75,11.92,69.02,61.74,4.79,40.39,-0.24,0.08,17.00,7000.00,-38.00,0.00,7.00
544964.00,2019-06-30 17:51:28.964,0.00,294.23,0.00,1.51,0.00,1.00,1.00,127.35,2.75,12.05,69.02,61.74,4.79,40.28,-0.22,0.08,17.00,7000.00,-38.00,0.00,7.00
545064.00,2019-06-30 17:51:29.064,0.00,294.23,0.00,1.51,0.00,1.00,1.00,127.35,2.75,12.08,68.96,61.72,4.79,40.28,-0.21,0.08,17.00,7000.00,-38.00,0.00,7.00
545164.00,2019-06-30 17:51:29.164,0.00,294.23,0.00,1.51,0.00,1.00,1.00,127.35,2.75,11.91,68.96,61.72,4.70,40.28,-0.23,0.07,17.00,7000.00,-38.00,0.00,7.00
545264.00,2019-06-30 17:51:29.264,0.00,294.23,0.00,1.51,0.00,1.00,1.00,127.35,2.75,12.07,68.96,61.74,4.70,40.28,-0.20,0.08,17.00,7000.00,-38.00,0.00,7.00
545364.00,2019-06-30 17:51:29.364,0.00,294.23,0.00,1.51,0.00,1.00,1.00,127.35,2.75,12.05,68.89,61.74,4.76,40.23,-0.23,0.08,17.00,7000.00,-38.00,0.00,7.00
545464.00,2019-06-30 17:51:29.464,0.00,294.23,0.00,1.51,0.00,1.00,1.00,127.35,2.75,11.93,68.89,61.74,4.76,40.23,-0.21,0.07,17.00,7000.00,-38.00,0.00,7.00
545564.00,2019-06-30 17:51:29.564,0.00,294.23,0.00,1.51,0.00,1.00,1.00,127.35,2.75,12.07,69.00,61.70,4.76,40.23,-0.22,0.07,17.00,7000.00,-38.00,0.00,7.00
545664.00,2019-06-30 17:51:29.664,0.00,294.23,0.00,1.51,0.00,1.00,1.00,127.35,2.75,12.04,69.00,61.70,4.87,40.23,-0.22,0.07,17.00,7000.00,-38.00,0.00,7.00
545764.00,2019-06-30 17:51:29.764,0.00,294.23,0.00,1.51,0.00,1.00,1.00,127.35,2.75,11.95,69.00,61.71,4.87,40.37,-0.21,0.08,17.00,7000.00,-38.00,0.00,7.00
545864.00,2019-06-30 17:51:29.864,0.00,294.23,0.00,1.51,0.00,1.00,1.00,127.35,2.75,12.05,68.96,61.71,4.74,40.37,-0.23,0.07,17.00,7000.00,-38.00,0.00,7.00
545964.00,2019-06-30 17:51:29.964,0.00,294.23,0.00,1.51,0.00,1.00,1.00,127.35,2.75,12.07,68.96,61.71,4.74,40.37,-0.22,0.08,17.00,7000.00,-38.00,0.00,7.00
546064.00,2019-06-30 17:51:30.064,0.00,294.23,0.00,1.51,0.00,1.00,1.00,127.35,2.75,11.92,68.96,61.72,4.74,40.37,-0.25,0.08,17.00,7000.00,-38.00,0.00,7.00
546164.00,2019-06-30 17:51:30.164,0.00,294.23,0.00,1.51,0.00,1.00,1.00,127.35,2.75,12.05,68.95,61.72,4.90,40.38,-0.22,0.08,17.00,7000.00,-38.00,0.00,7.00
546264.00,2019-06-30 17:51:30.264,0.00,294.23,0.00,1.51,0.00,1.00,1.00,127.35,2.75,12.08,68.95,61.77,4.90,40.38,-0.21,0.08,17.00,7000.00,-38.00,0.00,7.00
546364.00,2019-06-30 17:51:30.364,0.00,294.23,0.00,1.51,0.00,1.00,1.00,127.35,2.75,11.91,68.94,61.77,4.90,40.38,-0.22,0.08,17.00,7000.00,-38.00,0.00,7.00
546464.00,2019-06-30 17:51:30.464,0.00,294.23,0.00,1.51,0.00,1.00,1.00,127.35,2.75,12.07,68.94,61.77,4.84,40.38,-0.21,0.08,17.00,7000.00,-38.00,0.00,7.00
546564.00,2019-06-30 17:51:30.564,0.00,294.23,0.00,1.51,0.00,1.00,1.00,127.35,2.75,12.05,68.94,61.70,4.84,40.32,-0.24,0.08,17.00,7000.00,-38.00,0.00,7.00
546664.00,2019-06-30 17:51:30.664,0.00,294.23,0.00,1.51,0.00,1.00,1.00,127.35,2.75,11.93,69.00,61.70,4.83,40.32,-0.21,0.08,17.00,7000.00,-38.00,0.00,7.00
546764.00,2019-06-30 17:51:30.764,0.00,294.23,0.00,1.51,0.00,1.00,1.00,127.35,2.75,12.07,69.00,61.72,4.83,40.32,-0.22,0.08,17.00,7000.00,-38.00,0.00,7.00
546864.00,2019-06-30 17:51:30.864,0.00,294.23,0.00,1.51,0.00,1.00,1.00,127.35,2.75,12.05,69.02,61.72,4.83,40.32,-0.22,0.07,17.00,7000.00,-38.00,0.00,7.00
546964.00,2019-06-30 17:51:30.964,0.00,294.23,0.00,1.51,0.00,1.00,1.00,127.35,2.75,11.94,69.02,61.72,4.93,40.38,-0.22,0.08,17.00,7000.00,-38.00,0.00,7.00
547064.00,2019-06-30 17:51:31.064,0.00,294.23,0.00,1.51,0.00,1.00,1.00,127.35,2.75,12.05,69.02,61.73,4.93,40.38,-0.23,0.08,17.00,7000.00,-38.00,0.00,7.00
547164.00,2019-06-30 17:51:31.164,0.00,294.23,0.00,1.51,0.00,1.00,1.00,127.35,2.75,12.07,68.98,61.73,4.98,40.38,-0.22,0.08,17.00,7000.00,-38.00,0.00,7.00
547264.00,2019-06-30 17:51:31.264,0.00,294.23,0.00,1.51,0.00,1.00,1.00,127.35,2.75,11.93,68.98,61.72,4.98,40.38,-0.25,0.08,17.00,7000.00,-38.00,0.00,7.00
547364.00,2019-06-30 17:51:31.364,0.00,294.23,0.00,1.51,0.00,1.00,1.00,127.35,2.75,12.06,68.98,61.72,4.98,40.44,-0.22,0.08,17.00,7000.00,-38.00,0.00,7.00
547464.00,2019-06-30 17:51:31.464,0.00,294.23,0.00,1.51,0.00,1.00,1.00,127.35,2.75,11.94,69.02,61.72,4.91,40.44,-0.21,0.07,17.00,7000.00,-38.00,0.00,7.00
547564.00,2019-06-30 17:51:31.564,0.00,294.23,0.00,1.51,0.00,1.00,1.00,127.35,2.75,11.93,69.02,61.73,4.91,40.44,-0.22,0.08,17.00,7000.00,-38.00,0.00,7.00
547664.00,2019-06-30 17:51:31.664,0.00,294.23,0.00,1.51,0.00,1.00,1.00,127.35,2.75,12.06,68.98,61.73,4.91,40.44,-0.20,0.08,17.00,7000.00,-38.00,0.00,7.00
547764.00,2019-06-30 17:51:31.764,0.00,294.23,0.00,1.51,0.00,1.00,1.00,127.35,2.75,11.95,68.98,61.72,5.02,40.33,-0.24,0.08,17.00,7000.00,-38.00,0.00,7.00
547864.00,2019-06-30 17:51:31.864,0.00,294.23,0.00,1.51,0.00,1.00,1.00,127.35,2.75,12.06,68.98,61.72,5.02,40.33,-0.22,0.08,17.00,7000.00,-38.00,0.00,7.00
547964.00,2019-06-30 17:51:31.964,0.00,294.23,0.00,1.51,0.00,1.00,1.00,127.35,2.75,12.07,69.02,61.72,5.04,40.33,-0.22,0.08,17.00,7000.00,-38.00,0.00,7.00
548064.00,2019-06-30 17:51:32.064,0.00,294.23,0.00,1.51,0.00,1.00,1.00,127.35,2.75,11.91,69.02,61.72,5.04,40.33,-0.23,0.07,17.00,7000.00,-38.00,0.00,7.00
548164.00,2019-06-30 17:51:32.164,0.00,294.23,0.00,1.51,0.00,1.00,1.00,127.35,2.75,12.08,68.98,61.72,5.04,40.28,-0.22,0.08,17.00,7000.00,-38.00,0.00,7.00
548264.00,2019-06-30 17:51:32.264,0.00,294.23,0.00,1.51,0.00,1.00,1.00,127.35,2.75,12.05,68.98,61.70,4.96,40.28,-0.23,0.08,17.00,7000.00,-38.00,0.00,7.00
548364.00,2019-06-30 17:51:32.364,0.00,294.23,0.00,1.51,0.00,1.00,1.00,127.35,2.75,11.94,68.98,61.70,4.96,40.28,-0.22,0.07,17.00,7000.00,-38.00,0.00,7.00
548464.00,2019-06-30 17:51:32.464,0.00,294.23,0.00,1.51,0.00,1.00,1.00,127.35,2.75,12.06,69.00,61.70,5.07,40.28,-0.24,0.07,17.00,7000.00,-38.00,0.00,7.00
548564.00,2019-06-30 17:51:32.564,0.00,294.23,0.00,1.51,0.00,1.00,1.00,127.35,2.75,12.05,69.00,61.62,5.07,40.38,-0.22,0.08,17.00,7000.00,-38.00,0.00,7.00
548664.00,2019-06-30 17:51:32.664,0.00,294.23,0.00,1.51,0.00,1.00,1.00,127.35,2.75,11.92,68.95,61.62,5.07,40.38,-0.22,0.08,17.00,7000.00,-38.00,0.00,7.00
548764.00,2019-06-30 17:51:32.764,0.00,294.23,0.00,1.51,0.00,1.00,1.00,127.35,2.75,12.04,68.95,61.66,5.09,40.38,-0.22,0.07,17.00,7000.00,-38.00,0.00,7.00
548864.00,2019-06-30 17:51:32.864,0.00,294.23,0.00,1.51,0.00,1.00,1.00,127.35,2.75,11.94,68.95,61.66,5.09,40.38,-0.20,0.07,17.00,7000.00,-38.00,0.00,7.00
548964.00,2019-06-30 17:51:32.964,0.00,294.23,0.00,1.51,0.00,1.00,1.00,127.35,2.75,12.05,68.98,61.66,5.09,40.30,-0.24,0.08,17.00,7000.00,-38.00,0.00,7.00
549064.00,2019-06-30 17:51:33.064,0.00,294.23,0.00,1.51,0.00,1.00,1.00,127.35,2.75,11.91,68.98,61.63,5.13,40.30,-0.22,0.07,17.00,7000.00,-38.00,0.00,7.00
549164.00,2019-06-30 17:51:33.164,0.00,294.23,0.00,1.51,0.00,1.00,1.00,127.35,2.75,11.91,68.98,61.63,5.13,40.30,-0.21,0.08,17.00,7000.00,-38.00,0.00,7.00
549264.00,2019-06-30 17:51:33.264,0.00,294.23,0.00,1.51,0.00,1.00,1.00,127.35,2.75,12.07,69.00,61.66,5.04,40.30,-0.22,0.07,17.00,7000.00,-38.00,0.00,7.00
549364.00,2019-06-30 17:51:33.364,0.00,294.23,0.00,1.51,0.00,1.00,1.00,127.35,2.75,12.06,69.00,61.66,5.04,40.30,-0.21,0.07,17.00,7000.00,-38.00,0.00,7.00
549464.00,2019-06-30 17:51:33.464,0.00,294.23,0.00,1.51,0.00,1.00,1.00,127.35,2.75,12.07,68.98,61.66,5.04,40.30,-0.23,0.08,17.00,7000.00,-38.00,0.00,7.00
549564.00,2019-06-30 17:51:33.564,0.00,294.23,0.00,1.51,0.00,1.00,1.00,127.35,2.75,12.08,68.98,61.63,5.17,40.30,-0.23,0.07,17.00,7000.00,-38.00,0.00,7.00
549664.00,2019-06-30 17:51:33.664,0.00,294.23,0.00,1.51,0.00,1.00,1.00,127.35,2.75,12.04,68.98,61.63,5.17,40.30,-0.24,0.07,17.00,7000.00,-38.00,0.00,7.00
549764.00,2019-06-30 17:51:33.764,0.00,294.23,0.00,1.51,0.00,1.00,1.00,127.35,2.75,12.06,69.00,61.63,5.13,40.32,-0.21,0.08,17.00,7000.00,-38.00,0.00,7.00
549864.00,2019-06-30 17:51:33.864,0.00,294.23,0.00,1.51,0.00,1.00,1.00,127.35,2.75,12.08,69.00,61.63,5.13,40.32,-0.22,0.08,17.00,7000.00,-38.00,0.00,7.00
549964.00,2019-06-30 17:51:33.964,0.00,294.23,0.00,1.51,0.00,1.00,1.00,127.35,2.75,11.90,68.98,61.63,5.13,40.32,-0.21,0.07,17.00,7000.00,-38.00,0.00,7.00
550064.00,2019-06-30 17:51:34.064,0.00,294.23,0.00,1.51,0.00,1.00,1.00,127.35,2.75,12.07,68.98,61.64,5.21,40.32,-0.21,0.08,17.00,7000.00,-38.00,0.00,7.00
550164.00,2019-06-30 17:51:34.164,0.00,294.23,0.00,1.51,0.00,1.00,1.00,127.35,2.75,12.05,68.98,61.64,5.21,40.41,-0.23,0.07,17.00,7000.00,-38.00,0.00,7.00
550264.00,2019-06-30 17:51:34.264,0.00,294.23,0.00,1.51,0.00,1.00,1.00,127.35,2.75,11.93,68.87,61.60,5.21,40.41,-0.22,0.08,17.00,7000.00,-38.00,0.00,7.00
550364.00,2019-06-30 17:51:34.364,0.00,294.23,0.00,1.51,0.00,1.00,1.00,127.35,2.75,12.07,68.87,61.60,5.15,40.41,-0.22,0.07,17.00,7000.00,-38.00,0.00,7.00
550464.00,2019-06-30 17:51:34.464,0.00,294.23,0.00,1.51,0.00,1.00,1.00,127.35,2.75,12.04,68.87,61.60,5.15,40.41,-0.23,0.07,17.00,7000.00,-38.00,0.00,7.00
550564.00,2019-06-30 17:51:34.564,0.00,294.23,0.00,1.51,0.00,1.00,1.00,127.35,2.75,11.95,68.91,61.67,5.21,40.32,-0.22,0.08,17.00,7000.00,-38.00,0.00,7.00
550664.00,2019-06-30 17:51:34.664,0.00,294.23,0.00,1.51,0.00,1.00,1.00,127.35,2.75,12.05,68.91,61.67,5.21,40.32,-0.23,0.07,17.00,7000.00,-38.00,0.00,7.00
550764.00,2019-06-30 17:51:34.764,0.00,294.23,0.00,1.51,0.00,1.00,1.00,127.35,2.75,12.07,69.01,61.55,5.21,40.32,-0.22,0.08,17.00,7000.00,-38.00,0.00,7.00
550864.00,2019-06-30 17:51:34.864,0.00,294.23,0.00,1.51,0.00,1.00,1.00,127.35,2.75,11.93,69.01,61.55,5.27,40.32,-0.22,0.08,17.00,7000.00,-38.00,0.00,7.00
550964.00,2019-06-30 17:51:34.964,0.00,294.23,0.00,1.51,0.00,1.00,1.00,127.35,2.75,12.05,69.01,61.55,5.27,40.37,-0.22,0.08,17.00,7000.00,-38.00,0.00,7.00
551064.00,2019-06-30 17:51:35.064,0.00,294.23,0.00,1.51,0.00,1.00,1.00,127.35,2.75,12.08,68.98,61.69,5.22,40.37,-0.21,0.07,17.00,7000.00,-38.00,0.00,7.00
551164.00,2019-06-30 17:51:35.164,0.00,294.23,0.00,1.51,0.00,1.00,1.00,127.35,2.75,11.91,68.98,61.69,5.22,40.37,-0.22,0.08,17.00,7000.00,-38.00,0.00,7.00
551264.00,2019-06-30 17:51:35.264,0.00,294.23,0.00,1.51,0.00,1.00,1.00,127.35,2.75,12.07,68.93,61.63,5.22,40.37,-0.21,0.08,17.00,7000.00,-38.00,0.00,7.00
551364.00,2019-06-30 17:51:35.364,0.00,294.23,0.00,1.51,0.00,1.00,1.00,127.35,2.75,12.05,68.93,61.63,5.23,40.33,-0.23,0.07,17.00,7000.00,-38.00,0.00,7.00
551464.00,2019-06-30 17:51:35.464,0.00,294.23,0.00,1.51,0.00,1.00,1.00,127.35,2.75,11.93,68.93,61.63,5.23,40.33,-0.22,0.07,17.00,7000.00,-38.00,0.00,7.00
551564.00,2019-06-30 17:51:35.564,0.00,294.23,0.00,1.51,0.00,1.00,1.00,127.35,2.75,12.07,68.98,61.59,5.23,40.33,-0.22,0.08,17.00,7000.00,-38.00,0.00,7.00
551664.00,2019-06-30 17:51:35.664,0.00,294.23,0.00,1.51,0.00,1.00,1.00,127.35,2.75,12.05,68.98,61.59,5.20,40.33,-0.22,0.07,17.00,7000.00,-38.00,0.00,7.00
551764.00,2019-06-30 17:51:35.764,0.00,294.23,0.00,1.51,0.00,1.00,1.00,127.35,2.75,11.95,68.93,61.64,5.20,40.41,-0.21,0.07,17.00,7000.00,-38.00,0.00,7.00
551864.00,2019-06-30 17:51:35.864,0.00,294.23,0.00,1.51,0.00,1.00,1.00,127.35,2.75,12.05,68.93,61.64,5.23,40.41,-0.23,0.07,17.00,7000.00,-38.00,0.00,7.00
551964.00,2019-06-30 17:51:35.964,0.00,294.23,0.00,1.51,0.00,1.00,1.00,127.35,2.75,12.08,68.93,61.64,5.23,40.41,-0.22,0.08,17.00,7000.00,-38.00,0.00,7.00
552064.00,2019-06-30 17:51:36.064,0.00,294.23,0.00,1.51,0.00,1.00,1.00,127.35,2.75,11.91,68.96,61.65,5.23,40.41,-0.24,0.08,17.00,7000.00,-38.00,0.00,7.00
552164.00,2019-06-30 17:51:36.164,0.00,294.23,0.00,1.51,0.00,1.00,1.00,127.35,2.75,12.07,68.96,61.65,5.26,40.38,-0.22,0.07,17.00,7000.00,-38.00,0.00,7.00
552264.00,2019-06-30 17:51:36.264,0.00,294.23,0.00,1.51,0.00,1.00,1.00,127.35,2.75,11.94,68.96,61.55,5.26,40.38,-0.21,0.07,17.00,7000.00,-38.00,0.00,7.00
552364.00,2019-06-30 17:51:36.364,0.00,294.23,0.00,1.51,0.00,1.00,1.00,127.35,2.75,11.93,69.03,61.55,5.32,40.38,-0.22,0.07,17.00,7000.00,-38.00,0.00,7.00
552464.00,2019-06-30 17:51:36.464,0.00,294.23,0.00,1.51,0.00,1.00,1.00,127.35,2.75,12.07,69.03,61.55,5.32,40.38,-0.20,0.07,17.00,7000.00,-38.00,0.00,7.00
552564.00,2019-06-30 17:51:36.564,0.00,294.23,0.00,1.51,0.00,1.00,1.00,127.35,2.75,11.92,69.02,61.55,5.32,40.33,-0.23,0.08,17.00,7000.00,-38.00,0.00,7.00
552664.00,2019-06-30 17:51:36.664,0.00,294.23,0.00,1.51,0.00,1.00,1.00,127.35,2.75,12.06,69.02,61.55,5.35,40.33,-0.22,0.08,17.00,7000.00,-38.00,0.00,7.00
552764.00,2019-06-30 17:51:36.764,0.00,294.23,0.00,1.51,0.00,1.00,1.00,127.35,2.75,12.07,69.02,61.60,5.35,40.33,-0.22,0.09,17.00,7000.00,-38.00,0.00,7.00
552864.00,2019-06-30 17:51:36.864,0.00,294.23,0.00,1.51,0.00,1.00,1.00,127.35,2.75,11.92,68.98,61.60,5.35,40.33,-0.22,0.07,17.00,7000.00,-38.00,0.00,7.00
552964.00,2019-06-30 17:51:36.964,0.00,294.23,0.00,1.51,0.00,1.00,1.00,127.35,2.75,12.08,68.98,61.60,5.35,40.37,-0.21,0.07,17.00,7000.00,-38.00,0.00,7.00
553064.00,2019-06-30 17:51:37.064,0.00,294.23,0.00,1.51,0.00,1.00,1.00,127.35,2.75,12.05,68.98,61.58,5.35,40.37,-0.25,0.07,17.00,7000.00,-38.00,0.00,7.00
553164.00,2019-06-30 17:51:37.164,0.00,294.23,0.00,1.51,0.00,1.00,1.00,127.35,2.75,11.93,68.98,61.58,5.41,40.37,-0.22,0.07,17.00,7000.00,-38.00,0.00,7.00
553264.00,2019-06-30 17:51:37.264,0.00,294.23,0.00,1.51,0.00,1.00,1.00,127.35,2.75,12.06,68.98,61.62,5.41,40.37,-0.22,0.07,17.00,7000.00,-38.00,0.00,7.00
553364.00,2019-06-30 17:51:37.364,0.00,294.23,0.00,1.51,0.00,1.00,1.00,127.35,2.75,12.06,68.95,61.62,5.41,40.37,-0.22,0.08,17.00,7000.00,-38.00,0.00,7.00
553464.00,2019-06-30 17:51:37.464,0.00,294.23,0.00,1.51,0.00,1.00,1.00,127.35,2.75,11.92,68.95,61.62,5.33,40.37,-0.21,0.07,17.00,7000.00,-38.00,0.00,7.00
553564.00,2019-06-30 17:51:37.564,0.00,294.23,0.00,1.51,0.00,1.00,1.00,127.35,2.75,12.06,68.95,61.53,5.33,40.37,-0.22,0.08,17.00,7000.00,-38.00,0.00,7.00
553664.00,2019-06-30 17:51:37.664,0.00,294.23,0.00,1.51,0.00,1.00,1.00,127.35,2.75,11.94,68.96,61.53,5.43,40.37,-0.21,0.08,17.00,7000.00,-38.00,0.00,7.00
553764.00,2019-06-30 17:51:37.764,0.00,294.23,0.00,1.51,0.00,1.00,1.00,127.35,2.75,12.05,68.96,61.45,5.43,40.34,-0.23,0.08,17.00,7000.00,-38.00,0.00,7.00
553864.00,2019-06-30 17:51:37.864,0.00,294.23,0.00,1.51,0.00,1.00,1.00,127.35,2.75,12.06,68.95,61.45,5.43,40.34,-0.22,0.08,17.00,7000.00,-38.00,0.00,7.00
553964.00,2019-06-30 17:51:37.964,0.00,294.23,0.00,1.51,0.00,1.00,1.00,127.35,2.75,11.94,68.95,61.45,5.37,40.34,-0.22,0.08,17.00,7000.00,-38.00,0.00,7.00
554064.00,2019-06-30 17:51:38.064,0.00,294.23,0.00,1.51,0.00,1.00,1.00,127.35,2.75,12.04,68.95,61.57,5.37,40.34,-0.22,0.08,17.00,7000.00,-38.00,0.00,7.00
554164.00,2019-06-30 17:51:38.164,0.00,294.23,0.00,1.51,0.00,1.00,1.00,127.35,2.75,12.07,68.91,61.57,5.37,40.37,-0.22,0.08,17.00,7000.00,-38.00,0.00,7.00
554264.00,2019-06-30 17:51:38.264,0.00,294.23,0.00,1.51,0.00,1.00,1.00,127.35,2.75,11.91,68.91,61.57,5.43,40.37,-0.22,0.08,17.00,7000.00,-38.00,0.00,7.00
554364.00,2019-06-30 17:51:38.364,0.00,294.23,0.00,1.51,0.00,1.00,1.00,127.35,2.75,12.07,68.87,61.57,5.43,40.37,-0.22,0.08,17.00,7000.00,-38.00,0.00,7.00
554464.00,2019-06-30 17:51:38.464,0.00,294.23,0.00,1.51,0.00,1.00,1.00,127.35,2.75,12.06,68.87,61.57,5.52,40.37,-0.24,0.08,17.00,7000.00,-38.00,0.00,7.00
554564.00,2019-06-30 17:51:38.564,0.00,294.23,0.00,1.51,0.00,1.00,1.00,127.35,2.75,11.92,68.87,61.48,5.52,40.39,-0.22,0.07,17.00,7000.00,-38.00,0.00,7.00
554664.00,2019-06-30 17:51:38.664,0.00,294.23,0.00,1.51,0.00,1.00,1.00,127.35,2.75,12.05,68.96,61.48,5.52,40.39,-0.21,0.07,17.00,7000.00,-38.00,0.00,7.00
554764.00,2019-06-30 17:51:38.764,0.00,294.23,0.00,1.51,0.00,1.00,1.00,127.35,2.75,12.06,68.96,61.50,5.50,40.39,-0.23,0.07,17.00,7000.00,-38.00,0.00,7.00
554864.00,2019-06-30 17:51:38.864,0.00,294.23,0.00,1.51,0.00,1.00,1.00,127.35,2.75,11.94,68.91,61.50,5.50,40.39,-0.20,0.08,17.00,7000.00,-38.00,0.00,7.00
554964.00,2019-06-30 17:51:38.964,0.00,294.23,0.00,1.51,0.00,1.00,1.00,127.35,2.75,12.04,68.91,61.50,5.50,40.35,-0.24,0.07,17.00,7000.00,-38.00,0.00,7.00
555064.00,2019-06-30 17:51:39.064,0.00,294.23,0.00,1.51,0.00,1.00,1.00,127.35,2.75,11.91,68.91,61.45,5.50,40.35,-0.22,0.08,17.00,7000.00,-38.00,0.00,7.00
555164.00,2019-06-30 17:51:39.164,0.00,294.23,0.00,1.51,0.00,1.00,1.00,127.35,2.75,11.91,68.94,61.45,5.50,40.35,-0.22,0.08,17.00,7000.00,-38.00,0.00,7.00
555264.00,2019-06-30 17:51:39.264,0.00,294.23,0.00,1.51,0.00,1.00,1.00,127.35,2.75,12.07,68.94,61.43,5.48,40.35,-0.22,0.07,17.00,7000.00,-38.00,0.00,7.00
555364.00,2019-06-30 17:51:39.364,0.00,294.23,0.00,1.51,0.00,1.00,1.00,127.35,2.75,12.06,68.94,61.43,5.48,40.38,-0.22,0.07,17.00,7000.00,-38.00,0.00,7.00
555464.00,2019-06-30 17:51:39.464,0.00,294.23,0.00,1.51,0.00,1.00,1.00,127.35,2.75,11.92,68.89,61.43,5.48,40.38,-0.24,0.07,17.00,7000.00,-38.00,0.00,7.00
555564.00,2019-06-30 17:51:39.564,0.00,294.23,0.00,1.51,0.00,1.00,1.00,127.35,2.75,12.08,68.89,61.51,5.54,40.38,-0.22,0.07,17.00,7000.00,-38.00,0.00,7.00
555664.00,2019-06-30 17:51:39.664,0.00,294.23,0.00,1.51,0.00,1.00,1.00,127.35,2.75,11.93,68.95,61.51,5.54,40.38,-0.24,0.07,17.00,7000.00,-38.00,0.00,7.00
555764.00,2019-06-30 17:51:39.764,0.00,294.23,0.00,1.51,0.00,1.00,1.00,127.35,2.75,12.05,68.95,61.53,5.61,40.41,-0.22,0.08,17.00,7000.00,-38.00,0.00,7.00
555864.00,2019-06-30 17:51:39.864,0.00,294.23,0.00,1.51,0.00,1.00,1.00,127.35,2.75,12.08,68.95,61.53,5.61,40.41,-0.22,0.08,17.00,7000.00,-38.00,0.00,7.00
555964.00,2019-06-30 17:51:39.964,0.00,294.23,0.00,1.51,0.00,1.00,1.00,127.35,2.75,11.90,68.96,61.53,5.61,40.41,-0.23,0.08,17.00,7000.00,-38.00,0.00,7.00
556064.00,2019-06-30 17:51:40.064,0.00,294.23,0.00,1.51,0.00,1.00,1.00,127.35,2.75,12.07,68.96,61.57,5.63,40.41,-0.20,0.07,17.00,7000.00,-38.00,0.00,7.00
556164.00,2019-06-30 17:51:40.164,0.00,294.23,0.00,1.51,0.00,1.00,1.00,127.35,2.75,12.05,69.00,61.57,5.63,40.32,-0.22,0.07,17.00,7000.00,-38.00,0.00,7.00
556264.00,2019-06-30 17:51:40.264,0.00,294.23,0.00,1.51,0.00,1.00,1.00,127.35,2.75,11.93,69.00,61.41,5.58,40.32,-0.22,0.07,17.00,7000.00,-38.00,0.00,7.00
556364.00,2019-06-30 17:51:40.364,0.00,294.23,0.00,1.51,0.00,1.00,1.00,127.35,2.75,12.07,69.00,61.41,5.58,40.32,-0.22,0.07,17.00,7000.00,-38.00,0.00,7.00
556464.00,2019-06-30 17:51:40.464,0.00,294.23,0.00,1.51,0.00,1.00,1.00,127.35,2.75,12.04,68.95,61.41,5.58,40.32,-0.21,0.07,17.00,7000.00,-38.00,0.00,7.00
556564.00,2019-06-30 17:51:40.564,0.00,294.23,0.00,1.51,0.00,1.00,1.00,127.35,2.75,11.93,68.95,61.48,5.58,40.37,-0.22,0.08,17.00,7000.00,-38.00,0.00,7.00
556664.00,2019-06-30 17:51:40.664,0.00,294.23,0.00,1.51,0.00,1.00,1.00,127.35,2.75,12.05,68.95,61.48,5.58,40.37,-0.23,0.08,17.00,7000.00,-38.00,0.00,7.00
556764.00,2019-06-30 17:51:40.764,0.00,294.23,0.00,1.51,0.00,1.00,1.00,127.35,2.75,11.91,68.91,61.48,5.58,40.37,-0.22,0.07,17.00,7000.00,-38.00,0.00,7.00
556864.00,2019-06-30 17:51:40.864,0.00,294.23,0.00,1.51,0.00,1.00,1.00,127.35,2.75,11.91,68.91,61.48,5.63,40.37,-0.23,0.08,17.00,7000.00,-38.00,0.00,7.00
556964.00,2019-06-30 17:51:40.964,0.00,294.23,0.00,1.51,0.00,1.00,1.00,127.35,2.75,12.07,68.91,61.48,5.63,40.25,-0.22,0.07,17.00,7000.00,-38.00,0.00,7.00
557064.00,2019-06-30 17:51:41.064,0.00,294.23,0.00,1.51,0.00,1.00,1.00,127.35,2.75,12.05,68.91,61.44,5.70,40.25,-0.21,0.08,17.00,7000.00,-38.00,0.00,7.00
557164.00,2019-06-30 17:51:41.164,0.00,294.23,0.00,1.51,0.00,1.00,1.00,127.35,2.75,12.06,68.91,61.44,5.70,40.25,-0.22,0.07,17.00,7000.00,-38.00,0.00,7.00
557264.00,2019-06-30 17:51:41.264,0.00,294.23,0.00,1.51,0.00,1.00,1.00,127.35,2.75,12.07,68.96,61.37,5.70,40.25,-0.21,0.08,17.00,7000.00,-38.00,0.00,7.00
557364.00,2019-06-30 17:51:41.364,0.00,294.23,0.00,1.51,0.00,1.00,1.00,127.35,2.75,12.04,68.96,61.37,5.75,40.34,-0.23,0.07,17.00,7000.00,-38.00,0.00,7.00
557464.00,2019-06-30 17:51:41.464,0.00,294.23,0.00,1.51,0.00,1.00,1.00,127.35,2.75,12.04,68.96,61.37,5.75,40.34,-0.22,0.08,17.00,7000.00,-38.00,0.00,7.00
557564.00,2019-06-30 17:51:41.564,0.00,294.23,0.00,1.51,0.00,1.00,1.00,127.35,2.75,12.05,68.96,61.46,5.66,40.34,-0.22,0.08,17.00,7000.00,-38.00,0.00,7.00
557664.00,2019-06-30 17:51:41.664,0.00,294.23,0.00,1.51,0.00,1.00,1.00,127.35,2.75,11.92,68.96,61.46,5.66,40.34,-0.22,0.08,17.00,7000.00,-38.00,0.00,7.00
557764.00,2019-06-30 17:51:41.764,0.00,294.23,0.00,1.51,0.00,1.00,1.00,127.35,2.75,11.93,68.96,61.48,5.66,40.23,-0.21,0.08,17.00,7000.00,-38.00,0.00,7.00
557864.00,2019-06-30 17:51:41.864,0.00,294.23,0.00,1.51,0.00,1.00,1.00,127.35,2.75,12.05,68.96,61.48,5.69,40.23,-0.24,0.08,17.00,7000.00,-38.00,0.00,7.00
557964.00,2019-06-30 17:51:41.964,0.00,294.23,0.00,1.51,0.00,1.00,1.00,127.35,2.75,11.94,69.02,61.48,5.69,40.23,-0.22,0.07,17.00,7000.00,-38.00,0.00,7.00
558064.00,2019-06-30 17:51:42.064,0.00,294.23,0.00,1.51,0.00,1.00,1.00,127.35,2.75,12.06,69.02,61.45,5.69,40.23,-0.23,0.08,17.00,7000.00,-38.00,0.00,7.00
558164.00,2019-06-30 17:51:42.164,0.00,294.23,0.00,1.51,0.00,1.00,1.00,127.35,2.75,12.05,69.02,61.45,5.70,40.28,-0.22,0.07,17.00,7000.00,-38.00,0.00,7.00
558264.00,2019-06-30 17:51:42.264,0.00,294.23,0.00,1.51,0.00,1.00,1.00,127.35,2.75,11.95,68.87,61.41,5.70,40.28,-0.21,0.08,17.00,7000.00,-38.00,0.00,7.00
558364.00,2019-06-30 17:51:42.364,0.00,294.23,0.00,1.51,0.00,1.00,1.00,127.35,2.75,12.04,68.87,61.41,5.75,40.28,-0.23,0.08,17.00,7000.00,-38.00,0.00,7.00
558464.00,2019-06-30 17:51:42.464,0.00,294.23,0.00,1.51,0.00,1.00,1.00,127.35,2.75,12.07,68.87,61.41,5.75,40.28,-0.20,0.08,17.00,7000.00,-38.00,0.00,7.00
558564.00,2019-06-30 17:51:42.564,0.00,294.23,0.00,1.51,0.00,1.00,1.00,127.35,2.75,11.92,68.91,61.43,5.75,40.33,-0.23,0.08,17.00,7000.00,-38.00,0.00,7.00
558664.00,2019-06-30 17:51:42.664,0.00,294.23,0.00,1.51,0.00,1.00,1.00,127.35,2.75,12.07,68.91,61.43,5.80,40.33,-0.22,0.07,17.00,7000.00,-38.00,0.00,7.00
558764.00,2019-06-30 17:51:42.764,0.00,294.23,0.00,1.51,0.00,1.00,1.00,127.35,2.75,12.05,68.91,61.39,5.80,40.33,-0.22,0.04,17.00,7000.00,-38.00,0.00,7.00
558864.00,2019-06-30 17:51:42.864,0.00,294.23,0.00,1.51,0.00,1.00,1.00,127.35,2.75,11.91,68.91,61.39,5.84,40.33,-0.23,0.07,17.00,7000.00,-38.00,0.00,7.00
558964.00,2019-06-30 17:51:42.964,0.00,294.23,0.00,1.51,0.00,1.00,1.00,127.35,2.75,12.08,68.91,61.39,5.84,40.30,-0.22,0.08,17.00,7000.00,-38.00,0.00,7.00
559064.00,2019-06-30 17:51:43.064,0.00,294.23,0.00,1.51,0.00,1.00,1.00,127.35,2.75,12.05,68.96,61.46,5.84,40.30,-0.23,0.07,17.00,7000.00,-38.00,0.00,7.00
559164.00,2019-06-30 17:51:43.164,0.00,294.23,0.00,1.51,0.00,1.00,1.00,127.35,2.75,11.94,68.96,61.46,5.76,40.30,-0.22,0.07,17.00,7000.00,-38.00,0.00,7.00
559264.00,2019-06-30 17:51:43.264,0.00,294.23,0.00,1.51,0.00,1.00,1.00,127.35,2.75,12.06,68.96,61.38,5.76,40.30,-0.24,0.07,17.00,7000.00,-38.00,0.00,7.00
559364.00,2019-06-30 17:51:43.364,0.00,294.23,0.00,1.51,0.00,1.00,1.00,127.35,2.75,12.06,68.95,61.38,5.76,40.25,-0.23,0.07,17.00,7000.00,-38.00,0.00,7.00
559464.00,2019-06-30 17:51:43.464,0.00,294.23,0.00,1.51,0.00,1.00,1.00,127.35,2.75,11.94,68.95,61.38,5.84,40.25,-0.22,0.08,17.00,7000.00,-38.00,0.00,7.00
559564.00,2019-06-30 17:51:43.564,0.00,294.23,0.00,1.51,0.00,1.00,1.00,127.35,2.75,12.04,68.98,61.36,5.84,40.25,-0.23,0.08,17.00,7000.00,-38.00,0.00,7.00
559664.00,2019-06-30 17:51:43.664,0.00,294.23,0.00,1.51,0.00,1.00,1.00,127.35,2.75,12.07,68.98,61.36,5.84,40.25,-0.21,0.08,17.00,7000.00,-38.00,0.00,7.00
559764.00,2019-06-30 17:51:43.764,0.00,294.23,0.00,1.51,0.00,1.00,1.00,127.35,2.75,11.92,68.98,61.41,5.84,40.17,-0.23,0.07,17.00,7000.00,-38.00,0.00,7.00
559864.00,2019-06-30 17:51:43.864,0.00,294.23,0.00,1.51,0.00,1.00,1.00,127.35,2.75,12.06,68.91,61.41,5.84,40.17,-0.21,0.08,17.00,7000.00,-38.00,0.00,7.00
559964.00,2019-06-30 17:51:43.964,0.00,294.23,0.00,1.51,0.00,1.00,1.00,127.35,2.75,12.08,68.91,61.41,5.84,40.17,-0.22,0.08,17.00,7000.00,-38.00,0.00,7.00
560064.00,2019-06-30 17:51:44.064,0.00,294.23,0.00,1.51,0.00,1.00,1.00,127.35,2.75,11.91,68.86,61.37,5.84,40.17,-0.21,0.08,17.00,7000.00,-38.00,0.00,7.00
560164.00,2019-06-30 17:51:44.164,0.00,294.23,0.00,1.51,0.00,1.00,1.00,127.35,2.75,12.07,68.86,61.37,5.92,40.25,-0.23,0.07,17.00,7000.00,-38.00,0.00,7.00
560264.00,2019-06-30 17:51:44.264,0.00,294.23,0.00,1.51,0.00,1.00,1.00,127.35,2.75,12.05,68.86,61.32,5.92,40.25,-0.23,0.07,17.00,7000.00,-38.00,0.00,7.00
560364.00,2019-06-30 17:51:44.364,0.00,294.23,0.00,1.51,0.00,1.00,1.00,127.35,2.75,11.94,68.91,61.32,5.92,40.25,-0.22,0.07,17.00,7000.00,-38.00,0.00,7.00
560464.00,2019-06-30 17:51:44.464,0.00,294.23,0.00,1.51,0.00,1.00,1.00,127.35,2.75,12.04,68.91,61.32,5.87,40.25,-0.21,0.08,17.00,7000.00,-38.00,0.00,7.00
560564.00,2019-06-30 17:51:44.564,0.00,294.23,0.00,1.51,0.00,1.00,1.00,127.35,2.75,12.07,68.91,61.41,5.87,40.23,-0.22,0.08,17.00,7000.00,-38.00,0.00,7.00
560664.00,2019-06-30 17:51:44.664,0.00,294.23,0.00,1.51,0.00,1.00,1.00,127.35,2.75,11.92,68.93,61.41,5.87,40.23,-0.22,0.08,17.00,7000.00,-38.00,0.00,7.00
560764.00,2019-06-30 17:51:44.764,0.00,294.23,0.00,1.51,0.00,1.00,1.00,127.35,2.75,12.06,68.93,61.39,5.97,40.23,-0.23,0.07,17.00,7000.00,-38.00,0.00,7.00
560864.00,2019-06-30 17:51:44.864,0.00,294.23,0.00,1.51,0.00,1.00,1.00,127.35,2.75,12.07,68.91,61.39,5.97,40.23,-0.20,0.08,17.00,7000.00,-38.00,0.00,7.00
560964.00,2019-06-30 17:51:44.964,0.00,294.23,0.00,1.51,0.00,1.00,1.00,127.35,2.75,11.91,68.91,61.39,5.97,40.19,-0.23,0.07,17.00,7000.00,-38.00,0.00,7.00
561064.00,2019-06-30 17:51:45.064,0.00,294.23,0.00,1.51,0.00,1.00,1.00,127.35,2.75,12.07,68.91,61.45,5.97,40.19,-0.22,0.08,17.00,7000.00,-38.00,0.00,7.00
561164.00,2019-06-30 17:51:45.164,0.00,294.23,0.00,1.51,0.00,1.00,1.00,127.35,2.75,11.94,68.91,61.45,5.97,40.19,-0.22,0.08,17.00,7000.00,-38.00,0.00,7.00
561264.00,2019-06-30 17:51:45.264,0.00,294.23,0.00,1.51,0.00,1.00,1.00,127.35,2.75,11.94,68.91,61.43,5.98,40.19,-0.23,0.07,17.00,7000.00,-38.00,0.00,7.00
561364.00,2019-06-30 17:51:45.364,0.00,294.23,0.00,1.51,0.00,1.00,1.00,127.35,2.75,12.06,68.94,61.43,5.98,40.39,-0.22,0.08,17.00,7000.00,-38.00,0.00,7.00
561464.00,2019-06-30 17:51:45.464,0.00,294.23,0.00,1.51,0.00,1.00,1.00,127.35,2.75,11.94,68.94,61.43,6.02,40.39,-0.22,0.08,17.00,7000.00,-38.00,0.00,7.00
561564.00,2019-06-30 17:51:45.564,0.00,294.23,0.00,1.51,0.00,1.00,1.00,127.35,2.75,12.06,68.94,61.41,6.02,40.39,-0.22,0.08,17.00,7000.00,-38.00,0.00,7.00
561664.00,2019-06-30 17:51:45.664,0.00,294.23,0.00,1.51,0.00,1.00,1.00,127.35,2.75,12.06,68.96,61.41,6.02,40.39,-0.23,0.08,17.00,7000.00,-38.00,0.00,7.00
561764.00,2019-06-30 17:51:45.764,0.00,294.23,0.00,1.51,0.00,1.00,1.00,127.35,2.75,11.91,68.96,61.48,5.95,40.28,-0.22,0.07,17.00,7000.00,-38.00,0.00,7.00
561864.00,2019-06-30 17:51:45.864,0.00,294.23,0.00,1.51,0.00,1.00,1.00,127.35,2.75,12.05,68.95,61.48,5.95,40.28,-0.21,0.08,17.00,7000.00,-38.00,0.00,7.00
561964.00,2019-06-30 17:51:45.964,0.00,294.23,0.00,1.51,0.00,1.00,1.00,127.35,2.75,11.91,68.95,61.48,5.95,40.28,-0.23,0.08,17.00,7000.00,-38.00,0.00,7.00
562064.00,2019-06-30 17:51:46.064,0.00,294.23,0.00,1.51,0.00,1.00,1.00,127.35,2.75,12.07,68.95,61.41,6.08,40.28,-0.21,0.08,17.00,7000.00,-38.00,0.00,7.00
562164.00,2019-06-30 17:51:46.164,0.00,294.23,0.00,1.51,0.00,1.00,1.00,127.35,2.75,12.05,68.96,61.41,6.08,40.33,-0.23,0.07,17.00,7000.00,-38.00,0.00,7.00
562264.00,2019-06-30 17:51:46.264,0.00,294.23,0.00,1.51,0.00,1.00,1.00,127.35,2.75,11.93,68.96,61.36,6.06,40.33,-0.23,0.07,17.00,7000.00,-38.00,0.00,7.00
562364.00,2019-06-30 17:51:46.364,0.00,294.23,0.00,1.51,0.00,1.00,1.00,127.35,2.75,12.08,68.96,61.36,6.06,40.33,-0.22,0.07,17.00,7000.00,-38.00,0.00,7.00
562464.00,2019-06-30 17:51:46.464,0.00,294.23,0.00,1.51,0.00,1.00,1.00,127.35,2.75,12.06,69.02,61.36,6.06,40.33,-0.22,0.08,17.00,7000.00,-38.00,0.00,7.00
562564.00,2019-06-30 17:51:46.564,0.00,294.23,0.00,1.51,0.00,1.00,1.00,127.35,2.75,11.93,69.02,61.36,6.04,40.32,-0.22,0.08,17.00,7000.00,-38.00,0.00,7.00
562664.00,2019-06-30 17:51:46.664,0.00,294.23,0.00,1.51,0.00,1.00,1.00,127.35,2.75,12.06,69.01,61.36,6.04,40.32,-0.23,0.08,17.00,7000.00,-38.00,0.00,7.00
562764.00,2019-06-30 17:51:46.764,0.00,294.23,0.00,1.51,0.00,1.00,1.00,127.35,2.75,11.92,69.01,61.48,6.04,40.32,-0.22,0.07,17.00,7000.00,-38.00,0.00,7.00
562864.00,2019-06-30 17:51:46.864,0.00,294.23,0.00,1.51,0.00,1.00,1.00,127.35,2.75,11.91,69.01,61.48,6.04,40.32,-0.25,0.08,17.00,7000.00,-38.00,0.00,7.00
562964.00,2019-06-30 17:51:46.964,0.00,294.23,0.00,1.51,0.00,1.00,1.00,127.35,2.75,12.07,68.94,61.48,6.04,40.28,-0.22,0.08,17.00,7000.00,-38.00,0.00,7.00
563064.00,2019-06-30 17:51:47.064,0.00,294.23,0.00,1.51,0.00,1.00,1.00,127.35,2.75,12.05,68.94,61.36,6.12,40.28,-0.21,0.07,17.00,7000.00,-38.00,0.00,7.00
563164.00,2019-06-30 17:51:47.164,0.00,294.23,0.00,1.51,0.00,1.00,1.00,127.35,2.75,11.93,68.91,61.36,6.12,40.28,-0.22,0.07,17.00,7000.00,-38.00,0.00,7.00
563264.00,2019-06-30 17:51:47.264,0.00,294.23,0.00,1.51,0.00,1.00,1.00,127.35,2.75,12.07,68.91,61.43,6.12,40.28,-0.20,0.07,17.00,7000.00,-38.00,0.00,7.00
563364.00,2019-06-30 17:51:47.364,0.00,294.23,0.00,1.51,0.00,1.00,1.00,127.35,2.75,12.04,68.91,61.43,6.15,40.27,-0.24,0.07,17.00,7000.00,-38.00,0.00,7.00
563464.00,2019-06-30 17:51:47.464,0.00,294.23,0.00,1.51,0.00,1.00,1.00,127.35,2.75,12.04,68.96,61.43,6.15,40.27,-0.21,0.07,17.00,7000.00,-38.00,0.00,7.00
563564.00,2019-06-30 17:51:47.564,0.00,294.23,0.00,1.51,0.00,1.00,1.00,127.35,2.75,12.05,68.96,61.41,6.13,40.27,-0.22,0.08,17.00,7000.00,-38.00,0.00,7.00
563664.00,2019-06-30 17:51:47.664,0.00,294.23,0.00,1.51,0.00,1.00,1.00,127.35,2.75,11.92,68.96,61.41,6.13,40.27,-0.22,0.08,17.00,7000.00,-38.00,0.00,7.00
563764.00,2019-06-30 17:51:47.764,0.00,294.23,0.00,1.51,0.00,1.00,1.00,127.35,2.75,11.93,68.94,61.34,6.13,40.21,-0.22,0.08,17.00,7000.00,-38.00,0.00,7.00
563864.00,2019-06-30 17:51:47.864,0.00,294.23,0.00,1.51,0.00,1.00,1.00,127.35,2.75,12.05,68.94,61.34,6.17,40.21,-0.23,0.08,17.00,7000.00,-38.00,0.00,7.00
563964.00,2019-06-30 17:51:47.964,0.00,294.23,0.00,1.51,0.00,1.00,1.00,127.35,2.75,12.08,68.98,61.34,6.17,40.21,-0.22,0.07,17.00,7000.00,-38.00,0.00,7.00
564064.00,2019-06-30 17:51:48.064,0.00,294.23,0.00,1.51,0.00,1.00,1.00,127.35,2.75,11.91,68.98,61.38,6.17,40.21,-0.24,0.07,17.00,7000.00,-38.00,0.00,7.00
564164.00,2019-06-30 17:51:48.164,0.00,294.23,0.00,1.51,0.00,1.00,1.00,127.35,2.75,12.05,68.98,61.38,6.17,40.30,-0.23,0.07,17.00,7000.00,-38.00,0.00,7.00
564264.00,2019-06-30 17:51:48.264,0.00,294.23,0.00,1.51,0.00,1.00,1.00,127.35,2.75,11.95,68.96,61.26,6.17,40.30,-0.21,0.08,17.00,7000.00,-38.00,0.00,7.00
564364.00,2019-06-30 17:51:48.364,0.00,294.23,0.00,1.51,0.00,1.00,1.00,127.35,2.75,12.04,68.96,61.26,6.19,40.30,-0.22,0.08,17.00,7000.00,-38.00,0.00,7.00
564464.00,2019-06-30 17:51:48.464,0.00,294.23,0.00,1.51,0.00,1.00,1.00,127.35,2.75,12.07,68.93,61.26,6.19,40.30,-0.20,0.08,17.00,7000.00,-38.00,0.00,7.00
564564.00,2019-06-30 17:51:48.564,0.00,294.23,0.00,1.51,0.00,1.00,1.00,127.35,2.75,11.92,68.93,61.36,6.19,40.34,-0.23,0.08,17.00,7000.00,-38.00,0.00,7.00
564664.00,2019-06-30 17:51:48.664,0.00,294.23,0.00,1.51,0.00,1.00,1.00,127.35,2.75,12.07,68.93,61.36,6.14,40.34,-0.22,0.07,17.00,7000.00,-38.00,0.00,7.00
564764.00,2019-06-30 17:51:48.764,0.00,294.23,0.00,1.51,0.00,1.00,1.00,127.35,2.75,12.05,68.95,61.37,6.14,40.34,-0.21,0.07,17.00,7000.00,-38.00,0.00,7.00
564864.00,2019-06-30 17:51:48.864,0.00,294.23,0.00,1.51,0.00,1.00,1.00,127.35,2.75,12.04,68.95,61.37,6.29,40.34,-0.23,0.08,17.00,7000.00,-38.00,0.00,7.00
564964.00,2019-06-30 17:51:48.964,0.00,294.23,0.00,1.51,0.00,1.00,1.00,127.35,2.75,12.06,69.02,61.37,6.29,40.39,-0.22,0.07,17.00,7000.00,-38.00,0.00,7.00
565064.00,2019-06-30 17:51:49.064,0.00,294.23,0.00,1.51,0.00,1.00,1.00,127.35,2.75,11.92,69.02,61.34,6.29,40.39,-0.22,0.07,17.00,7000.00,-38.00,0.00,7.00
565164.00,2019-06-30 17:51:49.164,0.00,294.23,0.00,1.51,0.00,1.00,1.00,127.35,2.75,12.08,69.02,61.34,6.23,40.39,-0.22,0.07,17.00,7000.00,-38.00,0.00,7.00
565264.00,2019-06-30 17:51:49.264,0.00,294.23,0.00,1.51,0.00,1.00,1.00,127.35,2.75,12.04,69.02,61.34,6.23,40.39,-0.23,0.08,17.00,7000.00,-38.00,0.00,7.00
565364.00,2019-06-30 17:51:49.364,0.00,294.23,0.00,1.51,0.00,1.00,1.00,127.35,2.75,12.05,69.02,61.34,6.26,40.28,-0.23,0.08,17.00,7000.00,-38.00,0.00,7.00
565464.00,2019-06-30 17:51:49.464,0.00,294.23,0.00,1.51,0.00,1.00,1.00,127.35,2.75,12.06,69.02,61.34,6.26,40.28,-0.22,0.08,17.00,7000.00,-38.00,0.00,7.00
565564.00,2019-06-30 17:51:49.564,0.00,294.23,0.00,1.51,0.00,1.00,1.00,127.35,2.75,12.06,68.96,61.30,6.26,40.28,-0.23,0.08,17.00,7000.00,-38.00,0.00,7.00
565664.00,2019-06-30 17:51:49.664,0.00,294.23,0.00,1.51,0.00,1.00,1.00,127.35,2.75,11.94,68.96,61.30,6.31,40.28,-0.21,0.08,17.00,7000.00,-38.00,0.00,7.00
565764.00,2019-06-30 17:51:49.764,0.00,294.23,0.00,1.51,0.00,1.00,1.00,127.35,2.75,12.04,68.98,61.34,6.31,40.28,-0.23,0.08,17.00,7000.00,-38.00,0.00,7.00
565864.00,2019-06-30 17:51:49.864,0.00,294.23,0.00,1.51,0.00,1.00,1.00,127.35,2.75,12.07,68.98,61.34,6.31,40.28,-0.22,0.08,17.00,7000.00,-38.00,0.00,7.00
565964.00,2019-06-30 17:51:49.964,0.00,294.23,0.00,1.51,0.00,1.00,1.00,127.35,2.75,11.91,68.98,61.34,6.31,40.28,-0.22,0.08,17.00,7000.00,-38.00,0.00,7.00
566064.00,2019-06-30 17:51:50.064,0.00,294.23,0.00,1.51,0.00,1.00,1.00,127.35,2.75,12.05,68.95,61.30,6.31,40.28,-0.23,0.07,17.00,7000.00,-38.00,0.00,7.00
566164.00,2019-06-30 17:51:50.164,0.00,294.23,0.00,1.51,0.00,1.00,1.00,127.35,2.75,12.06,68.95,61.30,6.30,40.30,-0.21,0.08,17.00,7000.00,-38.00,0.00,7.00
566264.00,2019-06-30 17:51:50.264,0.00,294.23,0.00,1.51,0.00,1.00,1.00,127.35,2.75,12.07,68.96,61.23,6.30,40.30,-0.24,0.07,17.00,7000.00,-38.00,0.00,7.00
566364.00,2019-06-30 17:51:50.364,0.00,294.23,0.00,1.51,0.00,1.00,1.00,127.35,2.75,12.07,68.96,61.23,6.30,40.30,-0.21,0.07,17.00,7000.00,-38.00,0.00,7.00
566464.00,2019-06-30 17:51:50.464,0.00,294.23,0.00,1.51,0.00,1.00,1.00,127.35,2.75,12.04,68.96,61.23,6.38,40.30,-0.26,0.07,17.00,7000.00,-38.00,0.00,7.00
566564.00,2019-06-30 17:51:50.564,0.00,294.23,0.00,1.51,0.00,1.00,1.00,127.35,2.75,12.05,68.96,61.27,6.38,40.21,-0.22,0.07,17.00,7000.00,-38.00,0.00,7.00
566664.00,2019-06-30 17:51:50.664,0.00,294.23,0.00,1.51,0.00,1.00,1.00,127.35,2.75,12.06,68.96,61.27,6.34,40.21,-0.21,0.07,17.00,7000.00,-38.00,0.00,7.00
566764.00,2019-06-30 17:51:50.764,0.00,294.23,0.00,1.51,0.00,1.00,1.00,127.35,2.75,11.93,68.96,61.28,6.34,40.21,-0.22,0.07,17.00,7000.00,-38.00,0.00,7.00
566864.00,2019-06-30 17:51:50.864,0.00,294.23,0.00,1.51,0.00,1.00,1.00,127.35,2.75,11.94,68.98,61.28,6.34,40.21,-0.21,0.07,17.00,7000.00,-38.00,0.00,7.00
566964.00,2019-06-30 17:51:50.964,0.00,294.23,0.00,1.51,0.00,1.00,1.00,127.35,2.75,12.05,68.98,61.28,6.34,40.27,-0.23,0.07,17.00,7000.00,-38.00,0.00,7.00
567064.00,2019-06-30 17:51:51.064,0.00,294.23,0.00,1.51,0.00,1.00,1.00,127.35,2.75,11.93,68.96,61.23,6.34,40.27,-0.23,0.07,17.00,7000.00,-38.00,0.00,7.00
567164.00,2019-06-30 17:51:51.164,0.00,294.23,0.00,1.51,0.00,1.00,1.00,127.35,2.75,12.07,68.96,61.23,6.34,40.27,-0.22,0.07,17.00,7000.00,-38.00,0.00,7.00
567264.00,2019-06-30 17:51:51.264,0.00,294.23,0.00,1.51,0.00,1.00,1.00,127.35,2.75,12.06,68.96,61.34,6.42,40.27,-0.22,0.08,17.00,7000.00,-38.00,0.00,7.00
567364.00,2019-06-30 17:51:51.364,0.00,294.23,0.00,1.51,0.00,1.00,1.00,127.35,2.75,11.93,68.88,61.34,6.42,40.23,-0.22,0.07,17.00,7000.00,-38.00,0.00,7.00
567464.00,2019-06-30 17:51:51.464,0.00,294.23,0.00,1.51,0.00,1.00,1.00,127.35,2.75,12.05,68.88,61.34,6.40,40.23,-0.23,0.08,17.00,7000.00,-38.00,0.00,7.00
567564.00,2019-06-30 17:51:51.564,0.00,294.23,0.00,1.51,0.00,1.00,1.00,127.35,2.75,11.94,68.96,61.32,6.40,40.23,-0.22,0.07,17.00,7000.00,-38.00,0.00,7.00
567664.00,2019-06-30 17:51:51.664,0.00,294.23,0.00,1.51,0.00,1.00,1.00,127.35,2.75,12.07,68.96,61.32,6.40,40.23,-0.25,0.07,17.00,7000.00,-38.00,0.00,7.00
567764.00,2019-06-30 17:51:51.764,0.00,294.23,0.00,1.51,0.00,1.00,1.00,127.35,2.75,12.05,68.96,61.26,6.40,40.23,-0.23,0.07,17.00,7000.00,-38.00,0.00,7.00
567864.00,2019-06-30 17:51:51.864,0.00,294.23,0.00,1.51,0.00,1.00,1.00,127.35,2.75,11.95,68.98,61.26,6.40,40.23,-0.22,0.08,17.00,7000.00,-38.00,0.00,7.00
567964.00,2019-06-30 17:51:51.964,0.00,294.23,0.00,1.51,0.00,1.00,1.00,127.35,2.75,12.04,68.98,61.26,6.45,40.23,-0.23,0.07,17.00,7000.00,-38.00,0.00,7.00
568064.00,2019-06-30 17:51:52.064,0.00,294.23,0.00,1.51,0.00,1.00,1.00,127.35,2.75,12.07,68.98,61.20,6.45,40.23,-0.22,0.08,17.00,7000.00,-38.00,0.00,7.00
568164.00,2019-06-30 17:51:52.164,0.00,294.23,0.00,1.51,0.00,1.00,1.00,127.35,2.75,12.08,68.98,61.20,6.45,40.30,-0.22,0.07,17.00,7000.00,-38.00,0.00,7.00
568264.00,2019-06-30 17:51:52.264,0.00,294.23,0.00,1.51,0.00,1.00,1.00,127.35,2.75,12.07,68.98,61.23,6.48,40.30,-0.22,0.08,17.00,7000.00,-38.00,0.00,7.00
568364.00,2019-06-30 17:51:52.364,0.00,294.23,0.00,1.51,0.00,1.00,1.00,127.35,2.75,12.05,68.88,61.23,6.48,40.30,-0.22,0.07,17.00,7000.00,-38.00,0.00,7.00
568464.00,2019-06-30 17:51:52.464,0.00,294.23,0.00,1.51,0.00,1.00,1.00,127.35,2.75,11.93,68.88,61.23,6.48,40.30,-0.22,0.07,17.00,7000.00,-38.00,0.00,7.00
568564.00,2019-06-30 17:51:52.564,0.00,294.23,0.00,1.51,0.00,1.00,1.00,127.35,2.75,12.07,68.88,61.27,6.48,40.23,-0.22,0.08,17.00,7000.00,-38.00,0.00,7.00
568664.00,2019-06-30 17:51:52.664,0.00,294.23,0.00,1.51,0.00,1.00,1.00,127.35,2.75,11.91,69.03,61.27,6.48,40.23,-0.24,0.08,17.00,7000.00,-38.00,0.00,7.00
568764.00,2019-06-30 17:51:52.764,0.00,294.23,0.00,1.51,0.00,1.00,1.00,127.35,2.75,11.91,69.03,61.21,6.45,40.23,-0.21,0.07,17.00,7000.00,-38.00,0.00,7.00
568864.00,2019-06-30 17:51:52.864,0.00,294.23,0.00,1.51,0.00,1.00,1.00,127.35,2.75,11.91,68.96,61.21,6.45,40.23,-0.24,0.08,17.00,7000.00,-38.00,0.00,7.00
568964.00,2019-06-30 17:51:52.964,0.00,294.23,0.00,1.51,0.00,1.00,1.00,127.35,2.75,12.07,68.96,61.21,6.45,40.25,-0.22,0.07,17.00,7000.00,-38.00,0.00,7.00
569064.00,2019-06-30 17:51:53.064,0.00,294.23,0.00,1.51,0.00,1.00,1.00,127.35,2.75,12.06,68.96,61.25,6.55,40.25,-0.22,0.08,17.00,7000.00,-38.00,0.00,7.00
569164.00,2019-06-30 17:51:53.164,0.00,294.23,0.00,1.51,0.00,1.00,1.00,127.35,2.75,12.06,68.96,61.25,6.55,40.25,-0.22,0.07,17.00,7000.00,-38.00,0.00,7.00
569264.00,2019-06-30 17:51:53.264,0.00,294.23,0.00,1.51,0.00,1.00,1.00,127.35,2.75,12.08,68.96,61.16,6.55,40.25,-0.20,0.07,17.00,7000.00,-38.00,0.00,7.00
569364.00,2019-06-30 17:51:53.364,0.00,294.23,0.00,1.51,0.00,1.00,1.00,127.35,2.75,11.95,68.89,61.16,6.47,40.23,-0.24,0.08,17.00,7000.00,-38.00,0.00,7.00
569464.00,2019-06-30 17:51:53.464,0.00,294.23,0.00,1.51,0.00,1.00,1.00,127.35,2.75,11.94,68.89,61.16,6.47,40.23,-0.22,0.08,17.00,7000.00,-38.00,0.00,7.00
569564.00,2019-06-30 17:51:53.564,0.00,294.23,0.00,1.51,0.00,1.00,1.00,127.35,2.75,12.08,68.89,61.20,6.53,40.23,-0.22,0.08,17.00,7000.00,-38.00,0.00,7.00
569664.00,2019-06-30 17:51:53.664,0.00,294.23,0.00,1.51,0.00,1.00,1.00,127.35,2.75,11.91,68.84,61.20,6.53,40.23,-0.23,0.07,17.00,7000.00,-38.00,0.00,7.00
569764.00,2019-06-30 17:51:53.764,0.00,294.23,0.00,1.51,0.00,1.00,1.00,127.35,2.75,12.07,68.84,61.20,6.53,40.34,-0.22,0.08,17.00,7000.00,-38.00,0.00,7.00
569864.00,2019-06-30 17:51:53.864,0.00,294.23,0.00,1.51,0.00,1.00,1.00,127.35,2.75,12.05,68.84,61.20,6.59,40.34,-0.23,0.08,17.00,7000.00,-38.00,0.00,7.00
569964.00,2019-06-30 17:51:53.964,0.00,294.23,0.00,1.51,0.00,1.00,1.00,127.35,2.75,11.93,68.86,61.20,6.59,40.34,-0.22,0.07,17.00,7000.00,-38.00,0.00,7.00
570064.00,2019-06-30 17:51:54.064,0.00,294.23,0.00,1.51,0.00,1.00,1.00,127.35,2.75,12.06,68.86,61.20,6.51,40.34,-0.24,0.07,17.00,7000.00,-38.00,0.00,7.00
570164.00,2019-06-30 17:51:54.164,0.00,294.23,0.00,1.51,0.00,1.00,1.00,127.35,2.75,12.05,68.82,61.20,6.51,40.19,-0.22,0.07,17.00,7000.00,-38.00,0.00,7.00
570264.00,2019-06-30 17:51:54.264,0.00,294.23,0.00,1.51,0.00,1.00,1.00,127.35,2.75,11.95,68.82,61.23,6.51,40.19,-0.22,0.08,17.00,7000.00,-38.00,0.00,7.00
570364.00,2019-06-30 17:51:54.364,0.00,294.23,0.00,1.51,0.00,1.00,1.00,127.35,2.75,12.04,68.82,61.23,6.54,40.19,-0.23,0.08,17.00,7000.00,-38.00,0.00,7.00
570464.00,2019-06-30 17:51:54.464,0.00,294.23,0.00,1.51,0.00,1.00,1.00,127.35,2.75,12.07,68.87,61.23,6.54,40.19,-0.21,0.08,17.00,7000.00,-38.00,0.00,7.00
570564.00,2019-06-30 17:51:54.564,0.00,294.23,0.00,1.51,0.00,1.00,1.00,127.35,2.75,11.91,68.87,61.18,6.54,40.21,-0.23,0.07,17.00,7000.00,-38.00,0.00,7.00
570664.00,2019-06-30 17:51:54.664,0.00,294.23,0.00,1.51,0.00,1.00,1.00,127.35,2.75,12.05,68.94,61.18,6.62,40.21,-0.21,0.08,17.00,7000.00,-38.00,0.00,7.00
570764.00,2019-06-30 17:51:54.764,0.00,294.23,0.00,1.51,0.00,1.00,1.00,127.35,2.75,12.05,68.94,61.16,6.62,40.21,-0.22,0.08,17.00,7000.00,-38.00,0.00,7.00
570864.00,2019-06-30 17:51:54.864,0.00,294.23,0.00,1.51,0.00,1.00,1.00,127.35,2.75,11.93,68.94,61.16,6.68,40.21,-0.22,0.07,17.00,7000.00,-38.00,0.00,7.00
570964.00,2019-06-30 17:51:54.964,0.00,294.23,0.00,1.51,0.00,1.00,1.00,127.35,2.75,12.07,68.86,61.16,6.68,40.23,-0.21,0.07,17.00,7000.00,-38.00,0.00,7.00
571064.00,2019-06-30 17:51:55.064,0.00,294.23,0.00,1.51,0.00,1.00,1.00,127.35,2.75,12.05,68.86,61.16,6.68,40.23,-0.24,0.07,17.00,7000.00,-38.00,0.00,7.00
571164.00,2019-06-30 17:51:55.164,0.00,294.23,0.00,1.51,0.00,1.00,1.00,127.35,2.75,11.94,68.86,61.16,6.58,40.23,-0.22,0.08,17.00,7000.00,-38.00,0.00,7.00
571264.00,2019-06-30 17:51:55.264,0.00,294.23,0.00,1.51,0.00,1.00,1.00,127.35,2.75,12.04,68.96,61.15,6.58,40.23,-0.24,0.08,17.00,7000.00,-38.00,0.00,7.00
571364.00,2019-06-30 17:51:55.364,0.00,294.23,0.00,1.51,0.00,1.00,1.00,127.35,2.75,11.92,68.96,61.15,6.66,40.30,-0.23,0.08,17.00,7000.00,-38.00,0.00,7.00
571464.00,2019-06-30 17:51:55.464,0.00,294.23,0.00,1.51,0.00,1.00,1.00,127.35,2.75,11.92,68.96,61.15,6.66,40.30,-0.22,0.08,17.00,7000.00,-38.00,0.00,7.00
571564.00,2019-06-30 17:51:55.564,0.00,294.23,0.00,1.51,0.00,1.00,1.00,127.35,2.75,12.06,68.96,61.21,6.66,40.30,-0.23,0.07,17.00,7000.00,-38.00,0.00,7.00
571664.00,2019-06-30 17:51:55.664,0.00,294.23,0.00,1.51,0.00,1.00,1.00,127.35,2.75,12.08,68.96,61.21,6.63,40.30,-0.20,0.08,17.00,7000.00,-38.00,0.00,7.00
571764.00,2019-06-30 17:51:55.764,0.00,294.23,0.00,1.51,0.00,1.00,1.00,127.35,2.75,12.07,68.88,61.16,6.63,40.20,-0.23,0.07,17.00,7000.00,-38.00,0.00,7.00
571864.00,2019-06-30 17:51:55.864,0.00,294.23,0.00,1.51,0.00,1.00,1.00,127.35,2.75,12.06,68.88,61.16,6.63,40.20,-0.23,0.08,17.00,7000.00,-38.00,0.00,7.00
571964.00,2019-06-30 17:51:55.964,0.00,294.23,0.00,1.51,0.00,1.00,1.00,127.35,2.75,11.94,68.98,61.16,6.71,40.20,-0.22,0.08,17.00,7000.00,-38.00,0.00,7.00
572064.00,2019-06-30 17:51:56.064,0.00,294.23,0.00,1.51,0.00,1.00,1.00,127.35,2.75,12.07,68.98,61.15,6.71,40.20,-0.23,0.07,17.00,7000.00,-38.00,0.00,7.00
572164.00,2019-06-30 17:51:56.164,0.00,294.23,0.00,1.51,0.00,1.00,1.00,127.35,2.75,11.93,68.98,61.15,6.69,40.26,-0.21,0.07,17.00,7000.00,-38.00,0.00,7.00
572264.00,2019-06-30 17:51:56.264,0.00,294.23,0.00,1.51,0.00,1.00,1.00,127.35,2.75,11.92,68.94,61.18,6.69,40.26,-0.24,0.07,17.00,7000.00,-38.00,0.00,7.00
572364.00,2019-06-30 17:51:56.364,0.00,294.23,0.00,1.51,0.00,1.00,1.00,127.35,2.75,12.04,68.94,61.18,6.69,40.26,-0.22,0.07,17.00,7000.00,-38.00,0.00,7.00
572464.00,2019-06-30 17:51:56.464,0.00,294.23,0.00,1.51,0.00,1.00,1.00,127.35,2.75,12.04,68.91,61.18,6.77,40.26,-0.23,0.07,17.00,7000.00,-38.00,0.00,7.00
572564.00,2019-06-30 17:51:56.564,0.00,294.23,0.00,1.51,0.00,1.00,1.00,127.35,2.75,12.05,68.91,61.16,6.77,40.17,-0.24,0.07,17.00,7000.00,-38.00,0.00,7.00
572664.00,2019-06-30 17:51:56.664,0.00,294.23,0.00,1.51,0.00,1.00,1.00,127.35,2.75,12.08,68.91,61.16,6.80,40.17,-0.21,0.08,17.00,7000.00,-38.00,0.00,7.00
572764.00,2019-06-30 17:51:56.764,0.00,294.23,0.00,1.51,0.00,1.00,1.00,127.35,2.75,11.91,68.98,61.20,6.80,40.17,-0.22,0.08,17.00,7000.00,-38.00,0.00,7.00
572864.00,2019-06-30 17:51:56.864,0.00,294.23,0.00,1.51,0.00,1.00,1.00,127.35,2.75,12.07,68.98,61.20,6.80,40.17,-0.22,0.07,17.00,7000.00,-38.00,0.00,7.00
572964.00,2019-06-30 17:51:56.964,0.00,294.23,0.00,1.51,0.00,1.00,1.00,127.35,2.75,12.06,68.98,61.20,6.79,40.23,-0.23,0.08,17.00,7000.00,-38.00,0.00,7.00
573064.00,2019-06-30 17:51:57.064,0.00,294.23,0.00,1.51,0.00,1.00,1.00,127.35,2.75,11.92,68.94,61.17,6.79,40.23,-0.22,0.08,17.00,7000.00,-38.00,0.00,7.00
573164.00,2019-06-30 17:51:57.164,0.00,294.23,0.00,1.51,0.00,1.00,1.00,127.35,2.75,12.05,68.94,61.17,6.79,40.23,-0.22,0.08,17.00,7000.00,-38.00,0.00,7.00
573264.00,2019-06-30 17:51:57.264,0.00,294.23,0.00,1.51,0.00,1.00,1.00,127.35,2.75,11.92,68.94,61.13,6.84,40.23,-0.21,0.07,17.00,7000.00,-38.00,0.00,7.00
573364.00,2019-06-30 17:51:57.364,0.00,294.23,0.00,1.51,0.00,1.00,1.00,127.35,2.75,11.93,68.94,61.13,6.84,40.23,-0.22,0.08,17.00,7000.00,-38.00,0.00,7.00
573464.00,2019-06-30 17:51:57.464,0.00,294.23,0.00,1.51,0.00,1.00,1.00,127.35,2.75,12.05,68.94,61.13,6.77,40.23,-0.23,0.08,17.00,7000.00,-38.00,0.00,7.00
573564.00,2019-06-30 17:51:57.564,0.00,294.23,0.00,1.51,0.00,1.00,1.00,127.35,2.75,12.08,68.93,61.11,6.77,40.23,-0.22,0.07,17.00,7000.00,-38.00,0.00,7.00
573664.00,2019-06-30 17:51:57.664,0.00,294.23,0.00,1.51,0.00,1.00,1.00,127.35,2.75,12.07,68.93,61.11,6.77,40.23,-0.24,0.07,17.00,7000.00,-38.00,0.00,7.00
573764.00,2019-06-30 17:51:57.764,0.00,294.23,0.00,1.51,0.00,1.00,1.00,127.35,2.75,12.05,68.96,61.08,6.86,40.28,-0.22,0.07,17.00,7000.00,-38.00,0.00,7.00
573864.00,2019-06-30 17:51:57.864,0.00,294.23,0.00,1.51,0.00,1.00,1.00,127.35,2.75,11.94,68.96,61.08,6.86,40.28,-0.21,0.08,17.00,7000.00,-38.00,0.00,7.00
573964.00,2019-06-30 17:51:57.964,0.00,294.23,0.00,1.51,0.00,1.00,1.00,127.35,2.75,12.04,68.96,61.08,6.94,40.28,-0.23,0.07,17.00,7000.00,-38.00,0.00,7.00
574064.00,2019-06-30 17:51:58.064,0.00,294.23,0.00,1.51,0.00,1.00,1.00,127.35,2.75,11.92,68.91,61.10,6.94,40.28,-0.20,0.07,17.00,7000.00,-38.00,0.00,7.00
574164.00,2019-06-30 17:51:58.164,0.00,294.23,0.00,1.51,0.00,1.00,1.00,127.35,2.75,11.91,68.91,61.10,6.94,40.20,-0.22,0.08,17.00,7000.00,-38.00,0.00,7.00
574264.00,2019-06-30 17:51:58.264,0.00,294.23,0.00,1.51,0.00,1.00,1.00,127.35,2.75,12.04,68.91,61.11,6.88,40.20,-0.23,0.07,17.00,7000.00,-38.00,0.00,7.00
574364.00,2019-06-30 17:51:58.364,0.00,294.23,0.00,1.51,0.00,1.00,1.00,127.35,2.75,12.05,68.98,61.11,6.88,40.20,-0.21,0.08,17.00,7000.00,-38.00,0.00,7.00
574464.00,2019-06-30 17:51:58.464,0.00,294.23,0.00,1.51,0.00,1.00,1.00,127.35,2.75,12.06,68.98,61.11,6.88,40.20,-0.22,0.07,17.00,7000.00,-38.00,0.00,7.00
574564.00,2019-06-30 17:51:58.564,0.00,294.23,0.00,1.51,0.00,1.00,1.00,127.35,2.75,12.07,68.86,61.15,6.90,40.23,-0.22,0.08,17.00,7000.00,-38.00,0.00,7.00
574664.00,2019-06-30 17:51:58.664,0.00,294.23,0.00,1.51,0.00,1.00,1.00,127.35,2.75,11.95,68.86,61.15,6.90,40.23,-0.22,0.08,17.00,7000.00,-38.00,0.00,7.00
574764.00,2019-06-30 17:51:58.764,0.00,294.23,0.00,1.51,0.00,1.00,1.00,127.35,2.75,12.04,68.86,61.13,6.94,40.23,-0.22,0.07,17.00,7000.00,-38.00,0.00,7.00
574864.00,2019-06-30 17:51:58.864,0.00,294.23,0.00,1.51,0.00,1.00,1.00,127.35,2.75,12.04,69.00,61.13,6.94,40.23,-0.22,0.08,17.00,7000.00,-38.00,0.00,7.00
574964.00,2019-06-30 17:51:58.964,0.00,294.23,0.00,1.51,0.00,1.00,1.00,127.35,2.75,12.07,69.00,61.13,6.94,40.21,-0.22,0.07,17.00,7000.00,-38.00,0.00,7.00
575064.00,2019-06-30 17:51:59.064,0.00,294.23,0.00,1.51,0.00,1.00,1.00,127.35,2.75,11.92,68.91,61.05,6.94,40.21,-0.22,0.08,17.00,7000.00,-38.00,0.00,7.00
575164.00,2019-06-30 17:51:59.164,0.00,294.23,0.00,1.51,0.00,1.00,1.00,127.35,2.75,12.06,68.91,61.05,6.94,40.21,-0.23,0.08,17.00,7000.00,-38.00,0.00,7.00
575264.00,2019-06-30 17:51:59.264,0.00,294.23,0.00,1.51,0.00,1.00,1.00,127.35,2.75,12.08,68.91,61.11,6.97,40.21,-0.21,0.08,17.00,7000.00,-38.00,0.00,7.00
575364.00,2019-06-30 17:51:59.364,0.00,294.23,0.00,1.51,0.00,1.00,1.00,127.35,2.75,12.06,68.91,61.11,6.97,40.23,-0.24,0.07,17.00,7000.00,-38.00,0.00,7.00
575464.00,2019-06-30 17:51:59.464,0.00,294.23,0.00,1.51,0.00,1.00,1.00,127.35,2.75,12.06,68.91,61.11,6.97,40.23,-0.22,0.08,17.00,7000.00,-38.00,0.00,7.00
575564.00,2019-06-30 17:51:59.564,0.00,294.23,0.00,1.51,0.00,1.00,1.00,127.35,2.75,11.95,68.98,61.08,7.00,40.23,-0.23,0.08,17.00,7000.00,-38.00,0.00,7.00
575664.00,2019-06-30 17:51:59.664,0.00,294.23,0.00,1.51,0.00,1.00,1.00,127.35,2.75,12.04,68.98,61.08,7.00,40.23,-0.22,0.08,17.00,7000.00,-38.00,0.00,7.00
575764.00,2019-06-30 17:51:59.764,0.00,294.23,0.00,1.51,0.00,1.00,1.00,127.35,2.75,12.07,68.98,61.10,7.00,40.19,-0.21,0.08,17.00,7000.00,-38.00,0.00,7.00
575864.00,2019-06-30 17:51:59.864,0.00,294.23,0.00,1.51,0.00,1.00,1.00,127.35,2.75,11.92,69.01,61.10,7.07,40.19,-0.23,0.07,17.00,7000.00,-38.00,0.00,7.00
575964.00,2019-06-30 17:51:59.964,0.00,294.23,0.00,1.51,0.00,1.00,1.00,127.35,2.75,12.08,69.01,61.10,7.07,40.19,-0.23,0.07,17.00,7000.00,-38.00,0.00,7.00
576064.00,2019-06-30 17:52:00.064,0.00,294.23,0.00,1.51,0.00,1.00,1.00,127.35,2.75,11.94,69.01,61.18,7.07,40.19,-0.24,0.07,17.00,7000.00,-38.00,0.00,7.00
576164.00,2019-06-30 17:52:00.164,0.00,294.23,0.00,1.51,0.00,1.00,1.00,127.35,2.75,12.05,68.93,61.18,7.07,40.30,-0.23,0.08,17.00,7000.00,-38.00,0.00,7.00
576264.00,2019-06-30 17:52:00.264,0.00,294.23,0.00,1.51,0.00,1.00,1.00,127.35,2.75,12.08,68.93,61.06,7.07,40.30,-0.22,0.08,17.00,7000.00,-38.00,0.00,7.00
576364.00,2019-06-30 17:52:00.364,0.00,294.23,0.00,1.51,0.00,1.00,1.00,127.35,2.75,11.91,68.89,61.06,7.02,40.30,-0.23,0.08,17.00,7000.00,-38.00,0.00,7.00
576464.00,2019-06-30 17:52:00.464,0.00,294.23,0.00,1.51,0.00,1.00,1.00,127.35,2.75,12.07,68.89,61.06,7.02,40.30,-0.21,0.08,17.00,7000.00,-38.00,0.00,7.00
576564.00,2019-06-30 17:52:00.564,0.00,294.23,0.00,1.51,0.00,1.00,1.00,127.35,2.75,12.06,68.89,61.08,7.10,40.30,-0.25,0.08,17.00,7000.00,-38.00,0.00,7.00
576664.00,2019-06-30 17:52:00.664,0.00,294.23,0.00,1.51,0.00,1.00,1.00,127.35,2.75,11.93,68.89,61.08,7.10,40.30,-0.23,0.07,17.00,7000.00,-38.00,0.00,7.00
576764.00,2019-06-30 17:52:00.764,0.00,294.23,0.00,1.51,0.00,1.00,1.00,127.35,2.75,12.08,68.89,61.13,7.10,40.30,-0.23,0.07,17.00,7000.00,-38.00,0.00,7.00
576864.00,2019-06-30 17:52:00.864,0.00,294.23,0.00,1.51,0.00,1.00,1.00,127.35,2.75,12.04,68.93,61.13,7.10,40.30,-0.23,0.07,17.00,7000.00,-38.00,0.00,7.00
576964.00,2019-06-30 17:52:00.964,0.00,294.23,0.00,1.51,0.00,1.00,1.00,127.35,2.75,11.94,68.93,61.13,7.10,40.26,-0.22,0.07,17.00,7000.00,-38.00,0.00,7.00
577064.00,2019-06-30 17:52:01.064,0.00,294.23,0.00,1.51,0.00,1.00,1.00,127.35,2.75,12.05,68.93,61.13,7.10,40.26,-0.23,0.08,17.00,7000.00,-38.00,0.00,7.00
577164.00,2019-06-30 17:52:01.164,0.00,294.23,0.00,1.51,0.00,1.00,1.00,127.35,2.75,12.07,69.00,61.13,7.18,40.26,-0.22,0.07,17.00,7000.00,-38.00,0.00,7.00
577264.00,2019-06-30 17:52:01.264,0.00,294.23,0.00,1.51,0.00,1.00,1.00,127.35,2.75,11.93,69.00,61.18,7.18,40.26,-0.24,0.07,17.00,7000.00,-38.00,0.00,7.00
577364.00,2019-06-30 17:52:01.364,0.00,294.23,0.00,1.51,0.00,1.00,1.00,127.35,2.75,12.05,69.00,61.18,7.10,40.23,-0.23,0.08,17.00,7000.00,-38.00,0.00,7.00
577464.00,2019-06-30 17:52:01.464,0.00,294.23,0.00,1.51,0.00,1.00,1.00,127.35,2.75,12.07,68.91,61.18,7.10,40.23,-0.22,0.08,17.00,7000.00,-38.00,0.00,7.00
577564.00,2019-06-30 17:52:01.564,0.00,294.23,0.00,1.51,0.00,1.00,1.00,127.35,2.75,11.92,68.91,61.13,7.10,40.23,-0.23,0.07,17.00,7000.00,-38.00,0.00,7.00
577664.00,2019-06-30 17:52:01.664,0.00,294.23,0.00,1.51,0.00,1.00,1.00,127.35,2.75,12.08,68.93,61.13,7.13,40.23,-0.21,0.07,17.00,7000.00,-38.00,0.00,7.00
577764.00,2019-06-30 17:52:01.764,0.00,294.23,0.00,1.51,0.00,1.00,1.00,127.35,2.75,11.92,68.93,61.13,7.13,40.23,-0.23,0.07,17.00,7000.00,-38.00,0.00,7.00
577864.00,2019-06-30 17:52:01.864,0.00,294.23,0.00,1.51,0.00,1.00,1.00,127.35,2.75,12.06,68.93,61.13,7.19,40.23,-0.22,0.08,17.00,7000.00,-38.00,0.00,7.00
577964.00,2019-06-30 17:52:01.964,0.00,294.23,0.00,1.51,0.00,1.00,1.00,127.35,2.75,12.07,68.93,61.13,7.19,40.23,-0.22,0.08,17.00,7000.00,-38.00,0.00,7.00
578064.00,2019-06-30 17:52:02.064,0.00,294.23,0.00,1.51,0.00,1.00,1.00,127.35,2.75,11.93,68.93,61.15,7.19,40.23,-0.21,0.07,17.00,7000.00,-38.00,0.00,7.00
578164.00,2019-06-30 17:52:02.164,0.00,294.23,0.00,1.51,0.00,1.00,1.00,127.35,2.75,12.07,68.89,61.15,7.22,40.30,-0.22,0.08,17.00,7000.00,-38.00,0.00,7.00
578264.00,2019-06-30 17:52:02.264,0.00,294.23,0.00,1.51,0.00,1.00,1.00,127.35,2.75,12.05,68.89,61.18,7.22,40.30,-0.23,0.07,17.00,7000.00,-38.00,0.00,7.00
578364.00,2019-06-30 17:52:02.364,0.00,294.23,0.00,1.51,0.00,1.00,1.00,127.35,2.75,11.94,68.89,61.18,7.22,40.30,-0.22,0.08,17.00,7000.00,-38.00,0.00,7.00
578464.00,2019-06-30 17:52:02.464,0.00,294.23,0.00,1.51,0.00,1.00,1.00,127.35,2.75,12.04,68.95,61.18,7.22,40.30,-0.24,0.08,17.00,7000.00,-38.00,0.00,7.00
578564.00,2019-06-30 17:52:02.564,0.00,294.23,0.00,1.51,0.00,1.00,1.00,127.35,2.75,12.07,68.95,61.02,7.22,40.30,-0.22,0.08,17.00,7000.00,-38.00,0.00,7.00
578664.00,2019-06-30 17:52:02.664,0.00,294.23,0.00,1.51,0.00,1.00,1.00,127.35,2.75,11.93,68.91,61.02,7.24,40.30,-0.21,0.08,17.00,7000.00,-38.00,0.00,7.00
578764.00,2019-06-30 17:52:02.764,0.00,294.23,0.00,1.51,0.00,1.00,1.00,127.35,2.75,12.03,68.91,61.05,7.24,40.30,-0.23,0.08,17.00,7000.00,-38.00,0.00,7.00
578864.00,2019-06-30 17:52:02.864,0.00,294.23,0.00,1.51,0.00,1.00,1.00,127.35,2.75,12.08,68.91,61.05,7.24,40.30,-0.21,0.08,17.00,7000.00,-38.00,0.00,7.00
578964.00,2019-06-30 17:52:02.964,0.00,294.23,0.00,1.51,0.00,1.00,1.00,127.35,2.75,11.91,69.01,61.05,7.29,40.25,-0.24,0.07,17.00,7000.00,-38.00,0.00,7.00
579064.00,2019-06-30 17:52:03.064,0.00,294.23,0.00,1.51,0.00,1.00,1.00,127.35,2.75,12.04,69.01,61.06,7.29,40.25,-0.22,0.07,17.00,7000.00,-38.00,0.00,7.00
579164.00,2019-06-30 17:52:03.164,0.00,294.23,0.00,1.51,0.00,1.00,1.00,127.35,2.75,12.05,69.01,61.06,7.31,40.25,-0.22,0.07,17.00,7000.00,-38.00,0.00,7.00
579264.00,2019-06-30 17:52:03.264,0.00,294.23,0.00,1.51,0.00,1.00,1.00,127.35,2.75,12.04,68.93,61.05,7.31,40.25,-0.22,0.08,17.00,7000.00,-38.00,0.00,7.00
579364.00,2019-06-30 17:52:03.364,0.00,294.23,0.00,1.51,0.00,1.00,1.00,127.35,2.75,12.07,68.93,61.05,7.31,40.26,-0.22,0.08,17.00,7000.00,-38.00,0.00,7.00
579464.00,2019-06-30 17:52:03.464,0.00,294.23,0.00,1.51,0.00,1.00,1.00,127.35,2.75,11.92,68.95,61.05,7.25,40.26,-0.23,0.08,17.00,7000.00,-38.00,0.00,7.00
579564.00,2019-06-30 17:52:03.564,0.00,294.23,0.00,1.51,0.00,1.00,1.00,127.35,2.75,12.06,68.95,61.05,7.25,40.26,-0.23,0.07,17.00,7000.00,-38.00,0.00,7.00
579664.00,2019-06-30 17:52:03.664,0.00,294.23,0.00,1.51,0.00,1.00,1.00,127.35,2.75,11.93,68.95,61.05,7.25,40.26,-0.24,0.08,17.00,7000.00,-38.00,0.00,7.00
579764.00,2019-06-30 17:52:03.764,0.00,294.23,0.00,1.51,0.00,1.00,1.00,127.35,2.75,12.05,68.93,61.04,7.30,40.26,-0.21,0.08,17.00,7000.00,-38.00,0.00,7.00
579864.00,2019-06-30 17:52:03.864,0.00,294.23,0.00,1.51,0.00,1.00,1.00,127.35,2.75,12.08,68.93,61.04,7.30,40.26,-0.22,0.08,17.00,7000.00,-38.00,0.00,7.00
579964.00,2019-06-30 17:52:03.964,0.00,294.23,0.00,1.51,0.00,1.00,1.00,127.35,2.75,11.91,68.93,61.04,7.29,40.26,-0.23,0.08,17.00,7000.00,-38.00,0.00,7.00
580064.00,2019-06-30 17:52:04.064,0.00,294.23,0.00,1.51,0.00,1.00,1.00,127.35,2.75,12.07,68.93,61.02,7.29,40.26,-0.21,0.08,17.00,7000.00,-38.00,0.00,7.00
580164.00,2019-06-30 17:52:04.164,0.00,294.23,0.00,1.51,0.00,1.00,1.00,127.35,2.75,12.06,68.93,61.02,7.29,40.19,-0.23,0.08,17.00,7000.00,-38.00,0.00,7.00
580264.00,2019-06-30 17:52:04.264,0.00,294.23,0.00,1.51,0.00,1.00,1.00,127.35,2.75,11.94,68.96,61.06,7.34,40.19,-0.22,0.08,17.00,7000.00,-38.00,0.00,7.00
580364.00,2019-06-30 17:52:04.364,0.00,294.23,0.00,1.51,0.00,1.00,1.00,127.35,2.75,12.05,68.96,61.06,7.34,40.19,-0.21,0.08,17.00,7000.00,-38.00,0.00,7.00
580464.00,2019-06-30 17:52:04.464,0.00,294.23,0.00,1.51,0.00,1.00,1.00,127.35,2.75,11.92,68.96,61.06,7.40,40.19,-0.22,0.08,17.00,7000.00,-38.00,0.00,7.00
580564.00,2019-06-30 17:52:04.564,0.00,294.23,0.00,1.51,0.00,1.00,1.00,127.35,2.75,11.94,68.94,61.05,7.40,40.13,-0.22,0.08,17.00,7000.00,-38.00,0.00,7.00
580664.00,2019-06-30 17:52:04.664,0.00,294.23,0.00,1.51,0.00,1.00,1.00,127.35,2.75,12.05,68.94,61.05,7.40,40.13,-0.22,0.08,17.00,7000.00,-38.00,0.00,7.00
580764.00,2019-06-30 17:52:04.764,0.00,294.23,0.00,1.51,1.00,1.00,1.00,127.35,2.75,8.76,68.95,60.95,7.35,40.13,-0.29,0.00,23.00,7000.00,-38.00,1.00,2.00
580864.00,2019-06-30 17:52:04.864,0.00,294.23,0.30,1.51,1.00,1.00,1.00,127.06,2.75,9.42,68.95,60.95,7.35,40.13,-0.24,0.02,23.00,7000.00,-20.00,1.00,2.00
580964.00,2019-06-30 17:52:04.964,0.00,294.23,0.30,1.51,1.00,1.00,1.00,127.06,2.75,10.86,68.95,60.95,7.35,40.25,-0.27,0.04,23.00,7000.00,-20.00,1.00,2.00
581064.00,2019-06-30 17:52:05.064,0.00,294.23,674.78,1.51,1.00,1.00,1.00,126.77,2.76,10.75,68.91,60.99,7.29,40.25,-0.24,0.03,23.00,7000.00,-32.00,1.00,2.00
581164.00,2019-06-30 17:52:05.164,0.00,294.23,1682.82,1.51,0.00,1.00,1.00,126.22,2.77,11.40,68.91,60.99,7.29,40.25,-0.26,0.10,21.00,6279.25,-55.00,1.00,2.00
581264.00,2019-06-30 17:52:05.264,0.00,294.23,1785.63,1.51,0.00,1.00,1.00,125.98,2.77,11.90,68.84,60.95,7.13,40.23,-0.22,0.08,21.00,5740.70,-58.00,1.00,2.00
581364.00,2019-06-30 17:52:05.364,0.00,294.23,1836.32,1.51,0.00,1.00,1.00,125.52,2.78,11.67,68.84,60.95,7.13,40.23,-0.24,0.07,21.00,5347.81,-61.00,1.00,2.00
581464.00,2019-06-30 17:52:05.464,0.00,294.23,1831.81,1.51,0.00,1.00,1.00,125.30,2.79,11.94,68.84,60.95,7.13,40.12,-0.23,0.08,21.00,5382.49,-60.00,1.00,2.00
581564.00,2019-06-30 17:52:05.564,0.00,294.23,1810.80,1.51,0.00,1.00,1.00,124.84,2.80,11.90,68.96,61.02,-1.46,40.12,-0.22,0.10,21.00,5549.50,-59.00,1.00,2.00
581664.00,2019-06-30 17:52:05.664,1.21,294.34,1811.40,1.51,0.00,1.00,1.00,124.66,2.81,11.87,68.96,61.02,-1.46,40.12,-0.22,0.10,21.00,5544.88,-59.00,1.00,2.00
581764.00,2019-06-30 17:52:05.764,1.21,294.34,1803.40,1.51,0.00,1.00,1.00,124.20,2.82,11.93,68.96,61.04,-12.83,40.12,-0.22,0.10,21.00,5608.39,-59.00,1.00,2.00
581864.00,2019-06-30 17:52:05.864,1.21,294.34,1808.67,1.51,0.00,1.00,1.00,123.98,2.82,11.93,68.96,61.04,-12.83,40.12,-0.24,0.09,21.00,5567.92,-59.00,1.00,2.00
581964.00,2019-06-30 17:52:05.964,1.46,294.46,1798.10,1.51,0.00,1.00,1.00,123.57,2.83,11.96,68.96,61.04,-12.83,39.96,-0.22,0.08,21.00,5649.03,-58.00,1.00,2.00
582064.00,2019-06-30 17:52:06.064,1.46,294.46,1791.79,1.51,0.00,1.00,1.00,123.34,2.84,11.99,68.94,61.06,-23.37,39.96,-0.22,0.09,21.00,5699.48,-58.00,1.00,2.00
582164.00,2019-06-30 17:52:06.164,1.87,294.58,1802.94,1.51,0.00,1.00,1.00,122.94,2.85,11.93,68.94,61.06,-23.37,39.96,-0.22,0.09,21.00,5613.98,-59.00,1.00,2.00
582264.00,2019-06-30 17:52:06.264,1.87,294.58,1805.38,1.49,0.00,1.00,1.00,122.72,2.85,12.01,69.02,60.95,-32.84,39.90,-0.22,0.09,21.00,5595.26,-59.00,1.00,2.00
582364.00,2019-06-30 17:52:06.364,2.23,294.69,1777.49,1.45,0.00,1.00,1.00,122.31,2.86,11.90,69.02,60.95,-32.84,39.90,-0.23,0.09,21.00,5799.96,-57.00,1.00,2.00
582464.00,2019-06-30 17:52:06.464,2.55,294.81,1790.40,1.43,0.00,1.00,1.00,122.14,2.87,12.00,69.02,60.95,-32.84,39.87,-0.22,0.08,21.00,5700.70,-58.00,1.00,2.00
582564.00,2019-06-30 17:52:06.564,2.55,294.81,1774.07,1.40,0.00,1.00,1.00,121.69,2.88,11.94,69.00,61.02,-41.92,39.87,-0.25,0.09,21.00,5831.48,-56.00,1.00,2.00
582664.00,2019-06-30 17:52:06.664,2.85,294.93,1763.95,1.40,0.00,1.00,1.00,121.51,2.88,11.99,69.00,61.02,-41.92,39.87,-0.22,0.07,21.00,5909.16,-56.00,1.00,2.00
582764.00,2019-06-30 17:52:06.764,3.12,295.04,1759.22,1.37,0.00,1.00,1.00,121.10,2.89,12.02,68.98,61.00,-50.48,39.70,-0.22,0.09,21.00,5944.20,-56.00,1.00,2.00
582864.00,2019-06-30 17:52:06.864,3.38,295.16,1779.65,1.35,0.00,1.00,1.00,120.93,2.90,11.99,68.98,61.00,-50.48,39.70,-0.23,0.08,21.00,5787.33,-58.00,1.00,2.00
582964.00,2019-06-30 17:52:06.964,3.63,295.28,1772.63,1.32,0.00,1.00,1.00,120.53,2.91,12.01,68.98,61.00,-50.48,39.69,-0.22,0.08,21.00,5841.23,-56.00,1.00,2.00
583064.00,2019-06-30 17:52:07.064,3.85,295.40,1765.28,1.31,0.00,1.00,1.00,120.35,2.92,12.00,68.98,60.93,-58.60,39.69,-0.25,0.09,21.00,5891.85,-56.00,1.00,2.00
583164.00,2019-06-30 17:52:07.164,4.07,295.51,1783.06,1.28,0.00,1.00,1.00,119.96,2.93,12.00,68.98,60.93,-58.60,39.69,-0.22,0.08,21.00,5755.13,-58.00,1.00,2.00
583264.00,2019-06-30 17:52:07.264,4.28,295.63,1764.86,1.25,0.00,1.00,1.00,119.79,2.93,12.00,69.05,60.95,-66.41,39.59,-0.23,0.08,21.00,5896.99,-56.00,1.00,2.00
583364.00,2019-06-30 17:52:07.364,4.46,295.75,1755.87,1.25,0.00,1.00,1.00,119.39,2.94,12.01,69.05,60.95,-66.41,39.59,-0.23,0.08,21.00,5966.06,-56.00,1.00,2.00
583464.00,2019-06-30 17:52:07.464,4.64,295.86,1763.12,1.24,0.00,1.00,1.00,119.22,2.95,12.02,69.05,60.95,-66.41,39.55,-0.22,0.07,21.00,5910.34,-56.00,1.00,2.00
583564.00,2019-06-30 17:52:07.564,4.96,296.10,1753.64,1.25,0.00,1.00,1.00,119.09,2.95,12.01,69.03,61.02,-73.93,39.55,-0.23,0.07,21.00,5988.95,-56.00,1.00,2.00
583664.00,2019-06-30 17:52:07.664,5.15,296.22,1764.71,1.22,0.00,1.00,1.00,118.70,2.96,12.04,69.03,61.02,-73.93,39.55,-0.24,0.09,21.00,5904.03,-56.00,1.00,2.00
583764.00,2019-06-30 17:52:07.764,5.34,296.33,1757.93,1.21,0.00,1.00,1.00,118.53,2.97,12.02,69.12,60.95,-81.09,39.50,-0.25,0.08,21.00,5956.02,-56.00,1.00,2.00
583864.00,2019-06-30 17:52:07.864,5.65,296.57,1760.25,1.18,0.00,1.00,1.00,118.19,2.98,12.00,69.12,60.95,-81.09,39.50,-0.23,0.09,21.00,5932.41,-56.00,1.00,2.00
583964.00,2019-06-30 17:52:07.964,5.81,296.68,1742.16,1.17,0.00,1.00,1.00,118.02,2.99,12.04,69.12,60.95,-81.09,39.44,-0.21,0.09,21.00,6042.21,-56.00,1.00,2.00
584064.00,2019-06-30 17:52:08.064,6.07,296.92,1752.75,1.18,0.00,1.00,1.00,117.68,3.00,11.91,69.22,60.95,-87.52,39.44,-0.22,0.09,21.00,5989.46,-56.00,1.00,2.00
584164.00,2019-06-30 17:52:08.164,6.22,297.03,1754.33,1.16,0.00,1.00,1.00,117.51,3.00,12.04,69.22,60.95,-87.52,39.44,-0.22,0.07,21.00,5977.25,-56.00,1.00,2.00
584264.00,2019-06-30 17:52:08.264,6.49,297.27,1766.86,1.15,0.00,1.00,1.00,117.18,3.01,12.02,69.22,60.95,-93.70,39.30,-0.25,0.09,21.00,5880.96,-56.00,1.00,2.00
584364.00,2019-06-30 17:52:08.364,6.78,297.50,1782.98,1.13,0.00,1.00,1.00,117.06,3.02,12.02,69.22,60.95,-93.70,39.30,-0.23,0.08,21.00,5757.07,-58.00,1.00,2.00
584464.00,2019-06-30 17:52:08.464,6.90,297.62,1791.37,1.14,0.00,1.00,1.00,116.70,3.03,12.04,69.22,60.95,-93.70,39.15,-0.22,0.09,21.00,5692.63,-58.00,1.00,2.00
584564.00,2019-06-30 17:52:08.564,7.08,297.85,1807.88,1.14,0.00,1.00,1.00,116.60,3.04,12.01,69.26,60.97,-99.90,39.15,-0.24,0.08,21.00,5567.76,-59.00,1.00,2.00
584664.00,2019-06-30 17:52:08.664,7.33,298.09,1844.76,1.14,0.00,1.00,1.00,116.31,3.05,12.02,69.26,60.97,-99.90,39.15,-0.21,0.09,21.00,5284.40,-61.00,1.00,2.00
584764.00,2019-06-30 17:52:08.764,7.62,298.32,1876.03,1.14,0.00,1.00,1.00,116.22,3.05,12.02,69.30,60.92,-105.95,39.13,-0.23,0.09,21.00,5044.20,-63.00,1.00,2.00
584864.00,2019-06-30 17:52:08.864,7.84,298.56,1886.88,1.13,0.00,1.00,1.00,115.96,3.06,12.03,69.30,60.92,-105.95,39.13,-0.18,0.10,21.00,4956.18,-63.00,1.00,2.00
584964.00,2019-06-30 17:52:08.964,8.05,298.79,1883.74,1.14,0.00,1.00,1.00,115.87,3.06,12.01,69.30,60.92,-105.95,39.02,-0.25,0.10,21.00,4980.32,-63.00,1.00,2.00
585064.00,2019-06-30 17:52:09.064,8.33,299.02,2007.02,1.19,0.00,1.00,1.00,115.65,3.07,12.04,69.41,60.92,-112.32,39.02,-0.23,0.08,21.00,4125.00,-71.00,1.00,2.00
585164.00,2019-06-30 17:52:09.164,8.53,299.26,1994.98,1.21,0.00,1.00,1.00,115.43,3.08,12.02,69.41,60.92,-112.32,39.02,-0.21,0.07,21.00,4125.01,-69.00,1.00,2.00
585264.00,2019-06-30 17:52:09.264,8.69,299.49,2055.82,1.27,0.00,1.00,1.00,115.21,3.09,12.01,69.40,61.00,-118.97,38.96,-0.23,0.09,21.00,4399.54,-72.00,1.00,2.00
585364.00,2019-06-30 17:52:09.364,8.88,299.73,2094.09,1.32,0.00,1.00,1.00,115.14,3.09,12.04,69.40,61.00,-118.97,38.96,-0.22,0.08,21.00,4608.25,-72.00,1.00,2.00
585464.00,2019-06-30 17:52:09.464,9.10,299.96,2079.22,1.37,0.00,1.00,1.00,114.91,3.10,12.03,69.40,61.00,-118.97,38.88,-0.24,0.07,21.00,4527.14,-72.00,1.00,2.00
585564.00,2019-06-30 17:52:09.564,9.41,300.31,2156.02,1.39,0.00,1.00,1.00,114.70,3.11,12.00,69.48,61.02,-125.23,38.88,-0.22,0.08,21.00,4946.52,-73.00,1.00,2.00
585664.00,2019-06-30 17:52:09.664,9.58,300.55,2182.33,1.38,0.00,1.00,1.00,114.44,3.12,11.99,69.48,61.02,-125.23,38.88,-0.21,0.08,21.00,5089.62,-74.00,1.00,2.00
585764.00,2019-06-30 17:52:09.764,9.94,300.90,2217.66,1.40,0.00,1.00,1.00,114.39,3.13,12.02,69.45,60.84,-131.45,38.73,-0.23,0.08,21.00,5281.79,-74.00,1.00,2.00
585864.00,2019-06-30 17:52:09.864,10.14,301.13,2275.36,1.36,0.00,1.00,1.00,114.11,3.14,12.05,69.45,60.84,-131.45,38.73,-0.22,0.06,21.00,5432.65,-75.00,1.00,2.00
585964.00,2019-06-30 17:52:09.964,10.29,301.48,2297.93,1.36,0.00,1.00,1.00,113.88,3.15,12.02,69.45,60.84,-131.45,38.65,-0.24,0.07,21.00,5406.14,-76.00,1.00,2.00
586064.00,2019-06-30 17:52:10.064,10.58,301.72,2353.03,1.31,0.00,1.00,1.00,113.61,3.16,12.04,69.56,60.95,-138.44,38.65,-0.21,0.10,21.00,5339.84,-77.00,1.00,2.00
586164.00,2019-06-30 17:52:10.164,10.85,302.07,2384.07,1.31,0.00,1.00,1.00,113.39,3.17,12.03,69.56,60.95,-138.44,38.65,-0.25,0.08,21.00,5303.74,-77.00,1.00,2.00
586264.00,2019-06-30 17:52:10.264,11.13,302.42,2453.24,1.31,0.00,1.00,1.00,113.17,3.18,12.02,69.56,60.92,-145.68,38.65,-0.22,0.07,21.00,5223.40,-79.00,1.00,2.00
586364.00,2019-06-30 17:52:10.364,11.40,302.65,2514.77,1.30,0.00,1.00,1.00,112.91,3.18,12.05,69.56,60.92,-145.68,38.65,-0.23,0.07,21.00,5180.18,-80.00,1.00,2.00
586464.00,2019-06-30 17:52:10.464,11.62,303.00,2589.95,1.33,0.00,1.00,1.00,112.52,3.20,12.01,69.56,60.92,-145.68,38.58,-0.23,0.10,21.00,5237.58,-81.00,1.00,2.00
586564.00,2019-06-30 17:52:10.564,11.89,303.35,2612.67,1.32,0.00,1.00,1.00,112.31,3.21,11.94,69.62,60.95,-153.77,38.58,-0.21,0.09,21.00,5254.50,-82.00,1.00,2.00
586664.00,2019-06-30 17:52:10.664,12.19,303.71,2649.65,1.31,0.00,1.00,1.00,112.10,3.22,12.04,69.62,60.95,-153.77,38.58,-0.23,0.10,21.00,5282.59,-82.00,1.00,2.00
586764.00,2019-06-30 17:52:10.764,12.47,304.06,2717.45,1.31,0.00,1.00,1.00,111.88,3.23,12.04,69.63,60.95,-162.95,38.41,-0.22,0.07,21.00,5334.08,-83.00,1.00,2.00
586864.00,2019-06-30 17:52:10.864,12.80,304.41,2813.01,1.31,0.00,1.00,1.00,111.49,3.24,12.04,69.63,60.95,-162.95,38.41,-0.23,0.08,21.00,5389.54,-85.00,1.00,2.00
586964.00,2019-06-30 17:52:10.964,13.11,304.88,2858.16,1.33,0.00,1.00,1.00,111.32,3.25,12.02,69.63,60.95,-162.95,38.27,-0.22,0.10,21.00,5411.57,-86.00,1.00,2.00
587064.00,2019-06-30 17:52:11.064,13.45,305.23,2897.99,1.32,0.00,1.00,1.00,111.10,3.26,12.03,69.75,60.97,-173.33,38.27,-0.22,0.10,21.00,5430.03,-87.00,1.00,2.00
587164.00,2019-06-30 17:52:11.164,13.73,305.58,2942.19,1.34,0.00,1.00,1.00,110.71,3.28,11.98,69.75,60.97,-173.33,38.27,-0.24,0.09,21.00,5451.59,-87.00,1.00,2.00
587264.00,2019-06-30 17:52:11.264,14.02,306.05,3013.79,1.33,0.00,1.00,1.00,110.54,3.29,12.04,69.75,60.92,-185.73,38.21,-0.22,0.09,21.00,5480.76,-89.00,1.00,2.00
587364.00,2019-06-30 17:52:11.364,14.38,306.40,3123.29,1.34,0.00,1.00,1.00,110.16,3.30,12.03,69.75,60.92,-185.73,38.21,-0.22,0.08,21.00,5473.13,-91.00,1.00,2.00
587464.00,2019-06-30 17:52:11.464,14.64,306.87,3173.68,1.35,0.00,1.00,1.00,109.82,3.32,12.04,69.75,60.92,-185.73,38.10,-0.23,0.08,21.00,5469.61,-92.00,1.00,2.00
587564.00,2019-06-30 17:52:11.564,14.96,307.22,3181.42,1.35,0.00,1.00,1.00,109.61,3.33,12.02,69.77,60.99,-199.92,38.10,-0.23,0.10,21.00,5467.08,-92.00,1.00,2.00
587664.00,2019-06-30 17:52:11.664,15.28,307.68,3297.34,1.34,0.00,1.00,1.00,109.28,3.35,12.01,69.77,60.99,-199.92,38.10,-0.23,0.07,21.00,5427.08,-94.00,1.00,2.00
587764.00,2019-06-30 17:52:11.764,15.66,308.15,3391.46,1.27,0.00,1.00,1.00,108.96,3.36,11.98,69.75,60.95,-199.92,38.16,-0.22,0.07,21.00,5356.39,-96.00,1.00,2.00
587864.00,2019-06-30 17:52:11.864,15.96,308.62,3435.74,1.28,0.00,1.00,1.00,108.64,3.38,12.02,69.75,60.95,-199.92,38.16,-0.22,0.08,21.00,5322.79,-96.00,1.00,2.00
587964.00,2019-06-30 17:52:11.964,16.31,309.09,3466.60,1.28,0.00,1.00,1.00,108.49,3.39,12.02,69.75,60.95,-199.92,37.90,-0.22,0.10,21.00,5299.36,-97.00,1.00,2.00
588064.00,2019-06-30 17:52:12.064,16.64,309.56,3536.28,1.28,0.00,1.00,1.00,108.18,3.40,12.04,69.72,60.95,-199.92,37.90,-0.22,0.08,21.00,5267.41,-98.00,1.00,2.00
588164.00,2019-06-30 17:52:12.164,16.99,310.03,3653.64,1.27,0.00,1.00,1.00,107.88,3.41,12.03,69.72,60.95,-199.92,37.90,-0.24,0.07,21.00,5246.00,-100.00,1.00,2.00
588264.00,2019-06-30 17:52:12.264,17.35,310.49,3703.13,1.28,0.00,1.00,1.00,107.42,3.43,12.03,69.72,60.88,-199.92,37.80,-0.21,0.07,21.00,5235.23,-101.00,1.00,2.00
588364.00,2019-06-30 17:52:12.364,17.73,311.08,3749.88,1.30,0.00,1.00,1.00,107.17,3.45,11.99,69.72,60.88,-199.92,37.80,-0.24,0.07,21.00,5226.58,-102.00,1.00,2.00
588464.00,2019-06-30 17:52:12.464,18.02,311.55,3860.63,1.28,0.00,1.00,1.00,106.87,3.46,12.04,69.72,60.88,-199.92,37.77,-0.21,0.12,21.00,5259.06,-104.00,1.00,2.00
588564.00,2019-06-30 17:52:12.564,18.03,312.01,3235.46,1.28,0.00,1.00,1.00,106.57,3.48,12.01,69.59,60.95,-199.92,37.77,-0.24,0.09,21.00,5464.73,-93.00,1.00,2.00
588664.00,2019-06-30 17:52:12.664,18.01,312.60,3057.40,1.43,0.00,1.00,1.00,106.46,3.49,12.02,69.59,60.95,-199.92,37.77,-0.23,0.09,21.00,5476.85,-90.00,1.00,2.00
588764.00,2019-06-30 17:52:12.764,18.05,313.07,2774.95,1.51,0.00,1.00,1.00,106.16,3.50,12.04,69.61,60.97,-199.92,37.60,-0.23,0.08,21.00,5370.00,-84.00,1.00,2.00
588864.00,2019-06-30 17:52:12.864,18.08,313.54,2574.11,1.51,0.00,2.00,1.00,106.03,3.51,12.02,69.61,60.97,-199.92,37.60,-0.22,0.07,21.00,4994.05,-81.00,1.00,2.00
588964.00,2019-06-30 17:52:12.964,18.19,314.12,2274.23,1.51,0.00,2.00,1.00,105.95,3.52,12.00,69.61,60.97,-199.92,37.60,-0.21,0.07,21.00,4934.76,-75.00,1.00,2.00
589064.00,2019-06-30 17:52:13.064,18.09,314.59,1727.86,1.51,0.00,2.00,1.00,105.92,3.53,12.05,69.47,60.88,-199.92,37.60,-0.25,0.08,21.00,7000.00,-56.00,1.00,2.00
589164.00,2019-06-30 17:52:13.164,18.17,315.06,2177.34,1.51,0.00,2.00,1.00,105.73,3.54,12.04,69.47,60.88,-199.92,37.38,-0.22,0.09,21.00,5642.80,-74.00,1.00,2.00
589264.00,2019-06-30 17:52:13.264,18.32,315.64,1992.53,1.51,0.00,2.00,1.00,105.59,3.55,11.87,69.49,60.95,-199.92,37.38,-0.21,0.10,21.00,7359.33,-69.00,1.00,2.00
589364.00,2019-06-30 17:52:13.364,18.49,316.11,2151.85,1.51,0.00,2.00,1.00,105.59,3.56,12.03,69.49,60.95,-199.92,37.38,-0.23,0.06,21.00,5887.40,-73.00,1.00,2.00
589464.00,2019-06-30 17:52:13.464,18.57,316.70,2057.90,1.38,0.00,2.00,1.00,105.44,3.57,12.04,69.49,60.95,-199.92,37.27,-0.22,0.08,21.00,6804.98,-72.00,1.00,2.00
589564.00,2019-06-30 17:52:13.564,18.63,317.16,2166.57,1.51,0.00,2.00,1.00,105.27,3.58,12.01,69.38,60.86,-199.92,37.27,-0.26,0.07,21.00,5751.10,-73.00,1.00,2.00
589664.00,2019-06-30 17:52:13.664,18.71,317.63,2126.60,1.46,0.00,2.00,1.00,105.09,3.59,12.02,69.38,60.86,-199.92,37.27,-0.22,0.09,21.00,6147.56,-73.00,1.00,2.00
589764.00,2019-06-30 17:52:13.764,18.91,318.22,2160.80,1.37,0.00,2.00,1.00,105.12,3.60,12.04,69.27,61.00,-199.92,37.27,-0.22,0.07,21.00,5808.38,-73.00,1.00,2.00
589864.00,2019-06-30 17:52:13.864,19.00,318.69,2136.94,1.35,0.00,2.00,1.00,104.96,3.61,12.04,69.27,61.00,-199.92,37.27,-0.22,0.08,21.00,6026.97,-73.00,1.00,2.00
589964.00,2019-06-30 17:52:13.964,19.05,319.27,2173.48,1.32,0.00,2.00,1.00,104.85,3.62,12.05,69.27,61.00,-199.92,37.18,-0.22,0.08,21.00,5672.92,-74.00,1.00,2.00
590064.00,2019-06-30 17:52:14.064,19.25,319.86,2176.48,1.29,0.00,2.00,1.00,104.73,3.63,12.02,69.19,60.98,-199.92,37.18,-0.23,0.09,21.00,5645.39,-74.00,1.00,2.00
590164.00,2019-06-30 17:52:14.164,19.31,320.32,2179.08,1.27,0.00,2.00,1.00,104.59,3.64,12.02,69.19,60.98,-199.92,37.07,-0.22,0.11,21.00,5620.01,-74.00,1.00,2.00
590264.00,2019-06-30 17:52:14.264,19.34,320.91,2208.52,1.27,0.00,2.00,1.00,104.63,3.64,12.03,69.07,61.05,-199.92,37.07,-0.22,0.09,21.00,5333.65,-74.00,1.00,2.00
590364.00,2019-06-30 17:52:14.364,19.51,321.49,2196.39,1.25,0.00,2.00,1.00,104.53,3.65,12.02,69.07,61.05,-199.92,37.07,-0.22,0.07,21.00,5449.40,-74.00,1.00,2.00
590464.00,2019-06-30 17:52:14.464,19.68,321.96,2227.75,1.22,0.00,2.00,1.00,104.40,3.66,12.04,69.07,61.05,-199.92,36.98,-0.22,0.07,21.00,5147.96,-75.00,1.00,2.00
590564.00,2019-06-30 17:52:14.564,19.71,322.55,2213.82,1.24,0.00,2.00,1.00,104.32,3.67,12.01,68.95,61.10,-199.92,36.98,-0.22,0.07,21.00,5281.72,-74.00,1.00,2.00
590664.00,2019-06-30 17:52:14.664,19.95,323.13,2221.28,1.23,0.00,2.00,1.00,104.23,3.68,12.04,68.95,61.10,-199.92,36.91,-0.22,0.08,21.00,5210.69,-74.00,1.00,2.00
590764.00,2019-06-30 17:52:14.764,20.01,323.72,2253.18,1.25,0.00,2.00,1.00,104.16,3.69,11.93,68.73,61.09,-199.92,36.91,-0.23,0.09,21.00,4936.82,-75.00,1.00,2.00
590864.00,2019-06-30 17:52:14.864,20.10,324.19,2257.08,1.22,0.00,2.00,1.00,104.04,3.70,12.01,68.73,61.09,-199.92,36.91,-0.22,0.09,21.00,4937.55,-75.00,1.00,2.00
590964.00,2019-06-30 17:52:14.964,20.21,324.77,2254.96,1.26,0.00,2.00,1.00,103.97,3.71,12.04,68.73,61.09,-199.92,36.84,-0.22,0.07,21.00,4937.16,-75.00,1.00,2.00
591064.00,2019-06-30 17:52:15.064,20.40,325.36,2270.66,1.29,0.00,2.00,1.00,104.03,3.72,12.04,68.71,61.13,-199.92,36.84,-0.22,0.09,21.00,4942.10,-75.00,1.00,2.00
591164.00,2019-06-30 17:52:15.164,20.45,325.94,2298.85,1.29,0.00,2.00,1.00,103.95,3.73,12.03,68.71,61.13,-199.92,36.68,-0.22,0.07,21.00,4947.14,-76.00,1.00,2.00
591264.00,2019-06-30 17:52:15.264,20.61,326.53,2285.98,1.28,0.00,2.00,1.00,103.88,3.73,12.02,68.54,61.10,-199.92,36.68,-0.22,0.08,21.00,4943.70,-76.00,1.00,2.00
591364.00,2019-06-30 17:52:15.364,20.73,327.11,2305.25,1.28,0.00,2.00,1.00,103.81,3.74,12.01,68.54,61.10,-199.92,36.68,-0.22,0.07,21.00,4947.23,-76.00,1.00,2.00
591464.00,2019-06-30 17:52:15.464,20.85,327.70,2313.30,1.31,0.00,2.00,1.00,103.73,3.75,12.03,68.54,61.10,-199.92,36.63,-0.23,0.09,21.00,4948.70,-76.00,1.00,2.00
591564.00,2019-06-30 17:52:15.564,21.06,328.28,2335.04,1.32,0.00,2.00,1.00,103.66,3.76,12.02,68.26,61.10,-199.92,36.63,-0.22,0.07,21.00,4952.69,-77.00,1.00,2.00
591664.00,2019-06-30 17:52:15.664,21.10,328.87,2320.50,1.31,0.00,2.00,1.00,103.59,3.77,12.04,68.26,61.10,-199.92,36.50,-0.24,0.08,21.00,4950.02,-76.00,1.00,2.00
591764.00,2019-06-30 17:52:15.764,21.24,329.45,2370.18,1.30,0.00,2.00,1.00,103.51,3.78,12.01,67.95,61.17,-199.92,36.50,-0.24,0.08,21.00,4961.43,-77.00,1.00,2.00
591864.00,2019-06-30 17:52:15.864,21.37,330.04,2357.05,1.30,0.00,2.00,1.00,103.44,3.79,12.04,67.95,61.17,-199.92,36.50,-0.21,0.08,21.00,4959.20,-77.00,1.00,2.00
591964.00,2019-06-30 17:52:15.964,21.54,330.62,2372.06,1.31,0.00,2.00,1.00,103.37,3.80,12.02,67.95,61.17,-199.92,36.48,-0.22,0.07,21.00,4961.74,-77.00,1.00,2.00
592064.00,2019-06-30 17:52:16.064,21.61,331.21,2381.05,1.30,0.00,2.00,1.00,103.30,3.81,12.03,67.77,61.16,-199.92,36.48,-0.21,0.08,21.00,4962.79,-77.00,1.00,2.00
592164.00,2019-06-30 17:52:16.164,21.81,331.91,2403.08,1.33,0.00,2.00,1.00,103.26,3.82,12.04,67.77,61.16,-199.92,36.44,-0.22,0.08,21.00,4966.60,-78.00,1.00,2.00
592264.00,2019-06-30 17:52:16.264,21.89,332.50,2399.81,1.34,0.00,2.00,1.00,103.19,3.83,12.01,67.51,61.20,-199.92,36.44,-0.23,0.08,21.00,4967.30,-78.00,1.00,2.00
592364.00,2019-06-30 17:52:16.364,22.00,333.08,2432.99,1.34,0.00,2.00,1.00,103.12,3.84,12.02,67.51,61.20,-199.92,36.44,-0.25,0.10,21.00,4972.73,-78.00,1.00,2.00
592464.00,2019-06-30 17:52:16.464,22.19,333.67,2423.90,1.33,0.00,2.00,1.00,103.05,3.85,12.03,67.51,61.20,-199.92,36.31,-0.22,0.07,21.00,4971.24,-78.00,1.00,2.00
592564.00,2019-06-30 17:52:16.564,22.32,334.37,2457.25,1.32,0.00,2.00,1.00,103.02,3.86,12.04,67.15,61.23,-199.92,36.31,-0.23,0.11,21.00,4977.20,-79.00,1.00,2.00
592664.00,2019-06-30 17:52:16.664,22.38,334.95,2473.97,1.33,0.00,2.00,1.00,102.95,3.87,12.01,67.15,61.23,-199.92,36.36,-0.23,0.11,21.00,4979.84,-79.00,1.00,2.00
592764.00,2019-06-30 17:52:16.764,22.57,335.54,2449.83,1.30,0.00,2.00,1.00,102.88,3.88,12.05,66.85,61.23,-199.92,36.36,-0.22,0.06,21.00,4976.03,-79.00,1.00,2.00
592864.00,2019-06-30 17:52:16.864,22.70,336.24,2507.73,1.31,0.00,2.00,1.00,102.84,3.88,12.02,66.85,61.23,-199.92,36.36,-0.22,0.07,21.00,4985.26,-80.00,1.00,2.00
592964.00,2019-06-30 17:52:16.964,22.79,336.83,2483.55,1.30,0.00,2.00,1.00,102.77,3.89,12.03,66.85,61.23,-199.92,36.20,-0.23,0.08,21.00,4981.35,-79.00,1.00,2.00
593064.00,2019-06-30 17:52:17.064,22.97,337.53,2520.21,1.31,0.00,2.00,1.00,102.74,3.90,12.03,66.62,61.23,-199.92,36.20,-0.22,0.07,21.00,4987.37,-80.00,1.00,2.00
593164.00,2019-06-30 17:52:17.164,23.07,338.11,2514.56,1.32,0.00,2.00,1.00,102.67,3.91,12.01,66.62,61.23,-199.92,36.14,-0.23,0.07,21.00,4986.41,-80.00,1.00,2.00
593264.00,2019-06-30 17:52:17.264,23.24,338.82,2527.17,1.33,0.00,2.00,1.00,102.51,3.93,12.03,66.38,61.30,-199.92,36.14,-0.20,0.09,21.00,4989.07,-80.00,1.00,2.00
593364.00,2019-06-30 17:52:17.364,23.33,339.40,2557.71,1.33,0.00,2.00,1.00,102.45,3.94,12.00,66.38,61.30,-199.92,36.14,-0.22,0.08,21.00,4994.28,-81.00,1.00,2.00
593464.00,2019-06-30 17:52:17.464,23.46,340.10,2558.20,1.34,0.00,2.00,1.00,102.41,3.95,11.95,66.38,61.30,-199.92,35.96,-0.21,0.10,21.00,4994.36,-81.00,1.00,2.00
593564.00,2019-06-30 17:52:17.564,23.63,340.81,2579.65,1.32,0.00,2.00,1.00,102.38,3.96,12.04,66.15,61.36,-199.92,35.96,-0.24,0.10,21.00,4998.61,-81.00,1.00,2.00
593664.00,2019-06-30 17:52:17.664,23.76,341.39,2568.49,1.29,0.00,2.00,1.00,102.31,3.96,12.02,66.15,61.36,-199.92,35.98,-0.23,0.08,21.00,4996.69,-81.00,1.00,2.00
593764.00,2019-06-30 17:52:17.764,23.93,342.09,2628.47,1.30,0.00,2.00,1.00,102.28,3.97,12.04,66.05,61.41,-199.92,35.98,-0.22,0.06,21.00,5007.49,-82.00,1.00,2.00
593864.00,2019-06-30 17:52:17.864,24.03,342.79,2573.12,1.31,0.00,2.00,1.00,102.25,3.98,12.03,66.05,61.41,-199.92,35.98,-0.22,0.07,21.00,4997.92,-81.00,1.00,2.00
593964.00,2019-06-30 17:52:17.964,24.12,343.50,2636.03,1.33,0.00,2.00,1.00,102.09,4.00,11.99,66.05,61.41,-199.92,35.86,-0.22,0.10,21.00,5008.79,-82.00,1.00,2.00
594064.00,2019-06-30 17:52:18.064,24.24,344.08,2643.23,1.31,0.00,2.00,1.00,102.03,4.01,12.01,65.91,61.37,-199.92,35.86,-0.22,0.10,21.00,5009.62,-82.00,1.00,2.00
594164.00,2019-06-30 17:52:18.164,24.50,344.78,2646.09,1.30,0.00,2.00,1.00,102.00,4.02,12.01,65.91,61.37,-199.92,35.80,-0.23,0.10,21.00,5010.11,-82.00,1.00,2.00
594264.00,2019-06-30 17:52:18.264,24.52,345.49,2694.15,1.32,0.00,2.00,1.00,101.96,4.03,12.05,65.74,61.55,-199.92,35.80,-0.21,0.08,21.00,5020.49,-83.00,1.00,2.00
594364.00,2019-06-30 17:52:18.364,24.74,346.19,2650.35,1.31,0.00,2.00,1.00,101.93,4.04,12.02,65.74,61.55,-199.92,35.80,-0.23,0.07,21.00,5012.79,-82.00,1.00,2.00
594464.00,2019-06-30 17:52:18.464,24.85,346.89,2712.23,1.31,0.00,2.00,1.00,101.78,4.05,11.99,65.74,61.55,-199.92,35.64,-0.21,0.08,21.00,5023.67,-83.00,1.00,2.00
594564.00,2019-06-30 17:52:18.564,25.03,347.59,2702.40,1.32,0.00,2.00,1.00,101.75,4.06,12.04,65.58,61.52,-199.92,35.64,-0.22,0.12,21.00,5021.66,-83.00,1.00,2.00
594664.00,2019-06-30 17:52:18.664,25.17,348.30,2714.75,1.33,0.00,2.00,1.00,101.72,4.07,12.02,65.58,61.52,-199.92,35.57,-0.24,0.05,21.00,5023.83,-83.00,1.00,2.00
594764.00,2019-06-30 17:52:18.764,27.21,349.11,2752.10,1.31,0.00,2.00,1.00,101.60,4.08,12.02,65.44,61.59,-199.92,35.57,-0.22,0.09,21.00,5031.96,-84.00,1.00,2.00
594864.00,2019-06-30 17:52:18.864,26.67,349.82,2731.93,1.31,0.00,2.00,1.00,101.57,4.09,12.01,65.44,61.59,-199.92,35.57,-0.22,0.07,21.00,5027.72,-84.00,1.00,2.00
594964.00,2019-06-30 17:52:18.964,26.32,350.52,2787.78,1.32,0.00,2.00,1.00,101.54,4.10,12.04,65.44,61.59,-199.92,35.44,-0.22,0.11,21.00,5049.81,-85.00,1.00,2.00
595064.00,2019-06-30 17:52:19.064,26.12,351.22,2758.05,1.32,0.00,2.00,1.00,101.51,4.11,12.01,65.21,61.64,-199.92,35.44,-0.23,0.08,21.00,5035.53,-84.00,1.00,2.00
595164.00,2019-06-30 17:52:19.164,26.21,352.04,2790.83,1.31,0.00,2.00,1.00,101.39,4.13,11.93,65.21,61.64,-199.92,35.38,-0.21,0.08,21.00,5051.87,-85.00,1.00,2.00
595264.00,2019-06-30 17:52:19.264,26.04,352.74,2826.39,1.31,0.00,2.00,1.00,101.36,4.13,12.03,64.90,61.65,-199.92,35.38,-0.22,0.13,21.00,5069.68,-85.00,1.00,2.00
595364.00,2019-06-30 17:52:19.364,26.27,353.45,2794.08,1.33,0.00,2.00,1.00,101.33,4.14,12.02,64.90,61.65,-199.92,35.38,-0.23,0.07,21.00,5053.58,-85.00,1.00,2.00
595464.00,2019-06-30 17:52:19.464,26.39,354.15,2829.85,1.32,0.00,2.00,1.00,101.18,4.16,11.99,64.90,61.65,-199.92,35.26,-0.25,0.08,21.00,5071.40,-85.00,1.00,2.00
595564.00,2019-06-30 17:52:19.564,26.56,354.97,2860.00,1.34,0.00,2.00,1.00,101.18,4.17,12.00,64.75,61.73,-199.92,35.26,-0.24,0.09,21.00,5087.19,-86.00,1.00,2.00
595664.00,2019-06-30 17:52:19.664,26.64,355.67,2882.95,1.32,0.00,2.00,1.00,101.04,4.18,12.01,64.75,61.73,-199.92,35.16,-0.21,0.08,21.00,5098.56,-86.00,1.00,2.00
595764.00,2019-06-30 17:52:19.764,26.72,356.49,2871.57,1.33,0.00,2.00,1.00,101.04,4.19,12.03,64.58,61.74,-199.92,35.16,-0.23,0.07,21.00,5092.99,-86.00,1.00,2.00
595864.00,2019-06-30 17:52:19.864,27.02,357.19,2905.50,1.31,0.00,2.00,1.00,101.01,4.20,12.01,64.58,61.74,-199.92,35.16,-0.22,0.10,21.00,5109.78,-87.00,1.00,2.00
595964.00,2019-06-30 17:52:19.964,27.08,357.89,2903.53,1.31,0.00,2.00,1.00,100.86,4.22,12.03,64.58,61.74,-199.92,35.05,-0.22,0.08,21.00,5108.81,-87.00,1.00,2.00
596064.00,2019-06-30 17:52:20.064,27.30,358.71,2926.33,1.30,0.00,2.00,1.00,100.86,4.23,12.03,64.40,61.78,-199.92,35.05,-0.24,0.07,21.00,5120.35,-87.00,1.00,2.00
596164.00,2019-06-30 17:52:20.164,27.37,359.53,2975.38,1.29,0.00,2.00,1.00,100.75,4.24,11.96,64.40,61.78,-199.92,35.01,-0.22,0.09,21.00,5144.55,-88.00,1.00,2.00
596264.00,2019-06-30 17:52:20.264,27.60,360.23,2929.76,1.29,0.00,2.00,1.00,100.72,4.25,12.02,64.30,61.80,-199.92,35.01,-0.23,0.10,21.00,5122.19,-87.00,1.00,2.00
596364.00,2019-06-30 17:52:20.364,27.78,361.05,2981.81,1.30,0.00,2.00,1.00,100.60,4.26,11.98,64.30,61.80,-199.92,35.01,-0.20,0.08,21.00,5147.84,-88.00,1.00,2.00
596464.00,2019-06-30 17:52:20.464,27.90,361.75,2989.09,1.31,0.00,2.00,1.00,100.57,4.27,12.04,64.30,61.80,-199.92,34.96,-0.22,0.10,21.00,5151.42,-88.00,1.00,2.00
0.00,2019-06-30 17:42:24.000
605470.00,2019-06-30 17:52:29.470,39.15,449.53,1512.42,1.27,0.00,2.00,1.00,96.85,5.51,12.00,62.91,64.09,-199.92,32.70,-0.14,0.06,17.00,7000.00,-52.00,0.00,5.00
605570.00,2019-06-30 17:52:29.570,39.12,450.58,1512.42,1.51,0.00,2.00,1.00,97.08,5.51,12.04,62.91,64.09,-199.92,32.70,-0.03,0.20,17.00,7000.00,-52.00,0.00,4.00
605670.00,2019-06-30 17:52:29.670,39.18,451.64,370.17,1.51,0.00,2.00,1.00,97.19,5.52,11.92,62.91,64.09,-199.92,32.70,0.05,0.25,17.00,7000.00,-26.00,0.00,4.00
605770.00,2019-06-30 17:52:29.770,39.02,452.81,370.17,1.51,0.00,2.00,1.00,97.45,5.52,12.02,62.80,64.27,-199.92,32.70,0.16,0.31,17.00,7000.00,-26.00,0.00,4.00
605870.00,2019-06-30 17:52:29.870,39.02,453.86,1458.98,1.51,0.00,2.00,1.00,97.45,5.53,11.89,62.80,64.27,-199.92,32.45,0.29,0.48,17.00,7000.00,-50.00,0.00,4.00
605970.00,2019-06-30 17:52:29.970,38.90,454.91,1458.98,1.51,0.00,2.00,1.00,97.68,5.53,11.89,62.80,64.37,-199.92,32.45,0.44,0.54,17.00,7000.00,-50.00,0.00,4.00
606070.00,2019-06-30 17:52:30.070,38.94,455.97,1458.98,1.51,0.00,2.00,1.00,97.90,5.53,12.04,62.84,64.37,-199.92,32.45,0.55,0.54,17.00,7000.00,-50.00,0.00,4.00
606170.00,2019-06-30 17:52:30.170,38.88,457.02,1458.98,1.51,0.00,2.00,1.00,98.13,5.53,11.92,62.84,64.37,-199.92,32.45,0.64,0.64,17.00,7000.00,-50.00,0.00,4.00
606270.00,2019-06-30 17:52:30.270,38.79,458.19,1458.98,1.51,0.00,2.00,1.00,98.38,5.53,11.90,62.90,64.54,-199.92,32.54,0.67,0.68,17.00,7000.00,-50.00,0.00,4.00
606370.00,2019-06-30 17:52:30.370,38.89,459.24,0.00,1.51,0.00,2.00,1.00,98.61,5.53,12.06,62.90,64.54,-199.92,32.54,0.74,0.65,17.00,7000.00,-50.00,0.00,4.00
606470.00,2019-06-30 17:52:30.470,38.71,460.30,0.00,1.51,0.00,2.00,1.00,98.83,5.53,12.03,62.90,64.58,-199.92,32.54,0.83,0.70,17.00,7000.00,-50.00,0.00,4.00
606570.00,2019-06-30 17:52:30.570,38.72,461.23,0.00,1.51,0.00,2.00,1.00,99.04,5.53,11.93,62.86,64.58,-199.92,32.54,0.87,0.76,17.00,7000.00,-50.00,0.00,4.00
606670.00,2019-06-30 17:52:30.670,38.71,462.29,0.00,1.51,0.00,2.00,1.00,99.26,5.53,12.04,62.86,64.58,-199.92,32.59,1.11,0.91,17.00,7000.00,-50.00,0.00,4.00
606770.00,2019-06-30 17:52:30.770,38.55,463.34,0.00,1.51,0.00,2.00,1.00,99.49,5.53,12.05,62.92,64.65,-199.92,32.59,1.28,1.01,17.00,7000.00,-50.00,0.00,4.00
606870.00,2019-06-30 17:52:30.870,38.42,464.51,0.00,1.51,0.00,2.00,1.00,99.74,5.53,11.93,62.92,64.65,-199.92,32.59,1.36,1.06,17.00,7000.00,-50.00,0.00,4.00
606970.00,2019-06-30 17:52:30.970,38.52,465.56,0.00,1.51,0.00,2.00,1.00,99.96,5.53,12.07,62.92,64.74,-199.92,32.59,1.55,1.23,17.00,7000.00,-50.00,0.00,4.00
607070.00,2019-06-30 17:52:31.070,38.29,466.62,0.00,1.51,0.00,2.00,1.00,100.19,5.53,12.07,62.88,64.74,-199.92,32.72,1.59,1.29,17.00,7000.00,-50.00,0.00,4.00
607170.00,2019-06-30 17:52:31.170,38.32,467.67,0.00,1.51,0.00,2.00,1.00,100.42,5.53,11.90,62.88,64.74,-199.92,32.72,1.73,1.26,17.00,7000.00,-50.00,0.00,4.00
607270.00,2019-06-30 17:52:31.270,38.18,468.72,0.00,1.51,0.00,2.00,1.00,100.64,5.53,12.06,62.88,64.81,-199.92,32.72,1.85,1.44,17.00,7000.00,-50.00,0.00,4.00
607370.00,2019-06-30 17:52:31.370,38.04,469.78,0.00,1.51,0.00,2.00,1.00,100.87,5.53,11.92,62.95,64.81,-199.92,32.72,2.00,1.47,17.00,7000.00,-50.00,0.00,4.00
607470.00,2019-06-30 17:52:31.470,38.00,470.83,0.00,1.51,0.00,2.00,1.00,101.10,5.53,12.04,62.95,64.97,-199.92,32.65,2.10,1.53,17.00,7000.00,-50.00,0.00,4.00
607570.00,2019-06-30 17:52:31.570,37.96,471.88,0.00,1.51,0.00,2.00,1.00,101.32,5.53,12.06,62.92,64.97,-199.92,32.65,2.10,1.64,17.00,7000.00,-50.00,0.00,4.00
607670.00,2019-06-30 17:52:31.670,37.79,472.94,0.00,1.51,0.00,2.00,1.00,101.55,5.53,11.91,62.92,64.97,-199.92,32.65,2.16,1.57,17.00,7000.00,-50.00,0.00,4.00
607770.00,2019-06-30 17:52:31.770,37.68,473.99,0.00,1.51,0.00,2.00,1.00,101.77,5.53,12.07,62.92,64.95,-199.92,32.65,2.16,1.63,17.00,7000.00,-50.00,0.00,4.00
607870.00,2019-06-30 17:52:31.870,37.62,475.04,0.00,1.51,0.00,2.00,1.00,102.00,5.53,11.93,62.93,64.95,-199.92,32.67,2.13,1.56,17.00,7000.00,-50.00,0.00,4.00
607970.00,2019-06-30 17:52:31.970,37.57,475.98,0.00,1.51,0.00,2.00,1.00,102.20,5.53,11.93,62.93,65.04,-199.92,32.67,2.15,1.64,17.00,7000.00,-50.00,0.00,4.00
608070.00,2019-06-30 17:52:32.070,37.43,477.03,0.00,1.51,0.00,2.00,1.00,102.43,5.53,12.05,62.90,65.04,-199.92,32.67,2.13,1.57,17.00,7000.00,-50.00,0.00,4.00
608170.00,2019-06-30 17:52:32.170,37.34,478.09,0.00,1.51,0.00,2.00,1.00,102.65,5.53,11.93,62.90,65.04,-199.92,32.67,2.14,1.64,17.00,7000.00,-50.00,0.00,4.00
608270.00,2019-06-30 17:52:32.270,37.31,479.14,0.00,1.51,0.00,2.00,1.00,102.88,5.53,12.05,62.90,65.20,-199.92,32.77,2.13,1.61,17.00,7000.00,-50.00,0.00,4.00
608370.00,2019-06-30 17:52:32.370,37.11,480.19,0.00,1.51,0.00,2.00,1.00,103.11,5.53,12.06,62.92,65.20,-199.92,32.77,2.16,1.61,17.00,7000.00,-50.00,0.00,4.00
608470.00,2019-06-30 17:52:32.470,36.95,481.13,0.00,1.51,0.00,2.00,1.00,103.31,5.53,11.91,62.92,65.28,-199.92,32.77,2.14,1.52,17.00,7000.00,-50.00,0.00,4.00
608570.00,2019-06-30 17:52:32.570,36.90,482.18,0.00,1.51,0.00,2.00,1.00,103.53,5.53,12.07,62.92,65.28,-199.92,32.77,2.13,1.56,17.00,7000.00,-50.00,0.00,4.00
608670.00,2019-06-30 17:52:32.670,36.70,483.24,0.00,1.51,0.00,2.00,1.00,103.76,5.53,12.04,62.90,65.28,-199.92,32.78,2.15,1.53,17.00,7000.00,-50.00,0.00,4.00
608770.00,2019-06-30 17:52:32.770,36.69,484.17,0.00,1.51,0.00,2.00,1.00,103.96,5.53,11.94,62.90,65.34,-199.92,32.78,2.13,1.68,17.00,7000.00,-50.00,0.00,4.00
608870.00,2019-06-30 17:52:32.870,36.61,485.23,0.00,1.51,0.00,2.00,1.00,104.19,5.53,12.04,62.83,65.34,-199.92,32.78,2.18,1.61,17.00,7000.00,-50.00,0.00,4.00
608970.00,2019-06-30 17:52:32.970,36.44,486.28,0.00,1.51,0.00,2.00,1.00,104.41,5.53,12.07,62.83,65.46,-199.92,32.78,2.14,1.69,17.00,7000.00,-50.00,0.00,4.00
609070.00,2019-06-30 17:52:33.070,36.36,487.22,0.00,1.51,0.00,2.00,1.00,104.61,5.53,12.07,62.83,65.46,-199.92,32.84,2.16,1.51,17.00,7000.00,-50.00,0.00,4.00
609170.00,2019-06-30 17:52:33.170,36.32,488.27,0.00,1.51,0.00,2.00,1.00,104.84,5.53,12.04,62.90,65.46,-199.92,32.84,2.16,1.67,17.00,7000.00,-50.00,0.00,4.00
609270.00,2019-06-30 17:52:33.270,36.16,489.21,0.00,1.51,0.00,2.00,1.00,105.04,5.53,11.93,62.90,65.55,-199.92,32.84,2.15,1.61,17.00,7000.00,-50.00,0.00,4.00
609370.00,2019-06-30 17:52:33.370,36.07,490.26,0.00,1.51,0.00,2.00,1.00,105.27,5.53,12.05,62.97,65.55,-195.39,32.84,2.16,1.57,17.00,7000.00,-50.00,0.00,4.00
609470.00,2019-06-30 17:52:33.470,35.88,491.20,0.00,1.51,0.00,2.00,1.00,105.47,5.53,12.06,62.97,65.65,-195.39,32.80,2.14,1.68,17.00,7000.00,-50.00,0.00,4.00
609570.00,2019-06-30 17:52:33.570,35.84,492.25,0.00,1.51,0.00,2.00,1.00,105.69,5.53,11.93,62.97,65.65,-195.39,32.80,2.17,1.56,17.00,7000.00,-50.00,0.00,4.00
609670.00,2019-06-30 17:52:33.670,35.61,493.18,0.00,1.51,0.00,2.00,1.00,105.90,5.53,12.07,62.88,65.65,-190.60,32.80,2.16,1.62,17.00,7000.00,-50.00,0.00,4.00
609770.00,2019-06-30 17:52:33.770,35.50,494.24,0.00,1.51,0.00,2.00,1.00,106.12,5.53,12.06,62.88,65.74,-190.60,32.80,2.15,1.66,17.00,7000.00,-50.00,0.00,4.00
609870.00,2019-06-30 17:52:33.870,35.39,495.17,0.00,1.51,0.00,2.00,1.00,106.32,5.53,12.07,62.88,65.74,-190.60,32.96,2.16,1.56,17.00,7000.00,-50.00,0.00,4.00
609970.00,2019-06-30 17:52:33.970,35.40,496.11,0.00,1.51,0.00,2.00,1.00,106.52,5.53,12.07,62.79,65.77,-185.70,32.96,2.14,1.56,17.00,7000.00,-50.00,0.00,4.00
610070.00,2019-06-30 17:52:34.070,35.22,497.16,0.00,1.51,0.00,2.00,1.00,106.75,5.53,12.04,62.79,65.77,-185.70,32.96,2.17,1.66,17.00,7000.00,-50.00,0.00,4.00
610170.00,2019-06-30 17:52:34.170,35.06,498.10,0.00,1.51,0.00,2.00,1.00,106.95,5.53,12.04,62.83,65.77,-181.47,32.96,2.13,1.58,17.00,7000.00,-50.00,0.00,4.00
610270.00,2019-06-30 17:52:34.270,34.94,499.04,0.00,1.51,0.00,2.00,1.00,107.15,5.53,12.07,62.83,65.89,-181.47,32.92,2.15,1.55,17.00,7000.00,-50.00,0.00,4.00
610370.00,2019-06-30 17:52:34.370,34.73,499.97,0.00,1.51,0.00,2.00,1.00,107.35,5.53,11.92,62.83,65.89,-181.47,32.92,2.16,1.66,17.00,7000.00,-50.00,0.00,4.00
610470.00,2019-06-30 17:52:34.470,34.72,500.91,0.00,1.51,0.00,2.00,1.00,107.55,5.53,11.93,62.90,65.92,-177.55,32.92,2.15,1.55,17.00,7000.00,-50.00,0.00,4.00
610570.00,2019-06-30 17:52:34.570,34.61,501.85,0.00,1.51,0.00,2.00,1.00,107.76,5.53,12.08,62.90,65.92,-177.55,32.92,2.15,1.53,17.00,7000.00,-50.00,0.00,4.00
610670.00,2019-06-30 17:52:34.670,34.54,502.90,0.00,1.51,0.00,2.00,1.00,107.98,5.53,12.08,62.86,65.92,-173.92,33.08,2.13,1.63,17.00,7000.00,-50.00,0.00,4.00
610770.00,2019-06-30 17:52:34.770,34.40,503.83,0.00,1.51,0.00,2.00,1.00,108.18,5.53,11.91,62.86,66.03,-173.92,33.08,2.16,1.67,17.00,7000.00,-50.00,0.00,4.00
610870.00,2019-06-30 17:52:34.870,34.24,504.77,0.00,1.51,0.00,2.00,1.00,108.38,5.53,12.06,62.86,66.03,-173.92,33.08,2.15,1.65,17.00,7000.00,-50.00,0.00,4.00
610970.00,2019-06-30 17:52:34.970,34.22,505.71,0.00,1.51,0.00,2.00,1.00,108.58,5.53,12.06,62.86,66.13,-170.37,33.08,2.12,1.57,17.00,7000.00,-50.00,0.00,4.00
611070.00,2019-06-30 17:52:35.070,34.01,506.64,0.00,1.51,0.00,2.00,1.00,108.79,5.53,11.92,62.86,66.13,-170.37,33.10,2.15,1.57,17.00,7000.00,-50.00,0.00,4.00
611170.00,2019-06-30 17:52:35.170,33.92,507.58,0.00,1.51,0.00,2.00,1.00,108.99,5.53,12.07,62.86,66.13,-170.37,33.10,2.14,1.61,17.00,7000.00,-50.00,0.00,4.00
611270.00,2019-06-30 17:52:35.270,33.82,508.52,0.00,1.51,0.00,2.00,1.00,109.19,5.53,12.04,62.80,66.15,-166.94,33.10,2.16,1.74,17.00,7000.00,-50.00,0.00,4.00
611370.00,2019-06-30 17:52:35.370,33.68,509.45,0.00,1.51,0.00,2.00,1.00,109.39,5.53,12.05,62.80,66.15,-166.94,33.10,2.19,1.76,17.00,7000.00,-50.00,0.00,4.00
611470.00,2019-06-30 17:52:35.470,33.53,510.39,0.00,1.51,0.00,2.00,1.00,109.59,5.53,12.07,62.83,66.31,-163.99,33.04,2.27,1.66,17.00,7000.00,-50.00,0.00,4.00
611570.00,2019-06-30 17:52:35.570,33.37,511.33,0.00,1.51,0.00,2.00,1.00,109.79,5.53,11.91,62.83,66.31,-163.99,33.04,2.48,1.71,17.00,7000.00,-50.00,0.00,4.00
611670.00,2019-06-30 17:52:35.670,33.30,512.26,0.00,1.51,0.00,2.00,1.00,109.99,5.53,12.07,62.83,66.31,-163.99,33.04,2.58,1.84,17.00,7000.00,-50.00,0.00,4.00
611770.00,2019-06-30 17:52:35.770,33.20,513.08,0.00,1.51,0.00,2.00,1.00,110.17,5.53,12.05,62.86,66.38,-160.97,33.04,2.66,1.94,17.00,7000.00,-50.00,0.00,4.00
611870.00,2019-06-30 17:52:35.870,33.03,514.02,0.00,1.51,0.00,2.00,1.00,110.37,5.53,12.04,62.86,66.38,-160.97,33.13,2.63,1.96,17.00,7000.00,-50.00,0.00,4.00
611970.00,2019-06-30 17:52:35.970,32.91,514.95,0.00,1.51,0.00,2.00,1.00,110.57,5.53,12.07,62.90,66.45,-158.24,33.13,2.67,2.02,17.00,7000.00,-50.00,0.00,4.00
612070.00,2019-06-30 17:52:36.070,32.72,515.89,0.00,1.51,0.00,2.00,1.00,110.77,5.53,11.91,62.90,66.45,-158.24,33.13,2.63,1.92,17.00,7000.00,-50.00,0.00,4.00
612170.00,2019-06-30 17:52:36.170,32.61,516.71,0.00,1.51,0.00,2.00,1.00,110.95,5.53,12.07,62.90,66.45,-158.24,33.13,2.63,1.91,17.00,7000.00,-50.00,0.00,4.00
612270.00,2019-06-30 17:52:36.270,32.42,517.65,0.00,1.51,0.00,2.00,1.00,111.15,5.53,12.04,62.80,66.41,-155.47,33.16,2.64,1.95,17.00,7000.00,-50.00,0.00,4.00
612370.00,2019-06-30 17:52:36.370,32.42,518.58,0.00,1.51,0.00,2.00,1.00,111.35,5.53,11.94,62.80,66.41,-155.47,33.16,2.62,1.90,17.00,7000.00,-50.00,0.00,4.00
612470.00,2019-06-30 17:52:36.470,32.20,519.40,0.00,1.51,0.00,2.00,1.00,111.52,5.53,12.06,62.80,66.56,-155.47,33.16,2.65,1.91,17.00,7000.00,-50.00,0.00,4.00
612570.00,2019-06-30 17:52:36.570,32.14,520.34,0.00,1.51,0.00,2.00,1.00,111.73,5.53,12.06,62.85,66.56,-153.01,33.16,2.60,1.87,17.00,7000.00,-50.00,0.00,4.00
612670.00,2019-06-30 17:52:36.670,31.91,521.16,0.00,1.51,0.00,2.00,1.00,111.90,5.53,11.92,62.85,66.56,-153.01,33.19,2.62,1.91,17.00,7000.00,-50.00,0.00,4.00
612770.00,2019-06-30 17:52:36.770,31.86,522.09,0.00,1.51,0.00,2.00,1.00,112.10,5.53,12.06,62.91,66.68,-150.59,33.19,2.62,1.89,17.00,7000.00,-50.00,0.00,4.00
612870.00,2019-06-30 17:52:36.870,31.62,522.91,0.00,1.51,0.00,2.00,1.00,112.28,5.53,12.07,62.91,66.68,-150.59,33.19,2.62,1.93,17.00,7000.00,-50.00,0.00,4.00
612970.00,2019-06-30 17:52:36.970,31.55,523.85,0.00,1.51,0.00,2.00,1.00,112.48,5.53,11.91,62.91,66.66,-150.59,33.19,2.62,1.90,17.00,7000.00,-50.00,0.00,4.00
613070.00,2019-06-30 17:52:37.070,31.28,524.67,0.00,1.51,0.00,2.00,1.00,112.66,5.53,12.04,62.86,66.66,-148.14,33.25,2.62,1.96,17.00,7000.00,-50.00,0.00,4.00
613170.00,2019-06-30 17:52:37.170,31.29,525.49,0.00,1.51,0.00,2.00,1.00,112.83,5.53,11.94,62.86,66.66,-148.14,33.25,2.63,1.97,17.00,7000.00,-50.00,0.00,4.00
613270.00,2019-06-30 17:52:37.270,31.08,526.42,0.00,1.51,0.00,2.00,1.00,113.03,5.53,12.05,62.91,66.71,-145.88,33.25,2.61,1.94,17.00,7000.00,-50.00,0.00,4.00
613370.00,2019-06-30 17:52:37.370,30.96,527.24,0.00,1.51,0.00,2.00,1.00,113.21,5.53,12.08,62.91,66.71,-145.88,33.25,2.61,1.99,17.00,7000.00,-50.00,0.00,4.00
613470.00,2019-06-30 17:52:37.470,30.77,528.06,0.00,1.51,0.00,2.00,1.00,113.38,5.53,11.91,62.91,66.82,-145.88,33.33,2.62,1.92,17.00,7000.00,-50.00,0.00,4.00
613570.00,2019-06-30 17:52:37.570,30.61,528.88,0.00,1.51,0.00,2.00,1.00,113.56,5.53,12.07,62.86,66.82,-143.73,33.33,2.60,1.91,17.00,7000.00,-50.00,0.00,4.00
613670.00,2019-06-30 17:52:37.670,30.47,529.82,0.00,1.51,0.00,2.00,1.00,113.76,5.53,12.06,62.86,66.82,-143.73,33.33,2.63,1.91,17.00,7000.00,-50.00,0.00,4.00
613770.00,2019-06-30 17:52:37.770,30.37,530.64,0.00,1.51,0.00,2.00,1.00,113.94,5.53,11.93,62.86,66.90,-143.73,33.33,2.60,1.87,17.00,7000.00,-50.00,0.00,4.00
613870.00,2019-06-30 17:52:37.870,30.16,531.46,0.00,1.51,0.00,2.00,1.00,114.11,5.53,11.92,62.90,66.90,-141.78,33.32,2.62,1.89,17.00,7000.00,-50.00,0.00,4.00
613970.00,2019-06-30 17:52:37.970,29.99,532.27,0.00,1.51,0.00,2.00,1.00,114.29,5.53,12.06,62.90,66.90,-141.78,33.32,2.61,1.91,17.00,7000.00,-50.00,0.00,4.00
614070.00,2019-06-30 17:52:38.070,29.98,533.09,0.00,1.51,0.00,2.00,1.00,114.46,5.53,12.07,62.90,66.90,-141.78,33.32,2.61,1.95,17.00,7000.00,-50.00,0.00,4.00
614170.00,2019-06-30 17:52:38.170,29.88,533.91,0.00,1.51,0.00,2.00,1.00,114.64,5.53,12.08,62.91,66.90,-139.50,33.32,2.62,1.91,17.00,7000.00,-50.00,0.00,4.00
614270.00,2019-06-30 17:52:38.270,29.72,534.73,0.00,1.51,0.00,2.00,1.00,114.82,5.53,12.08,62.91,67.01,-139.50,33.35,2.60,1.88,17.00,7000.00,-50.00,0.00,4.00
614370.00,2019-06-30 17:52:38.370,29.42,535.55,0.00,1.51,0.00,2.00,1.00,114.99,5.53,12.04,62.91,67.01,-137.57,33.35,2.63,1.86,17.00,7000.00,-50.00,0.00,4.00
614470.00,2019-06-30 17:52:38.470,29.45,536.37,0.00,1.51,0.00,2.00,1.00,115.17,5.53,11.94,62.91,67.09,-137.57,33.35,2.61,1.91,17.00,7000.00,-50.00,0.00,4.00
614570.00,2019-06-30 17:52:38.570,29.15,537.19,0.00,1.51,0.00,2.00,1.00,115.34,5.53,12.06,62.91,67.09,-137.57,33.35,2.61,1.95,17.00,7000.00,-50.00,0.00,4.00
614670.00,2019-06-30 17:52:38.670,28.58,537.78,0.00,1.51,0.00,2.00,1.00,115.47,5.53,11.91,62.84,67.09,-135.63,33.35,2.61,1.87,17.00,7000.00,-50.00,0.00,4.00
614770.00,2019-06-30 17:52:38.770,28.59,538.59,0.00,1.51,0.00,2.00,1.00,115.65,5.53,12.07,62.84,67.13,-135.63,33.35,2.59,1.91,17.00,7000.00,-50.00,0.00,4.00
614870.00,2019-06-30 17:52:38.870,28.72,539.41,0.00,1.51,0.00,2.00,1.00,115.82,5.53,12.06,62.95,67.13,-133.80,33.35,2.63,1.97,17.00,7000.00,-50.00,0.00,4.00
614970.00,2019-06-30 17:52:38.970,28.50,540.23,0.00,1.51,0.00,2.00,1.00,116.00,5.53,11.94,62.95,67.17,-133.80,33.35,2.59,1.91,17.00,7000.00,-50.00,0.00,4.00
615070.00,2019-06-30 17:52:39.070,28.45,540.93,0.00,1.51,0.00,2.00,1.00,116.15,5.53,12.05,62.95,67.17,-133.80,33.38,2.60,1.93,17.00,7000.00,-50.00,0.00,4.00
615170.00,2019-06-30 17:52:39.170,28.30,541.75,0.00,1.51,0.00,2.00,1.00,116.32,5.53,11.93,62.95,67.17,-132.09,33.38,2.59,1.93,17.00,7000.00,-50.00,0.00,4.00
615270.00,2019-06-30 17:52:39.270,28.22,542.57,0.00,1.51,0.00,2.00,1.00,116.50,5.53,11.93,62.95,67.22,-132.09,33.38,2.57,1.89,17.00,7000.00,-50.00,0.00,4.00
615370.00,2019-06-30 17:52:39.370,27.98,543.28,0.00,1.51,0.00,2.00,1.00,116.65,5.53,12.05,62.80,67.22,-132.09,33.38,2.59,1.91,17.00,7000.00,-50.00,0.00,4.00
615470.00,2019-06-30 17:52:39.470,27.88,544.09,0.00,1.51,0.00,2.00,1.00,116.83,5.53,11.90,62.80,67.32,-130.40,33.44,2.59,1.92,17.00,7000.00,-50.00,0.00,4.00
615570.00,2019-06-30 17:52:39.570,27.78,544.80,0.00,1.51,0.00,2.00,1.00,116.98,5.53,12.07,62.80,67.32,-130.40,33.44,2.60,1.87,17.00,7000.00,-50.00,0.00,4.00
615670.00,2019-06-30 17:52:39.670,27.67,545.62,0.00,1.51,0.00,2.00,1.00,117.15,5.53,12.07,62.95,67.32,-128.91,33.44,2.59,1.90,17.00,7000.00,-50.00,0.00,4.00
615770.00,2019-06-30 17:52:39.770,27.48,546.32,0.00,1.51,0.00,2.00,1.00,117.30,5.53,11.94,62.95,67.31,-128.91,33.44,2.59,1.87,17.00,7000.00,-50.00,0.00,4.00
615870.00,2019-06-30 17:52:39.870,27.33,547.14,0.00,1.51,0.00,2.00,1.00,117.48,5.53,12.04,62.95,67.31,-128.91,33.46,2.59,1.87,17.00,7000.00,-50.00,0.00,4.00
615970.00,2019-06-30 17:52:39.970,27.17,547.84,0.00,1.51,0.00,2.00,1.00,117.63,5.53,12.07,62.92,67.37,-127.28,33.46,2.60,1.92,17.00,7000.00,-50.00,0.00,4.00
616070.00,2019-06-30 17:52:40.070,27.07,548.66,0.00,1.51,0.00,2.00,1.00,117.81,5.53,11.93,62.92,67.37,-127.28,33.46,2.62,1.88,17.00,7000.00,-50.00,0.00,4.00
616170.00,2019-06-30 17:52:40.170,26.87,549.36,0.00,1.51,0.00,2.00,1.00,117.96,5.53,12.06,62.88,67.37,-125.73,33.46,2.58,1.92,17.00,7000.00,-50.00,0.00,4.00
616270.00,2019-06-30 17:52:40.270,26.84,550.06,0.00,1.51,0.00,2.00,1.00,118.11,5.53,12.08,62.88,67.52,-125.73,33.55,2.59,1.84,17.00,7000.00,-50.00,0.00,4.00
616370.00,2019-06-30 17:52:40.370,26.60,550.77,0.00,1.51,0.00,2.00,1.00,118.26,5.53,11.91,62.88,67.52,-125.73,33.55,2.59,1.93,17.00,7000.00,-50.00,0.00,4.00
616470.00,2019-06-30 17:52:40.470,26.49,551.59,0.00,1.51,0.00,2.00,1.00,118.44,5.53,12.08,62.88,67.57,-124.19,33.55,2.59,1.88,17.00,7000.00,-50.00,0.00,4.00
616570.00,2019-06-30 17:52:40.570,26.29,552.29,0.00,1.51,0.00,2.00,1.00,118.59,5.53,12.06,62.88,67.57,-124.19,33.55,2.60,1.94,17.00,7000.00,-50.00,0.00,4.00
616670.00,2019-06-30 17:52:40.670,26.16,552.99,0.00,1.51,0.00,2.00,1.00,118.74,5.53,11.95,62.97,67.57,-124.19,33.57,2.59,1.88,17.00,7000.00,-50.00,0.00,4.00
616770.00,2019-06-30 17:52:40.770,26.10,553.69,0.00,1.51,0.00,2.00,1.00,118.89,5.53,12.07,62.97,67.48,-122.73,33.57,2.61,1.93,17.00,7000.00,-50.00,0.00,4.00
616870.00,2019-06-30 17:52:40.870,25.85,554.39,0.00,1.51,0.00,2.00,1.00,119.04,5.53,11.91,62.97,67.48,-122.73,33.57,2.60,1.94,17.00,7000.00,-50.00,0.00,4.00
616970.00,2019-06-30 17:52:40.970,25.80,555.10,0.00,1.51,0.00,2.00,1.00,119.19,5.53,12.07,62.92,67.58,-121.24,33.57,2.58,1.88,17.00,7000.00,-50.00,0.00,4.00
617070.00,2019-06-30 17:52:41.070,25.60,555.80,0.00,1.51,0.00,2.00,1.00,119.34,5.53,12.07,62.92,67.58,-121.24,33.66,2.59,1.93,17.00,7000.00,-50.00,0.00,4.00
617170.00,2019-06-30 17:52:41.170,25.45,556.50,0.00,1.51,0.00,2.00,1.00,119.49,5.53,11.94,62.92,67.58,-121.24,33.66,2.58,1.87,17.00,7000.00,-50.00,0.00,4.00
617270.00,2019-06-30 17:52:41.270,25.34,557.20,0.00,1.51,0.00,2.00,1.00,119.64,5.53,12.06,62.92,67.73,-119.95,33.66,2.60,1.91,17.00,7000.00,-50.00,0.00,4.00
617370.00,2019-06-30 17:52:41.370,25.11,557.91,0.00,1.51,0.00,2.00,1.00,119.79,5.53,12.07,62.92,67.73,-119.95,33.66,2.57,1.93,17.00,7000.00,-50.00,0.00,4.00
617470.00,2019-06-30 17:52:41.470,25.03,558.61,0.00,1.51,0.00,2.00,1.00,119.94,5.53,11.92,62.99,67.73,-118.50,33.62,2.64,1.93,17.00,7000.00,-50.00,0.00,4.00
617570.00,2019-06-30 17:52:41.570,24.82,559.31,0.00,1.51,0.00,2.00,1.00,120.09,5.53,12.06,62.99,67.73,-118.50,33.62,2.68,1.99,17.00,7000.00,-50.00,0.00,4.00
617670.00,2019-06-30 17:52:41.670,24.69,560.01,0.00,1.51,0.00,2.00,1.00,120.24,5.53,11.95,62.99,67.73,-118.50,33.62,2.70,2.01,17.00,7000.00,-50.00,0.00,4.00
617770.00,2019-06-30 17:52:41.770,24.58,560.60,0.00,1.51,0.00,2.00,1.00,120.37,5.53,12.05,62.97,67.77,-117.11,33.62,2.70,1.93,17.00,7000.00,-50.00,0.00,4.00
617870.00,2019-06-30 17:52:41.870,24.36,561.30,0.00,1.51,0.00,2.00,1.00,120.52,5.53,11.94,62.97,67.77,-117.11,33.66,2.68,1.96,17.00,7000.00,-50.00,0.00,4.00
617970.00,2019-06-30 17:52:41.970,24.23,562.00,0.00,1.51,0.00,2.00,1.00,120.67,5.53,12.07,62.95,67.86,-117.11,33.66,2.70,1.98,17.00,7000.00,-50.00,0.00,4.00
618070.00,2019-06-30 17:52:42.070,24.19,562.59,0.00,1.51,0.00,2.00,1.00,120.80,5.53,12.05,62.95,67.86,-115.82,33.66,2.69,1.98,17.00,7000.00,-50.00,0.00,4.00
618170.00,2019-06-30 17:52:42.170,23.97,563.29,0.00,1.51,0.00,2.00,1.00,120.95,5.53,11.95,62.95,67.86,-115.82,33.66,2.67,1.93,17.00,7000.00,-50.00,0.00,4.00
618270.00,2019-06-30 17:52:42.270,23.80,563.99,0.00,1.51,0.00,2.00,1.00,121.10,5.53,12.05,62.99,67.85,-114.73,33.69,2.68,1.96,17.00,7000.00,-50.00,0.00,4.00
618370.00,2019-06-30 17:52:42.370,23.66,564.58,0.00,1.51,0.00,2.00,1.00,121.22,5.53,12.07,62.99,67.85,-114.73,33.69,2.68,1.95,17.00,7000.00,-50.00,0.00,4.00
618470.00,2019-06-30 17:52:42.470,23.48,565.28,0.00,1.51,0.00,2.00,1.00,121.38,5.53,11.92,63.07,68.00,-114.73,33.69,2.70,1.99,17.00,7000.00,-50.00,0.00,4.00
618570.00,2019-06-30 17:52:42.570,23.40,565.86,0.00,1.51,0.00,2.00,1.00,121.50,5.53,12.06,63.07,68.00,-113.52,33.69,2.66,1.95,17.00,7000.00,-50.00,0.00,4.00
618670.00,2019-06-30 17:52:42.670,23.12,566.45,0.00,1.51,0.00,2.00,1.00,121.63,5.53,12.08,63.07,68.00,-113.52,33.80,2.69,1.96,17.00,7000.00,-50.00,0.00,4.00
618770.00,2019-06-30 17:52:42.770,23.06,567.15,0.00,1.51,0.00,2.00,1.00,121.78,5.53,11.91,63.04,68.04,-112.30,33.80,2.77,2.04,17.00,7000.00,-50.00,0.00,4.00
618870.00,2019-06-30 17:52:42.870,22.87,567.74,0.00,1.51,0.00,2.00,1.00,121.90,5.53,12.08,63.04,68.04,-112.30,33.80,2.85,2.10,17.00,7000.00,-50.00,0.00,4.00
618970.00,2019-06-30 17:52:42.970,22.70,568.44,0.00,1.51,0.00,2.00,1.00,122.05,5.53,12.05,63.04,68.06,-112.30,33.80,3.18,2.26,17.00,7000.00,-50.00,0.00,4.00
619070.00,2019-06-30 17:52:43.070,22.58,569.02,0.00,1.51,0.00,2.00,1.00,122.18,5.53,11.94,62.99,68.06,-111.16,33.77,3.21,2.33,17.00,7000.00,-50.00,0.00,4.00
619170.00,2019-06-30 17:52:43.170,22.39,569.61,0.00,1.51,0.00,2.00,1.00,122.31,5.53,12.07,62.99,68.06,-111.16,33.77,3.36,2.35,17.00,7000.00,-50.00,0.00,4.00
619270.00,2019-06-30 17:52:43.270,22.15,570.19,0.00,1.51,0.00,2.00,1.00,122.43,5.53,12.05,63.09,68.11,-111.16,33.77,3.38,2.37,17.00,7000.00,-50.00,0.00,4.00
619370.00,2019-06-30 17:52:43.370,21.99,570.78,0.00,1.51,0.00,2.00,1.00,122.56,5.53,11.94,63.09,68.11,-110.02,33.77,3.39,2.40,17.00,7000.00,-50.00,0.00,4.00
619470.00,2019-06-30 17:52:43.470,21.85,571.36,0.00,1.51,0.00,2.00,1.00,122.68,5.53,12.05,63.09,68.07,-110.02,33.77,3.40,2.42,17.00,7000.00,-50.00,0.00,4.00
619570.00,2019-06-30 17:52:43.570,21.56,571.95,0.00,1.51,0.00,2.00,1.00,122.81,5.53,12.08,63.02,68.07,-109.00,33.77,3.39,2.44,17.00,7000.00,-50.00,0.00,4.00
619670.00,2019-06-30 17:52:43.670,21.45,572.53,0.00,1.51,0.00,2.00,1.00,122.93,5.53,12.08,63.02,68.07,-109.00,33.77,3.41,2.42,17.00,7000.00,-50.00,0.00,4.00
619770.00,2019-06-30 17:52:43.770,21.27,573.12,0.00,1.51,0.00,2.00,1.00,123.06,5.53,12.08,63.09,68.16,-109.00,33.77,3.38,2.40,17.00,7000.00,-50.00,0.00,4.00
619870.00,2019-06-30 17:52:43.870,20.96,573.70,0.00,1.51,0.00,2.00,1.00,123.18,5.53,11.95,63.09,68.16,-107.88,33.84,3.38,2.40,17.00,7000.00,-50.00,0.00,4.00
619970.00,2019-06-30 17:52:43.970,20.84,574.29,0.00,1.51,0.00,2.00,1.00,123.31,5.53,12.04,63.09,68.20,-107.88,33.84,3.40,2.39,17.00,7000.00,-50.00,0.00,4.00
620070.00,2019-06-30 17:52:44.070,20.63,574.88,0.00,1.51,0.00,2.00,1.00,123.44,5.53,12.07,63.13,68.20,-106.75,33.84,3.38,2.39,17.00,7000.00,-50.00,0.00,4.00
620170.00,2019-06-30 17:52:44.170,20.34,575.46,0.00,1.51,0.00,2.00,1.00,123.56,5.53,12.08,63.13,68.20,-106.75,33.84,3.38,2.41,17.00,7000.00,-50.00,0.00,4.00
620270.00,2019-06-30 17:52:44.270,20.24,575.93,0.00,1.51,0.00,2.00,1.00,123.66,5.53,12.05,63.13,68.28,-106.75,33.95,3.37,2.39,17.00,7000.00,-50.00,0.00,4.00
620370.00,2019-06-30 17:52:44.370,20.03,576.51,0.00,1.51,0.00,2.00,1.00,123.79,5.53,12.05,63.09,68.28,-105.83,33.95,3.40,2.37,17.00,7000.00,-50.00,0.00,4.00
620470.00,2019-06-30 17:52:44.470,19.75,577.10,0.00,1.51,0.00,2.00,1.00,123.91,5.53,12.05,63.09,68.38,-105.83,33.95,3.38,2.40,17.00,7000.00,-50.00,0.00,4.00
620570.00,2019-06-30 17:52:44.570,19.61,577.57,0.00,1.51,0.00,2.00,1.00,124.01,5.53,12.06,63.09,68.38,-105.83,33.95,3.38,2.39,17.00,7000.00,-50.00,0.00,4.00
620670.00,2019-06-30 17:52:44.670,19.43,578.15,0.00,1.51,0.00,2.00,1.00,124.14,5.53,12.05,63.09,68.38,-104.91,34.00,3.39,2.42,17.00,7000.00,-50.00,0.00,4.00
620770.00,2019-06-30 17:52:44.770,19.25,578.62,0.00,1.51,0.00,2.00,1.00,124.24,5.53,12.07,63.09,68.34,-104.91,34.00,3.37,2.38,17.00,7000.00,-50.00,0.00,4.00
620870.00,2019-06-30 17:52:44.870,19.02,579.21,0.00,1.51,0.00,2.00,1.00,124.37,5.53,12.06,63.05,68.34,-103.84,34.00,3.40,2.38,17.00,7000.00,-50.00,0.00,4.00
620970.00,2019-06-30 17:52:44.970,18.87,579.67,0.00,1.51,0.00,2.00,1.00,124.47,5.53,11.93,63.05,68.34,-103.84,34.00,3.35,2.37,17.00,7000.00,-50.00,0.00,4.00
621070.00,2019-06-30 17:52:45.070,18.65,580.14,0.00,1.51,0.00,2.00,1.00,124.57,5.53,12.08,63.11,68.34,-103.84,33.98,3.38,2.38,17.00,7000.00,-50.00,0.00,4.00
621170.00,2019-06-30 17:52:45.170,18.38,580.73,0.00,1.51,0.00,2.00,1.00,124.69,5.53,12.04,63.11,68.34,-102.83,33.98,3.37,2.40,17.00,7000.00,-50.00,0.00,4.00
621270.00,2019-06-30 17:52:45.270,18.28,581.19,0.00,1.51,0.00,2.00,1.00,124.79,5.53,11.94,63.11,68.39,-102.83,33.98,3.37,2.41,17.00,7000.00,-50.00,0.00,4.00
621370.00,2019-06-30 17:52:45.370,18.10,581.66,0.00,1.51,0.00,2.00,1.00,124.89,5.53,12.05,63.09,68.39,-102.04,33.98,3.38,2.37,17.00,7000.00,-50.00,0.00,4.00
621470.00,2019-06-30 17:52:45.470,17.81,582.13,0.00,1.51,0.00,2.00,1.00,124.99,5.53,12.07,63.09,68.40,-102.04,33.91,3.36,2.40,17.00,7000.00,-50.00,0.00,4.00
621570.00,2019-06-30 17:52:45.570,17.68,582.60,0.00,1.51,0.00,2.00,1.00,125.09,5.53,11.94,63.06,68.40,-102.04,33.91,3.40,2.40,17.00,7000.00,-50.00,0.00,4.00
621670.00,2019-06-30 17:52:45.670,17.49,583.18,0.00,1.51,0.00,2.00,1.00,125.22,5.53,12.05,63.06,68.40,-101.05,33.91,3.70,2.66,17.00,7000.00,-50.00,0.00,4.00
621770.00,2019-06-30 17:52:45.770,17.26,583.65,0.00,1.51,0.00,2.00,1.00,125.32,5.53,11.93,63.06,68.46,-101.05,33.91,4.12,2.85,17.00,7000.00,-50.00,0.00,4.00
621870.00,2019-06-30 17:52:45.870,16.98,584.00,0.00,1.51,0.00,2.00,1.00,125.40,5.53,12.07,63.09,68.46,-101.05,33.95,4.11,2.84,17.00,7000.00,-50.00,0.00,4.00
621970.00,2019-06-30 17:52:45.970,16.85,584.47,0.00,1.51,0.00,2.00,1.00,125.50,5.53,12.08,63.09,68.46,-100.13,33.95,4.08,2.81,17.00,7000.00,-50.00,0.00,4.00
622070.00,2019-06-30 17:52:46.070,16.59,584.94,0.00,1.51,0.00,2.00,1.00,125.60,5.53,12.05,63.09,68.46,-100.13,33.95,4.09,2.81,17.00,7000.00,-50.00,0.00,4.00
622170.00,2019-06-30 17:52:46.170,16.36,585.41,0.00,1.51,0.00,2.00,1.00,125.70,5.53,11.94,63.06,68.46,-99.20,33.95,4.05,2.80,17.00,7000.00,-50.00,0.00,4.00
622270.00,2019-06-30 17:52:46.270,16.10,585.88,0.00,1.51,0.00,2.00,1.00,125.80,5.53,12.07,63.06,68.57,-99.20,34.04,4.06,2.83,17.00,7000.00,-50.00,0.00,4.00
622370.00,2019-06-30 17:52:46.370,15.94,586.23,0.00,1.51,0.00,2.00,1.00,125.87,5.53,12.07,63.09,68.57,-99.20,34.04,4.05,2.82,17.00,7000.00,-50.00,0.00,4.00
622470.00,2019-06-30 17:52:46.470,15.69,586.70,0.00,1.51,0.00,2.00,1.00,125.97,5.53,11.94,63.09,68.62,-98.36,34.04,4.05,2.81,17.00,7000.00,-50.00,0.00,4.00
622570.00,2019-06-30 17:52:46.570,15.47,587.16,0.00,1.51,0.00,2.00,1.00,126.07,5.53,12.05,63.09,68.62,-98.36,34.04,4.07,2.83,17.00,7000.00,-50.00,0.00,4.00
622670.00,2019-06-30 17:52:46.670,15.14,587.51,0.00,1.51,0.00,2.00,1.00,126.15,5.53,11.91,63.09,68.62,-97.55,34.02,4.04,2.83,17.00,7000.00,-50.00,0.00,4.00
622770.00,2019-06-30 17:52:46.770,14.97,587.87,0.00,1.51,0.00,2.00,1.00,126.23,5.53,12.07,63.09,68.55,-97.55,34.02,4.07,2.83,17.00,7000.00,-50.00,0.00,4.00
622870.00,2019-06-30 17:52:46.870,14.76,588.33,0.00,1.51,0.00,2.00,1.00,126.33,5.53,12.05,63.07,68.55,-97.55,34.02,4.04,2.84,17.00,7000.00,-50.00,0.00,4.00
622970.00,2019-06-30 17:52:46.970,14.56,588.69,0.00,1.51,0.00,2.00,1.00,126.40,5.53,11.93,63.07,68.69,-96.70,34.02,4.06,2.82,17.00,7000.00,-50.00,0.00,4.00
623070.00,2019-06-30 17:52:47.070,14.23,589.15,0.00,1.51,0.00,2.00,1.00,126.50,5.53,11.93,63.07,68.69,-96.70,34.09,4.12,2.88,17.00,7000.00,-50.00,0.00,4.00
623170.00,2019-06-30 17:52:47.170,14.04,589.50,0.00,1.51,0.00,2.00,1.00,126.58,5.53,12.08,63.20,68.69,-96.70,34.09,4.23,2.94,17.00,7000.00,-50.00,0.00,4.00
623270.00,2019-06-30 17:52:47.270,13.82,589.86,0.00,1.51,0.00,2.00,1.00,126.65,5.53,12.05,63.20,68.62,-95.89,34.09,4.56,3.13,17.00,7000.00,-50.00,0.00,4.00
623370.00,2019-06-30 17:52:47.370,13.57,590.21,0.00,1.51,0.00,2.00,1.00,126.73,5.53,12.05,63.20,68.62,-95.89,34.09,4.67,3.22,17.00,7000.00,-50.00,0.00,4.00
623470.00,2019-06-30 17:52:47.470,13.44,590.56,0.00,1.51,0.00,2.00,1.00,126.80,5.53,12.07,63.13,68.67,-95.05,34.16,4.74,3.25,17.00,7000.00,-50.00,0.00,4.00
623570.00,2019-06-30 17:52:47.570,13.01,590.91,0.00,1.51,0.00,2.00,1.00,126.88,5.53,12.06,63.13,68.67,-95.05,34.16,4.73,3.24,17.00,7000.00,-50.00,0.00,4.00
623670.00,2019-06-30 17:52:47.670,12.72,591.26,0.00,1.51,0.00,2.00,1.00,126.95,5.53,11.94,63.09,68.67,-95.05,34.16,4.75,3.27,17.00,7000.00,-50.00,0.00,4.00
623770.00,2019-06-30 17:52:47.770,12.53,591.61,0.00,1.51,0.00,2.00,1.00,127.03,5.53,12.08,63.09,68.65,-94.34,34.16,4.74,3.26,17.00,7000.00,-50.00,0.00,4.00
623870.00,2019-06-30 17:52:47.870,12.23,591.96,0.00,1.51,0.00,2.00,1.00,127.10,5.53,11.94,63.09,68.65,-94.34,34.14,4.72,3.27,17.00,7000.00,-50.00,0.00,4.00
623970.00,2019-06-30 17:52:47.970,12.07,592.20,0.00,1.51,0.00,2.00,1.00,127.15,5.53,12.07,63.16,68.74,-93.53,34.14,4.74,3.25,17.00,7000.00,-50.00,0.00,4.00
624070.00,2019-06-30 17:52:48.070,11.72,592.55,0.00,1.51,0.00,1.00,1.00,127.23,5.53,12.01,63.16,68.74,-93.53,34.14,4.73,3.23,17.00,7000.00,-50.00,0.00,4.00
624170.00,2019-06-30 17:52:48.170,11.36,592.90,0.00,1.51,0.00,1.00,1.00,127.31,5.53,11.79,63.09,68.74,-93.53,34.14,4.71,3.26,17.00,7000.00,-50.00,0.00,4.00
624270.00,2019-06-30 17:52:48.270,11.22,593.13,0.00,1.51,0.00,1.00,1.00,127.36,5.53,12.03,63.09,68.77,-92.73,34.14,4.72,3.14,17.00,7000.00,-50.00,0.00,4.00
624370.00,2019-06-30 17:52:48.370,10.91,593.48,0.00,1.51,0.00,1.00,1.00,127.43,5.53,11.84,63.09,68.77,-92.73,34.14,4.72,3.23,17.00,7000.00,-50.00,0.00,4.00
624470.00,2019-06-30 17:52:48.470,10.69,593.72,0.00,1.51,0.00,1.00,1.00,127.48,5.53,11.82,63.25,68.72,-92.73,34.14,4.75,3.26,17.00,7000.00,-50.00,0.00,4.00
624570.00,2019-06-30 17:52:48.570,10.46,593.95,0.00,1.51,0.00,1.00,1.00,127.53,5.53,12.04,63.25,68.72,-92.05,34.14,4.69,3.25,17.00,7000.00,-50.00,0.00,4.00
624670.00,2019-06-30 17:52:48.670,10.06,594.30,0.00,1.51,0.00,1.00,1.00,127.61,5.53,12.04,63.25,68.72,-92.05,34.24,4.71,3.23,17.00,7000.00,-50.00,0.00,4.00
624770.00,2019-06-30 17:52:48.770,9.76,594.54,0.00,1.51,0.00,1.00,1.00,127.66,5.53,11.82,63.18,68.86,-91.24,34.24,4.72,3.26,17.00,7000.00,-50.00,0.00,4.00
624870.00,2019-06-30 17:52:48.870,9.57,594.77,0.00,1.51,0.00,1.00,1.00,127.71,5.53,12.04,63.18,68.86,-91.24,34.24,4.72,3.26,17.00,7000.00,-50.00,0.00,4.00
624970.00,2019-06-30 17:52:48.970,9.33,595.01,0.00,1.51,0.00,1.00,1.00,127.76,5.53,12.02,63.20,68.84,-91.24,34.24,4.72,3.23,17.00,7000.00,-50.00,0.00,4.00
625070.00,2019-06-30 17:52:49.070,9.08,595.24,0.00,1.51,0.00,1.00,1.00,127.81,5.53,11.98,63.20,68.84,-90.69,34.16,4.70,3.26,17.00,7000.00,-50.00,0.00,4.00
625170.00,2019-06-30 17:52:49.170,8.81,595.47,0.00,1.51,0.00,1.00,1.00,127.86,5.53,11.98,63.20,68.84,-90.69,34.16,4.72,3.26,17.00,7000.00,-50.00,0.00,4.00
625270.00,2019-06-30 17:52:49.270,8.55,595.71,0.00,1.51,0.00,1.00,1.00,127.91,5.53,12.04,63.25,68.91,-89.88,34.16,4.71,3.25,17.00,7000.00,-50.00,0.00,4.00
625370.00,2019-06-30 17:52:49.370,8.23,595.94,0.00,1.51,0.00,1.00,1.00,127.96,5.53,11.90,63.25,68.91,-89.88,34.16,4.69,3.23,17.00,7000.00,-50.00,0.00,4.00
625470.00,2019-06-30 17:52:49.470,7.89,596.18,0.00,1.51,0.00,1.00,1.00,128.01,5.53,11.96,63.25,68.88,-89.88,34.32,4.69,3.26,17.00,7000.00,-50.00,0.00,4.00
625570.00,2019-06-30 17:52:49.570,7.71,596.29,0.00,1.51,0.00,1.00,1.00,128.03,5.53,11.90,63.25,68.88,-89.20,34.32,4.69,3.25,17.00,7000.00,-50.00,0.00,4.00
625670.00,2019-06-30 17:52:49.670,7.42,596.53,0.00,1.51,0.00,1.00,1.00,128.08,5.53,11.96,63.25,68.88,-89.20,34.32,4.70,3.25,17.00,7000.00,-50.00,0.00,4.00
625770.00,2019-06-30 17:52:49.770,7.10,596.76,0.00,1.51,0.00,1.00,1.00,128.14,5.53,11.96,63.22,68.94,-89.20,34.32,4.65,3.24,17.00,7000.00,-50.00,0.00,4.00
625870.00,2019-06-30 17:52:49.870,6.93,596.88,0.00,1.51,0.00,1.00,1.00,128.16,5.53,11.92,63.22,68.94,-88.66,34.27,4.68,3.25,17.00,7000.00,-50.00,0.00,4.00
625970.00,2019-06-30 17:52:49.970,6.58,597.11,0.00,1.51,0.00,1.00,1.00,128.21,5.53,11.91,63.22,68.94,-88.66,34.27,4.68,3.25,17.00,7000.00,-50.00,0.00,4.00
626070.00,2019-06-30 17:52:50.070,6.39,597.23,0.00,1.51,0.00,1.00,1.00,128.24,5.53,11.99,63.22,68.94,-87.95,34.27,4.67,3.26,17.00,7000.00,-50.00,0.00,4.00
626170.00,2019-06-30 17:52:50.170,6.20,597.35,0.00,1.51,0.00,1.00,1.00,128.26,5.53,11.98,63.22,68.94,-87.95,34.27,4.68,3.23,17.00,7000.00,-50.00,0.00,4.00
626270.00,2019-06-30 17:52:50.270,5.88,597.58,0.00,1.51,0.00,1.00,1.00,128.31,5.53,11.99,63.31,68.98,-87.95,34.34,4.66,3.25,17.00,7000.00,-50.00,0.00,4.00
626370.00,2019-06-30 17:52:50.370,5.54,597.70,0.00,1.51,0.00,1.00,1.00,128.34,5.53,12.04,63.31,68.98,-87.24,34.34,4.69,3.23,17.00,7000.00,-50.00,0.00,4.00
626470.00,2019-06-30 17:52:50.470,5.31,597.81,0.00,1.51,0.00,1.00,1.00,128.36,5.53,11.90,63.18,69.05,-87.24,34.34,4.68,3.24,17.00,7000.00,-50.00,0.00,4.00
626570.00,2019-06-30 17:52:50.570,5.04,597.93,0.00,1.51,0.00,1.00,1.00,128.39,5.53,11.98,63.18,69.05,-86.57,34.34,4.67,3.24,17.00,7000.00,-50.00,0.00,4.00
626670.00,2019-06-30 17:52:50.670,4.80,598.05,0.00,1.51,0.00,1.00,1.00,128.41,5.53,12.01,63.18,69.05,-86.57,34.35,4.67,3.25,17.00,7000.00,-50.00,0.00,4.00
626770.00,2019-06-30 17:52:50.770,4.56,598.17,0.00,1.51,0.00,1.00,1.00,128.44,5.53,11.92,63.27,69.02,-86.57,34.35,4.66,3.25,17.00,7000.00,-50.00,0.00,4.00
626870.00,2019-06-30 17:52:50.870,4.28,598.28,0.00,1.51,0.00,1.00,1.00,128.46,5.53,11.95,63.27,69.02,-86.02,34.35,4.71,3.24,17.00,7000.00,-50.00,0.00,4.00
626970.00,2019-06-30 17:52:50.970,3.97,598.40,0.00,1.51,0.00,1.00,1.00,128.49,5.53,12.00,63.29,69.13,-86.02,34.35,4.64,3.24,17.00,7000.00,-50.00,0.00,4.00
627070.00,2019-06-30 17:52:51.070,3.97,598.40,0.00,1.51,0.00,1.00,1.00,128.49,5.53,11.92,63.29,69.13,-86.02,34.41,4.66,3.23,17.00,7000.00,-50.00,0.00,4.00
627170.00,2019-06-30 17:52:51.170,3.63,598.52,0.00,1.51,0.00,1.00,1.00,128.51,5.53,11.97,63.29,69.13,-85.39,34.41,4.66,3.24,17.00,7000.00,-50.00,0.00,4.00
627270.00,2019-06-30 17:52:51.270,3.24,598.63,0.00,1.51,0.00,1.00,1.00,128.54,5.53,12.00,63.30,69.10,-85.39,34.41,4.64,3.24,17.00,7000.00,-50.00,0.00,4.00
627370.00,2019-06-30 17:52:51.370,3.24,598.63,0.00,1.51,0.00,1.00,1.00,128.54,5.53,11.89,63.30,69.10,-84.89,34.41,4.65,3.24,17.00,7000.00,-50.00,0.00,4.00
627470.00,2019-06-30 17:52:51.470,2.83,598.75,0.00,1.51,0.00,1.00,1.00,128.56,5.53,12.04,63.30,69.13,-84.89,34.32,4.63,3.25,17.00,7000.00,-50.00,0.00,4.00
627570.00,2019-06-30 17:52:51.570,2.83,598.75,0.00,1.51,0.00,1.00,1.00,128.56,5.53,12.01,63.30,69.13,-84.89,34.32,4.66,3.25,17.00,7000.00,-50.00,0.00,4.00
627670.00,2019-06-30 17:52:51.670,2.33,598.87,0.00,1.51,0.00,1.00,1.00,128.59,5.53,11.92,63.30,69.13,-84.28,34.32,4.65,3.25,17.00,7000.00,-50.00,0.00,4.00
627770.00,2019-06-30 17:52:51.770,2.33,598.87,0.00,1.51,0.00,1.00,1.00,128.59,5.53,12.03,63.34,69.13,-84.28,34.32,4.64,3.25,17.00,7000.00,-50.00,0.00,4.00
627870.00,2019-06-30 17:52:51.870,2.33,598.87,0.00,1.51,0.00,1.00,1.00,128.59,5.53,12.01,63.34,69.13,-83.66,34.43,4.64,3.24,17.00,7000.00,-50.00,0.00,4.00
627970.00,2019-06-30 17:52:51.970,1.58,598.98,0.00,1.51,0.00,1.00,1.00,128.61,5.53,12.02,63.24,69.14,-83.66,34.43,4.64,3.24,17.00,7000.00,-50.00,0.00,4.00
628070.00,2019-06-30 17:52:52.070,1.58,598.98,0.00,1.51,0.00,1.00,1.00,128.61,5.53,12.04,63.24,69.14,-83.66,34.43,4.66,3.25,17.00,7000.00,-50.00,0.00,4.00
628170.00,2019-06-30 17:52:52.170,1.58,598.98,0.00,1.51,0.00,1.00,1.00,128.61,5.53,11.83,63.24,69.14,-82.98,34.43,4.61,3.25,17.00,7000.00,-50.00,0.00,4.00
628270.00,2019-06-30 17:52:52.270,1.58,598.98,0.00,1.51,0.00,1.00,1.00,128.61,5.53,12.01,63.25,69.13,-82.98,34.43,4.64,3.25,17.00,7000.00,-50.00,0.00,4.00
628370.00,2019-06-30 17:52:52.370,-0.00,598.98,0.00,1.51,0.00,1.00,1.00,128.61,5.53,12.02,63.25,69.13,-82.98,34.43,4.64,3.25,17.00,7000.00,-50.00,0.00,7.00
628470.00,2019-06-30 17:52:52.470,-0.00,598.98,0.00,1.51,0.00,1.00,1.00,128.61,5.53,11.95,63.27,69.20,-82.55,34.43,4.62,3.21,17.00,7000.00,-50.00,0.00,7.00
628570.00,2019-06-30 17:52:52.570,-0.00,598.98,0.00,1.51,0.00,1.00,1.00,128.61,5.53,11.89,63.27,69.20,-82.55,34.43,4.63,3.23,17.00,7000.00,-50.00,0.00,7.00
628670.00,2019-06-30 17:52:52.670,-0.00,598.98,0.00,1.51,0.00,1.00,1.00,128.61,5.53,11.96,63.27,69.20,-81.94,34.51,4.60,3.20,17.00,7000.00,-50.00,0.00,7.00
628770.00,2019-06-30 17:52:52.770,0.00,598.98,0.00,1.51,0.00,1.00,1.00,128.61,5.53,11.91,63.31,69.21,-81.94,34.51,4.64,3.26,17.00,7000.00,-50.00,0.00,7.00
628870.00,2019-06-30 17:52:52.870,0.00,598.98,0.00,1.51,0.00,1.00,1.00,128.61,5.53,12.00,63.31,69.21,-81.94,34.51,4.62,3.24,17.00,7000.00,-50.00,0.00,7.00
628970.00,2019-06-30 17:52:52.970,0.00,598.98,0.00,1.51,0.00,1.00,1.00,128.61,5.53,12.02,63.39,69.22,-81.32,34.51,4.52,3.18,17.00,7000.00,-50.00,0.00,7.00
629070.00,2019-06-30 17:52:53.070,0.00,598.98,0.00,1.51,0.00,1.00,1.00,128.61,5.53,11.91,63.39,69.22,-81.32,34.48,4.29,3.08,17.00,7000.00,-50.00,0.00,7.00
629170.00,2019-06-30 17:52:53.170,-0.00,598.98,0.00,1.51,0.00,1.00,1.00,128.61,5.53,12.03,63.39,69.22,-80.91,34.48,4.09,2.97,17.00,7000.00,-50.00,0.00,7.00
629270.00,2019-06-30 17:52:53.270,-0.00,598.98,0.00,1.51,0.00,1.00,1.00,128.61,5.53,12.03,63.34,69.26,-80.91,34.48,3.84,2.79,17.00,7000.00,-50.00,0.00,7.00
629370.00,2019-06-30 17:52:53.370,-0.00,598.98,0.00,1.51,0.00,1.00,1.00,128.61,5.53,11.93,63.34,69.26,-80.91,34.48,3.37,2.54,17.00,7000.00,-50.00,0.00,7.00
629470.00,2019-06-30 17:52:53.470,-0.00,598.98,0.00,1.51,0.00,1.00,1.00,128.61,5.53,11.95,63.37,69.23,-80.32,34.59,3.04,2.34,17.00,7000.00,-50.00,0.00,7.00
629570.00,2019-06-30 17:52:53.570,0.00,598.98,0.00,1.51,0.00,1.00,1.00,128.61,5.53,12.03,63.37,69.23,-80.32,34.59,2.51,1.94,17.00,7000.00,-50.00,0.00,7.00
629670.00,2019-06-30 17:52:53.670,0.00,598.98,0.00,1.51,0.00,1.00,1.00,128.61,5.53,11.91,63.37,69.23,-80.32,34.59,1.49,1.12,17.00,7000.00,-50.00,0.00,7.00
629770.00,2019-06-30 17:52:53.770,0.00,598.98,0.00,1.51,0.00,1.00,1.00,128.61,5.53,11.99,63.31,69.13,-79.80,34.59,0.86,0.61,17.00,7000.00,-50.00,0.00,7.00
629870.00,2019-06-30 17:52:53.870,0.00,598.98,0.00,1.51,0.00,1.00,1.00,128.61,5.53,12.01,63.31,69.13,-79.80,34.54,0.25,0.26,17.00,7000.00,-50.00,0.00,7.00
629970.00,2019-06-30 17:52:53.970,-0.00,598.98,0.00,1.51,0.00,1.00,1.00,128.61,5.53,12.05,63.31,69.34,-79.33,34.54,0.19,0.30,17.00,7000.00,-50.00,0.00,7.00
630070.00,2019-06-30 17:52:54.070,-0.00,598.98,0.00,1.51,0.00,1.00,1.00,128.61,5.53,11.97,63.36,69.34,-79.33,34.54,0.05,0.12,17.00,7000.00,-50.00,0.00,7.00
630170.00,2019-06-30 17:52:54.170,-0.00,598.98,0.00,1.51,0.00,1.00,1.00,128.61,5.53,11.97,63.36,69.34,-79.33,34.54,-0.20,-0.08,17.00,7000.00,-50.00,0.00,7.00
630270.00,2019-06-30 17:52:54.270,-0.00,598.98,0.00,1.51,0.00,1.00,1.00,128.61,5.53,11.90,63.41,69.28,-78.84,34.54,-0.23,0.07,17.00,7000.00,-50.00,0.00,7.00
630370.00,2019-06-30 17:52:54.370,0.00,598.98,0.00,1.51,0.00,1.00,1.00,128.61,5.53,12.05,63.41,69.28,-78.84,34.54,-0.26,0.02,17.00,7000.00,-50.00,0.00,7.00
630470.00,2019-06-30 17:52:54.470,0.00,598.98,0.00,1.51,0.00,1.00,1.00,128.61,5.53,11.95,63.41,69.35,-78.31,34.54,-0.23,0.00,17.00,7000.00,-50.00,0.00,7.00
630570.00,2019-06-30 17:52:54.570,0.00,598.98,0.00,1.51,0.00,1.00,1.00,128.61,5.53,11.91,63.42,69.35,-78.31,34.54,-0.27,-0.01,17.00,7000.00,-50.00,0.00,7.00
630670.00,2019-06-30 17:52:54.670,0.00,598.98,0.00,1.51,0.00,1.00,1.00,128.61,5.53,12.01,63.42,69.35,-78.31,34.58,-0.24,-0.01,17.00,7000.00,-50.00,0.00,7.00
630770.00,2019-06-30 17:52:54.770,-0.00,598.98,0.00,1.51,0.00,1.00,1.00,128.61,5.53,11.88,63.39,69.33,-77.85,34.58,-0.22,-0.01,17.00,7000.00,-50.00,0.00,7.00
630870.00,2019-06-30 17:52:54.870,-0.00,598.98,0.00,1.51,0.00,1.00,1.00,128.61,5.53,11.88,63.39,69.33,-77.85,34.58,-0.24,0.01,17.00,7000.00,-50.00,0.00,7.00
630970.00,2019-06-30 17:52:54.970,-0.00,598.98,0.00,1.51,0.00,1.00,1.00,128.61,5.53,12.00,63.39,69.36,-77.85,34.58,-0.23,0.05,17.00,7000.00,-50.00,0.00,7.00
631070.00,2019-06-30 17:52:55.070,-0.00,598.98,0.00,1.51,0.00,1.00,1.00,128.61,5.53,11.92,63.42,69.36,-77.29,34.58,-0.25,0.05,17.00,7000.00,-50.00,0.00,7.00
631170.00,2019-06-30 17:52:55.170,0.00,598.98,0.00,1.51,0.00,1.00,1.00,128.61,5.53,12.05,63.42,69.36,-77.29,34.58,-0.23,0.04,17.00,7000.00,-50.00,0.00,7.00
631270.00,2019-06-30 17:52:55.270,0.00,598.98,0.00,1.51,0.00,1.00,1.00,128.61,5.53,11.90,63.42,69.41,-76.85,34.58,-0.23,0.06,17.00,7000.00,-50.00,0.00,7.00
631370.00,2019-06-30 17:52:55.370,0.00,598.98,0.00,1.51,0.00,1.00,1.00,128.61,5.53,12.01,63.44,69.41,-76.85,34.58,-0.25,0.06,17.00,7000.00,-50.00,0.00,7.00
631470.00,2019-06-30 17:52:55.470,1.09,599.10,0.00,1.51,0.00,1.00,1.00,128.64,5.53,11.99,63.44,69.41,-76.85,34.65,-0.23,0.06,17.00,7000.00,-50.00,0.00,7.00
631570.00,2019-06-30 17:52:55.570,1.09,599.10,0.00,1.51,0.00,1.00,1.00,128.64,5.53,11.88,63.37,69.41,-76.37,34.65,-0.25,0.05,17.00,7000.00,-50.00,0.00,7.00
631670.00,2019-06-30 17:52:55.670,1.09,599.10,0.00,1.51,0.00,1.00,1.00,128.64,5.53,12.03,63.37,69.41,-76.37,34.65,-0.22,-0.01,17.00,7000.00,-50.00,0.00,7.00
631770.00,2019-06-30 17:52:55.770,1.09,599.10,0.00,1.51,0.00,1.00,1.00,128.64,5.53,12.03,63.37,69.41,-75.91,34.65,-0.26,-0.01,17.00,7000.00,-50.00,0.00,7.00
631870.00,2019-06-30 17:52:55.870,-0.00,599.10,0.00,1.51,0.00,1.00,1.00,128.64,5.53,11.87,63.42,69.41,-75.91,34.65,-0.24,0.02,17.00,7000.00,-50.00,0.00,7.00
631970.00,2019-06-30 17:52:55.970,0.00,599.10,0.00,1.51,0.00,1.00,1.00,128.64,5.53,12.05,63.42,69.49,-75.91,34.65,-0.24,0.04,17.00,7000.00,-50.00,0.00,7.00
632070.00,2019-06-30 17:52:56.070,0.00,599.10,0.00,1.51,0.00,1.00,1.00,128.64,5.53,11.92,63.42,69.49,-75.59,34.65,-0.24,0.05,17.00,7000.00,-50.00,0.00,7.00
632170.00,2019-06-30 17:52:56.170,0.00,599.10,0.00,1.51,0.00,1.00,1.00,128.64,5.53,12.00,63.42,69.49,-75.59,34.65,-0.22,0.06,17.00,7000.00,-50.00,0.00,7.00
632270.00,2019-06-30 17:52:56.270,0.00,599.10,0.00,1.51,0.00,1.00,1.00,128.64,5.53,11.91,63.42,69.47,-75.59,34.76,-0.25,0.05,17.00,7000.00,-50.00,0.00,7.00
632370.00,2019-06-30 17:52:56.370,0.00,599.10,0.00,1.51,0.00,1.00,1.00,128.64,5.53,11.90,63.44,69.47,-75.10,34.76,-0.23,0.06,17.00,7000.00,-50.00,0.00,7.00
632470.00,2019-06-30 17:52:56.470,0.00,599.10,0.00,1.51,0.00,1.00,1.00,128.64,5.53,12.01,63.44,69.43,-75.10,34.76,-0.24,0.06,17.00,7000.00,-50.00,0.00,7.00
632570.00,2019-06-30 17:52:56.570,0.00,599.10,0.00,1.51,0.00,1.00,1.00,128.64,5.53,11.93,63.44,69.43,-74.70,34.76,-0.24,0.06,17.00,7000.00,-50.00,0.00,7.00
632670.00,2019-06-30 17:52:56.670,0.00,599.10,0.00,1.51,0.00,1.00,1.00,128.64,5.53,11.99,63.47,69.43,-74.70,34.72,-0.23,0.06,17.00,7000.00,-50.00,0.00,7.00
632770.00,2019-06-30 17:52:56.770,0.00,599.10,0.00,1.51,0.00,1.00,1.00,128.64,5.53,12.02,63.47,69.52,-74.70,34.72,-0.23,0.06,17.00,7000.00,-50.00,0.00,7.00
632870.00,2019-06-30 17:52:56.870,0.00,599.10,0.00,1.51,0.00,1.00,1.00,128.64,5.53,12.01,63.47,69.52,-74.37,34.72,-0.20,0.06,17.00,7000.00,-50.00,0.00,7.00
632970.00,2019-06-30 17:52:56.970,0.00,599.10,0.00,1.51,0.00,1.00,1.00,128.64,5.53,11.93,63.47,69.47,-74.37,34.72,-0.26,0.05,17.00,7000.00,-50.00,0.00,7.00
633070.00,2019-06-30 17:52:57.070,0.00,599.10,0.00,1.51,0.00,1.00,1.00,128.64,5.53,12.04,63.47,69.47,-73.90,34.78,-0.25,0.06,17.00,7000.00,-50.00,0.00,7.00
633170.00,2019-06-30 17:52:57.170,0.00,599.10,0.00,1.51,0.00,1.00,1.00,128.64,5.53,12.02,63.52,69.47,-73.90,34.78,-0.24,0.06,17.00,7000.00,-50.00,0.00,7.00
633270.00,2019-06-30 17:52:57.270,0.00,599.10,0.00,1.51,0.00,1.00,1.00,128.64,5.53,11.90,63.52,69.52,-73.90,34.78,-0.23,0.05,17.00,7000.00,-50.00,0.00,7.00
633370.00,2019-06-30 17:52:57.370,0.00,599.10,0.00,1.51,1.00,1.00,1.00,128.64,5.53,9.19,63.51,69.52,-73.45,34.78,-0.25,0.02,23.00,7000.00,-50.00,1.00,2.00
633470.00,2019-06-30 17:52:57.470,0.00,599.10,0.00,1.51,1.00,1.00,1.00,128.64,5.53,9.78,63.51,69.48,-73.45,34.70,-0.22,0.03,23.00,7000.00,-50.00,1.00,2.00
633570.00,2019-06-30 17:52:57.570,0.00,599.10,0.00,1.51,1.00,1.00,1.00,128.64,5.53,11.04,63.51,69.48,-73.10,34.70,-0.22,0.01,23.00,7000.00,-50.00,1.00,2.00
633670.00,2019-06-30 17:52:57.670,0.00,599.10,4.33,1.51,1.00,1.00,1.00,128.49,5.54,10.79,63.48,69.48,-73.10,34.70,-0.22,0.00,23.00,7000.00,-20.00,1.00,2.00
633770.00,2019-06-30 17:52:57.770,0.00,599.10,848.48,1.51,1.00,1.00,1.00,128.35,5.55,10.50,63.48,69.56,-73.10,34.83,-0.22,0.02,23.00,7000.00,-35.00,1.00,2.00
633870.00,2019-06-30 17:52:57.870,0.00,599.10,1286.77,1.51,0.00,1.00,1.00,128.20,5.55,11.82,63.54,69.56,-72.18,34.83,-0.24,0.06,21.00,7000.00,-43.00,1.00,2.00
633970.00,2019-06-30 17:52:57.970,0.00,599.10,1912.41,1.51,0.00,1.00,1.00,127.98,5.56,11.89,63.54,69.52,-72.18,34.77,-0.25,0.08,21.00,4983.46,-65.00,1.00,2.00
634070.00,2019-06-30 17:52:58.070,0.00,599.10,1848.49,1.50,0.00,1.00,1.00,127.76,5.57,11.86,63.54,69.52,-73.84,34.77,-0.20,0.05,21.00,5242.77,-61.00,1.00,2.00
634170.00,2019-06-30 17:52:58.170,0.00,599.10,1803.59,1.43,0.00,1.00,1.00,127.64,5.58,11.93,63.51,69.52,-73.84,34.77,-0.26,0.06,21.00,5423.74,-59.00,1.00,2.00
634270.00,2019-06-30 17:52:58.270,1.10,599.22,1820.00,1.48,0.00,1.00,1.00,127.44,5.59,11.92,63.51,69.55,-73.84,34.79,-0.24,0.04,21.00,5355.10,-59.00,1.00,2.00
634370.00,2019-06-30 17:52:58.370,1.12,599.22,1814.31,1.47,0.00,1.00,1.00,127.32,5.59,11.96,63.54,69.55,-84.28,34.79,-0.23,0.05,21.00,5377.96,-59.00,1.00,2.00
634470.00,2019-06-30 17:52:58.470,1.12,599.22,1798.83,1.42,0.00,1.00,1.00,127.09,5.60,11.92,63.54,69.56,-84.28,34.78,-0.24,0.03,21.00,5440.08,-58.00,1.00,2.00
634570.00,2019-06-30 17:52:58.570,1.46,599.34,1796.06,1.39,0.00,1.00,1.00,127.00,5.61,11.97,63.54,69.56,-94.49,34.78,-0.22,0.04,21.00,5449.30,-58.00,1.00,2.00
634670.00,2019-06-30 17:52:58.670,1.46,599.34,1792.46,1.36,0.00,1.00,1.00,126.77,5.62,11.94,63.48,69.56,-94.49,34.78,-0.24,0.06,21.00,5463.69,-58.00,1.00,2.00
634770.00,2019-06-30 17:52:58.770,1.86,599.45,1808.78,1.35,0.00,1.00,1.00,126.69,5.62,11.97,63.48,69.52,-94.49,34.63,-0.23,0.06,21.00,5403.70,-59.00,1.00,2.00
634870.00,2019-06-30 17:52:58.870,1.86,599.45,1786.94,1.31,0.00,1.00,1.00,126.46,5.63,11.97,63.52,69.52,-104.30,34.63,-0.24,0.06,21.00,5491.87,-58.00,1.00,2.00
634970.00,2019-06-30 17:52:58.970,2.23,599.57,1785.42,1.29,0.00,1.00,1.00,126.37,5.64,11.98,63.52,69.54,-104.30,34.56,-0.24,0.05,21.00,5497.98,-58.00,1.00,2.00
635070.00,2019-06-30 17:52:59.070,2.51,599.69,1777.46,1.27,0.00,1.00,1.00,126.16,5.65,11.96,63.52,69.54,-114.13,34.56,-0.22,0.06,21.00,5526.93,-57.00,1.00,2.00
635170.00,2019-06-30 17:52:59.170,2.55,599.69,1790.80,1.26,0.00,1.00,1.00,126.05,5.65,11.98,63.52,69.54,-114.13,34.56,-0.25,0.05,21.00,5473.30,-58.00,1.00,2.00
635270.00,2019-06-30 17:52:59.270,2.86,599.80,1793.37,1.28,0.00,1.00,1.00,125.85,5.66,11.95,63.52,69.49,-114.13,34.54,-0.20,0.06,21.00,5468.81,-58.00,1.00,2.00
635370.00,2019-06-30 17:52:59.370,3.14,599.92,1773.63,1.26,0.00,1.00,1.00,125.76,5.67,12.01,63.59,69.49,-122.75,34.54,-0.24,0.04,21.00,5548.84,-56.00,1.00,2.00
635470.00,2019-06-30 17:52:59.470,3.40,600.04,1785.77,1.25,0.00,1.00,1.00,125.56,5.68,11.96,63.59,69.59,-122.75,34.48,-0.24,0.04,21.00,5499.63,-58.00,1.00,2.00
635570.00,2019-06-30 17:52:59.570,3.65,600.15,1785.66,1.24,0.00,1.00,1.00,125.47,5.68,12.00,63.59,69.59,-131.58,34.48,-0.24,0.04,21.00,5486.86,-58.00,1.00,2.00
635670.00,2019-06-30 17:52:59.670,3.86,600.27,1767.49,1.24,0.00,1.00,1.00,125.38,5.69,12.02,63.55,69.59,-131.58,34.48,-0.24,0.06,21.00,5559.23,-56.00,1.00,2.00
635770.00,2019-06-30 17:52:59.770,4.07,600.39,1778.70,1.21,0.00,1.00,1.00,125.18,5.70,11.99,63.55,69.55,-131.58,34.43,-0.25,0.07,21.00,5520.90,-58.00,1.00,2.00
635870.00,2019-06-30 17:52:59.870,4.29,600.51,1778.59,1.22,0.00,1.00,1.00,125.09,5.70,12.00,63.66,69.55,-140.23,34.43,-0.22,0.07,21.00,5521.32,-58.00,1.00,2.00
635970.00,2019-06-30 17:52:59.970,4.47,600.62,1756.95,1.22,0.00,1.00,1.00,124.89,5.71,12.01,63.66,69.57,-140.23,34.35,-0.22,0.08,21.00,5608.20,-56.00,1.00,2.00
636070.00,2019-06-30 17:53:00.070,4.68,600.74,1776.36,1.20,0.00,1.00,1.00,124.80,5.72,12.00,63.66,69.57,-148.09,34.35,-0.23,0.08,21.00,5527.11,-57.00,1.00,2.00
636170.00,2019-06-30 17:53:00.170,5.07,600.97,1778.07,1.21,0.00,1.00,1.00,124.63,5.73,12.01,63.61,69.57,-148.09,34.35,-0.24,0.07,21.00,5520.27,-58.00,1.00,2.00
636270.00,2019-06-30 17:53:00.270,5.24,601.09,1770.02,1.22,0.00,1.00,1.00,124.54,5.73,12.01,63.61,69.57,-148.09,34.36,-0.22,0.08,21.00,5552.46,-56.00,1.00,2.00
636370.00,2019-06-30 17:53:00.370,5.38,601.21,1759.63,1.24,0.00,1.00,1.00,124.34,5.74,12.01,63.69,69.57,-156.12,34.36,-0.24,0.07,21.00,5593.97,-56.00,1.00,2.00
636470.00,2019-06-30 17:53:00.470,5.65,601.44,1757.24,1.24,0.00,1.00,1.00,124.27,5.75,12.02,63.69,69.63,-156.12,34.25,-0.20,0.07,21.00,5603.55,-56.00,1.00,2.00
636570.00,2019-06-30 17:53:00.570,5.82,601.56,1772.00,1.24,0.00,1.00,1.00,124.08,5.76,11.92,63.69,69.63,-163.95,34.25,-0.23,0.06,21.00,5535.80,-56.00,1.00,2.00
636670.00,2019-06-30 17:53:00.670,6.12,601.79,1747.97,1.21,0.00,1.00,1.00,124.01,5.77,12.02,63.61,69.63,-163.95,34.25,-0.24,0.07,21.00,5633.99,-56.00,1.00,2.00
636770.00,2019-06-30 17:53:00.770,6.27,601.91,1759.94,1.23,0.00,1.00,1.00,123.82,5.78,12.00,63.61,69.59,-163.95,34.09,-0.23,0.06,21.00,5590.42,-56.00,1.00,2.00
636870.00,2019-06-30 17:53:00.870,6.57,602.14,1776.96,1.21,0.00,1.00,1.00,123.75,5.78,12.00,63.64,69.59,-171.28,34.09,-0.24,0.04,21.00,5522.56,-57.00,1.00,2.00
636970.00,2019-06-30 17:53:00.970,6.81,602.38,1797.62,1.20,0.00,1.00,1.00,123.59,5.79,11.99,63.64,69.72,-171.28,34.09,-0.22,0.07,21.00,5440.20,-58.00,1.00,2.00
637070.00,2019-06-30 17:53:01.070,6.94,602.50,1802.23,1.19,0.00,1.00,1.00,123.50,5.80,12.02,63.64,69.72,-178.24,34.09,-0.23,0.08,21.00,5406.05,-59.00,1.00,2.00
637170.00,2019-06-30 17:53:01.170,7.20,602.73,1837.28,1.20,0.00,1.00,1.00,123.34,5.81,12.03,63.63,69.72,-178.24,34.09,-0.23,0.06,21.00,5269.55,-61.00,1.00,2.00
637270.00,2019-06-30 17:53:01.270,7.49,602.96,1880.55,1.22,0.00,1.00,1.00,123.29,5.81,12.02,63.63,69.63,-178.24,34.07,-0.23,0.05,21.00,5106.50,-63.00,1.00,2.00
637370.00,2019-06-30 17:53:01.370,7.65,603.20,1863.33,1.22,0.00,1.00,1.00,123.13,5.82,12.01,63.66,69.63,-186.00,34.07,-0.23,0.07,21.00,5174.64,-62.00,1.00,2.00
637470.00,2019-06-30 17:53:01.470,7.87,603.43,1904.61,1.24,0.00,1.00,1.00,123.08,5.83,12.02,63.66,69.65,-186.00,34.09,-0.24,0.08,21.00,5011.36,-65.00,1.00,2.00
637570.00,2019-06-30 17:53:01.570,8.16,603.67,1959.86,1.27,0.00,1.00,1.00,122.93,5.83,12.04,63.66,69.65,-193.69,34.09,-0.26,0.10,21.00,4792.73,-68.00,1.00,2.00
637670.00,2019-06-30 17:53:01.670,8.34,603.90,1955.48,1.28,0.00,1.00,1.00,122.79,5.84,12.00,63.63,69.65,-193.69,34.09,-0.20,0.08,21.00,4809.99,-68.00,1.00,2.00
637770.00,2019-06-30 17:53:01.770,8.55,604.13,2013.66,1.30,0.00,1.00,1.00,122.74,5.85,12.01,63.63,69.70,-193.69,33.95,-0.24,0.07,21.00,4675.80,-71.00,1.00,2.00
637870.00,2019-06-30 17:53:01.870,8.77,604.37,2056.73,1.31,0.00,1.00,1.00,122.60,5.86,12.04,63.69,69.70,-199.92,33.95,-0.23,0.08,21.00,4807.10,-72.00,1.00,2.00
637970.00,2019-06-30 17:53:01.970,9.14,604.72,2106.04,1.34,0.00,1.00,1.00,122.47,5.87,11.98,63.69,69.67,-199.92,33.89,-0.24,0.06,21.00,4956.44,-72.00,1.00,2.00
638070.00,2019-06-30 17:53:02.070,9.26,604.95,2150.38,1.34,0.00,1.00,1.00,122.32,5.88,11.97,63.69,69.67,-199.92,33.89,-0.25,0.07,21.00,5090.46,-73.00,1.00,2.00
638170.00,2019-06-30 17:53:02.170,9.42,605.19,2158.51,1.36,0.00,1.00,1.00,122.27,5.88,11.99,63.76,69.67,-199.92,33.89,-0.22,0.06,21.00,5115.07,-73.00,1.00,2.00
638270.00,2019-06-30 17:53:02.270,9.66,605.42,2213.94,1.35,0.00,1.00,1.00,122.11,5.89,12.05,63.76,69.65,-199.92,33.81,-0.23,0.07,21.00,5282.80,-74.00,1.00,2.00
638370.00,2019-06-30 17:53:02.370,9.99,605.77,2244.88,1.35,0.00,1.00,1.00,121.98,5.90,12.02,63.86,69.65,-199.92,33.81,-0.24,0.05,21.00,5376.57,-75.00,1.00,2.00
638470.00,2019-06-30 17:53:02.470,10.18,606.01,2282.71,1.36,0.00,1.00,1.00,121.82,5.91,12.01,63.86,69.67,-199.92,33.81,-0.22,0.07,21.00,5355.23,-76.00,1.00,2.00
638570.00,2019-06-30 17:53:02.570,10.50,606.36,2368.41,1.33,0.00,1.00,1.00,121.69,5.92,12.01,63.86,69.67,-199.92,33.81,-0.25,0.05,21.00,5258.63,-77.00,1.00,2.00
638670.00,2019-06-30 17:53:02.670,10.80,606.71,2407.17,1.32,0.00,1.00,1.00,121.56,5.93,12.02,63.95,69.67,-199.92,33.81,-0.22,0.06,21.00,5214.88,-78.00,1.00,2.00
638770.00,2019-06-30 17:53:02.770,10.92,606.94,2441.65,1.30,0.00,1.00,1.00,121.41,5.94,12.01,63.95,69.74,-199.92,33.73,-0.26,0.06,21.00,5175.35,-78.00,1.00,2.00
638870.00,2019-06-30 17:53:02.870,11.30,607.29,2494.49,1.27,0.00,1.00,1.00,121.28,5.95,12.05,64.07,69.74,-199.92,33.73,-0.20,0.07,21.00,5115.40,-79.00,1.00,2.00
638970.00,2019-06-30 17:53:02.970,11.57,607.64,2522.55,1.28,0.00,1.00,1.00,121.15,5.96,11.99,64.07,69.74,-199.92,33.64,-0.23,0.06,21.00,5116.34,-80.00,1.00,2.00
639070.00,2019-06-30 17:53:03.070,11.87,608.00,2599.09,1.28,0.00,1.00,1.00,121.03,5.97,12.03,64.07,69.74,-199.92,33.64,-0.24,0.04,21.00,5140.76,-81.00,1.00,2.00
639170.00,2019-06-30 17:53:03.170,12.16,608.35,2685.22,1.28,0.00,1.00,1.00,120.80,5.98,12.00,64.21,69.74,-199.92,33.64,-0.22,0.07,21.00,5168.23,-83.00,1.00,2.00
639270.00,2019-06-30 17:53:03.270,12.40,608.70,2718.99,1.29,0.00,1.00,1.00,120.68,5.99,12.03,64.21,69.68,-199.92,33.58,-0.24,0.10,21.00,5179.12,-83.00,1.00,2.00
639370.00,2019-06-30 17:53:03.370,12.75,609.05,2759.95,1.29,0.00,1.00,1.00,120.55,6.00,12.03,64.33,69.68,-199.92,33.58,-0.22,0.07,21.00,5195.73,-84.00,1.00,2.00
639470.00,2019-06-30 17:53:03.470,13.02,609.40,2836.14,1.26,0.00,1.00,1.00,120.33,6.02,12.00,64.33,69.63,-199.92,33.46,-0.23,0.07,21.00,5247.95,-86.00,1.00,2.00
639570.00,2019-06-30 17:53:03.570,13.44,609.87,2921.34,1.28,0.00,1.00,1.00,120.22,6.03,12.00,64.33,69.63,-199.92,33.46,-0.24,0.07,21.00,5306.04,-87.00,1.00,2.00
639670.00,2019-06-30 17:53:03.670,13.66,610.22,2961.50,1.29,0.00,1.00,1.00,120.09,6.04,12.03,64.38,69.63,-199.92,33.46,-0.23,0.06,21.00,5333.49,-88.00,1.00,2.00
639770.00,2019-06-30 17:53:03.770,13.89,610.57,3023.74,1.31,0.00,1.00,1.00,119.87,6.05,12.00,64.38,69.77,-199.92,33.41,-0.23,0.09,21.00,5368.67,-89.00,1.00,2.00
639870.00,2019-06-30 17:53:03.870,14.34,611.04,3067.48,1.29,0.00,1.00,1.00,119.66,6.07,12.00,64.45,69.77,-199.92,33.41,-0.22,0.07,21.00,5382.45,-90.00,1.00,2.00
639970.00,2019-06-30 17:53:03.970,14.70,611.51,3151.18,1.27,0.00,1.00,1.00,119.56,6.08,12.03,64.45,69.80,-199.92,33.40,-0.27,0.09,21.00,5408.83,-91.00,1.00,2.00
640070.00,2019-06-30 17:53:04.070,14.95,611.86,3246.58,1.29,0.00,1.00,1.00,119.33,6.09,12.01,64.45,69.80,-199.92,33.40,-0.21,0.07,21.00,5439.24,-93.00,1.00,2.00
640170.00,2019-06-30 17:53:04.170,15.31,612.33,3308.70,1.29,0.00,1.00,1.00,119.12,6.11,11.99,64.44,69.80,-199.92,33.40,-0.24,0.07,21.00,5414.40,-94.00,1.00,2.00
640270.00,2019-06-30 17:53:04.270,15.67,612.79,3308.06,1.29,0.00,1.00,1.00,119.02,6.12,12.03,64.44,69.63,-199.92,33.27,-0.24,0.08,21.00,5412.91,-94.00,1.00,2.00
640370.00,2019-06-30 17:53:04.370,15.96,613.26,3408.70,1.27,0.00,1.00,1.00,118.82,6.13,12.00,64.46,69.63,-199.92,33.27,-0.23,0.09,21.00,5369.65,-96.00,1.00,2.00
640470.00,2019-06-30 17:53:04.470,16.37,613.73,3521.85,1.26,0.00,1.00,1.00,118.62,6.15,12.03,64.46,69.75,-199.92,33.21,-0.25,0.09,21.00,5332.09,-98.00,1.00,2.00
640570.00,2019-06-30 17:53:04.570,16.70,614.20,3561.04,1.26,0.00,1.00,1.00,118.42,6.16,12.01,64.46,69.75,-199.92,33.21,-0.22,0.09,21.00,5334.91,-99.00,1.00,2.00
640670.00,2019-06-30 17:53:04.670,17.03,614.67,3600.36,1.26,0.00,1.00,1.00,118.23,6.18,11.99,64.46,69.75,-199.92,33.21,-0.23,0.06,21.00,5338.03,-99.00,1.00,2.00
640770.00,2019-06-30 17:53:04.770,17.31,615.14,3692.19,1.26,0.00,1.00,1.00,118.03,6.19,12.02,64.46,69.67,-199.92,33.09,-0.23,0.05,21.00,5345.20,-101.00,1.00,2.00
640870.00,2019-06-30 17:53:04.870,17.60,615.60,3804.81,1.26,0.00,1.00,1.00,117.84,6.21,12.00,64.56,69.67,-199.92,33.09,-0.24,0.09,21.00,5382.38,-103.00,1.00,2.00
640970.00,2019-06-30 17:53:04.970,18.11,616.19,3830.81,1.26,0.00,1.00,1.00,117.57,6.23,12.04,64.56,69.74,-199.92,33.03,-0.24,0.07,21.00,5399.00,-103.00,1.00,2.00
641070.00,2019-06-30 17:53:05.070,18.18,616.66,3346.63,1.26,0.00,1.00,1.00,117.47,6.24,12.01,64.56,69.74,-199.92,33.03,-0.22,0.08,21.00,5397.21,-95.00,1.00,2.00
641170.00,2019-06-30 17:53:05.170,18.10,617.12,3058.26,1.51,0.00,1.00,1.00,117.27,6.25,11.89,64.48,69.74,-199.92,33.03,-0.23,0.06,21.00,5379.20,-90.00,1.00,2.00
641270.00,2019-06-30 17:53:05.270,18.13,617.71,2885.24,1.51,0.00,1.00,1.00,117.20,6.26,12.02,64.48,69.70,-199.92,32.98,-0.21,0.07,21.00,5281.69,-86.00,1.00,2.00
641370.00,2019-06-30 17:53:05.370,18.12,618.18,2612.61,1.51,0.00,2.00,1.00,117.02,6.28,12.00,64.44,69.70,-199.92,32.98,-0.25,0.08,21.00,4916.39,-82.00,1.00,2.00
641522.00,2019-06-30 17:53:05.522,18.30,619.00,2320.54,1.51,0.00,2.00,1.00,117.00,6.29,11.84,64.44,0.00,-199.92,32.98,-0.25,-0.05,21.00,4994.95,-76.00,0.00,2.00
641622.00,2019-06-30 17:53:05.622,18.24,619.47,1909.00,1.51,0.00,2.00,1.00,116.85,6.30,12.00,64.56,0.00,-199.92,32.81,-0.26,0.09,20.00,7569.60,-65.00,1.00,2.00
641722.00,2019-06-30 17:53:05.722,18.41,619.93,2190.10,1.51,0.00,2.00,1.00,116.75,6.31,12.03,64.56,69.73,-199.92,32.81,-0.20,0.08,20.00,5611.00,-74.00,1.00,2.00
641822.00,2019-06-30 17:53:05.822,18.44,620.52,2166.61,1.50,0.00,2.00,1.00,116.67,6.32,12.03,64.56,69.73,-199.92,32.81,-0.24,0.11,20.00,5290.57,-73.00,1.00,2.00
641922.00,2019-06-30 17:53:05.922,18.57,620.99,2181.10,1.27,0.00,2.00,1.00,116.67,6.32,12.02,64.48,69.73,-199.92,32.68,-0.22,0.06,20.00,5245.91,-74.00,1.00,2.00
642022.00,2019-06-30 17:53:06.022,18.69,621.57,2083.48,1.34,0.00,2.00,1.00,116.59,6.33,12.01,64.48,69.77,-199.92,32.68,-0.26,0.05,20.00,5545.41,-72.00,1.00,2.00
642122.00,2019-06-30 17:53:06.122,18.80,622.04,2120.97,1.36,0.00,2.00,1.00,116.49,6.34,12.00,64.51,69.77,-199.92,32.78,-0.23,0.07,20.00,5429.92,-73.00,1.00,2.00
642222.00,2019-06-30 17:53:06.222,18.95,622.63,2174.11,1.36,0.00,2.00,1.00,116.42,6.35,11.99,64.51,69.77,-199.92,32.78,-0.23,0.09,20.00,5266.19,-74.00,1.00,2.00
642322.00,2019-06-30 17:53:06.322,18.98,623.09,2164.97,1.31,0.00,2.00,1.00,116.42,6.36,12.00,64.51,69.77,-199.92,32.78,-0.24,0.09,20.00,5294.35,-73.00,1.00,2.00
642422.00,2019-06-30 17:53:06.422,19.16,623.68,2191.14,1.32,0.00,2.00,1.00,116.34,6.37,12.00,64.53,69.77,-199.92,32.67,-0.24,0.07,20.00,5213.73,-74.00,1.00,2.00
642522.00,2019-06-30 17:53:06.522,19.23,624.15,2153.90,1.28,0.00,2.00,1.00,116.25,6.38,12.01,64.53,69.81,-199.92,32.67,-0.24,0.06,20.00,5327.39,-73.00,1.00,2.00
642622.00,2019-06-30 17:53:06.622,19.39,624.73,2202.12,1.28,0.00,2.00,1.00,116.18,6.39,12.03,64.53,69.81,-199.92,32.67,-0.22,0.07,20.00,5178.87,-74.00,1.00,2.00
642722.00,2019-06-30 17:53:06.722,19.47,625.32,2197.20,1.25,0.00,2.00,1.00,116.12,6.40,12.00,64.53,69.82,-199.92,32.79,-0.26,0.08,20.00,5194.02,-74.00,1.00,2.00
642822.00,2019-06-30 17:53:06.822,19.60,625.79,2216.48,1.24,0.00,2.00,1.00,116.03,6.41,12.00,64.53,69.82,-199.92,32.79,-0.24,0.09,20.00,5134.44,-74.00,1.00,2.00
642922.00,2019-06-30 17:53:06.922,19.66,626.37,2223.13,1.24,0.00,2.00,1.00,116.05,6.41,12.01,64.56,69.82,-199.92,32.63,-0.23,0.07,20.00,5113.96,-75.00,1.00,2.00
643022.00,2019-06-30 17:53:07.022,19.82,626.96,2228.21,1.26,0.00,2.00,1.00,115.98,6.42,12.02,64.56,69.82,-199.92,32.63,-0.24,0.05,20.00,5098.32,-75.00,1.00,2.00
643122.00,2019-06-30 17:53:07.122,20.04,627.54,2266.42,1.25,0.00,2.00,1.00,115.92,6.43,12.00,64.51,69.82,-199.92,32.63,-0.22,0.06,20.00,5022.02,-75.00,1.00,2.00
643222.00,2019-06-30 17:53:07.222,20.04,628.01,2260.10,1.24,0.00,2.00,1.00,115.84,6.44,12.04,64.51,69.84,-199.92,32.70,-0.26,0.05,20.00,5025.55,-75.00,1.00,2.00
643322.00,2019-06-30 17:53:07.322,20.16,628.59,2235.68,1.26,0.00,2.00,1.00,115.77,6.45,11.99,64.51,69.84,-199.92,32.70,-0.22,0.03,20.00,5074.70,-75.00,1.00,2.00
643422.00,2019-06-30 17:53:07.422,20.39,629.18,2279.38,1.26,0.00,2.00,1.00,115.71,6.46,11.99,64.54,69.84,-199.92,32.53,-0.24,0.05,20.00,5014.18,-76.00,1.00,2.00
643522.00,2019-06-30 17:53:07.522,20.37,629.76,2272.68,1.26,0.00,2.00,1.00,115.65,6.47,12.03,64.54,69.88,-199.92,32.53,-0.23,0.07,20.00,5016.92,-75.00,1.00,2.00
643622.00,2019-06-30 17:53:07.622,20.55,630.35,2297.53,1.26,0.00,2.00,1.00,115.59,6.48,11.98,64.53,69.88,-199.92,32.53,-0.23,0.09,20.00,5003.04,-76.00,1.00,2.00
643722.00,2019-06-30 17:53:07.722,20.71,630.93,2311.56,1.27,0.00,2.00,1.00,115.53,6.49,12.02,64.53,69.91,-199.92,32.54,-0.24,0.09,20.00,4994.40,-76.00,1.00,2.00
643822.00,2019-06-30 17:53:07.822,20.77,631.52,2326.66,1.30,0.00,2.00,1.00,115.55,6.49,12.01,64.53,69.91,-199.92,32.54,-0.22,0.08,20.00,4985.96,-76.00,1.00,2.00
643922.00,2019-06-30 17:53:07.922,20.98,632.11,2311.78,1.28,0.00,2.00,1.00,115.49,6.50,12.03,64.48,69.91,-199.92,32.45,-0.23,0.09,20.00,4994.28,-76.00,1.00,2.00
644022.00,2019-06-30 17:53:08.022,21.05,632.69,2332.45,1.28,0.00,2.00,1.00,115.43,6.51,11.99,64.48,69.95,-199.92,32.45,-0.24,0.06,20.00,4981.94,-76.00,1.00,2.00
644122.00,2019-06-30 17:53:08.122,21.13,633.28,2346.09,1.29,0.00,2.00,1.00,115.37,6.52,12.00,64.44,69.95,-199.92,32.45,-0.24,0.07,20.00,4974.32,-77.00,1.00,2.00
644222.00,2019-06-30 17:53:08.222,21.27,633.86,2356.59,1.28,0.00,2.00,1.00,115.31,6.53,12.05,64.44,69.96,-199.92,32.45,-0.24,0.09,20.00,4968.45,-77.00,1.00,2.00
644322.00,2019-06-30 17:53:08.322,21.48,634.45,2357.05,1.28,0.00,2.00,1.00,115.25,6.54,12.00,64.44,69.96,-199.92,32.45,-0.22,0.05,20.00,4967.79,-77.00,1.00,2.00
644422.00,2019-06-30 17:53:08.422,21.50,635.03,2404.57,1.28,0.00,2.00,1.00,115.20,6.55,12.02,64.46,69.96,-199.92,32.42,-0.27,0.10,20.00,4941.25,-78.00,1.00,2.00
644522.00,2019-06-30 17:53:08.522,21.66,635.73,2363.79,1.31,0.00,2.00,1.00,115.16,6.56,12.02,64.46,70.03,-199.92,32.42,-0.22,0.06,20.00,4963.25,-77.00,1.00,2.00
644622.00,2019-06-30 17:53:08.622,21.85,636.32,2424.14,1.28,0.00,2.00,1.00,115.10,6.57,12.02,64.37,70.03,-199.92,32.42,-0.23,0.07,20.00,4929.52,-78.00,1.00,2.00
644722.00,2019-06-30 17:53:08.722,21.88,636.90,2403.03,1.28,0.00,2.00,1.00,115.04,6.58,12.01,64.37,70.04,-199.92,32.38,-0.24,0.06,20.00,4941.32,-78.00,1.00,2.00
644822.00,2019-06-30 17:53:08.822,22.06,637.49,2433.73,1.31,0.00,2.00,1.00,114.99,6.59,12.00,64.37,70.04,-199.92,32.38,-0.23,0.08,20.00,4924.21,-78.00,1.00,2.00
644922.00,2019-06-30 17:53:08.922,22.22,638.19,2436.15,1.32,0.00,2.00,1.00,114.95,6.60,12.04,64.34,70.04,-199.92,32.34,-0.25,0.08,20.00,4922.85,-78.00,1.00,2.00
645022.00,2019-06-30 17:53:09.022,22.30,638.78,2462.35,1.32,0.00,2.00,1.00,114.90,6.61,11.99,64.34,70.09,-199.92,32.34,-0.22,0.06,20.00,4908.50,-79.00,1.00,2.00
645122.00,2019-06-30 17:53:09.122,22.53,639.36,2460.38,1.30,0.00,2.00,1.00,114.84,6.61,12.01,64.33,70.09,-199.92,32.34,-0.23,0.06,20.00,4909.60,-79.00,1.00,2.00
645222.00,2019-06-30 17:53:09.222,22.57,640.06,2476.01,1.31,0.00,2.00,1.00,114.80,6.62,12.03,64.33,70.16,-199.92,32.27,-0.24,0.09,20.00,4900.85,-79.00,1.00,2.00
645322.00,2019-06-30 17:53:09.322,22.79,640.65,2507.94,1.33,0.00,2.00,1.00,114.67,6.64,12.01,64.33,70.16,-199.92,32.27,-0.23,0.07,20.00,4889.34,-80.00,1.00,2.00
645422.00,2019-06-30 17:53:09.422,22.93,641.35,2494.75,1.31,0.00,2.00,1.00,114.63,6.65,12.00,64.30,70.16,-199.92,32.25,-0.24,0.10,20.00,4890.78,-79.00,1.00,2.00
645522.00,2019-06-30 17:53:09.522,23.00,641.94,2531.91,1.29,0.00,2.00,1.00,114.58,6.66,11.91,64.30,70.13,-199.92,32.25,-0.24,0.09,20.00,4893.68,-80.00,1.00,2.00
645622.00,2019-06-30 17:53:09.622,23.19,642.64,2527.65,1.30,0.00,2.00,1.00,114.55,6.67,12.03,64.30,70.13,-199.92,32.25,-0.26,0.08,20.00,4892.88,-80.00,1.00,2.00
645722.00,2019-06-30 17:53:09.722,23.31,643.22,2546.31,1.31,0.00,2.00,1.00,114.49,6.67,11.99,64.30,70.25,-199.92,32.27,-0.21,0.10,20.00,4896.40,-80.00,1.00,2.00
645822.00,2019-06-30 17:53:09.822,23.35,643.93,2564.32,1.31,0.00,2.00,1.00,114.46,6.68,12.01,64.30,70.25,-199.92,32.27,-0.23,0.05,20.00,4900.44,-81.00,1.00,2.00
645922.00,2019-06-30 17:53:09.922,23.54,644.51,2547.93,1.31,0.00,2.00,1.00,114.40,6.69,12.03,64.33,70.25,-199.92,32.13,-0.22,0.06,20.00,4897.37,-80.00,1.00,2.00
646022.00,2019-06-30 17:53:10.022,23.71,645.21,2597.29,1.30,0.00,2.00,1.00,114.37,6.70,12.00,64.33,70.31,-199.92,32.13,-0.22,0.06,20.00,4906.92,-81.00,1.00,2.00
646122.00,2019-06-30 17:53:10.122,23.88,645.92,2579.20,1.30,0.00,2.00,1.00,114.26,6.72,12.02,64.47,70.31,-199.92,32.13,-0.24,0.08,20.00,4903.54,-81.00,1.00,2.00
646222.00,2019-06-30 17:53:10.222,24.01,646.62,2621.86,1.31,0.00,2.00,1.00,114.22,6.73,11.94,64.47,70.27,-199.92,32.16,-0.22,0.08,20.00,4911.51,-82.00,1.00,2.00
646322.00,2019-06-30 17:53:10.322,24.06,647.20,2621.46,1.30,0.00,2.00,1.00,114.17,6.74,12.02,64.47,70.27,-199.92,32.16,-0.24,0.09,20.00,4911.26,-82.00,1.00,2.00
646422.00,2019-06-30 17:53:10.422,24.25,647.90,2639.16,1.31,0.00,2.00,1.00,114.14,6.74,12.00,64.39,70.27,-199.92,32.20,-0.24,0.08,20.00,4914.57,-82.00,1.00,2.00
646522.00,2019-06-30 17:53:10.522,24.42,648.61,2648.07,1.30,0.00,2.00,1.00,114.10,6.75,12.03,64.39,70.31,-199.92,32.20,-0.23,0.08,20.00,4916.41,-82.00,1.00,2.00
646622.00,2019-06-30 17:53:10.622,24.56,649.31,2636.84,1.30,0.00,2.00,1.00,113.99,6.77,12.01,64.55,70.31,-199.92,32.20,-0.24,0.08,20.00,4914.31,-82.00,1.00,2.00
646722.00,2019-06-30 17:53:10.722,24.70,650.01,2686.91,1.31,0.00,2.00,1.00,113.96,6.78,11.97,64.55,70.37,-199.92,32.09,-0.21,0.07,20.00,4923.66,-83.00,1.00,2.00
646822.00,2019-06-30 17:53:10.822,24.83,650.71,2694.87,1.31,0.00,2.00,1.00,113.92,6.79,12.01,64.55,70.37,-199.92,32.09,-0.26,0.11,20.00,4925.37,-83.00,1.00,2.00
646922.00,2019-06-30 17:53:10.922,25.03,651.42,2699.97,1.31,0.00,2.00,1.00,113.89,6.80,12.01,64.61,70.37,-199.92,32.02,-0.22,0.05,20.00,4926.31,-83.00,1.00,2.00
647022.00,2019-06-30 17:53:11.022,25.18,652.12,2741.48,1.29,0.00,2.00,1.00,113.78,6.81,12.02,64.61,70.39,-199.92,32.02,-0.24,0.08,20.00,4934.13,-84.00,1.00,2.00
647122.00,2019-06-30 17:53:11.122,25.23,652.82,2717.21,1.30,0.00,2.00,1.00,113.75,6.82,11.95,64.56,70.39,-199.92,32.02,-0.25,0.05,20.00,4929.61,-83.00,1.00,2.00
647222.00,2019-06-30 17:53:11.222,25.45,653.52,2752.17,1.32,0.00,2.00,1.00,113.71,6.83,12.00,64.56,70.38,-199.92,31.98,-0.23,0.09,20.00,4937.07,-84.00,1.00,2.00
647322.00,2019-06-30 17:53:11.322,25.54,654.22,2768.49,1.32,0.00,2.00,1.00,113.68,6.84,12.04,64.56,70.38,-199.92,31.98,-0.23,0.07,20.00,4947.22,-84.00,1.00,2.00
647422.00,2019-06-30 17:53:11.422,25.74,654.93,2754.88,1.31,0.00,2.00,1.00,113.57,6.85,11.97,64.65,70.38,-199.92,31.91,-0.22,0.07,20.00,4938.74,-84.00,1.00,2.00
647522.00,2019-06-30 17:53:11.522,25.85,655.63,2813.67,1.31,0.00,2.00,1.00,113.54,6.86,12.01,64.65,70.55,-199.92,31.91,-0.23,0.12,20.00,4975.67,-85.00,1.00,2.00
647622.00,2019-06-30 17:53:11.622,25.98,656.33,2782.61,1.31,0.00,2.00,1.00,113.50,6.87,12.03,64.70,70.55,-199.92,31.91,-0.24,0.07,20.00,4956.45,-85.00,1.00,2.00
647722.00,2019-06-30 17:53:11.722,26.24,657.15,2809.65,1.29,0.00,2.00,1.00,113.41,6.88,11.98,64.70,70.55,-199.92,31.88,-0.24,0.08,20.00,4973.18,-85.00,1.00,2.00
647822.00,2019-06-30 17:53:11.822,26.28,657.85,2856.67,1.27,0.00,2.00,1.00,113.38,6.89,12.02,64.70,70.55,-199.92,31.88,-0.24,0.10,20.00,5002.27,-86.00,1.00,2.00
647922.00,2019-06-30 17:53:11.922,26.36,658.55,2822.40,1.26,0.00,2.00,1.00,113.34,6.90,12.00,64.72,70.55,-199.92,31.86,-0.23,0.07,20.00,4981.07,-85.00,1.00,2.00
648022.00,2019-06-30 17:53:12.022,26.61,659.37,2886.28,1.28,0.00,2.00,1.00,113.25,6.92,12.02,64.72,70.58,-199.92,31.86,-0.26,0.07,20.00,5020.58,-86.00,1.00,2.00
648122.00,2019-06-30 17:53:12.122,26.82,660.08,2874.60,1.27,0.00,2.00,1.00,113.22,6.93,11.99,64.91,70.58,-199.92,31.86,-0.21,0.10,20.00,5013.36,-86.00,1.00,2.00
648222.00,2019-06-30 17:53:12.222,26.89,660.90,2885.79,1.27,0.00,2.00,1.00,113.13,6.94,11.97,64.91,70.65,-199.92,31.87,-0.22,0.06,20.00,5020.28,-86.00,1.00,2.00
648322.00,2019-06-30 17:53:12.322,26.96,661.60,2919.35,1.30,0.00,2.00,1.00,113.09,6.95,12.03,64.91,70.65,-199.92,31.87,-0.23,0.12,20.00,5040.91,-87.00,1.00,2.00
648422.00,2019-06-30 17:53:12.422,27.28,662.42,2949.64,1.30,0.00,2.00,1.00,113.00,6.96,12.01,64.85,70.65,-199.92,31.78,-0.23,0.08,20.00,5059.56,-88.00,1.00,2.00
648522.00,2019-06-30 17:53:12.522,27.33,663.12,2933.27,1.29,0.00,2.00,1.00,112.97,6.97,12.02,64.85,70.62,-199.92,31.78,-0.24,0.08,20.00,5049.54,-87.00,1.00,2.00
648622.00,2019-06-30 17:53:12.622,27.56,663.94,2960.04,1.30,0.00,2.00,1.00,112.95,6.98,12.00,64.88,70.62,-199.92,31.78,-0.21,0.07,20.00,5066.06,-88.00,1.00,2.00
648722.00,2019-06-30 17:53:12.722,27.58,664.64,2992.29,1.27,0.00,2.00,1.00,112.84,7.00,12.01,64.88,70.79,-199.92,31.67,-0.25,0.06,20.00,5085.96,-88.00,1.00,2.00
648822.00,2019-06-30 17:53:12.822,27.77,665.46,2965.09,1.26,0.00,2.00,1.00,112.83,7.01,12.04,64.88,70.79,-199.92,31.67,-0.24,0.08,20.00,5068.67,-88.00,1.00,2.00
648922.00,2019-06-30 17:53:12.922,28.07,666.28,3026.71,1.29,0.00,2.00,1.00,112.74,7.02,11.96,64.95,70.79,-199.92,31.76,-0.23,0.06,20.00,5086.45,-89.00,1.00,2.00
649022.00,2019-06-30 17:53:13.022,28.08,666.98,2997.60,1.29,0.00,2.00,1.00,112.70,7.03,11.99,64.95,70.79,-199.92,31.76,-0.25,0.10,20.00,5088.56,-88.00,1.00,2.00
649122.00,2019-06-30 17:53:13.122,28.25,667.80,3022.90,1.30,0.00,2.00,1.00,112.61,7.05,12.01,64.95,70.79,-199.92,31.76,-0.25,0.07,20.00,5086.96,-89.00,1.00,2.00
649222.00,2019-06-30 17:53:13.222,28.36,668.62,3067.64,1.29,0.00,2.00,1.00,112.60,7.06,12.02,64.95,70.85,-199.92,31.67,-0.26,0.06,20.00,5080.96,-90.00,1.00,2.00
649322.00,2019-06-30 17:53:13.322,28.66,669.44,3077.95,1.29,0.00,2.00,1.00,112.51,7.07,12.01,64.95,70.85,-199.92,31.67,-0.22,0.09,20.00,5079.41,-90.00,1.00,2.00
649422.00,2019-06-30 17:53:13.422,28.69,670.14,3080.64,1.30,0.00,2.00,1.00,112.40,7.08,12.01,64.99,70.85,-199.92,31.65,-0.24,0.10,20.00,5079.06,-90.00,1.00,2.00
649522.00,2019-06-30 17:53:13.522,28.85,670.96,3077.71,1.30,0.00,2.00,1.00,112.38,7.09,12.03,64.99,70.92,-199.92,31.65,-0.23,0.08,20.00,5079.26,-90.00,1.00,2.00
649622.00,2019-06-30 17:53:13.622,29.06,671.78,3139.55,1.30,0.00,2.00,1.00,112.29,7.11,11.94,65.05,70.92,-199.92,31.65,-0.22,0.07,20.00,5071.11,-91.00,1.00,2.00
649722.00,2019-06-30 17:53:13.722,29.21,672.60,3100.13,1.29,0.00,2.00,1.00,112.28,7.12,12.03,65.05,70.94,-199.92,31.63,-0.24,0.06,20.00,5076.31,-90.00,1.00,2.00
649822.00,2019-06-30 17:53:13.822,29.41,673.42,3141.69,1.30,0.00,2.00,1.00,112.19,7.13,11.98,65.05,70.94,-199.92,31.63,-0.21,0.09,20.00,5070.81,-91.00,1.00,2.00
649922.00,2019-06-30 17:53:13.922,29.53,674.24,3143.34,1.29,0.00,2.00,1.00,112.10,7.15,12.02,65.05,70.94,-199.92,31.51,-0.24,0.11,20.00,5070.59,-91.00,1.00,2.00
650022.00,2019-06-30 17:53:14.022,29.72,675.06,3190.39,1.30,0.00,2.00,1.00,112.09,7.16,11.99,65.05,71.05,-199.92,31.51,-0.25,0.10,20.00,5064.32,-92.00,1.00,2.00
650122.00,2019-06-30 17:53:14.122,29.87,675.88,3171.00,1.30,0.00,2.00,1.00,112.00,7.17,11.99,64.98,71.05,-199.92,31.51,-0.23,0.04,20.00,5066.83,-92.00,1.00,2.00
650222.00,2019-06-30 17:53:14.222,30.08,676.81,3204.02,1.29,0.00,2.00,1.00,111.93,7.18,12.01,64.98,71.08,-199.92,31.59,-0.24,0.08,20.00,5062.55,-92.00,1.00,2.00
650322.00,2019-06-30 17:53:14.322,30.18,677.63,3238.69,1.29,0.00,2.00,1.00,111.92,7.19,12.01,64.98,71.08,-199.92,31.59,-0.22,0.10,20.00,5058.07,-93.00,1.00,2.00
650422.00,2019-06-30 17:53:14.422,30.39,678.45,3267.97,1.28,0.00,2.00,1.00,111.84,7.21,12.00,65.02,71.08,-199.92,31.58,-0.24,0.07,20.00,5051.55,-93.00,1.00,2.00
650522.00,2019-06-30 17:53:14.522,30.48,679.27,3230.24,1.28,0.00,2.00,1.00,111.75,7.22,11.96,65.02,71.15,-199.92,31.58,-0.21,0.09,20.00,5059.16,-93.00,1.00,2.00
650622.00,2019-06-30 17:53:14.622,30.65,680.21,3274.39,1.29,0.00,2.00,1.00,111.76,7.23,12.03,65.07,71.15,-199.92,31.58,-0.22,0.06,20.00,5049.81,-93.00,1.00,2.00
650722.00,2019-06-30 17:53:14.722,30.75,681.03,3297.97,1.31,0.00,2.00,1.00,111.67,7.25,11.98,65.07,71.14,-199.92,31.55,-0.24,0.12,20.00,5043.22,-94.00,1.00,2.00
650822.00,2019-06-30 17:53:14.822,30.90,681.96,3325.39,1.30,0.00,2.00,1.00,111.61,7.26,11.99,65.07,71.14,-199.92,31.55,-0.22,0.06,20.00,5035.53,-94.00,1.00,2.00
650922.00,2019-06-30 17:53:14.922,31.01,682.78,3296.88,1.30,0.00,2.00,1.00,111.52,7.27,11.99,65.08,71.14,-199.92,31.53,-0.22,0.08,20.00,5043.51,-94.00,1.00,2.00
651022.00,2019-06-30 17:53:15.022,31.22,683.60,3333.61,1.32,0.00,2.00,1.00,111.51,7.28,12.00,65.08,71.16,-199.92,31.53,-0.22,0.05,20.00,5033.30,-95.00,1.00,2.00
651122.00,2019-06-30 17:53:15.122,31.42,684.42,3374.67,1.31,0.00,2.00,1.00,111.43,7.30,11.99,65.07,71.16,-199.92,31.53,-0.23,0.07,20.00,5021.84,-95.00,1.00,2.00
651222.00,2019-06-30 17:53:15.222,31.52,685.24,3385.43,1.28,0.00,2.00,1.00,111.34,7.31,11.98,65.07,71.28,-199.92,31.47,-0.22,0.06,20.00,5018.83,-95.00,1.00,2.00
651322.00,2019-06-30 17:53:15.322,31.63,686.18,3359.84,1.27,0.00,2.00,1.00,111.28,7.33,11.93,65.07,71.28,-199.92,31.47,-0.23,0.06,20.00,5026.42,-95.00,1.00,2.00
651422.00,2019-06-30 17:53:15.422,31.80,687.11,3388.39,1.28,0.00,2.00,1.00,111.22,7.34,12.01,65.09,71.28,-199.92,31.44,-0.24,0.08,20.00,5018.55,-95.00,1.00,2.00
651522.00,2019-06-30 17:53:15.522,32.03,687.93,3437.80,1.29,0.00,2.00,1.00,111.21,7.35,11.98,65.09,71.32,-199.92,31.44,-0.22,0.09,20.00,5005.18,-96.00,1.00,2.00
651622.00,2019-06-30 17:53:15.622,32.18,688.87,3437.12,1.28,0.00,2.00,1.00,111.14,7.36,12.00,65.12,71.32,-199.92,31.44,-0.26,0.08,20.00,5005.37,-96.00,1.00,2.00
651722.00,2019-06-30 17:53:15.722,32.44,689.80,3429.26,1.30,0.00,2.00,1.00,111.08,7.38,12.01,65.12,71.47,-199.92,31.39,-0.22,0.08,20.00,5007.52,-96.00,1.00,2.00
651822.00,2019-06-30 17:53:15.822,32.49,690.74,3450.06,1.31,0.00,2.00,1.00,111.02,7.39,12.00,65.12,71.47,-199.92,31.39,-0.23,0.08,20.00,5002.79,-97.00,1.00,2.00
651922.00,2019-06-30 17:53:15.922,32.69,691.56,3459.11,1.30,0.00,2.00,1.00,110.94,7.41,11.99,65.05,71.47,-199.92,31.41,-0.24,0.07,20.00,5000.35,-97.00,1.00,2.00
652022.00,2019-06-30 17:53:16.022,32.79,692.49,3531.28,1.31,0.00,2.00,1.00,110.88,7.42,11.98,65.05,71.46,-199.92,31.41,-0.23,0.05,20.00,5003.53,-98.00,1.00,2.00
652122.00,2019-06-30 17:53:16.122,32.94,693.43,3517.62,1.30,0.00,2.00,1.00,110.82,7.43,12.00,65.19,71.46,-199.92,31.41,-0.25,0.06,20.00,4997.30,-98.00,1.00,2.00
652222.00,2019-06-30 17:53:16.222,33.22,694.37,3553.13,1.28,0.00,2.00,1.00,110.76,7.45,11.87,65.19,71.52,-199.92,31.45,-0.20,0.05,20.00,5013.50,-98.00,1.00,2.00
652322.00,2019-06-30 17:53:16.322,33.36,695.30,3516.48,1.30,0.00,2.00,1.00,110.69,7.46,11.94,65.19,71.52,-199.92,31.45,-0.23,0.10,20.00,4997.21,-98.00,1.00,2.00
652422.00,2019-06-30 17:53:16.422,33.47,696.24,3571.96,1.30,0.00,2.00,1.00,110.63,7.48,11.97,65.12,71.52,-199.92,31.33,-0.24,0.10,20.00,5022.46,-99.00,1.00,2.00
652522.00,2019-06-30 17:53:16.522,33.61,697.18,3556.93,1.30,0.00,2.00,1.00,110.57,7.49,11.97,65.12,71.56,-199.92,31.33,-0.23,0.08,20.00,5015.95,-99.00,1.00,2.00
652622.00,2019-06-30 17:53:16.622,33.80,698.11,3622.20,1.29,0.00,2.00,1.00,110.51,7.51,11.98,65.21,71.56,-199.92,31.33,-0.25,0.10,20.00,5045.62,-100.00,1.00,2.00
652722.00,2019-06-30 17:53:16.722,34.02,699.05,3615.98,1.29,0.00,2.00,1.00,110.45,7.52,11.96,65.21,71.68,-199.92,31.39,-0.23,0.07,20.00,5042.79,-100.00,1.00,2.00
652822.00,2019-06-30 17:53:16.822,34.10,699.99,3628.78,1.28,0.00,2.00,1.00,110.39,7.53,11.92,65.21,71.68,-199.92,31.39,-0.25,0.09,20.00,5049.29,-100.00,1.00,2.00
652922.00,2019-06-30 17:53:16.922,34.32,700.92,3635.37,1.27,0.00,2.00,1.00,110.33,7.55,11.99,65.10,71.68,-199.92,31.33,-0.21,0.06,20.00,5052.28,-100.00,1.00,2.00
653022.00,2019-06-30 17:53:17.022,34.45,701.97,3641.88,1.27,0.00,2.00,1.00,110.28,7.56,11.98,65.10,71.77,-199.92,31.33,-0.21,0.06,20.00,5055.71,-100.00,1.00,2.00
653122.00,2019-06-30 17:53:17.122,34.66,702.91,3704.16,1.27,0.00,2.00,1.00,110.22,7.58,11.99,65.14,71.77,-199.92,31.33,-0.21,0.05,20.00,5083.79,-101.00,1.00,2.00
653222.00,2019-06-30 17:53:17.222,34.77,703.85,3700.51,1.28,0.00,2.00,1.00,110.16,7.59,11.99,65.14,71.81,-199.92,31.38,-0.23,0.08,20.00,5082.14,-101.00,1.00,2.00
653322.00,2019-06-30 17:53:17.322,35.02,704.90,3749.53,1.26,0.00,2.00,1.00,110.12,7.61,12.01,65.14,71.81,-199.92,31.38,-0.24,0.08,20.00,5104.42,-102.00,1.00,2.00
653422.00,2019-06-30 17:53:17.422,35.13,705.84,3706.45,1.28,0.00,2.00,1.00,110.06,7.62,11.99,65.23,71.81,-199.92,31.41,-0.22,0.03,20.00,5085.03,-101.00,1.00,2.00
653522.00,2019-06-30 17:53:17.522,35.25,706.77,3762.94,1.26,0.00,2.00,1.00,110.00,7.63,11.99,65.23,71.88,-199.92,31.41,-0.24,0.09,20.00,5036.50,-102.00,1.00,2.00
653622.00,2019-06-30 17:53:17.622,35.53,707.83,3726.94,1.28,0.00,2.00,1.00,109.96,7.65,11.98,65.20,71.88,-199.92,31.41,-0.23,0.04,20.00,5094.55,-102.00,1.00,2.00
653722.00,2019-06-30 17:53:17.722,35.53,708.76,3773.35,1.29,0.00,2.00,1.00,109.84,7.67,11.98,65.20,71.98,-199.92,31.44,-0.24,0.02,20.00,4981.98,-102.00,1.00,2.00
653822.00,2019-06-30 17:53:17.822,35.76,709.82,3803.00,1.27,0.00,2.00,1.00,109.80,7.68,11.98,65.20,71.98,-199.92,31.44,-0.23,0.06,20.00,4825.41,-103.00,1.00,2.00
653922.00,2019-06-30 17:53:17.922,35.95,710.87,3810.49,1.32,0.00,2.00,1.00,109.77,7.69,11.98,65.26,71.98,-199.92,31.39,-0.21,0.05,20.00,4785.88,-103.00,1.00,2.00
654022.00,2019-06-30 17:53:18.022,36.18,711.81,3859.39,1.35,0.00,2.00,1.00,109.72,7.71,11.99,65.26,72.10,-199.92,31.39,-0.28,0.05,20.00,4529.40,-104.00,1.00,2.00
654122.00,2019-06-30 17:53:18.122,36.20,712.86,3821.53,1.36,0.00,2.00,1.00,109.69,7.72,12.00,65.31,72.10,-199.92,31.39,-0.23,0.11,20.00,4728.84,-103.00,1.00,2.00
654222.00,2019-06-30 17:53:18.222,36.34,713.80,3898.89,1.41,0.00,2.00,1.00,109.59,7.74,12.00,65.31,72.07,-199.92,31.35,-0.23,0.06,20.00,4320.77,-105.00,1.00,2.00
654322.00,2019-06-30 17:53:18.322,36.58,714.85,3849.61,1.42,0.00,2.00,1.00,109.57,7.75,11.95,65.31,72.07,-199.92,31.35,-0.23,0.06,20.00,4580.54,-104.00,1.00,2.00
654422.00,2019-06-30 17:53:18.422,36.72,715.90,3897.88,1.42,0.00,2.00,1.00,109.55,7.76,11.98,65.20,72.07,-199.92,31.36,-0.22,0.07,20.00,4326.11,-105.00,1.00,2.00
654522.00,2019-06-30 17:53:18.522,36.90,716.96,3881.36,1.44,0.00,2.00,1.00,109.53,7.78,11.98,65.20,72.17,-199.92,31.36,-0.26,0.05,20.00,4414.74,-104.00,1.00,2.00
654622.00,2019-06-30 17:53:18.622,37.02,718.01,3914.02,1.50,0.00,2.00,1.00,109.52,7.79,11.98,65.30,72.17,-199.92,31.36,-0.22,0.01,20.00,4242.87,-105.00,1.00,2.00
654722.00,2019-06-30 17:53:18.722,37.07,718.94,3964.19,1.50,0.00,2.00,1.00,109.44,7.81,11.91,65.30,72.33,-199.92,31.35,-0.23,0.05,20.00,3978.87,-106.00,1.00,2.00
654822.00,2019-06-30 17:53:18.822,37.31,720.00,3899.02,1.51,0.00,2.00,1.00,109.42,7.82,11.99,65.30,72.33,-199.92,31.35,-0.22,0.06,20.00,4324.51,-105.00,1.00,2.00
654922.00,2019-06-30 17:53:18.922,37.29,721.05,3996.94,1.51,0.00,2.00,1.00,109.42,7.83,11.99,65.19,72.33,-199.92,31.35,-0.23,0.11,20.00,3810.59,-106.00,1.00,2.00
655022.00,2019-06-30 17:53:19.022,37.53,722.10,3983.40,1.51,0.00,2.00,1.00,109.36,7.85,12.00,65.19,72.23,-199.92,31.40,-0.25,0.05,20.00,3879.31,-106.00,1.00,2.00
655122.00,2019-06-30 17:53:19.122,37.59,723.16,3974.17,1.51,0.00,2.00,1.00,109.36,7.86,11.91,65.23,72.23,-199.92,31.40,-0.20,0.09,20.00,3927.85,-106.00,1.00,2.00
655222.00,2019-06-30 17:53:19.222,37.68,724.21,4000.00,1.51,0.00,2.00,1.00,109.35,7.87,12.01,65.23,72.40,-199.92,31.30,-0.23,0.05,20.00,3792.07,-107.00,1.00,2.00
655322.00,2019-06-30 17:53:19.322,37.84,725.26,3948.54,1.51,0.00,2.00,1.00,109.30,7.88,11.94,65.23,72.40,-199.92,31.30,-0.22,0.04,20.00,4066.11,-106.00,1.00,2.00
655422.00,2019-06-30 17:53:19.422,37.89,726.32,4064.49,1.51,0.00,2.00,1.00,109.30,7.90,11.92,65.28,72.40,-199.92,31.30,-0.23,0.09,20.00,3796.35,-108.00,1.00,2.00
655522.00,2019-06-30 17:53:19.522,38.05,727.37,3962.10,1.51,0.00,2.00,1.00,109.30,7.91,11.97,65.28,72.44,-199.92,31.34,-0.24,0.06,20.00,3995.93,-106.00,1.00,2.00
655622.00,2019-06-30 17:53:19.622,38.18,728.42,4032.80,1.51,0.00,2.00,1.00,109.25,7.92,11.87,65.21,72.44,-199.92,31.34,-0.22,0.04,20.00,3797.37,-107.00,1.00,2.00
655722.00,2019-06-30 17:53:19.722,38.23,729.48,4043.81,1.51,0.00,2.00,1.00,109.25,7.93,12.01,65.21,72.48,-199.92,31.38,-0.25,0.03,20.00,3797.37,-107.00,1.00,2.00
655822.00,2019-06-30 17:53:19.822,38.43,730.65,4042.17,1.51,0.00,2.00,1.00,109.27,7.94,11.89,65.21,72.48,-199.92,31.38,-0.22,0.09,20.00,3798.59,-107.00,1.00,2.00
655922.00,2019-06-30 17:53:19.922,38.38,731.70,4078.44,1.51,0.00,2.00,1.00,109.22,7.96,11.78,65.21,72.48,-199.92,31.38,-0.24,0.08,20.00,3798.59,-108.00,1.00,2.00
656022.00,2019-06-30 17:53:20.022,38.67,732.76,4062.29,1.51,0.00,2.00,1.00,109.22,7.97,11.99,65.21,72.60,-199.92,31.30,-0.24,0.07,20.00,3801.65,-108.00,1.00,2.00
656122.00,2019-06-30 17:53:20.122,38.73,733.81,4085.38,1.51,0.00,2.00,1.00,109.17,7.99,11.84,65.16,72.60,-199.92,31.30,-0.23,0.06,20.00,3801.65,-108.00,1.00,2.00
656222.00,2019-06-30 17:53:20.222,38.75,734.86,4048.58,1.51,0.00,2.00,1.00,109.17,8.00,11.84,65.16,72.66,-199.92,31.26,-0.23,0.08,20.00,3801.65,-107.00,1.00,2.00
656322.00,2019-06-30 17:53:20.322,38.91,736.03,4111.28,1.51,0.00,2.00,1.00,109.19,8.01,11.98,65.16,72.66,-199.92,31.26,-0.22,0.12,20.00,3803.28,-109.00,1.00,2.00
656422.00,2019-06-30 17:53:20.422,39.00,737.09,4112.55,1.51,0.00,2.00,1.00,109.14,8.02,11.96,65.23,72.66,-199.92,31.26,-0.26,0.13,20.00,3803.28,-109.00,1.00,2.00
656522.00,2019-06-30 17:53:20.522,39.05,738.14,4127.54,1.51,0.00,2.00,1.00,109.14,8.04,11.85,65.23,72.70,-199.92,31.28,-0.22,0.10,20.00,3804.10,-109.00,1.00,2.00
656622.00,2019-06-30 17:53:20.622,39.09,739.19,4114.52,1.51,0.00,2.00,1.00,109.09,8.05,11.96,65.36,72.70,-199.92,31.28,-0.23,0.07,20.00,3804.10,-109.00,1.00,2.00
656722.00,2019-06-30 17:53:20.722,39.22,740.36,4178.85,1.51,0.00,2.00,1.00,109.11,8.06,12.00,65.36,72.77,-199.92,31.30,-0.24,0.05,20.00,3804.10,-110.00,1.00,2.00
656822.00,2019-06-30 17:53:20.822,39.32,741.42,4144.36,1.51,0.00,2.00,1.00,109.06,8.08,11.87,65.36,72.77,-199.92,31.30,-0.22,0.06,20.00,3805.93,-109.00,1.00,2.00
656922.00,2019-06-30 17:53:20.922,39.41,742.47,4186.29,1.51,0.00,2.00,1.00,109.07,8.09,11.98,65.41,72.77,-199.92,31.30,-0.24,0.05,20.00,3805.93,-110.00,1.00,2.00
657022.00,2019-06-30 17:53:21.022,39.53,743.64,4210.08,1.51,0.00,2.00,1.00,109.03,8.10,11.89,65.41,72.85,-199.92,31.24,-0.21,0.10,20.00,3808.18,-110.00,1.00,2.00
657122.00,2019-06-30 17:53:21.122,39.73,744.69,4158.87,1.51,0.00,2.00,1.00,109.04,8.11,11.89,65.41,72.85,-199.92,31.24,-0.24,0.05,20.00,3808.18,-109.00,1.00,2.00
657222.00,2019-06-30 17:53:21.222,39.61,745.86,4233.25,1.51,0.00,2.00,1.00,109.00,8.13,12.01,65.41,72.95,-199.92,31.26,-0.24,0.06,20.00,3810.62,-111.00,1.00,2.00
657322.00,2019-06-30 17:53:21.322,39.85,746.92,4198.74,1.51,0.00,2.00,1.00,109.01,8.14,11.82,65.41,72.95,-199.92,31.26,-0.23,0.09,20.00,3810.62,-110.00,1.00,2.00
657422.00,2019-06-30 17:53:21.422,40.03,748.09,4171.88,1.51,0.00,2.00,1.00,108.97,8.16,12.01,65.52,72.95,-199.92,31.26,-0.24,0.05,20.00,3810.62,-110.00,1.00,2.00
659175.00,2019-06-30 17:53:23.175,39.41,767.28,1232.25,1.51,0.00,2.00,1.00,109.61,8.32,11.88,65.49,73.44,-199.92,31.27,-0.25,0.05,16.00,7000.00,-42.00,0.00,4.00
659275.00,2019-06-30 17:53:23.275,39.28,768.33,1232.25,1.51,0.00,2.00,1.00,109.76,8.32,11.91,65.49,73.44,-199.92,31.27,-0.20,0.08,16.00,7000.00,-42.00,0.00,4.00
659375.00,2019-06-30 17:53:23.375,39.20,769.39,362.12,1.51,0.00,2.00,1.00,109.83,8.32,12.03,65.49,73.44,-199.92,31.27,-0.23,0.07,16.00,7000.00,-26.00,0.00,4.00
659475.00,2019-06-30 17:53:23.475,39.17,770.44,856.99,1.51,0.00,2.00,1.00,109.89,8.33,11.90,65.53,73.53,-199.92,31.27,-0.22,0.08,16.00,7000.00,-35.00,0.00,4.00
659575.00,2019-06-30 17:53:23.575,39.12,771.49,1769.94,1.51,0.00,2.00,1.00,109.96,8.34,12.04,65.53,73.53,-199.92,31.28,-0.24,0.09,16.00,6879.70,-56.00,0.00,4.00
659675.00,2019-06-30 17:53:23.675,39.25,772.66,1769.94,1.51,0.00,2.00,1.00,110.13,8.34,12.05,65.59,73.69,-199.92,31.28,-0.24,0.07,16.00,6879.70,-56.00,0.00,4.00
659775.00,2019-06-30 17:53:23.775,39.05,773.72,1769.94,1.51,0.00,2.00,1.00,110.28,8.34,11.89,65.59,73.69,-199.92,31.28,-0.20,0.08,16.00,6879.70,-56.00,0.00,4.00
659875.00,2019-06-30 17:53:23.875,39.12,774.77,1769.94,1.51,0.00,2.00,1.00,110.43,8.34,12.04,65.59,73.69,-199.92,31.28,-0.23,0.09,16.00,6879.70,-56.00,0.00,4.00
659975.00,2019-06-30 17:53:23.975,39.08,775.82,1769.94,1.51,0.00,2.00,1.00,110.58,8.34,11.92,65.70,73.74,-199.92,31.38,-0.23,0.09,16.00,6879.70,-56.00,0.00,4.00
660075.00,2019-06-30 17:53:24.075,39.00,776.99,0.00,1.51,0.00,2.00,1.00,110.75,8.34,12.06,65.70,73.74,-199.92,31.38,-0.23,0.09,16.00,6879.70,-56.00,0.00,4.00
660175.00,2019-06-30 17:53:24.175,38.94,778.05,0.00,1.51,0.00,2.00,1.00,110.90,8.34,12.05,65.70,73.85,-199.92,31.38,-0.24,0.08,16.00,6879.70,-56.00,0.00,4.00
660275.00,2019-06-30 17:53:24.275,39.03,779.10,0.00,1.51,0.00,2.00,1.00,111.05,8.34,11.91,65.79,73.85,-199.92,31.38,-0.23,0.08,16.00,6879.70,-56.00,0.00,4.00
660375.00,2019-06-30 17:53:24.375,39.07,780.15,0.00,1.51,0.00,2.00,1.00,111.20,8.34,12.07,65.79,73.85,-199.92,31.49,-0.25,0.07,16.00,6879.70,-56.00,0.00,4.00
660475.00,2019-06-30 17:53:24.475,39.00,781.32,0.00,1.51,0.00,2.00,1.00,111.36,8.34,12.03,65.75,73.90,-199.92,31.49,-0.21,0.07,16.00,6879.70,-56.00,0.00,4.00
660575.00,2019-06-30 17:53:24.575,38.89,782.38,0.00,1.51,0.00,2.00,1.00,111.51,8.34,11.93,65.75,73.90,-199.92,31.49,-0.23,0.06,16.00,6879.70,-56.00,0.00,4.00
660675.00,2019-06-30 17:53:24.675,38.81,783.43,0.00,1.51,0.00,2.00,1.00,111.66,8.34,12.04,65.75,73.95,-199.92,31.49,-0.23,0.06,16.00,6879.70,-56.00,0.00,4.00
660775.00,2019-06-30 17:53:24.775,38.77,784.48,0.00,1.51,0.00,2.00,1.00,111.81,8.34,12.05,65.86,73.95,-199.92,31.52,-0.22,0.06,16.00,6879.70,-56.00,0.00,4.00
660875.00,2019-06-30 17:53:24.875,38.88,785.54,0.00,1.51,0.00,2.00,1.00,111.96,8.34,11.92,65.86,73.95,-199.92,31.52,-0.23,0.08,16.00,6879.70,-56.00,0.00,4.00
660975.00,2019-06-30 17:53:24.975,38.71,786.59,0.00,1.51,0.00,2.00,1.00,112.11,8.34,12.03,65.94,74.14,-199.92,31.52,-0.21,0.07,16.00,6879.70,-56.00,0.00,4.00
661075.00,2019-06-30 17:53:25.075,38.71,787.76,0.00,1.51,0.00,2.00,1.00,112.28,8.34,12.07,65.94,74.14,-199.92,31.52,-0.25,0.07,16.00,6879.70,-56.00,0.00,4.00
661175.00,2019-06-30 17:53:25.175,38.69,788.81,0.00,1.51,0.00,2.00,1.00,112.43,8.34,11.90,65.94,74.13,-199.92,31.58,-0.23,0.10,16.00,6879.70,-56.00,0.00,4.00
661275.00,2019-06-30 17:53:25.275,38.72,789.87,0.00,1.51,0.00,2.00,1.00,112.58,8.34,12.06,66.07,74.13,-199.92,31.58,-0.22,0.09,16.00,6879.70,-56.00,0.00,4.00
661375.00,2019-06-30 17:53:25.375,38.57,790.92,0.00,1.51,0.00,2.00,1.00,112.73,8.34,12.05,66.07,74.13,-199.92,31.58,-0.17,0.13,16.00,6879.70,-56.00,0.00,4.00
661475.00,2019-06-30 17:53:25.475,38.65,791.97,0.00,1.51,0.00,2.00,1.00,112.88,8.34,11.92,66.02,74.27,-199.92,31.58,0.14,0.34,16.00,6879.70,-56.00,0.00,4.00
661575.00,2019-06-30 17:53:25.575,38.51,793.03,0.00,1.51,0.00,2.00,1.00,113.03,8.34,12.04,66.02,74.27,-199.92,31.63,0.41,0.67,16.00,6879.70,-56.00,0.00,4.00
661675.00,2019-06-30 17:53:25.675,38.57,794.20,0.00,1.51,0.00,2.00,1.00,113.20,8.34,12.06,66.02,74.40,-199.92,31.63,0.96,0.97,16.00,6879.70,-56.00,0.00,4.00
661775.00,2019-06-30 17:53:25.775,38.51,795.25,0.00,1.51,0.00,2.00,1.00,113.35,8.34,12.05,66.07,74.40,-199.92,31.63,1.45,1.15,16.00,6879.70,-56.00,0.00,4.00
661875.00,2019-06-30 17:53:25.875,38.43,796.30,0.00,1.51,0.00,2.00,1.00,113.50,8.34,12.05,66.07,74.40,-199.92,31.63,1.91,1.37,16.00,6879.70,-56.00,0.00,4.00
661975.00,2019-06-30 17:53:25.975,38.26,797.36,0.00,1.51,0.00,2.00,1.00,113.65,8.34,11.93,66.07,74.38,-199.92,31.80,2.47,1.83,16.00,6879.70,-56.00,0.00,4.00
662075.00,2019-06-30 17:53:26.075,38.10,798.41,0.00,1.51,0.00,2.00,1.00,113.80,8.34,12.07,66.13,74.38,-199.92,31.80,2.70,1.96,16.00,6879.70,-56.00,0.00,4.00
662175.00,2019-06-30 17:53:26.175,38.18,799.46,0.00,1.51,0.00,2.00,1.00,113.95,8.34,12.04,66.13,74.47,-199.92,31.80,2.85,1.93,16.00,6879.70,-56.00,0.00,4.00
662275.00,2019-06-30 17:53:26.275,37.97,800.52,0.00,1.51,0.00,2.00,1.00,114.10,8.34,11.94,66.09,74.47,-199.92,31.80,2.80,2.04,16.00,6879.70,-56.00,0.00,4.00
662375.00,2019-06-30 17:53:26.375,37.83,801.57,0.00,1.51,0.00,2.00,1.00,114.25,8.34,12.04,66.09,74.47,-199.92,31.78,2.79,1.91,16.00,6879.70,-56.00,0.00,4.00
662475.00,2019-06-30 17:53:26.475,37.72,802.51,0.00,1.51,0.00,2.00,1.00,114.38,8.34,12.07,66.09,74.52,-199.92,31.78,2.88,2.16,16.00,6879.70,-56.00,0.00,4.00
662575.00,2019-06-30 17:53:26.575,37.52,803.56,0.00,1.51,0.00,2.00,1.00,114.53,8.34,11.92,66.08,74.52,-199.92,31.78,3.00,2.03,16.00,6879.70,-56.00,0.00,4.00
662675.00,2019-06-30 17:53:26.675,37.39,804.61,0.00,1.51,0.00,2.00,1.00,114.68,8.34,12.05,66.08,74.66,-199.92,31.78,3.12,2.18,16.00,6879.70,-56.00,0.00,4.00
662775.00,2019-06-30 17:53:26.775,37.16,805.67,0.00,1.51,0.00,2.00,1.00,114.83,8.34,12.07,66.05,74.66,-199.92,31.77,3.21,2.12,16.00,6879.70,-56.00,0.00,4.00
662875.00,2019-06-30 17:53:26.875,37.02,806.72,0.00,1.51,0.00,2.00,1.00,114.98,8.34,11.90,66.05,74.66,-199.92,31.77,3.26,2.31,16.00,6879.70,-56.00,0.00,4.00
662975.00,2019-06-30 17:53:26.975,36.88,807.66,0.00,1.51,0.00,2.00,1.00,115.12,8.34,12.07,66.05,74.66,-199.92,31.77,3.44,2.31,16.00,6879.70,-56.00,0.00,4.00
663075.00,2019-06-30 17:53:27.075,36.56,808.71,0.00,1.51,0.00,2.00,1.00,115.27,8.34,12.05,66.05,74.66,-199.92,31.77,3.87,2.65,16.00,6879.70,-56.00,0.00,4.00
663175.00,2019-06-30 17:53:27.175,36.49,809.76,0.00,1.51,0.00,2.00,1.00,115.42,8.34,11.93,66.05,74.76,-199.92,31.80,4.25,2.76,16.00,6879.70,-56.00,0.00,4.00
663275.00,2019-06-30 17:53:27.275,36.31,810.70,0.00,1.51,0.00,2.00,1.00,115.55,8.34,12.07,65.95,74.76,-199.92,31.80,4.67,3.17,16.00,6879.70,-56.00,0.00,4.00
663375.00,2019-06-30 17:53:27.375,36.10,811.75,0.00,1.51,0.00,2.00,1.00,115.70,8.34,12.05,65.95,74.76,-199.92,31.80,4.99,3.32,16.00,6879.70,-56.00,0.00,4.00
663475.00,2019-06-30 17:53:27.475,35.77,812.69,0.00,1.51,0.00,2.00,1.00,115.83,8.34,11.94,65.95,74.87,-199.92,31.80,5.14,3.36,16.00,6879.70,-56.00,0.00,4.00
663575.00,2019-06-30 17:53:27.575,35.53,813.63,0.00,1.51,0.00,2.00,1.00,115.97,8.34,12.07,66.01,74.87,-199.92,31.93,5.20,3.52,16.00,6879.70,-56.00,0.00,4.00
663675.00,2019-06-30 17:53:27.675,35.28,814.56,0.00,1.51,0.00,2.00,1.00,116.10,8.34,11.94,66.01,74.89,-199.92,31.93,5.40,3.56,16.00,6879.70,-56.00,0.00,4.00
663775.00,2019-06-30 17:53:27.775,34.95,815.62,0.00,1.51,0.00,2.00,1.00,116.25,8.34,12.06,66.01,74.89,-199.92,31.93,5.38,3.57,16.00,6879.70,-56.00,0.00,4.00
663875.00,2019-06-30 17:53:27.875,34.63,816.55,0.00,1.51,0.00,2.00,1.00,116.38,8.34,12.06,65.96,74.89,-199.92,31.93,5.37,3.59,16.00,6879.70,-56.00,0.00,4.00
663975.00,2019-06-30 17:53:27.975,34.24,817.49,0.00,1.51,0.00,2.00,1.00,116.52,8.34,11.94,65.96,75.08,-199.92,31.93,5.34,3.57,16.00,6879.70,-56.00,0.00,4.00
664075.00,2019-06-30 17:53:28.075,34.16,818.42,0.00,1.51,0.00,2.00,1.00,116.65,8.34,12.04,65.91,75.08,-199.92,31.93,5.35,3.55,16.00,6879.70,-56.00,0.00,4.00
664175.00,2019-06-30 17:53:28.175,33.75,819.36,0.00,1.51,0.00,2.00,1.00,116.78,8.34,12.07,65.91,75.05,-199.92,31.93,5.31,3.59,16.00,6879.70,-56.00,0.00,4.00
664275.00,2019-06-30 17:53:28.275,33.58,820.30,0.00,1.51,0.00,2.00,1.00,116.92,8.34,11.91,65.91,75.05,-199.92,31.93,5.28,3.56,16.00,6879.70,-56.00,0.00,4.00
664375.00,2019-06-30 17:53:28.375,33.20,821.12,0.00,1.51,0.00,2.00,1.00,117.04,8.34,12.06,65.91,75.05,-199.92,31.98,5.27,3.55,16.00,6879.70,-56.00,0.00,4.00
664475.00,2019-06-30 17:53:28.475,32.99,822.05,0.00,1.51,0.00,2.00,1.00,117.17,8.34,12.07,65.91,75.14,-199.92,31.98,5.22,3.52,16.00,6879.70,-56.00,0.00,4.00
664575.00,2019-06-30 17:53:28.575,32.67,822.99,0.00,1.51,0.00,2.00,1.00,117.30,8.34,11.92,65.84,75.14,-199.92,31.98,5.22,3.57,16.00,6879.70,-56.00,0.00,4.00
664675.00,2019-06-30 17:53:28.675,32.45,823.81,0.00,1.51,0.00,2.00,1.00,117.42,8.34,12.06,65.84,75.16,-199.92,31.98,5.14,3.47,16.00,6879.70,-56.00,0.00,4.00
664775.00,2019-06-30 17:53:28.775,32.08,824.74,0.00,1.51,0.00,2.00,1.00,117.55,8.34,11.91,65.84,75.16,-199.92,32.00,5.11,3.53,16.00,6879.70,-56.00,0.00,4.00
664875.00,2019-06-30 17:53:28.875,31.95,825.56,0.00,1.51,0.00,2.00,1.00,117.67,8.34,12.05,65.80,75.16,-199.92,32.00,5.12,3.46,16.00,6879.70,-56.00,0.00,4.00
664975.00,2019-06-30 17:53:28.975,31.53,826.38,0.00,1.51,0.00,2.00,1.00,117.79,8.34,11.93,65.80,75.24,-199.92,32.00,5.10,3.55,16.00,6879.70,-56.00,0.00,4.00
665075.00,2019-06-30 17:53:29.075,31.25,827.32,0.00,1.51,0.00,2.00,1.00,117.92,8.34,12.06,65.81,75.24,-199.92,32.00,5.13,3.50,16.00,6879.70,-56.00,0.00,4.00
665175.00,2019-06-30 17:53:29.175,30.92,828.14,0.00,1.51,0.00,2.00,1.00,118.04,8.34,12.08,65.81,75.36,-199.92,32.06,5.07,3.44,16.00,6879.70,-56.00,0.00,4.00
665275.00,2019-06-30 17:53:29.275,30.84,828.96,0.00,1.51,0.00,2.00,1.00,118.15,8.34,11.90,65.81,75.36,-199.92,32.06,5.11,3.47,16.00,6879.70,-56.00,0.00,4.00
665375.00,2019-06-30 17:53:29.375,30.49,829.78,0.00,1.51,0.00,2.00,1.00,118.27,8.34,12.06,65.77,75.36,-199.92,32.06,5.07,3.52,16.00,6879.70,-56.00,0.00,4.00
665475.00,2019-06-30 17:53:29.475,30.21,830.60,0.00,1.51,0.00,2.00,1.00,118.39,8.34,11.94,65.77,75.40,-199.92,32.06,5.07,3.49,16.00,6879.70,-56.00,0.00,4.00
665575.00,2019-06-30 17:53:29.575,29.90,831.42,0.00,1.51,0.00,2.00,1.00,118.50,8.34,11.94,65.77,75.40,-199.92,32.13,5.02,3.53,16.00,6879.70,-56.00,0.00,4.00
665675.00,2019-06-30 17:53:29.675,29.67,832.23,0.00,1.51,0.00,2.00,1.00,118.62,8.34,12.07,65.77,75.55,-199.92,32.13,5.00,3.47,16.00,6879.70,-56.00,0.00,4.00
665775.00,2019-06-30 17:53:29.775,29.34,833.05,0.00,1.51,0.00,2.00,1.00,118.74,8.34,11.92,65.77,75.55,-199.92,32.13,4.91,3.36,16.00,6879.70,-56.00,0.00,4.00
665875.00,2019-06-30 17:53:29.875,29.10,833.87,0.00,1.51,0.00,2.00,1.00,118.85,8.34,12.07,65.80,75.55,-199.92,32.13,4.90,3.37,16.00,6879.70,-56.00,0.00,4.00
665975.00,2019-06-30 17:53:29.975,28.89,834.69,0.00,1.51,0.00,2.00,1.00,118.97,8.34,12.05,65.80,75.59,-199.92,32.12,4.87,3.46,16.00,6879.70,-56.00,0.00,4.00
666075.00,2019-06-30 17:53:30.075,28.57,835.39,0.00,1.51,0.00,2.00,1.00,119.07,8.34,11.94,65.80,75.59,-199.92,32.12,4.86,3.35,16.00,6879.70,-56.00,0.00,4.00
666175.00,2019-06-30 17:53:30.175,28.33,836.21,0.00,1.51,0.00,2.00,1.00,119.19,8.34,12.06,65.77,75.66,-199.92,32.12,4.85,3.33,16.00,6879.70,-56.00,0.00,4.00
666275.00,2019-06-30 17:53:30.275,27.97,837.03,0.00,1.51,0.00,2.00,1.00,119.30,8.34,12.06,65.77,75.66,-199.92,32.12,4.87,3.40,16.00,6879.70,-56.00,0.00,4.00
666375.00,2019-06-30 17:53:30.375,27.79,837.74,0.00,1.51,0.00,2.00,1.00,119.40,8.34,11.95,65.80,75.66,-199.92,32.22,4.83,3.37,16.00,6879.70,-56.00,0.00,4.00
666475.00,2019-06-30 17:53:30.475,27.47,838.44,0.00,1.51,0.00,2.00,1.00,119.50,8.34,12.04,65.80,75.66,-199.92,32.22,4.84,3.40,16.00,6879.70,-56.00,0.00,4.00
666575.00,2019-06-30 17:53:30.575,27.31,839.26,0.00,1.51,0.00,2.00,1.00,119.62,8.34,12.07,65.80,75.66,-199.92,32.22,4.81,3.44,16.00,6879.70,-56.00,0.00,4.00
666675.00,2019-06-30 17:53:30.675,27.03,839.96,0.00,1.51,0.00,2.00,1.00,119.72,8.34,11.91,65.75,75.71,-199.92,32.22,4.70,3.28,16.00,6879.70,-56.00,0.00,4.00
666775.00,2019-06-30 17:53:30.775,26.73,840.66,0.00,1.51,0.00,2.00,1.00,119.82,8.34,12.07,65.75,75.71,-199.92,32.22,4.63,3.23,16.00,6879.70,-56.00,0.00,4.00
666875.00,2019-06-30 17:53:30.875,26.41,841.48,0.00,1.51,0.00,2.00,1.00,119.94,8.34,12.05,65.77,75.71,-199.92,32.22,4.59,3.27,16.00,6879.70,-56.00,0.00,4.00
666975.00,2019-06-30 17:53:30.975,26.12,842.18,0.00,1.51,0.00,2.00,1.00,120.04,8.34,12.05,65.77,75.73,-199.92,32.22,4.51,3.27,16.00,6879.70,-56.00,0.00,4.00
667075.00,2019-06-30 17:53:31.075,25.96,842.88,0.00,1.51,0.00,2.00,1.00,120.14,8.34,12.08,65.77,75.73,-199.92,32.22,4.46,3.27,16.00,6879.70,-56.00,0.00,4.00
667175.00,2019-06-30 17:53:31.175,25.68,843.59,0.00,1.51,0.00,2.00,1.00,120.24,8.34,11.91,65.87,75.80,-199.92,32.36,4.50,3.26,16.00,6879.70,-56.00,0.00,4.00
667275.00,2019-06-30 17:53:31.275,25.51,844.29,0.00,1.51,0.00,2.00,1.00,120.34,8.34,12.08,65.87,75.80,-199.92,32.36,4.50,3.18,16.00,6879.70,-56.00,0.00,4.00
667375.00,2019-06-30 17:53:31.375,25.22,844.99,0.00,1.51,0.00,2.00,1.00,120.44,8.34,12.04,65.87,75.80,-199.92,32.36,4.48,3.20,16.00,6879.70,-56.00,0.00,4.00
667475.00,2019-06-30 17:53:31.475,24.93,845.58,0.00,1.51,0.00,2.00,1.00,120.52,8.34,11.94,65.92,75.89,-199.92,32.36,4.50,3.16,16.00,6879.70,-56.00,0.00,4.00
667575.00,2019-06-30 17:53:31.575,24.67,846.28,0.00,1.51,0.00,2.00,1.00,120.62,8.34,12.05,65.92,75.89,-199.92,32.34,4.43,3.17,16.00,6879.70,-56.00,0.00,4.00
667675.00,2019-06-30 17:53:31.675,24.39,846.98,0.00,1.51,0.00,2.00,1.00,120.72,8.34,11.93,65.91,75.87,-199.92,32.34,4.49,3.26,16.00,6879.70,-56.00,0.00,4.00
667775.00,2019-06-30 17:53:31.775,24.19,847.57,0.00,1.51,0.00,2.00,1.00,120.81,8.34,12.07,65.91,75.87,-199.92,32.34,4.46,3.12,16.00,6879.70,-56.00,0.00,4.00
667875.00,2019-06-30 17:53:31.875,23.93,848.27,0.00,1.51,0.00,2.00,1.00,120.91,8.34,12.05,65.91,75.87,-199.92,32.34,4.19,3.02,16.00,6879.70,-56.00,0.00,4.00
667975.00,2019-06-30 17:53:31.975,23.74,848.85,0.00,1.51,0.00,2.00,1.00,120.99,8.34,12.06,65.89,75.98,-199.92,32.38,3.97,2.89,16.00,6879.70,-56.00,0.00,4.00
668075.00,2019-06-30 17:53:32.075,23.50,849.56,0.00,1.51,0.00,2.00,1.00,121.09,8.34,12.07,65.89,75.98,-199.92,32.38,3.66,2.76,16.00,6879.70,-56.00,0.00,4.00
668175.00,2019-06-30 17:53:32.175,23.25,850.14,0.00,1.51,0.00,2.00,1.00,121.17,8.34,11.93,65.99,76.10,-199.92,32.38,3.54,2.63,16.00,6879.70,-56.00,0.00,4.00
668275.00,2019-06-30 17:53:32.275,23.01,850.84,0.00,1.51,0.00,2.00,1.00,121.27,8.34,12.08,65.99,76.10,-199.92,32.38,3.29,2.58,16.00,6879.70,-56.00,0.00,4.00
668375.00,2019-06-30 17:53:32.375,22.89,851.43,0.00,1.51,0.00,2.00,1.00,121.36,8.34,12.06,65.99,76.10,-199.92,32.47,3.05,2.29,16.00,6879.70,-56.00,0.00,4.00
668475.00,2019-06-30 17:53:32.475,22.69,852.01,0.00,1.51,0.00,2.00,1.00,121.44,8.34,11.95,65.98,76.07,-199.92,32.47,2.80,2.14,16.00,6879.70,-56.00,0.00,4.00
668575.00,2019-06-30 17:53:32.575,22.44,852.72,0.00,1.51,0.00,2.00,1.00,121.54,8.34,12.06,65.98,76.07,-199.92,32.47,2.61,2.04,16.00,6879.70,-56.00,0.00,4.00
668675.00,2019-06-30 17:53:32.675,22.34,853.30,0.00,1.51,0.00,2.00,1.00,121.62,8.34,11.92,65.98,76.15,-199.92,32.47,2.58,2.06,16.00,6879.70,-56.00,0.00,4.00
668775.00,2019-06-30 17:53:32.775,22.16,853.89,0.00,1.51,0.00,2.00,1.00,121.71,8.34,12.08,66.05,76.15,-199.92,32.38,2.50,1.96,16.00,6879.70,-56.00,0.00,4.00
668875.00,2019-06-30 17:53:32.875,21.99,854.47,0.00,1.51,0.00,2.00,1.00,121.79,8.34,12.04,66.05,76.15,-199.92,32.38,2.50,1.94,16.00,6879.70,-56.00,0.00,4.00
668975.00,2019-06-30 17:53:32.975,21.89,855.06,0.00,1.51,0.00,2.00,1.00,121.87,8.34,11.94,65.95,76.23,-199.92,32.38,2.04,1.63,16.00,6879.70,-56.00,0.00,4.00
669075.00,2019-06-30 17:53:33.075,21.80,855.64,0.00,1.51,0.00,2.00,1.00,121.96,8.34,12.05,65.95,76.23,-198.21,32.38,1.76,1.37,16.00,6879.70,-56.00,0.00,4.00
669175.00,2019-06-30 17:53:33.175,21.61,856.23,0.00,1.51,0.00,2.00,1.00,122.04,8.34,12.07,65.95,76.23,-198.21,32.53,1.44,1.18,16.00,6879.70,-56.00,0.00,4.00
669275.00,2019-06-30 17:53:33.275,21.58,856.93,0.00,1.51,0.00,2.00,1.00,122.14,8.34,11.91,65.99,76.23,-198.21,32.53,1.39,1.12,16.00,6879.70,-56.00,0.00,4.00
669375.00,2019-06-30 17:53:33.375,21.38,857.51,0.00,1.51,0.00,2.00,1.00,122.22,8.34,12.05,65.99,76.23,-195.60,32.53,1.11,0.93,16.00,6879.70,-56.00,0.00,4.00
669475.00,2019-06-30 17:53:33.475,21.35,858.10,0.00,1.51,0.00,2.00,1.00,122.31,8.34,11.95,66.09,76.26,-195.60,32.53,1.04,0.90,16.00,6879.70,-56.00,0.00,4.00
669575.00,2019-06-30 17:53:33.575,21.33,858.68,0.00,1.51,0.00,2.00,1.00,122.39,8.34,12.05,66.09,76.26,-195.60,32.48,0.83,0.75,16.00,6879.70,-56.00,0.00,4.00
669675.00,2019-06-30 17:53:33.675,21.26,859.27,0.00,1.51,0.00,2.00,1.00,122.47,8.34,12.07,66.09,76.37,-193.15,32.48,0.75,0.62,16.00,6879.70,-56.00,0.00,4.00
669775.00,2019-06-30 17:53:33.775,21.22,859.85,0.00,1.51,0.00,2.00,1.00,122.56,8.34,11.93,66.16,76.37,-193.15,32.48,0.65,0.68,16.00,6879.70,-56.00,0.00,4.00
669875.00,2019-06-30 17:53:33.875,21.16,860.44,0.00,1.51,0.00,2.00,1.00,122.64,8.34,12.06,66.16,76.37,-191.20,32.48,0.69,0.65,16.00,6879.70,-56.00,0.00,4.00
669975.00,2019-06-30 17:53:33.975,21.10,861.03,0.00,1.51,0.00,2.00,1.00,122.72,8.34,12.08,66.16,76.35,-191.20,32.63,0.97,1.09,16.00,6879.70,-56.00,0.00,4.00
670075.00,2019-06-30 17:53:34.075,21.01,861.61,0.00,1.51,0.00,2.00,1.00,122.81,8.34,11.91,66.03,76.35,-191.20,32.63,1.82,1.49,16.00,6879.70,-56.00,0.00,4.00
670175.00,2019-06-30 17:53:34.175,20.95,862.08,0.00,1.51,0.00,2.00,1.00,122.87,8.34,12.08,66.03,76.40,-188.98,32.63,2.75,2.02,16.00,6879.70,-56.00,0.00,4.00
670275.00,2019-06-30 17:53:34.275,20.87,862.66,0.00,1.51,0.00,2.00,1.00,122.96,8.34,12.06,66.13,76.40,-188.98,32.63,3.08,2.23,16.00,6879.70,-56.00,0.00,4.00
670375.00,2019-06-30 17:53:34.375,20.65,863.25,0.00,1.51,0.00,2.00,1.00,123.04,8.34,11.94,66.13,76.40,-186.80,32.67,3.40,2.49,16.00,6879.70,-56.00,0.00,4.00
670475.00,2019-06-30 17:53:34.475,20.52,863.83,0.00,1.51,0.00,2.00,1.00,123.12,8.34,12.07,66.13,76.44,-186.80,32.67,3.52,2.58,16.00,6879.70,-56.00,0.00,4.00
670575.00,2019-06-30 17:53:34.575,20.33,864.42,0.00,1.51,0.00,2.00,1.00,123.21,8.34,12.07,66.14,76.44,-186.80,32.67,3.57,2.61,16.00,6879.70,-56.00,0.00,4.00
670675.00,2019-06-30 17:53:34.675,20.07,864.89,0.00,1.51,0.00,2.00,1.00,123.27,8.34,12.07,66.14,76.52,-184.80,32.67,3.58,2.57,16.00,6879.70,-56.00,0.00,4.00
670775.00,2019-06-30 17:53:34.775,19.97,865.47,0.00,1.51,0.00,2.00,1.00,123.36,8.34,12.07,66.16,76.52,-184.80,32.72,3.59,2.62,16.00,6879.70,-56.00,0.00,4.00
670875.00,2019-06-30 17:53:34.875,19.83,866.06,0.00,1.51,0.00,2.00,1.00,123.44,8.34,12.08,66.16,76.52,-184.80,32.72,3.58,2.59,16.00,6879.70,-56.00,0.00,4.00
670975.00,2019-06-30 17:53:34.975,19.50,866.53,0.00,1.51,0.00,2.00,1.00,123.51,8.34,11.91,66.16,76.58,-182.74,32.72,3.56,2.56,16.00,6879.70,-56.00,0.00,4.00
671075.00,2019-06-30 17:53:35.075,19.42,867.11,0.00,1.51,0.00,2.00,1.00,123.59,8.34,12.07,66.15,76.58,-182.74,32.72,3.54,2.56,16.00,6879.70,-56.00,0.00,4.00
671175.00,2019-06-30 17:53:35.175,19.23,867.58,0.00,1.51,0.00,2.00,1.00,123.66,8.34,12.05,66.15,76.63,-181.03,32.72,3.53,2.56,16.00,6879.70,-56.00,0.00,4.00
671275.00,2019-06-30 17:53:35.275,18.95,868.16,0.00,1.51,0.00,2.00,1.00,123.74,8.34,11.93,66.15,76.63,-181.03,32.72,3.54,2.53,16.00,6879.70,-56.00,0.00,4.00
671375.00,2019-06-30 17:53:35.375,18.83,868.63,0.00,1.51,0.00,2.00,1.00,123.81,8.34,12.07,66.26,76.63,-181.03,32.72,3.42,2.57,16.00,6879.70,-56.00,0.00,4.00
671475.00,2019-06-30 17:53:35.475,18.64,869.10,0.00,1.51,0.00,2.00,1.00,123.87,8.34,12.05,66.26,76.66,-179.16,32.72,3.39,2.49,16.00,6879.70,-56.00,0.00,4.00
671575.00,2019-06-30 17:53:35.575,18.39,869.69,0.00,1.51,0.00,2.00,1.00,123.96,8.34,11.94,66.19,76.66,-179.16,32.76,3.30,2.43,16.00,6879.70,-56.00,0.00,4.00
671675.00,2019-06-30 17:53:35.675,18.14,870.15,0.00,1.51,0.00,2.00,1.00,124.02,8.34,12.07,66.19,76.67,-177.52,32.76,2.78,2.12,16.00,6879.70,-56.00,0.00,4.00
671775.00,2019-06-30 17:53:35.775,18.06,870.62,0.00,1.51,0.00,2.00,1.00,124.09,8.34,12.07,66.19,76.67,-177.52,32.76,2.67,2.09,16.00,6879.70,-56.00,0.00,4.00
671875.00,2019-06-30 17:53:35.875,17.89,871.09,0.00,1.51,0.00,2.00,1.00,124.16,8.34,12.06,66.24,76.67,-177.52,32.76,2.69,2.10,16.00,6879.70,-56.00,0.00,4.00
671975.00,2019-06-30 17:53:35.975,17.68,871.56,0.00,1.51,0.00,2.00,1.00,124.22,8.34,12.06,66.24,76.73,-175.84,32.79,2.75,2.12,16.00,6879.70,-56.00,0.00,4.00
672075.00,2019-06-30 17:53:36.075,17.53,872.03,0.00,1.51,0.00,2.00,1.00,124.29,8.34,11.92,66.29,76.73,-175.84,32.79,2.80,2.12,16.00,6879.70,-56.00,0.00,4.00
672175.00,2019-06-30 17:53:36.175,17.39,872.61,0.00,1.51,0.00,2.00,1.00,124.37,8.34,12.08,66.29,76.70,-175.84,32.79,2.81,2.14,16.00,6879.70,-56.00,0.00,4.00
672275.00,2019-06-30 17:53:36.275,17.22,873.08,0.00,1.51,0.00,2.00,1.00,124.44,8.34,12.06,66.29,76.70,-173.99,32.79,2.82,2.13,16.00,6879.70,-56.00,0.00,4.00
672375.00,2019-06-30 17:53:36.375,16.99,873.55,0.00,1.51,0.00,2.00,1.00,124.51,8.34,11.92,66.24,76.70,-173.99,32.85,2.81,2.14,16.00,6879.70,-56.00,0.00,4.00
672475.00,2019-06-30 17:53:36.475,16.86,873.90,0.00,1.51,0.00,2.00,1.00,124.56,8.34,12.06,66.24,76.79,-172.54,32.85,2.84,2.11,16.00,6879.70,-56.00,0.00,4.00
672575.00,2019-06-30 17:53:36.575,16.74,874.37,0.00,1.51,0.00,2.00,1.00,124.63,8.34,12.07,66.24,76.79,-172.54,32.85,2.81,2.13,16.00,6879.70,-56.00,0.00,4.00
672675.00,2019-06-30 17:53:36.675,16.58,874.84,0.00,1.51,0.00,2.00,1.00,124.69,8.34,12.05,66.24,76.88,-172.54,32.85,2.76,2.13,16.00,6879.70,-56.00,0.00,4.00
672775.00,2019-06-30 17:53:36.775,16.34,875.30,0.00,1.51,0.00,2.00,1.00,124.76,8.34,12.07,66.24,76.88,-171.26,32.86,2.74,2.17,16.00,6879.70,-56.00,0.00,4.00
672875.00,2019-06-30 17:53:36.875,16.23,875.77,0.00,1.51,0.00,2.00,1.00,124.83,8.34,12.08,66.30,76.88,-171.26,32.86,2.76,2.12,16.00,6879.70,-56.00,0.00,4.00
672975.00,2019-06-30 17:53:36.975,16.09,876.24,0.00,1.51,0.00,2.00,1.00,124.89,8.34,12.07,66.30,76.81,-169.65,32.86,2.76,2.09,16.00,6879.70,-56.00,0.00,4.00
673075.00,2019-06-30 17:53:37.075,15.97,876.59,0.00,1.51,0.00,2.00,1.00,124.94,8.34,11.93,66.30,76.81,-169.65,32.86,2.72,2.11,16.00,6879.70,-56.00,0.00,4.00
673175.00,2019-06-30 17:53:37.175,15.69,877.06,0.00,1.51,0.00,2.00,1.00,125.01,8.34,12.07,66.19,76.96,-169.65,32.92,2.73,2.14,16.00,6879.70,-56.00,0.00,4.00
673275.00,2019-06-30 17:53:37.275,15.60,877.41,0.00,1.51,0.00,2.00,1.00,125.06,8.34,12.08,66.19,76.96,-168.13,32.92,2.73,2.07,16.00,6879.70,-56.00,0.00,4.00
673375.00,2019-06-30 17:53:37.375,15.42,877.88,0.00,1.51,0.00,2.00,1.00,125.13,8.34,12.05,66.24,76.96,-168.13,32.92,2.73,2.12,16.00,6879.70,-56.00,0.00,4.00
673475.00,2019-06-30 17:53:37.475,15.28,878.35,0.00,1.51,0.00,2.00,1.00,125.19,8.34,12.05,66.24,77.00,-168.13,32.92,2.72,2.08,16.00,6879.70,-56.00,0.00,4.00
673575.00,2019-06-30 17:53:37.575,15.02,878.70,0.00,1.51,0.00,2.00,1.00,125.24,8.34,12.06,66.24,77.00,-166.84,32.95,2.70,2.13,16.00,6879.70,-56.00,0.00,4.00
673675.00,2019-06-30 17:53:37.675,14.91,879.17,0.00,1.51,0.00,2.00,1.00,125.31,8.34,12.06,66.28,77.01,-166.84,32.95,2.74,2.09,16.00,6879.70,-56.00,0.00,4.00
673775.00,2019-06-30 17:53:37.775,14.77,879.52,0.00,1.51,0.00,2.00,1.00,125.36,8.34,11.94,66.28,77.01,-165.50,32.95,2.70,2.11,16.00,6879.70,-56.00,0.00,4.00
673875.00,2019-06-30 17:53:37.875,14.64,879.87,0.00,1.51,0.00,2.00,1.00,125.41,8.34,12.05,66.28,77.01,-165.50,32.95,2.68,2.07,16.00,6879.70,-56.00,0.00,4.00
673975.00,2019-06-30 17:53:37.975,14.42,880.34,0.00,1.51,0.00,2.00,1.00,125.48,8.34,11.93,66.29,76.98,-165.50,33.04,2.66,2.05,16.00,6879.70,-56.00,0.00,4.00
674075.00,2019-06-30 17:53:38.075,14.22,880.69,0.00,1.51,0.00,2.00,1.00,125.53,8.34,12.07,66.29,76.98,-164.05,33.04,2.65,2.07,16.00,6879.70,-56.00,0.00,4.00
674175.00,2019-06-30 17:53:38.175,14.16,881.04,0.00,1.51,0.00,2.00,1.00,125.58,8.34,12.07,66.27,77.05,-164.05,33.04,2.82,2.13,16.00,6879.70,-56.00,0.00,4.00
674275.00,2019-06-30 17:53:38.275,13.95,881.51,0.00,1.51,0.00,2.00,1.00,125.64,8.34,11.93,66.27,77.05,-162.92,33.04,2.87,2.17,16.00,6879.70,-56.00,0.00,4.00
674375.00,2019-06-30 17:53:38.375,13.81,881.86,0.00,1.51,0.00,2.00,1.00,125.69,8.34,12.05,66.27,77.05,-162.92,33.02,2.93,2.22,16.00,6879.70,-56.00,0.00,4.00
674475.00,2019-06-30 17:53:38.475,13.61,882.21,0.00,1.51,0.00,2.00,1.00,125.74,8.34,11.94,66.22,77.05,-162.92,33.02,2.94,2.25,16.00,6879.70,-56.00,0.00,4.00
674575.00,2019-06-30 17:53:38.575,13.46,882.56,0.00,1.51,0.00,2.00,1.00,125.79,8.34,12.04,66.22,77.05,-161.71,33.02,2.92,2.23,16.00,6879.70,-56.00,0.00,4.00
674675.00,2019-06-30 17:53:38.675,13.28,882.91,0.00,1.51,0.00,2.00,1.00,125.84,8.34,11.93,66.36,77.12,-161.71,33.02,2.89,2.19,16.00,6879.70,-56.00,0.00,4.00
674775.00,2019-06-30 17:53:38.775,13.14,883.26,0.00,1.51,0.00,2.00,1.00,125.89,8.34,12.08,66.36,77.12,-161.71,32.99,2.83,2.17,16.00,6879.70,-56.00,0.00,4.00
674875.00,2019-06-30 17:53:38.875,13.04,883.61,0.00,1.51,0.00,2.00,1.00,125.94,8.34,12.04,66.36,77.12,-160.44,32.99,2.74,2.07,16.00,6879.70,-56.00,0.00,4.00
674975.00,2019-06-30 17:53:38.975,12.78,883.96,0.00,1.51,0.00,2.00,1.00,125.99,8.34,11.94,66.27,77.10,-160.44,32.99,2.53,1.99,16.00,6879.70,-56.00,0.00,4.00
675075.00,2019-06-30 17:53:39.075,12.60,884.32,0.00,1.51,0.00,2.00,1.00,126.04,8.34,12.05,66.27,77.10,-159.47,32.99,2.25,1.82,16.00,6879.70,-56.00,0.00,4.00
675175.00,2019-06-30 17:53:39.175,12.51,884.67,0.00,1.51,0.00,2.00,1.00,126.09,8.34,12.08,66.27,77.13,-159.47,33.07,2.08,1.66,16.00,6879.70,-56.00,0.00,4.00
675275.00,2019-06-30 17:53:39.275,12.37,885.02,0.00,1.51,0.00,2.00,1.00,126.14,8.34,11.91,66.29,77.13,-159.47,33.07,1.89,1.53,16.00,6879.70,-56.00,0.00,4.00
675375.00,2019-06-30 17:53:39.375,12.28,885.37,0.00,1.51,0.00,2.00,1.00,126.19,8.34,12.07,66.29,77.13,-158.28,33.07,1.70,1.39,16.00,6879.70,-56.00,0.00,4.00
675475.00,2019-06-30 17:53:39.475,12.09,885.72,0.00,1.51,0.00,2.00,1.00,126.24,8.34,12.07,66.29,77.14,-158.28,33.07,1.61,1.34,16.00,6879.70,-56.00,0.00,4.00
675575.00,2019-06-30 17:53:39.575,11.96,885.95,0.00,1.51,0.00,1.00,1.00,126.28,8.34,11.75,66.29,77.14,-157.09,33.08,1.64,1.21,16.00,6879.70,-56.00,0.00,4.00
675675.00,2019-06-30 17:53:39.675,11.89,886.30,0.00,1.51,0.00,1.00,1.00,126.33,8.34,12.00,66.29,77.21,-157.09,33.08,1.65,1.03,16.00,6879.70,-56.00,0.00,4.00
675775.00,2019-06-30 17:53:39.775,11.81,886.66,0.00,1.51,0.00,1.00,1.00,126.38,8.34,12.04,66.22,77.21,-157.09,33.08,1.66,1.37,16.00,6879.70,-56.00,0.00,4.00
675875.00,2019-06-30 17:53:39.875,11.76,887.01,0.00,1.51,0.00,1.00,1.00,126.43,8.34,12.05,66.22,77.21,-155.90,33.08,1.66,1.35,16.00,6879.70,-56.00,0.00,4.00
675975.00,2019-06-30 17:53:39.975,11.65,887.24,0.00,1.51,0.00,1.00,1.00,126.46,8.34,12.05,66.36,77.21,-155.90,33.09,1.66,1.36,16.00,6879.70,-56.00,0.00,4.00
676075.00,2019-06-30 17:53:40.075,11.45,887.59,0.00,1.51,0.00,1.00,1.00,126.51,8.34,11.92,66.36,77.21,-155.90,33.09,1.67,1.37,16.00,6879.70,-56.00,0.00,4.00
676175.00,2019-06-30 17:53:40.175,11.42,887.94,0.00,1.51,0.00,1.00,1.00,126.56,8.34,11.94,66.36,77.23,-154.90,33.09,1.60,1.32,16.00,6879.70,-56.00,0.00,4.00
676275.00,2019-06-30 17:53:40.275,11.36,888.18,0.00,1.51,0.00,1.00,1.00,126.59,8.34,12.05,66.27,77.23,-154.90,33.09,1.58,1.33,16.00,6879.70,-56.00,0.00,4.00
676375.00,2019-06-30 17:53:40.375,11.23,888.53,0.00,1.51,0.00,1.00,1.00,126.64,8.34,11.95,66.27,77.23,-153.85,33.19,1.59,1.32,16.00,6879.70,-56.00,0.00,4.00
676475.00,2019-06-30 17:53:40.475,11.17,888.88,0.00,1.51,0.00,1.00,1.00,126.69,8.34,12.07,66.27,77.24,-153.85,33.19,1.51,1.23,16.00,6879.70,-56.00,0.00,4.00
676575.00,2019-06-30 17:53:40.575,11.05,889.11,0.00,1.51,0.00,1.00,1.00,126.73,8.34,11.92,66.26,77.24,-153.85,33.19,1.41,1.19,16.00,6879.70,-56.00,0.00,4.00
676675.00,2019-06-30 17:53:40.675,10.90,889.46,0.00,1.51,0.00,1.00,1.00,126.78,8.34,12.06,66.26,77.29,-152.88,33.19,1.23,1.06,16.00,6879.70,-56.00,0.00,4.00
676775.00,2019-06-30 17:53:40.775,10.91,889.70,0.00,1.51,0.00,1.00,1.00,126.81,8.34,12.06,66.31,77.29,-152.88,33.34,1.19,1.05,16.00,6879.70,-56.00,0.00,4.00
676875.00,2019-06-30 17:53:40.875,10.81,890.05,0.00,1.51,0.00,1.00,1.00,126.86,8.34,11.95,66.31,77.29,-151.96,33.34,1.17,1.01,16.00,6879.70,-56.00,0.00,4.00
676975.00,2019-06-30 17:53:40.975,10.75,890.28,0.00,1.51,0.00,1.00,1.00,126.89,8.34,12.04,66.31,77.26,-151.96,33.34,1.10,0.98,16.00,6879.70,-56.00,0.00,4.00
677075.00,2019-06-30 17:53:41.075,10.68,890.64,0.00,1.51,0.00,1.00,1.00,126.94,8.34,12.07,66.24,77.26,-151.96,33.34,0.78,0.62,16.00,6879.70,-56.00,0.00,4.00
677175.00,2019-06-30 17:53:41.175,10.63,890.87,0.00,1.51,0.00,1.00,1.00,126.98,8.34,11.92,66.24,77.28,-151.00,33.25,0.57,0.63,16.00,6879.70,-56.00,0.00,4.00
677275.00,2019-06-30 17:53:41.275,10.57,891.22,0.00,1.51,0.00,1.00,1.00,127.03,8.34,12.06,66.23,77.28,-151.00,33.25,0.56,0.53,16.00,6879.70,-56.00,0.00,4.00
677375.00,2019-06-30 17:53:41.375,10.56,891.45,0.00,1.51,0.00,1.00,1.00,127.06,8.34,12.07,66.23,77.28,-151.00,33.25,0.51,0.55,16.00,6879.70,-56.00,0.00,4.00
677475.00,2019-06-30 17:53:41.475,10.51,891.81,0.00,1.51,0.00,1.00,1.00,127.11,8.34,11.91,66.23,77.28,-150.05,33.25,0.50,0.53,16.00,6879.70,-56.00,0.00,4.00
677575.00,2019-06-30 17:53:41.575,10.49,892.04,0.00,1.51,0.00,1.00,1.00,127.14,8.34,11.93,66.28,77.28,-150.05,33.19,0.50,0.55,16.00,6879.70,-56.00,0.00,4.00
677675.00,2019-06-30 17:53:41.675,10.46,892.39,0.00,1.51,0.00,1.00,1.00,127.19,8.34,12.07,66.28,77.40,-149.13,33.19,0.50,0.54,16.00,6879.70,-56.00,0.00,4.00
677775.00,2019-06-30 17:53:41.775,10.40,892.62,0.00,1.51,0.00,1.00,1.00,127.23,8.34,12.05,66.28,77.40,-149.13,33.19,0.52,0.55,16.00,6879.70,-56.00,0.00,4.00
677875.00,2019-06-30 17:53:41.875,10.35,892.98,0.00,1.51,0.00,1.00,1.00,127.28,8.34,11.95,66.29,77.40,-149.13,33.19,0.49,0.55,16.00,6879.70,-56.00,0.00,4.00
677975.00,2019-06-30 17:53:41.975,10.35,893.21,0.00,1.51,0.00,1.00,1.00,127.31,8.34,12.05,66.29,77.43,-148.09,33.30,0.52,0.54,16.00,6879.70,-56.00,0.00,4.00
678075.00,2019-06-30 17:53:42.075,10.33,893.44,0.00,1.51,0.00,1.00,1.00,127.34,8.34,12.07,66.23,77.43,-148.09,33.30,0.51,0.55,16.00,6879.70,-56.00,0.00,4.00
678175.00,2019-06-30 17:53:42.175,10.32,893.79,0.00,1.51,0.00,1.00,1.00,127.39,8.34,11.93,66.23,77.36,-147.22,33.30,0.51,0.54,16.00,6879.70,-56.00,0.00,4.00
678275.00,2019-06-30 17:53:42.275,10.30,894.03,0.00,1.51,0.00,1.00,1.00,127.43,8.34,12.06,66.23,77.36,-147.22,33.30,0.51,0.58,16.00,6879.70,-56.00,0.00,4.00
678375.00,2019-06-30 17:53:42.375,10.21,894.38,0.00,1.51,0.00,1.00,1.00,127.48,8.34,12.05,66.28,77.36,-147.22,33.41,0.50,0.54,16.00,6879.70,-56.00,0.00,4.00
678475.00,2019-06-30 17:53:42.475,10.18,894.61,0.00,1.51,0.00,1.00,1.00,127.51,8.34,12.04,66.28,77.38,-146.29,33.41,0.53,0.56,16.00,6879.70,-56.00,0.00,4.00
678575.00,2019-06-30 17:53:42.575,10.17,894.85,0.00,1.51,0.00,1.00,1.00,127.54,8.34,12.07,66.28,77.38,-146.29,33.41,0.53,0.59,16.00,6879.70,-56.00,0.00,4.00
678675.00,2019-06-30 17:53:42.675,10.14,895.20,0.00,1.51,0.00,1.00,1.00,127.59,8.34,11.92,66.28,77.42,-146.29,33.41,0.97,1.09,16.00,6879.70,-56.00,0.00,4.00
678775.00,2019-06-30 17:53:42.775,10.14,895.43,0.00,1.51,0.00,1.00,1.00,127.63,8.34,12.07,66.28,77.42,-145.58,33.40,1.92,1.63,16.00,6879.70,-56.00,0.00,4.00
678875.00,2019-06-30 17:53:42.875,10.08,895.78,0.00,1.51,0.00,1.00,1.00,127.68,8.34,11.94,66.28,77.42,-145.58,33.40,2.75,2.03,16.00,6879.70,-56.00,0.00,4.00
678975.00,2019-06-30 17:53:42.975,9.93,896.02,0.00,1.51,0.00,1.00,1.00,127.71,8.34,12.05,66.28,77.47,-144.73,33.40,3.22,2.30,16.00,6879.70,-56.00,0.00,4.00
679075.00,2019-06-30 17:53:43.075,9.81,896.25,0.00,1.51,0.00,1.00,1.00,127.74,8.34,12.08,66.28,77.47,-144.73,33.40,3.29,2.40,16.00,6879.70,-56.00,0.00,4.00
679175.00,2019-06-30 17:53:43.175,9.68,896.49,0.00,1.51,0.00,1.00,1.00,127.78,8.34,11.91,66.38,77.45,-144.73,33.42,3.35,2.42,16.00,6879.70,-56.00,0.00,4.00
679275.00,2019-06-30 17:53:43.275,9.51,896.84,0.00,1.51,0.00,1.00,1.00,127.83,8.34,12.07,66.38,77.45,-143.94,33.42,3.54,2.51,16.00,6879.70,-56.00,0.00,4.00
679375.00,2019-06-30 17:53:43.375,9.34,897.07,0.00,1.51,0.00,1.00,1.00,127.86,8.34,12.06,66.22,77.45,-143.94,33.42,3.54,2.52,16.00,6879.70,-56.00,0.00,4.00
679475.00,2019-06-30 17:53:43.475,9.18,897.31,0.00,1.51,0.00,1.00,1.00,127.89,8.34,11.92,66.22,77.54,-143.05,33.42,3.53,2.51,16.00,6879.70,-56.00,0.00,4.00
679575.00,2019-06-30 17:53:43.575,9.06,897.54,0.00,1.51,0.00,1.00,1.00,127.93,8.34,12.08,66.22,77.54,-143.05,33.44,3.50,2.51,16.00,6879.70,-56.00,0.00,4.00
679675.00,2019-06-30 17:53:43.675,8.84,897.77,0.00,1.51,0.00,1.00,1.00,127.96,8.34,12.04,66.36,77.49,-143.05,33.44,3.49,2.49,16.00,6879.70,-56.00,0.00,4.00
679775.00,2019-06-30 17:53:43.775,8.60,898.01,0.00,1.51,0.00,1.00,1.00,127.99,8.34,11.95,66.36,77.49,-142.27,33.44,3.46,2.49,16.00,6879.70,-56.00,0.00,4.00
679875.00,2019-06-30 17:53:43.875,8.45,898.24,0.00,1.51,0.00,1.00,1.00,128.03,8.34,12.05,66.33,77.49,-142.27,33.44,3.46,2.49,16.00,6879.70,-56.00,0.00,4.00
679975.00,2019-06-30 17:53:43.975,8.28,898.48,0.00,1.51,0.00,1.00,1.00,128.06,8.34,12.06,66.33,77.49,-142.27,33.50,3.48,2.52,16.00,6879.70,-56.00,0.00,4.00
680075.00,2019-06-30 17:53:44.075,8.17,898.59,0.00,1.51,0.00,1.00,1.00,128.08,8.34,11.94,66.33,77.49,-141.43,33.50,3.54,2.57,16.00,6879.70,-56.00,0.00,4.00
680175.00,2019-06-30 17:53:44.175,7.95,898.83,0.00,1.51,0.00,1.00,1.00,128.11,8.34,12.05,66.28,77.62,-141.43,33.50,3.98,2.83,16.00,6879.70,-56.00,0.00,4.00
680275.00,2019-06-30 17:53:44.275,7.75,899.06,0.00,1.51,0.00,1.00,1.00,128.14,8.34,11.93,66.28,77.62,-140.66,33.50,4.08,2.90,16.00,6879.70,-56.00,0.00,4.00
680375.00,2019-06-30 17:53:44.375,7.50,899.30,0.00,1.51,0.00,1.00,1.00,128.18,8.34,11.93,66.28,77.62,-140.66,33.55,4.07,2.88,16.00,6879.70,-56.00,0.00,4.00
680475.00,2019-06-30 17:53:44.475,7.38,899.41,0.00,1.51,0.00,1.00,1.00,128.19,8.34,12.05,66.26,77.49,-140.66,33.55,4.06,2.87,16.00,6879.70,-56.00,0.00,4.00
680575.00,2019-06-30 17:53:44.575,7.08,899.65,0.00,1.51,0.00,1.00,1.00,128.23,8.34,11.93,66.26,77.49,-139.98,33.55,4.05,2.87,16.00,6879.70,-56.00,0.00,4.00
680675.00,2019-06-30 17:53:44.675,6.91,899.76,0.00,1.51,0.00,1.00,1.00,128.24,8.34,12.06,66.33,77.54,-139.98,33.55,4.05,2.88,16.00,6879.70,-56.00,0.00,4.00
680775.00,2019-06-30 17:53:44.775,6.63,900.00,0.00,1.51,0.00,1.00,1.00,128.28,8.34,12.08,66.33,77.54,-139.21,33.51,4.02,2.87,16.00,6879.70,-56.00,0.00,4.00
680875.00,2019-06-30 17:53:44.875,6.50,900.11,0.00,1.51,0.00,1.00,1.00,128.29,8.34,11.91,66.33,77.54,-139.21,33.51,4.01,2.85,16.00,6879.70,-56.00,0.00,4.00
680975.00,2019-06-30 17:53:44.975,6.20,900.35,0.00,1.51,0.00,1.00,1.00,128.33,8.34,12.07,66.34,77.59,-139.21,33.51,3.90,2.81,16.00,6879.70,-56.00,0.00,4.00
681075.00,2019-06-30 17:53:45.075,6.05,900.47,0.00,1.51,0.00,1.00,1.00,128.34,8.34,12.06,66.34,77.59,-138.45,33.51,3.86,2.80,16.00,6879.70,-56.00,0.00,4.00
681175.00,2019-06-30 17:53:45.175,5.86,900.58,0.00,1.51,0.00,1.00,1.00,128.36,8.34,11.93,66.33,77.59,-138.45,33.57,3.84,2.77,16.00,6879.70,-56.00,0.00,4.00
681275.00,2019-06-30 17:53:45.275,5.53,900.82,0.00,1.51,0.00,1.00,1.00,128.40,8.34,12.07,66.33,77.59,-138.45,33.57,3.78,2.75,16.00,6879.70,-56.00,0.00,4.00
681375.00,2019-06-30 17:53:45.375,5.38,900.93,0.00,1.51,0.00,1.00,1.00,128.41,8.34,12.05,66.33,77.59,-137.74,33.57,3.76,2.72,16.00,6879.70,-56.00,0.00,4.00
681475.00,2019-06-30 17:53:45.475,5.21,901.05,0.00,1.51,0.00,1.00,1.00,128.43,8.34,12.06,66.30,77.54,-137.74,33.57,3.65,2.68,16.00,6879.70,-56.00,0.00,4.00
681575.00,2019-06-30 17:53:45.575,4.99,901.17,0.00,1.51,0.00,1.00,1.00,128.45,8.34,12.07,66.30,77.54,-137.02,33.68,3.56,2.62,16.00,6879.70,-56.00,0.00,4.00
681675.00,2019-06-30 17:53:45.675,4.80,901.29,0.00,1.51,0.00,1.00,1.00,128.46,8.34,11.91,66.30,77.57,-137.02,33.68,3.32,2.47,16.00,6879.70,-56.00,0.00,4.00
681775.00,2019-06-30 17:53:45.775,4.58,901.40,0.00,1.51,0.00,1.00,1.00,128.48,8.34,12.08,66.23,77.57,-137.02,33.68,3.09,2.37,16.00,6879.70,-56.00,0.00,4.00
681875.00,2019-06-30 17:53:45.875,4.36,901.52,0.00,1.51,0.00,1.00,1.00,128.50,8.34,12.07,66.23,77.57,-136.46,33.68,2.94,2.24,16.00,6879.70,-56.00,0.00,4.00
681975.00,2019-06-30 17:53:45.975,4.18,901.64,0.00,1.51,0.00,1.00,1.00,128.51,8.34,12.06,66.36,77.62,-136.46,33.64,2.66,2.08,16.00,6879.70,-56.00,0.00,4.00
682075.00,2019-06-30 17:53:46.075,4.00,901.75,0.00,1.51,0.00,1.00,1.00,128.53,8.34,11.93,66.36,77.62,-135.76,33.64,2.47,1.91,16.00,6879.70,-56.00,0.00,4.00
682175.00,2019-06-30 17:53:46.175,3.82,901.87,0.00,1.51,0.00,1.00,1.00,128.55,8.34,12.06,66.36,77.71,-135.76,33.64,2.08,1.67,16.00,6879.70,-56.00,0.00,4.00
682275.00,2019-06-30 17:53:46.275,3.82,901.87,0.00,1.51,0.00,1.00,1.00,128.55,8.34,11.95,66.29,77.71,-135.76,33.64,1.77,1.43,16.00,6879.70,-56.00,0.00,4.00
682375.00,2019-06-30 17:53:46.375,3.65,901.99,0.00,1.51,0.00,1.00,1.00,128.56,8.34,11.95,66.29,77.71,-135.13,33.71,1.47,1.17,16.00,6879.70,-56.00,0.00,4.00
682475.00,2019-06-30 17:53:46.475,3.50,902.10,0.00,1.51,0.00,1.00,1.00,128.58,8.34,12.08,66.38,77.71,-135.13,33.71,1.18,0.97,16.00,6879.70,-56.00,0.00,4.00
682575.00,2019-06-30 17:53:46.575,3.36,902.22,0.00,1.51,0.00,1.00,1.00,128.60,8.34,11.92,66.38,77.71,-135.13,33.71,1.00,0.88,16.00,6879.70,-56.00,0.00,4.00
682675.00,2019-06-30 17:53:46.675,3.36,902.22,0.00,1.51,0.00,1.00,1.00,128.60,8.34,11.93,66.38,77.66,-134.41,33.71,0.82,0.76,16.00,6879.70,-56.00,0.00,4.00
682775.00,2019-06-30 17:53:46.775,3.27,902.34,0.00,1.51,0.00,1.00,1.00,128.61,8.34,12.06,66.31,77.66,-134.41,33.73,0.66,0.63,16.00,6879.70,-56.00,0.00,4.00
682875.00,2019-06-30 17:53:46.875,3.21,902.46,0.00,1.51,0.00,1.00,1.00,128.63,8.34,11.94,66.31,77.66,-133.74,33.73,0.48,0.46,16.00,6879.70,-56.00,0.00,4.00
682975.00,2019-06-30 17:53:46.975,3.14,902.57,0.00,1.51,0.00,1.00,1.00,128.65,8.34,12.04,66.31,77.66,-133.74,33.73,0.26,0.31,16.00,6879.70,-56.00,0.00,4.00
683075.00,2019-06-30 17:53:47.075,3.14,902.57,0.00,1.51,0.00,1.00,1.00,128.65,8.34,12.07,66.40,77.66,-133.74,33.73,0.09,0.18,16.00,6879.70,-56.00,0.00,4.00
683175.00,2019-06-30 17:53:47.175,3.09,902.69,0.00,1.51,0.00,1.00,1.00,128.66,8.34,11.92,66.40,77.62,-133.27,33.71,-0.04,0.07,16.00,6879.70,-56.00,0.00,4.00
683275.00,2019-06-30 17:53:47.275,3.07,902.81,0.00,1.51,0.00,1.00,1.00,128.68,8.34,12.06,66.29,77.62,-133.27,33.71,-0.15,-0.02,16.00,6879.70,-56.00,0.00,4.00
683375.00,2019-06-30 17:53:47.375,3.01,902.92,0.00,1.51,0.00,1.00,1.00,128.70,8.34,12.07,66.29,77.62,-132.49,33.71,-0.20,0.09,16.00,6879.70,-56.00,0.00,4.00
683475.00,2019-06-30 17:53:47.475,3.01,902.92,0.00,1.51,0.00,1.00,1.00,128.70,8.34,11.91,66.29,77.59,-132.49,33.71,-0.20,0.06,16.00,6879.70,-56.00,0.00,4.00
683575.00,2019-06-30 17:53:47.575,2.99,903.04,0.00,1.51,0.00,1.00,1.00,128.71,8.34,12.07,66.30,77.59,-132.49,33.80,-0.20,0.07,16.00,6879.70,-56.00,0.00,4.00
683675.00,2019-06-30 17:53:47.675,2.95,903.16,0.00,1.51,0.00,1.00,1.00,128.73,8.34,11.94,66.30,77.63,-132.06,33.80,-0.22,0.07,16.00,6879.70,-56.00,0.00,4.00
683775.00,2019-06-30 17:53:47.775,2.94,903.16,0.00,1.51,0.00,1.00,1.00,128.73,8.34,12.05,66.38,77.63,-132.06,33.80,-0.21,0.06,16.00,6879.70,-56.00,0.00,4.00
683875.00,2019-06-30 17:53:47.875,2.93,903.27,0.00,1.51,0.00,1.00,1.00,128.75,8.34,11.93,66.38,77.63,-132.06,33.80,-0.24,0.07,16.00,6879.70,-56.00,0.00,4.00
683975.00,2019-06-30 17:53:47.975,2.93,903.39,0.00,1.51,0.00,1.00,1.00,128.76,8.34,12.05,66.38,77.61,-131.38,33.76,-0.22,0.07,16.00,6879.70,-56.00,0.00,4.00
684075.00,2019-06-30 17:53:48.075,2.93,903.39,0.00,1.51,0.00,1.00,1.00,128.76,8.34,12.07,66.30,77.61,-131.38,33.76,-0.24,0.07,16.00,6879.70,-56.00,0.00,4.00
684175.00,2019-06-30 17:53:48.175,2.92,903.51,0.00,1.51,0.00,1.00,1.00,128.78,8.34,11.93,66.30,77.64,-130.78,33.76,-0.22,0.07,16.00,6879.70,-56.00,0.00,4.00
684275.00,2019-06-30 17:53:48.275,2.91,903.63,0.00,1.51,0.00,1.00,1.00,128.80,8.34,12.07,66.35,77.64,-130.78,33.76,-0.21,0.07,16.00,6879.70,-56.00,0.00,4.00
684375.00,2019-06-30 17:53:48.375,2.91,903.63,0.00,1.51,0.00,1.00,1.00,128.80,8.34,12.06,66.35,77.64,-130.78,33.80,-0.23,0.07,16.00,6879.70,-56.00,0.00,4.00
684475.00,2019-06-30 17:53:48.475,2.89,903.74,0.00,1.51,0.00,1.00,1.00,128.81,8.34,12.06,66.35,77.61,-130.25,33.80,-0.19,0.07,16.00,6879.70,-56.00,0.00,4.00
684575.00,2019-06-30 17:53:48.575,2.86,903.86,0.00,1.51,0.00,1.00,1.00,128.83,8.34,12.07,66.38,77.61,-130.25,33.80,-0.23,0.06,16.00,6879.70,-56.00,0.00,4.00
684675.00,2019-06-30 17:53:48.675,2.86,903.86,0.00,1.51,0.00,1.00,1.00,128.83,8.34,12.04,66.38,77.64,-129.70,33.80,-0.22,0.05,16.00,6879.70,-56.00,0.00,4.00
684775.00,2019-06-30 17:53:48.775,2.84,903.98,0.00,1.51,0.00,1.00,1.00,128.85,8.34,11.95,66.38,77.64,-129.70,33.86,-0.22,0.06,16.00,6879.70,-56.00,0.00,4.00
684875.00,2019-06-30 17:53:48.875,2.83,904.09,0.00,1.51,0.00,1.00,1.00,128.86,8.34,12.05,66.34,77.64,-129.70,33.86,-0.22,0.06,16.00,6879.70,-56.00,0.00,4.00
684975.00,2019-06-30 17:53:48.975,2.83,904.09,0.00,1.51,0.00,1.00,1.00,128.86,8.34,12.07,66.34,77.68,-129.16,33.86,-0.21,0.07,16.00,6879.70,-56.00,0.00,4.00
685075.00,2019-06-30 17:53:49.075,2.83,904.21,0.00,1.51,0.00,1.00,1.00,128.88,8.34,11.93,66.40,77.68,-129.16,33.86,-0.23,0.07,16.00,6879.70,-56.00,0.00,4.00
685175.00,2019-06-30 17:53:49.175,2.81,904.33,0.00,1.51,0.00,1.00,1.00,128.90,8.34,12.05,66.40,77.66,-129.16,33.87,-0.22,0.07,16.00,6879.70,-56.00,0.00,4.00
685275.00,2019-06-30 17:53:49.275,2.81,904.33,0.00,1.51,0.00,1.00,1.00,128.90,8.34,11.94,66.40,77.66,-128.56,33.87,-0.20,0.06,16.00,6879.70,-56.00,0.00,4.00
685375.00,2019-06-30 17:53:49.375,2.79,904.45,0.00,1.51,0.00,1.00,1.00,128.91,8.34,12.07,66.34,77.66,-128.56,33.87,-0.22,0.07,16.00,6879.70,-56.00,0.00,4.00
685475.00,2019-06-30 17:53:49.475,2.79,904.56,0.00,1.51,0.00,1.00,1.00,128.93,8.34,12.05,66.34,77.61,-127.99,33.87,-0.20,0.06,16.00,6879.70,-56.00,0.00,4.00
685575.00,2019-06-30 17:53:49.575,2.79,904.56,0.00,1.51,0.00,1.00,1.00,128.93,8.34,11.92,66.29,77.61,-127.99,33.82,-0.23,0.07,16.00,6879.70,-56.00,0.00,4.00
685675.00,2019-06-30 17:53:49.675,2.74,904.68,0.00,1.51,0.00,1.00,1.00,128.95,8.34,12.06,66.29,77.66,-127.99,33.82,-0.18,0.07,16.00,6879.70,-56.00,0.00,4.00
685775.00,2019-06-30 17:53:49.775,2.73,904.80,0.00,1.51,0.00,1.00,1.00,128.96,8.34,12.08,66.29,77.66,-127.52,33.82,-0.23,0.08,16.00,6879.70,-56.00,0.00,4.00
685875.00,2019-06-30 17:53:49.875,2.73,904.80,0.00,1.51,0.00,1.00,1.00,128.96,8.34,11.92,66.36,77.66,-127.52,33.82,-0.23,0.07,16.00,6879.70,-56.00,0.00,4.00
685975.00,2019-06-30 17:53:49.975,2.67,904.91,0.00,1.51,0.00,1.00,1.00,128.98,8.34,12.04,66.36,77.69,-126.99,33.88,-0.23,0.07,16.00,6879.70,-56.00,0.00,4.00
686075.00,2019-06-30 17:53:50.075,2.67,904.91,0.00,1.51,0.00,1.00,1.00,128.98,8.34,11.94,66.36,77.69,-126.99,33.88,-0.14,0.14,16.00,6879.70,-56.00,0.00,4.00
686175.00,2019-06-30 17:53:50.175,2.66,905.03,0.00,1.51,0.00,1.00,1.00,129.00,8.34,11.93,66.31,77.57,-126.99,33.88,0.96,1.61,16.00,6879.70,-56.00,0.00,4.00
686275.00,2019-06-30 17:53:50.275,2.63,905.15,0.00,1.51,0.00,1.00,1.00,129.01,8.34,12.06,66.31,77.57,-126.45,33.88,2.52,1.96,16.00,6879.70,-56.00,0.00,4.00
686375.00,2019-06-30 17:53:50.375,2.63,905.15,0.00,1.51,0.00,1.00,1.00,129.01,8.34,12.06,66.43,77.57,-126.45,33.98,3.87,2.60,16.00,6879.70,-56.00,0.00,4.00
686475.00,2019-06-30 17:53:50.475,2.52,905.26,0.00,1.51,0.00,1.00,1.00,129.03,8.34,11.94,66.43,77.69,-126.45,33.98,4.60,3.01,16.00,6879.70,-56.00,0.00,4.00
686575.00,2019-06-30 17:53:50.575,2.52,905.26,0.00,1.51,0.00,1.00,1.00,129.03,8.34,12.08,66.43,77.69,-125.89,33.98,5.37,3.45,16.00,6879.70,-56.00,0.00,4.00
686675.00,2019-06-30 17:53:50.675,2.26,905.38,0.00,1.51,0.00,1.00,1.00,129.05,8.34,11.92,66.28,77.73,-125.89,33.98,5.84,3.73,16.00,6879.70,-56.00,0.00,4.00
686775.00,2019-06-30 17:53:50.775,2.26,905.38,0.00,1.51,0.00,1.00,1.00,129.05,8.34,12.08,66.28,77.73,-125.46,33.95,5.85,3.78,16.00,6879.70,-56.00,0.00,4.00
686875.00,2019-06-30 17:53:50.875,2.26,905.38,0.00,1.51,0.00,1.00,1.00,129.05,8.34,12.05,66.38,77.73,-125.46,33.95,5.85,3.78,16.00,6879.70,-56.00,0.00,4.00
686975.00,2019-06-30 17:53:50.975,1.72,905.50,0.00,1.51,0.00,1.00,1.00,129.06,8.34,11.94,66.38,77.69,-125.46,33.95,5.80,3.77,16.00,6879.70,-56.00,0.00,4.00
687075.00,2019-06-30 17:53:51.075,1.72,905.50,0.00,1.51,0.00,1.00,1.00,129.06,8.34,12.05,66.38,77.69,-125.02,33.95,5.77,3.77,16.00,6879.70,-56.00,0.00,4.00
687175.00,2019-06-30 17:53:51.175,1.72,905.50,0.00,1.51,0.00,1.00,1.00,129.06,8.34,12.08,66.38,77.73,-125.02,34.05,5.84,3.80,16.00,6879.70,-56.00,0.00,4.00
687275.00,2019-06-30 17:53:51.275,1.72,905.50,0.00,1.51,0.00,1.00,1.00,129.06,8.34,12.07,66.38,77.73,-124.53,34.05,5.84,3.82,16.00,6879.70,-56.00,0.00,4.00
687375.00,2019-06-30 17:53:51.375,-0.00,905.50,0.00,1.51,0.00,1.00,1.00,129.06,8.34,11.92,66.38,77.73,-124.53,34.05,6.03,3.97,16.00,6879.70,-56.00,0.00,7.00
687475.00,2019-06-30 17:53:51.475,-0.00,905.50,0.00,1.51,0.00,1.00,1.00,129.06,8.34,12.08,66.38,77.76,-124.53,34.05,6.59,4.31,16.00,6879.70,-56.00,0.00,7.00
687575.00,2019-06-30 17:53:51.575,-0.00,905.50,0.00,1.51,0.00,1.00,1.00,129.06,8.34,12.06,66.38,77.76,-124.08,34.07,6.79,4.42,16.00,6879.70,-56.00,0.00,7.00
687675.00,2019-06-30 17:53:51.675,-0.00,905.50,0.00,1.51,0.00,1.00,1.00,129.06,8.34,11.93,66.38,77.66,-124.08,34.07,6.83,4.49,16.00,6879.70,-56.00,0.00,7.00
687775.00,2019-06-30 17:53:51.775,0.00,905.50,0.00,1.51,0.00,1.00,1.00,129.06,8.34,12.08,66.38,77.66,-124.08,34.07,6.79,4.47,16.00,6879.70,-56.00,0.00,7.00
687875.00,2019-06-30 17:53:51.875,0.00,905.50,0.00,1.51,0.00,1.00,1.00,129.06,8.34,11.91,66.38,77.66,-123.42,34.07,6.77,4.43,16.00,6879.70,-56.00,0.00,7.00
687975.00,2019-06-30 17:53:51.975,0.00,905.50,0.00,1.51,0.00,1.00,1.00,129.06,8.34,12.07,66.35,77.76,-123.42,34.09,6.74,4.42,16.00,6879.70,-56.00,0.00,7.00
688075.00,2019-06-30 17:53:52.075,0.00,905.50,0.00,1.51,0.00,1.00,1.00,129.06,8.34,12.05,66.35,77.76,-122.99,34.09,6.73,4.42,16.00,6879.70,-56.00,0.00,7.00
688175.00,2019-06-30 17:53:52.175,-0.00,905.50,0.00,1.51,0.00,1.00,1.00,129.06,8.34,11.94,66.36,77.73,-122.99,34.09,6.72,4.42,16.00,6879.70,-56.00,0.00,7.00
688275.00,2019-06-30 17:53:52.275,-0.00,905.50,0.00,1.51,0.00,1.00,1.00,129.06,8.34,12.05,66.36,77.73,-122.99,34.09,6.70,4.44,16.00,6879.70,-56.00,0.00,7.00
688375.00,2019-06-30 17:53:52.375,-0.00,905.50,0.00,1.51,0.00,1.00,1.00,129.06,8.34,12.07,66.36,77.73,-122.70,34.02,6.62,4.40,16.00,6879.70,-56.00,0.00,7.00
688475.00,2019-06-30 17:53:52.475,-0.00,905.50,0.00,1.51,0.00,1.00,1.00,129.06,8.34,11.93,66.36,77.82,-122.70,34.02,6.37,4.30,16.00,6879.70,-56.00,0.00,7.00
688575.00,2019-06-30 17:53:52.575,0.00,905.50,0.00,1.51,0.00,1.00,1.00,129.06,8.34,12.07,66.36,77.82,-122.70,34.02,5.77,3.95,16.00,6879.70,-56.00,0.00,7.00
688675.00,2019-06-30 17:53:52.675,0.00,905.50,0.00,1.51,0.00,1.00,1.00,129.06,8.34,12.05,66.38,77.69,-122.14,34.02,4.64,3.32,16.00,6879.70,-56.00,0.00,7.00
688775.00,2019-06-30 17:53:52.775,0.00,905.50,0.00,1.51,0.00,1.00,1.00,129.06,8.34,11.93,66.38,77.69,-122.14,34.06,3.05,2.37,16.00,6879.70,-56.00,0.00,7.00
688875.00,2019-06-30 17:53:52.875,0.00,905.50,0.00,1.51,0.00,1.00,1.00,129.06,8.34,12.07,66.38,77.69,-121.65,34.06,1.58,1.23,16.00,6879.70,-56.00,0.00,7.00
688975.00,2019-06-30 17:53:52.975,-0.00,905.50,0.00,1.51,0.00,1.00,1.00,129.06,8.34,12.05,66.35,77.77,-121.65,34.06,0.87,0.69,16.00,6879.70,-56.00,0.00,7.00
689075.00,2019-06-30 17:53:53.075,-0.00,905.50,0.00,1.51,0.00,1.00,1.00,129.06,8.34,12.04,66.35,77.77,-121.65,34.06,0.55,0.54,16.00,6879.70,-56.00,0.00,7.00
689175.00,2019-06-30 17:53:53.175,-0.00,905.50,0.00,1.51,0.00,1.00,1.00,129.06,8.34,12.04,66.35,77.73,-121.31,34.09,0.26,0.35,16.00,6879.70,-56.00,0.00,7.00
689275.00,2019-06-30 17:53:53.275,-0.00,905.50,0.00,1.51,0.00,1.00,1.00,129.06,8.34,12.07,66.38,77.73,-121.31,34.09,-0.06,0.04,16.00,6879.70,-56.00,0.00,7.00
689375.00,2019-06-30 17:53:53.375,0.00,905.50,0.00,1.51,0.00,1.00,1.00,129.06,8.34,11.93,66.38,77.73,-120.86,34.09,-0.23,-0.07,16.00,6879.70,-56.00,0.00,7.00
689475.00,2019-06-30 17:53:53.475,0.00,905.50,0.00,1.51,0.00,1.00,1.00,129.06,8.34,12.06,66.41,77.78,-120.86,34.09,-0.24,0.10,16.00,6879.70,-56.00,0.00,7.00
689575.00,2019-06-30 17:53:53.575,0.00,905.50,0.00,1.51,0.00,1.00,1.00,129.06,8.34,12.08,66.41,77.78,-120.86,34.16,-0.25,0.06,16.00,6879.70,-56.00,0.00,7.00
689675.00,2019-06-30 17:53:53.675,0.00,905.50,0.00,1.51,0.00,1.00,1.00,129.06,8.34,11.91,66.41,77.75,-120.48,34.16,-0.25,0.07,16.00,6879.70,-56.00,0.00,7.00
689775.00,2019-06-30 17:53:53.775,-0.00,905.50,0.00,1.51,0.00,1.00,1.00,129.06,8.34,12.06,66.38,77.75,-120.48,34.16,-0.23,0.06,16.00,6879.70,-56.00,0.00,7.00
689875.00,2019-06-30 17:53:53.875,-0.00,905.50,0.00,1.51,0.00,1.00,1.00,129.06,8.34,11.95,66.38,77.75,-120.48,34.16,-0.26,0.07,16.00,6879.70,-56.00,0.00,7.00
689975.00,2019-06-30 17:53:53.975,-0.00,905.50,0.00,1.51,0.00,1.00,1.00,129.06,8.34,12.04,66.29,77.73,-120.17,34.18,-0.26,0.06,16.00,6879.70,-56.00,0.00,7.00
690075.00,2019-06-30 17:53:54.075,-0.00,905.50,0.00,1.51,0.00,1.00,1.00,129.06,8.34,12.07,66.29,77.73,-120.17,34.18,-0.24,0.07,16.00,6879.70,-56.00,0.00,7.00
690175.00,2019-06-30 17:53:54.175,0.00,905.50,0.00,1.51,0.00,1.00,1.00,129.06,8.34,11.91,66.29,77.75,-119.80,34.18,-0.25,0.07,16.00,6879.70,-56.00,0.00,7.00
690275.00,2019-06-30 17:53:54.275,0.00,905.50,0.00,1.51,0.00,1.00,1.00,129.06,8.34,12.07,66.34,77.75,-119.80,34.18,-0.24,0.07,16.00,6879.70,-56.00,0.00,7.00
690375.00,2019-06-30 17:53:54.375,0.00,905.50,0.00,1.51,0.00,1.00,1.00,129.06,8.34,12.07,66.34,77.75,-119.80,34.23,-0.26,0.07,16.00,6879.70,-56.00,0.00,7.00
690475.00,2019-06-30 17:53:54.475,0.00,905.50,0.00,1.51,0.00,1.00,1.00,129.06,8.34,11.91,66.34,77.73,-119.23,34.23,-0.26,0.06,16.00,6879.70,-56.00,0.00,7.00
690575.00,2019-06-30 17:53:54.575,-0.00,905.50,0.00,1.51,0.00,1.00,1.00,129.06,8.34,12.07,66.35,77.73,-119.23,34.23,-0.24,0.07,16.00,6879.70,-56.00,0.00,7.00
690675.00,2019-06-30 17:53:54.675,-0.00,905.50,0.00,1.51,0.00,1.00,1.00,129.06,8.34,12.05,66.35,77.75,-118.88,34.23,-0.25,0.06,16.00,6879.70,-56.00,0.00,7.00
690775.00,2019-06-30 17:53:54.775,-0.00,905.50,0.00,1.51,0.00,1.00,1.00,129.06,8.34,11.94,66.36,77.75,-118.88,34.27,-0.24,0.07,16.00,6879.70,-56.00,0.00,7.00
690875.00,2019-06-30 17:53:54.875,-0.00,905.50,0.00,1.51,0.00,1.00,1.00,129.06,8.34,12.04,66.36,77.75,-118.88,34.27,-0.25,0.07,16.00,6879.70,-56.00,0.00,7.00
690975.00,2019-06-30 17:53:54.975,0.00,905.50,0.00,1.51,0.00,1.00,1.00,129.06,8.34,12.07,66.36,77.84,-118.48,34.27,-0.23,0.06,16.00,6879.70,-56.00,0.00,7.00
691075.00,2019-06-30 17:53:55.075,0.00,905.50,0.00,1.51,0.00,1.00,1.00,129.06,8.34,11.92,66.34,77.84,-118.48,34.27,-0.27,0.07,16.00,6879.70,-56.00,0.00,7.00
691175.00,2019-06-30 17:53:55.175,0.00,905.50,0.00,1.51,0.00,1.00,1.00,129.06,8.34,12.06,66.34,77.80,-118.48,34.23,-0.25,0.07,16.00,6879.70,-56.00,0.00,7.00
691275.00,2019-06-30 17:53:55.275,0.00,905.50,0.00,1.51,0.00,1.00,1.00,129.06,8.34,12.07,66.41,77.80,-118.10,34.23,-0.24,0.07,16.00,6879.70,-56.00,0.00,7.00
691375.00,2019-06-30 17:53:55.375,-0.00,905.50,0.00,1.51,0.00,1.00,1.00,129.06,8.34,11.92,66.41,77.80,-118.10,34.23,-0.26,0.07,16.00,6879.70,-56.00,0.00,7.00
691475.00,2019-06-30 17:53:55.475,-0.00,905.50,0.00,1.51,0.00,1.00,1.00,129.06,8.34,12.04,66.41,77.78,-117.72,34.23,-0.24,0.06,16.00,6879.70,-56.00,0.00,7.00
691575.00,2019-06-30 17:53:55.575,-0.00,905.50,0.00,1.51,0.00,1.00,1.00,129.06,8.34,12.05,66.40,77.78,-117.72,34.22,-0.25,0.07,16.00,6879.70,-56.00,0.00,7.00
691675.00,2019-06-30 17:53:55.675,-0.00,905.50,0.00,1.51,0.00,1.00,1.00,129.06,8.34,12.05,66.40,77.80,-117.72,34.22,-0.25,0.07,16.00,6879.70,-56.00,0.00,7.00
691775.00,2019-06-30 17:53:55.775,0.00,905.50,0.00,1.51,0.00,1.00,1.00,129.06,8.34,12.08,66.38,77.80,-117.30,34.22,-0.24,0.07,16.00,6879.70,-56.00,0.00,7.00
691875.00,2019-06-30 17:53:55.875,0.00,905.50,0.00,1.51,0.00,1.00,1.00,129.06,8.34,11.91,66.38,77.80,-117.30,34.22,-0.25,0.07,16.00,6879.70,-56.00,0.00,7.00
691975.00,2019-06-30 17:53:55.975,0.00,905.50,0.00,1.51,0.00,1.00,1.00,129.06,8.34,12.07,66.38,77.78,-117.05,34.35,-0.24,0.07,16.00,6879.70,-56.00,0.00,7.00
692075.00,2019-06-30 17:53:56.075,0.00,905.50,0.00,1.51,0.00,1.00,1.00,129.06,8.34,12.06,66.28,77.78,-117.05,34.35,-0.25,0.07,16.00,6879.70,-56.00,0.00,7.00
692175.00,2019-06-30 17:53:56.175,-0.00,905.50,0.00,1.51,0.00,1.00,1.00,129.06,8.34,11.92,66.28,77.76,-117.05,34.35,-0.22,0.07,16.00,6879.70,-56.00,0.00,7.00
692275.00,2019-06-30 17:53:56.275,-0.00,905.50,0.00,1.51,0.00,1.00,1.00,129.06,8.34,12.08,66.28,77.76,-116.55,34.35,-0.26,0.07,16.00,6879.70,-56.00,0.00,7.00
692375.00,2019-06-30 17:53:56.375,-0.00,905.50,0.00,1.51,0.00,1.00,1.00,129.06,8.34,12.04,66.30,77.76,-116.55,34.27,-0.24,0.07,16.00,6879.70,-56.00,0.00,7.00
692475.00,2019-06-30 17:53:56.475,-0.00,905.50,0.00,1.51,0.00,1.00,1.00,129.06,8.34,11.94,66.30,77.78,-116.55,34.27,-0.24,0.07,16.00,6879.70,-56.00,0.00,7.00
692575.00,2019-06-30 17:53:56.575,0.00,905.50,0.00,1.51,0.00,1.00,1.00,129.06,8.34,12.05,66.31,77.78,-116.23,34.27,-0.24,0.06,16.00,6879.70,-56.00,0.00,7.00
692675.00,2019-06-30 17:53:56.675,0.00,905.50,0.00,1.51,0.00,1.00,1.00,129.06,8.34,12.06,66.31,77.73,-116.23,34.27,-0.23,0.07,16.00,6879.70,-56.00,0.00,7.00
692775.00,2019-06-30 17:53:56.775,0.00,905.50,0.00,1.51,0.00,1.00,1.00,129.06,8.34,11.94,66.31,77.73,-115.82,34.30,-0.26,0.07,16.00,6879.70,-56.00,0.00,7.00
692875.00,2019-06-30 17:53:56.875,0.00,905.50,0.00,1.51,0.00,1.00,1.00,129.06,8.34,12.05,66.40,77.73,-115.82,34.30,-0.24,0.07,16.00,6879.70,-56.00,0.00,7.00
692975.00,2019-06-30 17:53:56.975,-0.00,905.50,0.00,1.51,0.00,1.00,1.00,129.06,8.34,12.08,66.40,77.66,-115.82,34.30,-0.24,0.07,16.00,6879.70,-56.00,0.00,7.00
693075.00,2019-06-30 17:53:57.075,-0.00,905.50,0.00,1.51,0.00,1.00,1.00,129.06,8.34,11.91,66.31,77.66,-115.49,34.30,-0.23,0.07,16.00,6879.70,-56.00,0.00,7.00
693175.00,2019-06-30 17:53:57.175,-0.00,905.50,0.00,1.51,0.00,1.00,1.00,129.06,8.34,12.07,66.31,77.83,-115.49,34.36,-0.24,0.07,16.00,6879.70,-56.00,0.00,7.00
693275.00,2019-06-30 17:53:57.275,-0.00,905.50,0.00,1.51,0.00,1.00,1.00,129.06,8.34,12.06,66.31,77.83,-115.16,34.36,-0.25,0.07,16.00,6879.70,-56.00,0.00,7.00
693375.00,2019-06-30 17:53:57.375,0.00,905.50,0.00,1.51,0.00,1.00,1.00,129.06,8.34,11.93,66.28,77.83,-115.16,34.36,-0.22,0.07,16.00,6879.70,-56.00,0.00,7.00
693475.00,2019-06-30 17:53:57.475,0.00,905.50,0.00,1.51,0.00,1.00,1.00,129.06,8.34,12.08,66.28,77.80,-115.16,34.36,-0.26,0.07,16.00,6879.70,-56.00,0.00,7.00
693575.00,2019-06-30 17:53:57.575,0.00,905.50,0.00,1.51,0.00,1.00,1.00,129.06,8.34,12.05,66.28,77.80,-114.66,34.43,-0.24,0.07,16.00,6879.70,-56.00,0.00,7.00
693675.00,2019-06-30 17:53:57.675,0.00,905.50,0.00,1.51,0.00,1.00,1.00,129.06,8.34,11.94,66.28,77.71,-114.66,34.43,-0.23,0.07,16.00,6879.70,-56.00,0.00,7.00
693775.00,2019-06-30 17:53:57.775,0.00,905.50,0.00,1.51,0.00,1.00,1.00,129.06,8.34,12.05,66.28,77.71,-114.66,34.43,-0.25,0.06,16.00,6879.70,-56.00,0.00,7.00
693875.00,2019-06-30 17:53:57.875,0.00,905.50,0.00,1.51,0.00,1.00,1.00,129.06,8.34,12.07,66.34,77.71,-114.51,34.43,-0.25,0.07,16.00,6879.70,-56.00,0.00,7.00
693975.00,2019-06-30 17:53:57.975,0.00,905.50,0.00,1.51,0.00,1.00,1.00,129.06,8.34,11.94,66.34,77.69,-114.51,34.45,-0.25,0.07,16.00,6879.70,-56.00,0.00,7.00
694075.00,2019-06-30 17:53:58.075,0.00,905.50,0.00,1.51,0.00,1.00,1.00,129.06,8.34,12.05,66.34,77.69,-114.03,34.45,-0.23,0.07,16.00,6879.70,-56.00,0.00,7.00
694175.00,2019-06-30 17:53:58.175,0.00,905.50,0.00,1.51,0.00,1.00,1.00,129.06,8.34,12.07,66.34,77.76,-114.03,34.45,-0.24,0.07,16.00,6879.70,-56.00,0.00,7.00
694275.00,2019-06-30 17:53:58.275,0.00,905.50,0.00,1.51,0.00,1.00,1.00,129.06,8.34,11.91,66.34,77.76,-114.03,34.45,-0.23,0.07,16.00,6879.70,-56.00,0.00,7.00
694375.00,2019-06-30 17:53:58.375,0.00,905.50,0.00,1.51,0.00,1.00,1.00,129.06,8.34,12.07,66.27,77.76,-113.66,34.48,-0.24,0.07,16.00,6879.70,-56.00,0.00,7.00
694475.00,2019-06-30 17:53:58.475,0.00,905.50,0.00,1.51,0.00,1.00,1.00,129.06,8.34,12.06,66.27,77.73,-113.66,34.48,-0.25,0.07,16.00,6879.70,-56.00,0.00,7.00
694575.00,2019-06-30 17:53:58.575,0.00,905.50,0.00,1.51,0.00,1.00,1.00,129.06,8.34,11.92,66.27,77.73,-113.40,34.48,-0.23,0.07,16.00,6879.70,-56.00,0.00,7.00
694675.00,2019-06-30 17:53:58.675,0.00,905.50,0.00,1.51,0.00,1.00,1.00,129.06,8.34,12.08,66.28,77.73,-113.40,34.48,-0.26,0.07,16.00,6879.70,-56.00,0.00,7.00
694775.00,2019-06-30 17:53:58.775,0.00,905.50,0.00,1.51,0.00,1.00,1.00,129.06,8.34,12.04,66.28,77.73,-113.40,34.43,-0.25,0.07,16.00,6879.70,-56.00,0.00,7.00
694875.00,2019-06-30 17:53:58.875,0.00,905.50,0.00,1.51,0.00,1.00,1.00,129.06,8.34,11.95,66.28,77.73,-113.08,34.43,-0.24,0.07,16.00,6879.70,-56.00,0.00,7.00
694975.00,2019-06-30 17:53:58.975,0.00,905.50,0.00,1.51,0.00,1.00,1.00,129.06,8.34,12.05,66.28,77.77,-113.08,34.43,-0.24,0.07,16.00,6879.70,-56.00,0.00,7.00
695075.00,2019-06-30 17:53:59.075,0.00,905.50,0.00,1.51,0.00,1.00,1.00,129.06,8.34,12.07,66.28,77.77,-113.08,34.43,-0.22,0.07,16.00,6879.70,-56.00,0.00,7.00
695175.00,2019-06-30 17:53:59.175,0.00,905.50,0.00,1.51,0.00,1.00,1.00,129.06,8.34,12.07,66.22,77.73,-112.80,34.43,-0.26,0.07,16.00,6879.70,-56.00,0.00,7.00
695275.00,2019-06-30 17:53:59.275,0.00,905.50,0.00,1.51,0.00,1.00,1.00,129.06,8.34,12.04,66.22,77.73,-112.80,34.43,-0.25,0.07,16.00,6879.70,-56.00,0.00,7.00
695375.00,2019-06-30 17:53:59.375,0.00,905.50,0.00,1.51,0.00,1.00,1.00,129.06,8.34,11.94,66.22,77.73,-112.34,34.43,-0.24,0.07,16.00,6879.70,-56.00,0.00,7.00
695475.00,2019-06-30 17:53:59.475,0.00,905.50,0.00,1.51,0.00,1.00,1.00,129.06,8.34,12.05,66.26,77.70,-112.34,34.43,-0.24,0.07,16.00,6879.70,-56.00,0.00,7.00
695575.00,2019-06-30 17:53:59.575,0.00,905.50,0.00,1.51,0.00,1.00,1.00,129.06,8.34,12.07,66.26,77.70,-112.34,34.51,-0.23,0.07,16.00,6879.70,-56.00,0.00,7.00
695675.00,2019-06-30 17:53:59.675,0.00,905.50,0.00,1.51,0.00,1.00,1.00,129.06,8.34,11.92,66.33,77.80,-112.03,34.51,-0.25,0.07,16.00,6879.70,-56.00,0.00,7.00
695775.00,2019-06-30 17:53:59.775,0.00,905.50,0.00,1.51,0.00,1.00,1.00,129.06,8.34,12.06,66.33,77.80,-112.03,34.51,-0.22,0.07,16.00,6879.70,-56.00,0.00,7.00
695875.00,2019-06-30 17:53:59.875,0.00,905.50,0.00,1.51,0.00,1.00,1.00,129.06,8.34,12.08,66.33,77.80,-111.64,34.51,-0.26,0.07,16.00,6879.70,-56.00,0.00,7.00
695975.00,2019-06-30 17:53:59.975,0.00,905.50,0.00,1.51,0.00,1.00,1.00,129.06,8.34,11.91,66.27,77.70,-111.64,34.49,-0.24,0.07,16.00,6879.70,-56.00,0.00,7.00
696075.00,2019-06-30 17:54:00.075,0.00,905.50,0.00,1.51,0.00,1.00,1.00,129.06,8.34,12.07,66.27,77.70,-111.64,34.49,-0.23,0.08,16.00,6879.70,-56.00,0.00,7.00
696175.00,2019-06-30 17:54:00.175,0.00,905.50,0.00,1.51,0.00,1.00,1.00,129.06,8.34,12.05,66.31,77.73,-111.41,34.49,-0.24,0.07,16.00,6879.70,-56.00,0.00,7.00
696275.00,2019-06-30 17:54:00.275,0.00,905.50,0.00,1.51,0.00,1.00,1.00,129.06,8.34,11.93,66.31,77.73,-111.41,34.49,-0.23,0.07,16.00,6879.70,-56.00,0.00,7.00
696375.00,2019-06-30 17:54:00.375,0.00,905.50,0.00,1.51,0.00,1.00,1.00,129.06,8.34,12.07,66.31,77.73,-111.41,34.60,-0.26,0.07,16.00,6879.70,-56.00,0.00,7.00
696475.00,2019-06-30 17:54:00.475,0.00,905.50,0.00,1.51,0.00,1.00,1.00,129.06,8.34,12.05,66.23,77.73,-111.16,34.60,-0.24,0.07,16.00,6879.70,-56.00,0.00,7.00
696575.00,2019-06-30 17:54:00.575,0.00,905.50,0.00,1.51,0.00,1.00,1.00,129.06,8.34,11.95,66.23,77.73,-111.16,34.60,-0.25,0.07,16.00,6879.70,-56.00,0.00,7.00
696675.00,2019-06-30 17:54:00.675,0.00,905.50,0.00,1.51,0.00,1.00,1.00,129.06,8.34,12.05,66.23,77.68,-110.76,34.60,-0.24,0.07,16.00,6879.70,-56.00,0.00,7.00
696775.00,2019-06-30 17:54:00.775,0.00,905.50,0.00,1.51,0.00,1.00,1.00,129.06,8.34,12.07,66.24,77.68,-110.76,34.55,-0.23,0.08,16.00,6879.70,-56.00,0.00,7.00
696875.00,2019-06-30 17:54:00.875,0.00,905.50,0.00,1.51,0.00,1.00,1.00,129.06,8.34,11.92,66.24,77.68,-110.76,34.55,-0.25,0.08,16.00,6879.70,-56.00,0.00,7.00
696975.00,2019-06-30 17:54:00.975,0.00,905.50,0.00,1.51,0.00,1.00,1.00,129.06,8.34,12.05,66.28,77.76,-110.48,34.55,-0.24,0.07,16.00,6879.70,-56.00,0.00,7.00
697075.00,2019-06-30 17:54:01.075,0.00,905.50,0.00,1.51,0.00,1.00,1.00,129.06,8.34,12.08,66.28,77.76,-110.48,34.55,-0.25,0.07,16.00,6879.70,-56.00,0.00,7.00
697175.00,2019-06-30 17:54:01.175,0.00,905.50,0.00,1.51,0.00,1.00,1.00,129.06,8.34,11.91,66.28,77.68,-110.00,34.60,-0.24,0.07,16.00,6879.70,-56.00,0.00,7.00
697275.00,2019-06-30 17:54:01.275,0.00,905.50,0.00,1.51,0.00,1.00,1.00,129.06,8.34,12.07,66.21,77.68,-110.00,34.60,-0.24,0.07,16.00,6879.70,-56.00,0.00,7.00
697375.00,2019-06-30 17:54:01.375,0.00,905.50,0.00,1.51,0.00,1.00,1.00,129.06,8.34,12.05,66.21,77.68,-110.00,34.60,-0.24,0.07,16.00,6879.70,-56.00,0.00,7.00
697475.00,2019-06-30 17:54:01.475,0.00,905.50,0.00,1.51,0.00,1.00,1.00,129.06,8.34,11.93,66.26,77.64,-109.85,34.60,-0.24,0.07,16.00,6879.70,-56.00,0.00,7.00
697575.00,2019-06-30 17:54:01.575,0.00,905.50,0.00,1.51,0.00,1.00,1.00,129.06,8.34,12.05,66.26,77.64,-109.85,34.68,-0.25,0.07,16.00,6879.70,-56.00,0.00,7.00
697675.00,2019-06-30 17:54:01.675,0.00,905.50,0.00,1.51,0.00,1.00,1.00,129.06,8.34,11.93,66.26,77.70,-109.85,34.68,-0.24,0.07,16.00,6879.70,-56.00,0.00,7.00
697775.00,2019-06-30 17:54:01.775,0.00,905.50,0.00,1.51,0.00,1.00,1.00,129.06,8.34,12.06,66.21,77.70,-109.48,34.68,-0.24,0.07,16.00,6879.70,-56.00,0.00,7.00
697875.00,2019-06-30 17:54:01.875,0.00,905.50,0.00,1.51,0.00,1.00,1.00,129.06,8.34,11.93,66.21,77.70,-109.48,34.68,-0.24,0.07,16.00,6879.70,-56.00,0.00,7.00
697975.00,2019-06-30 17:54:01.975,0.00,905.50,0.00,1.51,0.00,1.00,1.00,129.06,8.34,11.94,66.21,77.66,-109.10,34.72,-0.23,0.08,16.00,6879.70,-56.00,0.00,7.00
698075.00,2019-06-30 17:54:02.075,0.00,905.50,0.00,1.51,0.00,1.00,1.00,129.06,8.34,12.04,66.16,77.66,-109.10,34.72,-0.25,0.07,16.00,6879.70,-56.00,0.00,7.00
698175.00,2019-06-30 17:54:02.175,0.00,905.50,0.00,1.51,0.00,1.00,1.00,129.06,8.34,11.93,66.16,77.70,-109.10,34.72,-0.22,0.07,16.00,6879.70,-56.00,0.00,7.00
698275.00,2019-06-30 17:54:02.275,0.00,905.50,0.00,1.51,0.00,1.00,1.00,129.06,8.34,12.08,66.22,77.70,-108.88,34.72,-0.25,0.07,16.00,6879.70,-56.00,0.00,7.00
698375.00,2019-06-30 17:54:02.375,0.00,905.50,0.00,1.51,0.00,1.00,1.00,129.06,8.34,12.04,66.22,77.70,-108.88,34.67,-0.24,0.07,16.00,6879.70,-56.00,0.00,7.00
698475.00,2019-06-30 17:54:02.475,0.00,905.50,0.00,1.51,0.00,1.00,1.00,129.06,8.34,11.93,66.22,77.68,-108.59,34.67,-0.24,0.07,16.00,6879.70,-56.00,0.00,7.00
698575.00,2019-06-30 17:54:02.575,0.00,905.50,0.00,1.51,0.00,1.00,1.00,129.06,8.34,12.04,66.20,77.68,-108.59,34.67,-0.25,0.08,16.00,6879.70,-56.00,0.00,7.00
698675.00,2019-06-30 17:54:02.675,0.00,905.50,0.00,1.51,0.00,1.00,1.00,129.06,8.34,11.91,66.20,77.66,-108.59,34.67,-0.22,0.07,16.00,6879.70,-56.00,0.00,7.00
698775.00,2019-06-30 17:54:02.775,0.00,905.50,0.00,1.51,0.00,1.00,1.00,129.06,8.34,11.91,66.27,77.66,-108.27,34.67,-0.24,0.07,16.00,6879.70,-56.00,0.00,7.00
698875.00,2019-06-30 17:54:02.875,0.00,905.50,0.00,1.51,0.00,1.00,1.00,129.06,8.34,12.07,66.27,77.66,-108.27,34.67,-0.24,0.07,16.00,6879.70,-56.00,0.00,7.00
698975.00,2019-06-30 17:54:02.975,0.00,905.50,0.00,1.51,0.00,1.00,1.00,129.06,8.34,12.06,66.27,77.71,-108.27,34.67,-0.24,0.07,16.00,6879.70,-56.00,0.00,7.00
699075.00,2019-06-30 17:54:03.075,0.00,905.50,0.00,1.51,0.00,1.00,1.00,129.06,8.34,11.92,66.22,77.71,-108.04,34.67,-0.24,0.07,16.00,6879.70,-56.00,0.00,7.00
699175.00,2019-06-30 17:54:03.175,0.00,905.50,0.00,1.51,0.00,1.00,1.00,129.06,8.34,12.08,66.22,77.70,-108.04,34.70,-0.23,0.07,16.00,6879.70,-56.00,0.00,7.00
699275.00,2019-06-30 17:54:03.275,0.00,905.50,0.00,1.51,0.00,1.00,1.00,129.06,8.34,11.94,66.20,77.70,-107.56,34.70,-0.25,0.07,16.00,6879.70,-56.00,0.00,7.00
699375.00,2019-06-30 17:54:03.375,0.00,905.50,0.00,1.51,0.00,1.00,1.00,129.06,8.34,11.94,66.20,77.70,-107.56,34.70,-0.22,0.07,16.00,6879.70,-56.00,0.00,7.00
699475.00,2019-06-30 17:54:03.475,0.00,905.50,0.00,1.51,0.00,1.00,1.00,129.06,8.34,12.05,66.20,77.73,-107.56,34.70,-0.25,0.07,16.00,6879.70,-56.00,0.00,7.00
699575.00,2019-06-30 17:54:03.575,0.00,905.50,0.00,1.51,0.00,1.00,1.00,129.06,8.34,11.91,66.24,77.73,-107.46,34.70,-0.24,0.07,16.00,6879.70,-56.00,0.00,7.00
699675.00,2019-06-30 17:54:03.675,0.00,905.50,0.00,1.51,0.00,1.00,1.00,129.06,8.34,12.07,66.24,77.71,-107.46,34.70,-0.23,0.07,16.00,6879.70,-56.00,0.00,7.00
699775.00,2019-06-30 17:54:03.775,0.00,905.50,0.00,1.51,0.00,1.00,1.00,129.06,8.34,12.05,66.24,77.71,-107.15,34.70,-0.24,0.07,16.00,6879.70,-56.00,0.00,7.00
699875.00,2019-06-30 17:54:03.875,0.00,905.50,0.00,1.51,0.00,1.00,1.00,129.06,8.34,11.93,66.20,77.71,-107.15,34.70,-0.23,0.07,16.00,6879.70,-56.00,0.00,7.00
699975.00,2019-06-30 17:54:03.975,0.00,905.50,0.00,1.51,0.00,1.00,1.00,129.06,8.34,12.07,66.20,77.63,-107.15,34.80,-0.25,0.07,16.00,6879.70,-56.00,0.00,7.00
700075.00,2019-06-30 17:54:04.075,0.00,905.50,0.00,1.51,0.00,1.00,1.00,129.06,8.34,12.05,66.22,77.63,-106.78,34.80,-0.24,0.07,16.00,6879.70,-56.00,0.00,7.00
700175.00,2019-06-30 17:54:04.175,0.00,905.50,0.00,1.51,0.00,1.00,1.00,129.06,8.34,11.95,66.22,77.68,-106.78,34.80,-0.24,0.07,16.00,6879.70,-56.00,0.00,7.00
700275.00,2019-06-30 17:54:04.275,0.00,905.50,0.00,1.51,0.00,1.00,1.00,129.06,8.34,12.05,66.22,77.68,-106.78,34.80,-0.26,0.07,16.00,6879.70,-56.00,0.00,7.00
700375.00,2019-06-30 17:54:04.375,0.00,905.50,0.00,1.51,0.00,1.00,1.00,129.06,8.34,12.08,66.19,77.68,-106.52,34.70,-0.22,0.07,16.00,6879.70,-56.00,0.00,7.00
700475.00,2019-06-30 17:54:04.475,0.00,905.50,0.00,1.51,0.00,1.00,1.00,129.06,8.34,11.91,66.19,77.66,-106.52,34.70,-0.24,0.07,16.00,6879.70,-56.00,0.00,7.00
700575.00,2019-06-30 17:54:04.575,0.00,905.50,0.00,1.51,0.00,1.00,1.00,129.06,8.34,12.05,66.24,77.66,-106.30,34.70,-0.22,0.07,16.00,6879.70,-56.00,0.00,7.00
700675.00,2019-06-30 17:54:04.675,0.00,905.50,0.00,1.51,0.00,1.00,1.00,129.06,8.34,11.94,66.24,77.63,-106.30,34.70,-0.25,0.07,16.00,6879.70,-56.00,0.00,7.00
700775.00,2019-06-30 17:54:04.775,0.00,905.50,0.00,1.51,0.00,1.00,1.00,129.06,8.34,12.04,66.24,77.63,-106.30,34.86,-0.24,0.07,16.00,6879.70,-56.00,0.00,7.00
700875.00,2019-06-30 17:54:04.875,0.00,905.50,0.00,1.51,0.00,1.00,1.00,129.06,8.34,12.07,66.19,77.63,-105.99,34.86,-0.24,0.07,16.00,6879.70,-56.00,0.00,7.00
700975.00,2019-06-30 17:54:04.975,0.00,905.50,0.00,1.51,0.00,1.00,1.00,129.06,8.34,11.91,66.19,77.62,-105.99,34.86,-0.24,0.07,16.00,6879.70,-56.00,0.00,7.00
701075.00,2019-06-30 17:54:05.075,0.00,905.50,0.00,1.51,0.00,1.00,1.00,129.06,8.34,12.08,66.19,77.62,-105.71,34.86,-0.23,0.07,16.00,6879.70,-56.00,0.00,7.00
701175.00,2019-06-30 17:54:05.175,0.00,905.50,0.00,1.51,0.00,1.00,1.00,129.06,8.34,11.94,66.17,77.69,-105.71,34.80,-0.25,0.07,16.00,6879.70,-56.00,0.00,7.00
701275.00,2019-06-30 17:54:05.275,0.00,905.50,0.00,1.51,0.00,1.00,1.00,129.06,8.34,12.04,66.17,77.69,-105.71,34.80,-0.26,0.07,16.00,6879.70,-56.00,0.00,7.00
701375.00,2019-06-30 17:54:05.375,0.00,905.50,0.00,1.51,0.00,1.00,1.00,129.06,8.34,12.07,66.15,77.69,-105.41,34.80,-0.24,0.07,16.00,6879.70,-56.00,0.00,7.00
701475.00,2019-06-30 17:54:05.475,0.00,905.50,0.00,1.51,0.00,1.00,1.00,129.06,8.34,11.91,66.15,77.55,-105.41,34.80,-0.24,0.07,16.00,6879.70,-56.00,0.00,7.00
701575.00,2019-06-30 17:54:05.575,0.00,905.50,0.00,1.51,0.00,1.00,1.00,129.06,8.34,12.07,66.15,77.55,-105.41,34.86,-0.24,0.07,16.00,6879.70,-56.00,0.00,7.00
701675.00,2019-06-30 17:54:05.675,0.00,905.50,0.00,1.51,0.00,1.00,1.00,129.06,8.34,12.06,66.16,77.63,-105.24,34.86,-0.25,0.07,16.00,6879.70,-56.00,0.00,7.00
701775.00,2019-06-30 17:54:05.775,0.00,905.50,0.00,1.51,0.00,1.00,1.00,129.06,8.34,11.92,66.16,77.63,-105.24,34.86,-0.22,0.07,16.00,6879.70,-56.00,0.00,7.00
701875.00,2019-06-30 17:54:05.875,0.00,905.50,0.00,1.51,0.00,1.00,1.00,129.06,8.34,12.08,66.15,77.63,-104.88,34.86,-0.26,0.07,16.00,6879.70,-56.00,0.00,7.00
701975.00,2019-06-30 17:54:05.975,0.00,905.50,0.00,1.51,0.00,1.00,1.00,129.06,8.34,12.04,66.15,77.59,-104.88,34.86,-0.23,0.07,16.00,6879.70,-56.00,0.00,7.00
702075.00,2019-06-30 17:54:06.075,0.00,905.50,0.00,1.51,0.00,1.00,1.00,129.06,8.34,11.94,66.15,77.59,-104.88,34.86,-0.24,0.07,16.00,6879.70,-56.00,0.00,7.00
702175.00,2019-06-30 17:54:06.175,0.00,905.50,0.00,1.51,0.00,1.00,1.00,129.06,8.34,12.05,66.17,77.64,-104.55,34.86,-0.25,0.07,16.00,6879.70,-56.00,0.00,7.00
702275.00,2019-06-30 17:54:06.275,0.00,905.50,0.00,1.51,0.00,1.00,1.00,129.06,8.34,12.06,66.17,77.64,-104.55,34.86,-0.24,0.07,16.00,6879.70,-56.00,0.00,7.00
702375.00,2019-06-30 17:54:06.375,0.00,905.50,0.00,1.51,0.00,1.00,1.00,129.06,8.34,11.94,66.19,77.64,-104.26,34.99,-0.24,0.08,16.00,6879.70,-56.00,0.00,7.00
702475.00,2019-06-30 17:54:06.475,0.00,905.50,0.00,1.51,0.00,1.00,1.00,129.06,8.34,12.04,66.19,77.61,-104.26,34.99,-0.24,0.07,16.00,6879.70,-56.00,0.00,7.00
702575.00,2019-06-30 17:54:06.575,0.00,905.50,0.00,1.51,0.00,1.00,1.00,129.06,8.34,12.07,66.19,77.61,-104.26,34.99,-0.24,0.07,16.00,6879.70,-56.00,0.00,7.00
702675.00,2019-06-30 17:54:06.675,0.00,905.50,0.00,1.51,0.00,1.00,1.00,129.06,8.34,11.91,66.16,77.62,-104.11,34.99,-0.24,0.08,16.00,6879.70,-56.00,0.00,7.00
702775.00,2019-06-30 17:54:06.775,0.00,905.50,0.00,1.51,0.00,1.00,1.00,129.06,8.34,12.07,66.16,77.62,-104.11,34.95,-0.23,0.08,16.00,6879.70,-56.00,0.00,7.00
702875.00,2019-06-30 17:54:06.875,0.00,905.50,0.00,1.51,0.00,1.00,1.00,129.06,8.34,12.06,66.16,77.62,-104.11,34.95,-0.24,0.08,16.00,6879.70,-56.00,0.00,7.00
702975.00,2019-06-30 17:54:06.975,0.00,905.50,0.00,1.51,0.00,1.00,1.00,129.06,8.34,11.92,66.20,77.63,-103.84,34.95,-0.22,0.07,16.00,6879.70,-56.00,0.00,7.00
703075.00,2019-06-30 17:54:07.075,0.00,905.50,0.00,1.51,0.00,1.00,1.00,129.06,8.34,12.05,66.20,77.63,-103.84,34.95,-0.25,0.07,16.00,6879.70,-56.00,0.00,7.00
703175.00,2019-06-30 17:54:07.175,0.00,905.50,0.00,1.51,0.00,1.00,1.00,129.06,8.34,11.90,66.22,77.68,-103.51,34.94,-0.25,0.07,16.00,6879.70,-56.00,0.00,7.00
703275.00,2019-06-30 17:54:07.275,0.00,905.50,0.00,1.51,0.00,1.00,1.00,129.06,8.34,12.07,66.22,77.68,-103.51,34.94,-0.24,0.07,16.00,6879.70,-56.00,0.00,7.00
703375.00,2019-06-30 17:54:07.375,0.00,905.50,0.00,1.51,0.00,1.00,1.00,129.06,8.34,12.05,66.22,77.68,-103.51,34.94,-0.26,0.07,16.00,6879.70,-56.00,0.00,7.00
703475.00,2019-06-30 17:54:07.475,0.00,905.50,0.00,1.51,0.00,1.00,1.00,129.06,8.34,11.93,66.13,77.61,-103.20,34.94,-0.23,0.07,16.00,6879.70,-56.00,0.00,7.00
703575.00,2019-06-30 17:54:07.575,0.00,905.50,0.00,1.51,0.00,1.00,1.00,129.06,8.34,12.07,66.13,77.61,-103.20,34.94,-0.26,0.07,16.00,6879.70,-56.00,0.00,7.00
703675.00,2019-06-30 17:54:07.675,0.00,905.50,0.00,1.51,0.00,1.00,1.00,129.06,8.34,12.05,66.10,77.56,-103.02,34.94,-0.24,0.07,16.00,6879.70,-56.00,0.00,7.00
703775.00,2019-06-30 17:54:07.775,0.00,905.50,0.00,1.51,0.00,1.00,1.00,129.06,8.34,11.94,66.10,77.56,-103.02,34.94,-0.24,0.07,16.00,6879.70,-56.00,0.00,7.00
703875.00,2019-06-30 17:54:07.875,0.00,905.50,0.00,1.51,0.00,1.00,1.00,129.06,8.34,12.05,66.10,77.56,-103.02,34.94,-0.24,0.07,16.00,6879.70,-56.00,0.00,7.00
703975.00,2019-06-30 17:54:07.975,0.00,905.50,0.00,1.51,0.00,1.00,1.00,129.06,8.34,11.91,66.14,77.57,-102.77,34.98,-0.24,0.07,16.00,6879.70,-56.00,0.00,7.00
704075.00,2019-06-30 17:54:08.075,0.00,905.50,0.00,1.51,0.00,1.00,1.00,129.06,8.34,12.07,66.14,77.57,-102.77,34.98,-0.25,0.07,16.00,6879.70,-56.00,0.00,7.00
704175.00,2019-06-30 17:54:08.175,0.00,905.50,0.00,1.51,0.00,1.00,1.00,129.06,8.34,12.07,66.14,77.55,-102.77,34.98,-0.22,0.07,16.00,6879.70,-56.00,0.00,7.00
704275.00,2019-06-30 17:54:08.275,0.00,905.50,0.00,1.51,0.00,1.00,1.00,129.06,8.34,12.05,66.13,77.55,-102.39,34.98,-0.26,0.08,16.00,6879.70,-56.00,0.00,7.00
704375.00,2019-06-30 17:54:08.375,0.00,905.50,0.00,1.51,0.00,1.00,1.00,129.06,8.34,12.06,66.13,77.55,-102.39,35.01,-0.25,0.07,16.00,6879.70,-56.00,0.00,7.00
704475.00,2019-06-30 17:54:08.475,0.00,905.50,0.00,1.51,0.00,1.00,1.00,129.06,8.34,12.07,66.19,77.52,-102.15,35.01,-0.23,0.07,16.00,6879.70,-56.00,0.00,7.00
704575.00,2019-06-30 17:54:08.575,0.00,905.50,0.00,1.51,0.00,1.00,1.00,129.06,8.34,12.05,66.19,77.52,-102.15,35.01,-0.24,0.07,16.00,6879.70,-56.00,0.00,7.00
704675.00,2019-06-30 17:54:08.675,0.00,905.50,0.00,1.51,0.00,1.00,1.00,129.06,8.34,11.94,66.19,77.54,-102.15,35.01,-0.23,0.07,16.00,6879.70,-56.00,0.00,7.00
704775.00,2019-06-30 17:54:08.775,0.00,905.50,0.00,1.51,0.00,1.00,1.00,129.06,8.34,12.07,66.12,77.54,-101.97,35.04,-0.26,0.08,16.00,6879.70,-56.00,0.00,7.00
704875.00,2019-06-30 17:54:08.875,0.00,905.50,0.00,1.51,0.00,1.00,1.00,129.06,8.34,12.06,66.12,77.54,-101.97,35.04,-0.23,0.07,16.00,6879.70,-56.00,0.00,7.00
704975.00,2019-06-30 17:54:08.975,0.00,905.50,0.00,1.51,0.00,1.00,1.00,129.06,8.34,12.06,66.12,77.57,-101.62,35.04,-0.24,0.07,16.00,6879.70,-56.00,0.00,7.00
705075.00,2019-06-30 17:54:09.075,0.00,905.50,0.00,1.51,0.00,1.00,1.00,129.06,8.34,12.05,66.12,77.57,-101.62,35.04,-0.24,0.08,16.00,6879.70,-56.00,0.00,7.00
705175.00,2019-06-30 17:54:09.175,0.00,905.50,0.00,1.51,0.00,1.00,1.00,129.06,8.34,12.08,66.12,77.52,-101.62,35.05,-0.24,0.08,16.00,6879.70,-56.00,0.00,7.00
705275.00,2019-06-30 17:54:09.275,0.00,905.50,0.00,1.51,0.00,1.00,1.00,129.06,8.34,11.91,66.13,77.52,-101.36,35.05,-0.24,0.07,16.00,6879.70,-56.00,0.00,7.00
705375.00,2019-06-30 17:54:09.375,0.00,905.50,0.00,1.51,0.00,1.00,1.00,129.06,8.34,12.07,66.13,77.52,-101.36,35.05,-0.22,0.07,16.00,6879.70,-56.00,0.00,7.00
705475.00,2019-06-30 17:54:09.475,0.00,905.50,0.00,1.51,0.00,1.00,1.00,129.06,8.34,12.05,66.10,77.45,-101.36,35.05,-0.26,0.08,16.00,6879.70,-56.00,0.00,7.00
705575.00,2019-06-30 17:54:09.575,0.00,905.50,0.00,1.51,0.00,1.00,1.00,129.06,8.34,11.93,66.10,77.45,-101.21,35.01,-0.25,0.07,16.00,6879.70,-56.00,0.00,7.00
705675.00,2019-06-30 17:54:09.675,0.00,905.50,0.00,1.51,0.00,1.00,1.00,129.06,8.34,12.07,66.10,77.52,-101.21,35.01,-0.26,0.08,16.00,6879.70,-56.00,0.00,7.00
705775.00,2019-06-30 17:54:09.775,0.00,905.50,0.00,1.51,0.00,1.00,1.00,129.06,8.34,12.05,66.17,77.52,-100.89,35.01,-0.24,0.07,16.00,6879.70,-56.00,0.00,7.00
705875.00,2019-06-30 17:54:09.875,0.00,905.50,0.00,1.51,0.00,1.00,1.00,129.06,8.34,12.04,66.17,77.52,-100.89,35.01,-0.22,0.07,16.00,6879.70,-56.00,0.00,7.00
705975.00,2019-06-30 17:54:09.975,0.00,905.50,0.00,1.51,0.00,1.00,1.00,129.06,8.34,12.05,66.17,77.45,-100.89,35.13,-0.24,0.07,16.00,6879.70,-56.00,0.00,7.00
706075.00,2019-06-30 17:54:10.075,0.00,905.50,0.00,1.51,0.00,1.00,1.00,129.06,8.34,12.07,66.08,77.45,-100.78,35.13,-0.24,0.07,16.00,6879.70,-56.00,0.00,7.00
706175.00,2019-06-30 17:54:10.175,0.00,905.50,0.00,1.51,0.00,1.00,1.00,129.06,8.34,12.07,66.08,77.45,-100.78,35.13,-0.24,0.07,16.00,6879.70,-56.00,0.00,7.00
706275.00,2019-06-30 17:54:10.275,0.00,905.50,0.00,1.51,0.00,1.00,1.00,129.06,8.34,12.05,66.03,77.45,-100.39,35.13,-0.24,0.07,16.00,6879.70,-56.00,0.00,7.00
706375.00,2019-06-30 17:54:10.375,0.00,905.50,0.00,1.51,0.00,1.00,1.00,129.06,8.34,11.94,66.03,77.45,-100.39,35.10,-0.23,0.07,16.00,6879.70,-56.00,0.00,7.00
706475.00,2019-06-30 17:54:10.475,0.00,905.50,0.00,1.51,0.00,1.00,1.00,129.06,8.34,12.06,66.03,77.45,-100.39,35.10,-0.24,0.07,16.00,6879.70,-56.00,0.00,7.00
706575.00,2019-06-30 17:54:10.575,0.00,905.50,0.00,1.51,0.00,1.00,1.00,129.06,8.34,12.05,66.12,77.45,-100.23,35.10,-0.22,0.07,16.00,6879.70,-56.00,0.00,7.00
706675.00,2019-06-30 17:54:10.675,0.00,905.50,0.00,1.51,0.00,1.00,1.00,129.06,8.34,11.95,66.12,77.41,-100.23,35.10,-0.25,0.08,16.00,6879.70,-56.00,0.00,7.00
706775.00,2019-06-30 17:54:10.775,0.00,905.50,0.00,1.51,0.00,1.00,1.00,129.06,8.34,12.04,66.09,77.41,-100.23,35.16,-0.24,0.07,16.00,6879.70,-56.00,0.00,7.00
706875.00,2019-06-30 17:54:10.875,0.00,905.50,0.00,1.51,0.00,1.00,1.00,129.06,8.34,12.07,66.09,77.41,-100.09,35.16,-0.23,0.08,16.00,6879.70,-56.00,0.00,7.00
706975.00,2019-06-30 17:54:10.975,0.00,905.50,0.00,1.51,0.00,1.00,1.00,129.06,8.34,11.92,66.09,77.45,-100.09,35.16,-0.25,0.08,16.00,6879.70,-56.00,0.00,7.00
707075.00,2019-06-30 17:54:11.075,0.00,905.50,0.00,1.51,0.00,1.00,1.00,129.06,8.34,12.06,66.09,77.45,-99.70,35.16,-0.23,0.07,16.00,6879.70,-56.00,0.00,7.00
707175.00,2019-06-30 17:54:11.175,0.00,905.50,0.00,1.51,0.00,1.00,1.00,129.06,8.34,12.07,66.09,77.43,-99.70,35.13,-0.26,0.08,16.00,6879.70,-56.00,0.00,7.00
707275.00,2019-06-30 17:54:11.275,0.00,905.50,0.00,1.51,0.00,1.00,1.00,129.06,8.34,11.90,66.09,77.43,-99.70,35.13,-0.23,0.07,16.00,6879.70,-56.00,0.00,7.00
707375.00,2019-06-30 17:54:11.375,0.00,905.50,0.00,1.51,0.00,1.00,1.00,129.06,8.34,12.07,66.10,77.43,-99.53,35.13,-0.23,0.07,16.00,6879.70,-56.00,0.00,7.00
707475.00,2019-06-30 17:54:11.475,0.00,905.50,0.00,1.51,0.00,1.00,1.00,129.06,8.34,12.05,66.10,77.43,-99.53,35.13,-0.23,0.07,16.00,6879.70,-56.00,0.00,7.00
707575.00,2019-06-30 17:54:11.575,0.00,905.50,0.00,1.51,0.00,1.00,1.00,129.06,8.34,11.94,66.13,77.43,-99.24,35.21,-0.23,0.07,16.00,6879.70,-56.00,0.00,7.00
707675.00,2019-06-30 17:54:11.675,0.00,905.50,0.00,1.51,0.00,1.00,1.00,129.06,8.34,12.04,66.13,77.38,-99.24,35.21,-0.25,0.08,16.00,6879.70,-56.00,0.00,7.00
707775.00,2019-06-30 17:54:11.775,0.00,905.50,0.00,1.51,0.00,1.00,1.00,129.06,8.34,11.92,66.13,77.38,-99.24,35.21,-0.22,0.08,16.00,6879.70,-56.00,0.00,7.00
707875.00,2019-06-30 17:54:11.875,0.00,905.50,0.00,1.51,0.00,1.00,1.00,129.06,8.34,12.08,66.14,77.38,-99.09,35.21,-0.23,0.07,16.00,6879.70,-56.00,0.00,7.00
707975.00,2019-06-30 17:54:11.975,0.00,905.50,0.00,1.51,0.00,1.00,1.00,129.06,8.34,12.04,66.14,77.33,-99.09,35.17,-0.24,0.07,16.00,6879.70,-56.00,0.00,7.00
708075.00,2019-06-30 17:54:12.075,0.00,905.50,0.00,1.51,0.00,1.00,1.00,129.06,8.34,11.94,66.10,77.33,-99.09,35.17,-0.24,0.08,16.00,6879.70,-56.00,0.00,7.00
708175.00,2019-06-30 17:54:12.175,0.00,905.50,0.00,1.51,0.00,1.00,1.00,129.06,8.34,12.05,66.10,77.43,-98.86,35.17,-0.25,0.07,16.00,6879.70,-56.00,0.00,7.00
708275.00,2019-06-30 17:54:12.275,0.00,905.50,0.00,1.51,0.00,1.00,1.00,129.06,8.34,12.06,66.10,77.43,-98.86,35.17,-0.23,0.08,16.00,6879.70,-56.00,0.00,7.00
708375.00,2019-06-30 17:54:12.375,0.00,905.50,0.00,1.51,0.00,1.00,1.00,129.06,8.34,11.94,66.12,77.43,-98.57,35.26,-0.25,0.08,16.00,6879.70,-56.00,0.00,7.00
708475.00,2019-06-30 17:54:12.475,0.00,905.50,0.00,1.51,0.00,1.00,1.00,129.06,8.34,12.04,66.12,77.33,-98.57,35.26,-0.24,0.08,16.00,6879.70,-56.00,0.00,7.00
708575.00,2019-06-30 17:54:12.575,0.00,905.50,0.00,1.51,0.00,1.00,1.00,129.06,8.34,12.08,66.10,77.33,-98.57,35.26,-0.23,0.08,16.00,6879.70,-56.00,0.00,7.00
708675.00,2019-06-30 17:54:12.675,0.00,905.50,0.00,1.51,0.00,1.00,1.00,129.06,8.34,11.91,66.10,77.33,-98.34,35.26,-0.25,0.08,16.00,6879.70,-56.00,0.00,7.00
708775.00,2019-06-30 17:54:12.775,0.00,905.50,0.00,1.51,0.00,1.00,1.00,129.06,8.34,12.07,66.10,77.33,-98.34,35.27,-0.23,0.07,16.00,6879.70,-56.00,0.00,7.00
708875.00,2019-06-30 17:54:12.875,0.00,905.50,0.00,1.51,0.00,1.00,1.00,129.06,8.34,12.06,66.13,77.33,-98.13,35.27,-0.24,0.08,16.00,6879.70,-56.00,0.00,7.00
708975.00,2019-06-30 17:54:12.975,0.00,905.50,0.00,1.51,0.00,1.00,1.00,129.06,8.34,11.92,66.13,77.33,-98.13,35.27,-0.22,0.07,16.00,6879.70,-56.00,0.00,7.00
709075.00,2019-06-30 17:54:13.075,0.00,905.50,0.00,1.51,0.00,1.00,1.00,129.06,8.34,12.08,66.13,77.33,-98.13,35.27,-0.25,0.07,16.00,6879.70,-56.00,0.00,7.00
709175.00,2019-06-30 17:54:13.175,0.00,905.50,0.00,1.51,0.00,1.00,1.00,129.06,8.34,12.04,66.12,77.34,-97.87,35.32,-0.25,0.07,16.00,6879.70,-56.00,0.00,7.00
709275.00,2019-06-30 17:54:13.275,0.00,905.50,0.00,1.51,0.00,1.00,1.00,129.06,8.34,11.94,66.12,77.34,-97.87,35.32,-0.23,0.07,16.00,6879.70,-56.00,0.00,7.00
709375.00,2019-06-30 17:54:13.375,0.00,905.50,0.00,1.51,0.00,1.00,1.00,129.06,8.34,12.05,66.12,77.34,-97.87,35.32,-0.24,0.07,16.00,6879.70,-56.00,0.00,7.00
709475.00,2019-06-30 17:54:13.475,0.00,905.50,0.00,1.51,0.00,1.00,1.00,129.06,8.34,12.06,66.12,77.28,-97.70,35.32,-0.23,0.07,16.00,6879.70,-56.00,0.00,7.00
709575.00,2019-06-30 17:54:13.575,0.00,905.50,0.00,1.51,0.00,1.00,1.00,129.06,8.34,11.94,66.12,77.28,-97.70,35.30,-0.25,0.08,16.00,6879.70,-56.00,0.00,7.00
709675.00,2019-06-30 17:54:13.675,0.00,905.50,0.00,1.51,0.00,1.00,1.00,129.06,8.34,12.05,66.12,77.38,-97.51,35.30,-0.23,0.07,16.00,6879.70,-56.00,0.00,7.00
709775.00,2019-06-30 17:54:13.775,0.00,905.50,0.00,1.51,0.00,1.00,1.00,129.06,8.34,12.08,66.12,77.38,-97.51,35.30,-0.26,0.08,16.00,6879.70,-56.00,0.00,7.00
709875.00,2019-06-30 17:54:13.875,0.00,905.50,0.00,1.51,0.00,1.00,1.00,129.06,8.34,11.91,66.13,77.38,-97.51,35.30,-0.24,0.08,16.00,6879.70,-56.00,0.00,7.00
709975.00,2019-06-30 17:54:13.975,0.00,905.50,0.00,1.51,0.00,1.00,1.00,129.06,8.34,12.07,66.13,77.26,-97.28,35.30,-0.24,0.08,16.00,6879.70,-56.00,0.00,7.00
710075.00,2019-06-30 17:54:14.075,0.00,905.50,0.00,1.51,0.00,1.00,1.00,129.06,8.34,12.06,66.13,77.26,-97.28,35.30,-0.25,0.08,16.00,6879.70,-56.00,0.00,7.00
710175.00,2019-06-30 17:54:14.175,0.00,905.50,0.00,1.51,0.00,1.00,1.00,129.06,8.34,11.94,66.13,77.30,-97.03,35.30,-0.22,0.07,16.00,6879.70,-56.00,0.00,7.00
710275.00,2019-06-30 17:54:14.275,0.00,905.50,0.00,1.51,0.00,1.00,1.00,129.06,8.34,12.05,66.13,77.30,-97.03,35.30,-0.25,0.08,16.00,6879.70,-56.00,0.00,7.00
710375.00,2019-06-30 17:54:14.375,0.00,905.50,0.00,1.51,0.00,1.00,1.00,129.06,8.34,11.93,66.10,77.30,-97.03,35.28,-0.24,0.08,16.00,6879.70,-56.00,0.00,7.00
710475.00,2019-06-30 17:54:14.475,0.00,905.50,0.00,1.51,0.00,1.00,1.00,129.06,8.34,11.94,66.10,77.31,-96.81,35.28,-0.24,0.08,16.00,6879.70,-56.00,0.00,7.00
710575.00,2019-06-30 17:54:14.575,0.00,905.50,0.00,1.51,0.00,1.00,1.00,129.06,8.34,12.04,66.10,77.31,-96.81,35.28,-0.25,0.08,16.00,6879.70,-56.00,0.00,7.00
710675.00,2019-06-30 17:54:14.675,0.00,905.50,0.00,1.51,0.00,1.00,1.00,129.06,8.34,11.91,66.10,77.30,-96.81,35.28,-0.23,0.07,16.00,6879.70,-56.00,0.00,7.00
710775.00,2019-06-30 17:54:14.775,0.00,905.50,0.00,1.51,0.00,1.00,1.00,129.06,8.34,11.91,66.10,77.30,-96.66,35.37,-0.25,0.08,16.00,6879.70,-56.00,0.00,7.00
710875.00,2019-06-30 17:54:14.875,0.00,905.50,0.00,1.51,0.00,1.00,1.00,129.06,8.34,12.07,66.10,77.30,-96.66,35.37,-0.24,0.07,16.00,6879.70,-56.00,0.00,7.00
710975.00,2019-06-30 17:54:14.975,0.00,905.50,0.00,1.51,0.00,1.00,1.00,129.06,8.34,11.94,66.07,77.30,-96.40,35.37,-0.24,0.08,16.00,6879.70,-56.00,0.00,7.00
711075.00,2019-06-30 17:54:15.075,0.00,905.50,0.00,1.51,0.00,1.00,1.00,129.06,8.34,12.05,66.07,77.30,-96.40,35.37,-0.26,0.08,16.00,6879.70,-56.00,0.00,7.00
711175.00,2019-06-30 17:54:15.175,0.00,905.50,0.00,1.51,0.00,1.00,1.00,129.06,8.34,12.07,66.19,77.29,-96.40,35.33,-0.23,0.07,16.00,6879.70,-56.00,0.00,7.00
711275.00,2019-06-30 17:54:15.275,0.00,905.50,0.00,1.51,0.00,1.00,1.00,129.06,8.34,12.07,66.19,77.29,-96.13,35.33,-0.24,0.08,16.00,6879.70,-56.00,0.00,7.00
711375.00,2019-06-30 17:54:15.375,0.00,905.50,0.00,1.51,0.00,1.00,1.00,129.06,8.34,12.06,66.19,77.29,-96.13,35.33,-0.22,0.08,16.00,6879.70,-56.00,0.00,7.00
711475.00,2019-06-30 17:54:15.475,0.00,905.50,0.00,1.51,0.00,1.00,1.00,129.06,8.34,11.95,66.07,77.24,-96.02,35.33,-0.24,0.07,16.00,6879.70,-56.00,0.00,7.00
711575.00,2019-06-30 17:54:15.575,0.00,905.50,0.00,1.51,0.00,1.00,1.00,129.06,8.34,12.04,66.07,77.24,-96.02,35.39,-0.25,0.08,16.00,6879.70,-56.00,0.00,7.00
711675.00,2019-06-30 17:54:15.675,0.00,905.50,0.00,1.51,0.00,1.00,1.00,129.06,8.34,12.07,66.12,77.30,-96.02,35.39,-0.23,0.08,16.00,6879.70,-56.00,0.00,7.00
711775.00,2019-06-30 17:54:15.775,0.00,905.50,0.00,1.51,0.00,1.00,1.00,129.06,8.34,11.92,66.12,77.30,-95.77,35.39,-0.24,0.08,16.00,6879.70,-56.00,0.00,7.00
711875.00,2019-06-30 17:54:15.875,0.00,905.50,0.00,1.51,0.00,1.00,1.00,129.06,8.34,12.06,66.12,77.30,-95.77,35.39,-0.23,0.08,16.00,6879.70,-56.00,0.00,7.00
711975.00,2019-06-30 17:54:15.975,0.00,905.50,0.00,1.51,0.00,1.00,1.00,129.06,8.34,12.07,66.13,77.29,-95.77,35.33,-0.26,0.08,16.00,6879.70,-56.00,0.00,7.00
712075.00,2019-06-30 17:54:16.075,0.00,905.50,0.00,1.51,0.00,1.00,1.00,129.06,8.34,11.91,66.13,77.29,-95.47,35.33,-0.23,0.07,16.00,6879.70,-56.00,0.00,7.00
712175.00,2019-06-30 17:54:16.175,0.00,905.50,0.00,1.51,0.00,1.00,1.00,129.06,8.34,12.06,66.13,77.24,-95.47,35.33,-0.23,0.08,16.00,6879.70,-56.00,0.00,7.00
712275.00,2019-06-30 17:54:16.275,0.00,905.50,0.00,1.51,0.00,1.00,1.00,129.06,8.34,12.05,66.07,77.24,-95.44,35.33,-0.24,0.07,16.00,6879.70,-56.00,0.00,7.00
712375.00,2019-06-30 17:54:16.375,0.00,905.50,0.00,1.51,0.00,1.00,1.00,129.06,8.34,11.95,66.07,77.24,-95.44,35.33,-0.24,0.08,16.00,6879.70,-56.00,0.00,7.00
712475.00,2019-06-30 17:54:16.475,0.00,905.50,0.00,1.51,0.00,1.00,1.00,129.06,8.34,12.04,66.19,77.22,-95.44,35.33,-0.24,0.08,16.00,6879.70,-56.00,0.00,7.00
712575.00,2019-06-30 17:54:16.575,0.00,905.50,0.00,1.51,0.00,1.00,1.00,129.06,8.34,12.07,66.19,77.22,-95.13,35.33,-0.22,0.07,16.00,6879.70,-56.00,0.00,7.00
712675.00,2019-06-30 17:54:16.675,0.00,905.50,0.00,1.51,0.00,1.00,1.00,129.06,8.34,12.07,66.19,77.26,-95.13,35.33,-0.25,0.08,16.00,6879.70,-56.00,0.00,7.00
712775.00,2019-06-30 17:54:16.775,0.00,905.50,0.00,1.51,0.00,1.00,1.00,129.06,8.34,12.06,66.22,77.26,-95.02,35.45,-0.25,0.07,16.00,6879.70,-56.00,0.00,7.00
712875.00,2019-06-30 17:54:16.875,0.00,905.50,0.00,1.51,0.00,1.00,1.00,129.06,8.34,12.07,66.22,77.26,-95.02,35.45,-0.23,0.08,16.00,6879.70,-56.00,0.00,7.00
712975.00,2019-06-30 17:54:16.975,0.00,905.50,0.00,1.51,0.00,1.00,1.00,129.06,8.34,11.91,66.13,77.29,-95.02,35.45,-0.24,0.07,16.00,6879.70,-56.00,0.00,7.00
713075.00,2019-06-30 17:54:17.075,0.00,905.50,0.00,1.51,0.00,1.00,1.00,129.06,8.34,12.07,66.13,77.29,-94.83,35.45,-0.23,0.08,16.00,6879.70,-56.00,0.00,7.00
713175.00,2019-06-30 17:54:17.175,0.00,905.50,0.00,1.51,0.00,1.00,1.00,129.06,8.34,11.94,66.13,77.22,-94.83,35.41,-0.26,0.07,16.00,6879.70,-56.00,0.00,7.00
713275.00,2019-06-30 17:54:17.275,0.00,905.50,0.00,1.51,0.00,1.00,1.00,129.06,8.34,11.93,66.19,77.22,-94.83,35.41,-0.26,0.07,16.00,6879.70,-56.00,0.00,7.00
713375.00,2019-06-30 17:54:17.375,0.00,905.50,0.00,1.51,0.00,1.00,1.00,129.06,8.34,12.07,66.19,77.22,-94.64,35.41,-0.23,0.08,16.00,6879.70,-56.00,0.00,7.00
713475.00,2019-06-30 17:54:17.475,0.00,905.50,0.00,1.51,0.00,1.00,1.00,129.06,8.34,11.91,66.10,77.17,-94.64,35.41,-0.23,0.08,16.00,6879.70,-56.00,0.00,7.00
713575.00,2019-06-30 17:54:17.575,0.00,905.50,0.00,1.51,0.00,1.00,1.00,129.06,8.34,12.08,66.10,77.17,-94.41,35.47,-0.23,0.07,16.00,6879.70,-56.00,0.00,7.00
713675.00,2019-06-30 17:54:17.675,0.00,905.50,0.00,1.51,0.00,1.00,1.00,129.06,8.34,11.94,66.10,77.24,-94.41,35.47,-0.25,0.08,16.00,6879.70,-56.00,0.00,7.00
713775.00,2019-06-30 17:54:17.775,0.00,905.50,0.00,1.51,0.00,1.00,1.00,129.06,8.34,11.94,66.10,77.24,-94.41,35.47,-0.22,0.07,16.00,6879.70,-56.00,0.00,7.00
713875.00,2019-06-30 17:54:17.875,0.00,905.50,0.00,1.51,0.00,1.00,1.00,129.06,8.34,12.05,66.10,77.24,-94.21,35.47,-0.25,0.08,16.00,6879.70,-56.00,0.00,7.00
713975.00,2019-06-30 17:54:17.975,0.00,905.50,0.00,1.51,0.00,1.00,1.00,129.06,8.34,12.06,66.10,77.19,-94.21,35.40,-0.26,0.08,16.00,6879.70,-56.00,0.00,7.00
714075.00,2019-06-30 17:54:18.075,0.00,905.50,0.00,1.51,0.00,1.00,1.00,129.06,8.34,11.94,66.14,77.19,-93.94,35.40,-0.23,0.08,16.00,6879.70,-56.00,0.00,7.00
714175.00,2019-06-30 17:54:18.175,0.00,905.50,0.00,1.51,0.00,1.00,1.00,129.06,8.34,12.04,66.14,77.17,-93.94,35.40,-0.23,0.08,16.00,6879.70,-56.00,0.00,7.00
714275.00,2019-06-30 17:54:18.275,0.00,905.50,0.00,1.51,0.00,1.00,1.00,129.06,8.34,11.93,66.16,77.17,-93.94,35.40,-0.24,0.08,16.00,6879.70,-56.00,0.00,7.00
714375.00,2019-06-30 17:54:18.375,0.00,905.50,0.00,1.51,0.00,1.00,1.00,129.06,8.34,12.08,66.16,77.17,-93.74,35.44,-0.25,0.07,16.00,6879.70,-56.00,0.00,7.00
714475.00,2019-06-30 17:54:18.475,0.00,905.50,0.00,1.51,0.00,1.00,1.00,129.06,8.34,12.04,66.16,77.22,-93.74,35.44,-0.24,0.07,16.00,6879.70,-56.00,0.00,7.00
714575.00,2019-06-30 17:54:18.575,0.00,905.50,0.00,1.51,0.00,1.00,1.00,129.06,8.34,11.94,66.22,77.22,-93.74,35.44,-0.23,0.08,16.00,6879.70,-56.00,0.00,7.00
714675.00,2019-06-30 17:54:18.675,0.00,905.50,0.00,1.51,0.00,1.00,1.00,129.06,8.34,12.05,66.22,77.16,-93.58,35.44,-0.24,0.07,16.00,6879.70,-56.00,0.00,7.00
714775.00,2019-06-30 17:54:18.775,0.00,905.50,0.00,1.51,0.00,1.00,1.00,129.06,8.34,12.07,66.22,77.16,-93.58,35.48,-0.23,0.08,16.00,6879.70,-56.00,0.00,7.00
714875.00,2019-06-30 17:54:18.875,0.00,905.50,0.00,1.51,0.00,1.00,1.00,129.06,8.34,11.93,66.22,77.16,-93.42,35.48,-0.25,0.08,16.00,6879.70,-56.00,0.00,7.00
714975.00,2019-06-30 17:54:18.975,0.00,905.50,0.00,1.51,0.00,1.00,1.00,129.06,8.34,12.05,66.22,77.16,-93.42,35.48,-0.22,0.08,16.00,6879.70,-56.00,0.00,7.00
715075.00,2019-06-30 17:54:19.075,0.00,905.50,0.00,1.51,0.00,1.00,1.00,129.06,8.34,12.08,66.12,77.16,-93.42,35.48,-0.25,0.08,16.00,6879.70,-56.00,0.00,7.00
715175.00,2019-06-30 17:54:19.175,0.00,905.50,0.00,1.51,0.00,1.00,1.00,129.06,8.34,11.92,66.12,77.17,-93.20,35.57,-0.22,0.07,16.00,6879.70,-56.00,0.00,7.00
715275.00,2019-06-30 17:54:19.275,0.00,905.50,0.00,1.51,0.00,1.00,1.00,129.06,8.34,12.07,66.12,77.17,-93.20,35.57,-0.22,0.07,16.00,6879.70,-56.00,0.00,7.00
715375.00,2019-06-30 17:54:19.375,0.00,905.50,0.00,1.51,0.00,1.00,1.00,129.06,8.34,11.92,66.26,77.17,-93.00,35.57,-0.24,0.08,16.00,6879.70,-56.00,0.00,7.00
715475.00,2019-06-30 17:54:19.475,0.00,905.50,0.00,1.51,0.00,1.00,1.00,129.06,8.34,12.06,66.26,77.16,-93.00,35.57,-0.23,0.08,16.00,6879.70,-56.00,0.00,7.00
715575.00,2019-06-30 17:54:19.575,0.00,905.50,0.00,1.51,0.00,1.00,1.00,129.06,8.34,12.05,66.15,77.16,-93.00,35.51,-0.25,0.08,16.00,6879.70,-56.00,0.00,7.00
715675.00,2019-06-30 17:54:19.675,0.00,905.50,0.00,1.51,0.00,1.00,1.00,129.06,8.34,11.94,66.15,77.15,-92.84,35.51,-0.26,0.07,16.00,6879.70,-56.00,0.00,7.00
715775.00,2019-06-30 17:54:19.775,0.00,905.50,0.00,1.51,0.00,1.00,1.00,129.06,8.34,12.06,66.15,77.15,-92.84,35.51,-0.24,0.07,16.00,6879.70,-56.00,0.00,7.00
715875.00,2019-06-30 17:54:19.875,0.00,905.50,0.00,1.51,0.00,1.00,1.00,129.06,8.34,12.05,66.17,77.15,-92.84,35.51,-0.24,0.08,16.00,6879.70,-56.00,0.00,7.00
715975.00,2019-06-30 17:54:19.975,0.00,905.50,0.00,1.51,0.00,1.00,1.00,129.06,8.34,11.94,66.17,77.08,-92.72,35.55,-0.23,0.08,16.00,6879.70,-56.00,0.00,7.00
716075.00,2019-06-30 17:54:20.075,0.00,905.50,0.00,1.51,0.00,1.00,1.00,129.06,8.34,12.04,66.09,77.08,-92.72,35.55,-0.24,0.08,16.00,6879.70,-56.00,0.00,7.00
716175.00,2019-06-30 17:54:20.175,0.00,905.50,0.00,1.51,0.00,1.00,1.00,129.06,8.34,11.91,66.09,77.15,-92.39,35.55,-0.21,0.08,16.00,6879.70,-56.00,0.00,7.00
716275.00,2019-06-30 17:54:20.275,0.00,905.50,0.00,1.51,0.00,1.00,1.00,129.06,8.34,12.08,66.09,77.15,-92.39,35.55,-0.26,0.07,16.00,6879.70,-56.00,0.00,7.00
716375.00,2019-06-30 17:54:20.375,0.00,905.50,0.00,1.51,0.00,1.00,1.00,129.06,8.34,12.04,66.19,77.15,-92.39,35.59,-0.24,0.08,16.00,6879.70,-56.00,0.00,7.00
716475.00,2019-06-30 17:54:20.475,0.00,905.50,0.00,1.51,0.00,1.00,1.00,129.06,8.34,11.94,66.19,77.07,-92.23,35.59,-0.24,0.07,16.00,6879.70,-56.00,0.00,7.00
716575.00,2019-06-30 17:54:20.575,0.00,905.50,0.00,1.51,0.00,1.00,1.00,129.06,8.34,12.06,66.22,77.07,-92.23,35.59,-0.25,0.08,16.00,6879.70,-56.00,0.00,7.00
716675.00,2019-06-30 17:54:20.675,0.00,905.50,0.00,1.51,0.00,1.00,1.00,129.06,8.34,12.07,66.22,77.19,-92.06,35.59,-0.23,0.08,16.00,6879.70,-56.00,0.00,7.00
716775.00,2019-06-30 17:54:20.775,0.00,905.50,0.00,1.51,0.00,1.00,1.00,129.06,8.34,11.91,66.22,77.19,-92.06,35.59,-0.27,0.08,16.00,6879.70,-56.00,0.00,7.00
716875.00,2019-06-30 17:54:20.875,0.00,905.50,0.00,1.51,0.00,1.00,1.00,129.06,8.34,12.06,66.14,77.19,-92.06,35.59,-0.24,0.07,16.00,6879.70,-56.00,0.00,7.00
716975.00,2019-06-30 17:54:20.975,0.00,905.50,0.00,1.51,0.00,1.00,1.00,129.06,8.34,12.06,66.14,77.14,-91.99,35.59,-0.24,0.08,16.00,6879.70,-56.00,0.00,7.00
717075.00,2019-06-30 17:54:21.075,0.00,905.50,0.00,1.51,0.00,1.00,1.00,129.06,8.34,11.92,66.14,77.14,-91.99,35.59,-0.24,0.07,16.00,6879.70,-56.00,0.00,7.00
717175.00,2019-06-30 17:54:21.175,0.00,905.50,0.00,1.51,0.00,1.00,1.00,129.06,8.34,12.07,66.15,77.12,-91.99,35.71,-0.23,0.07,16.00,6879.70,-56.00,0.00,7.00
717275.00,2019-06-30 17:54:21.275,0.00,905.50,0.00,1.51,0.00,1.00,1.00,129.06,8.34,11.93,66.15,77.12,-91.71,35.71,-0.25,0.08,16.00,6879.70,-56.00,0.00,7.00
717375.00,2019-06-30 17:54:21.375,0.00,905.50,0.00,1.51,0.00,1.00,1.00,129.06,8.34,12.05,66.10,77.12,-91.71,35.71,-0.22,0.08,16.00,6879.70,-56.00,0.00,7.00
717475.00,2019-06-30 17:54:21.475,0.00,905.50,0.00,1.51,0.00,1.00,1.00,129.06,8.34,12.05,66.10,77.08,-91.57,35.71,-0.27,0.07,16.00,6879.70,-56.00,0.00,7.00
717575.00,2019-06-30 17:54:21.575,0.00,905.50,0.00,1.51,0.00,1.00,1.00,129.06,8.34,12.04,66.10,77.08,-91.57,35.60,-0.25,0.08,16.00,6879.70,-56.00,0.00,7.00
717675.00,2019-06-30 17:54:21.675,0.00,905.50,0.00,1.51,0.00,1.00,1.00,129.06,8.34,12.07,66.20,77.14,-91.57,35.60,-0.23,0.08,16.00,6879.70,-56.00,0.00,7.00
717775.00,2019-06-30 17:54:21.775,0.00,905.50,0.00,1.51,0.00,1.00,1.00,129.06,8.34,11.92,66.20,77.14,-91.34,35.60,-0.24,0.08,16.00,6879.70,-56.00,0.00,7.00
717875.00,2019-06-30 17:54:21.875,0.00,905.50,0.00,1.51,0.00,1.00,1.00,129.06,8.34,12.07,66.21,77.14,-91.34,35.60,-0.23,0.07,16.00,6879.70,-56.00,0.00,7.00
717975.00,2019-06-30 17:54:21.975,0.00,905.50,0.00,1.51,0.00,1.00,1.00,129.06,8.34,11.94,66.21,77.13,-91.11,35.69,-0.25,0.08,16.00,6879.70,-56.00,0.00,7.00
718075.00,2019-06-30 17:54:22.075,0.00,905.50,0.00,1.51,0.00,1.00,1.00,129.06,8.34,12.04,66.21,77.13,-91.11,35.69,-0.24,0.08,16.00,6879.70,-56.00,0.00,7.00
718175.00,2019-06-30 17:54:22.175,0.00,905.50,0.00,1.51,0.00,1.00,1.00,129.06,8.34,12.07,66.19,77.13,-91.11,35.69,-0.23,0.08,16.00,6879.70,-56.00,0.00,7.00
718275.00,2019-06-30 17:54:22.275,0.00,905.50,0.00,1.51,0.00,1.00,1.00,129.06,8.34,11.91,66.19,77.13,-91.04,35.69,-0.24,0.08,16.00,6879.70,-56.00,0.00,7.00
718375.00,2019-06-30 17:54:22.375,0.00,905.50,0.00,1.51,0.00,1.00,1.00,129.06,8.34,12.07,66.19,77.13,-91.04,35.65,-0.23,0.08,16.00,6879.70,-56.00,0.00,7.00
718475.00,2019-06-30 17:54:22.475,0.00,905.50,0.00,1.51,0.00,1.00,1.00,129.06,8.34,12.06,66.22,77.05,-91.04,35.65,-0.25,0.08,16.00,6879.70,-56.00,0.00,7.00
718575.00,2019-06-30 17:54:22.575,0.00,905.50,0.00,1.51,0.00,1.00,1.00,129.06,8.34,11.91,66.22,77.05,-90.84,35.65,-0.21,0.07,16.00,6879.70,-56.00,0.00,7.00
718675.00,2019-06-30 17:54:22.675,0.00,905.50,0.00,1.51,0.00,1.00,1.00,129.06,8.34,12.05,66.15,77.07,-90.84,35.65,-0.24,0.08,16.00,6879.70,-56.00,0.00,7.00
718775.00,2019-06-30 17:54:22.775,0.00,905.50,0.00,1.51,0.00,1.00,1.00,129.06,8.34,11.93,66.15,77.07,-90.69,35.58,-0.24,0.08,16.00,6879.70,-56.00,0.00,7.00
718875.00,2019-06-30 17:54:22.875,0.00,905.50,0.00,1.51,0.00,1.00,1.00,129.06,8.34,12.06,66.15,77.07,-90.69,35.58,-0.24,0.08,16.00,6879.70,-56.00,0.00,7.00
718975.00,2019-06-30 17:54:22.975,0.00,905.50,0.00,1.51,0.00,1.00,1.00,129.06,8.34,12.04,66.22,76.98,-90.69,35.58,-0.23,0.08,16.00,6879.70,-56.00,0.00,7.00
719075.00,2019-06-30 17:54:23.075,0.00,905.50,0.00,1.51,0.00,1.00,1.00,129.06,8.34,11.91,66.22,76.98,-90.47,35.58,-0.24,0.08,16.00,6879.70,-56.00,0.00,7.00
719175.00,2019-06-30 17:54:23.175,0.00,905.50,0.00,1.51,0.00,1.00,1.00,129.06,8.34,11.91,66.13,76.95,-90.47,35.57,-0.27,0.08,16.00,6879.70,-56.00,0.00,7.00
719275.00,2019-06-30 17:54:23.275,0.00,905.50,0.00,1.51,0.00,1.00,1.00,129.06,8.34,12.05,66.13,76.95,-90.21,35.57,-0.25,0.07,16.00,6879.70,-56.00,0.00,7.00
719375.00,2019-06-30 17:54:23.375,0.00,905.50,0.00,1.51,0.00,1.00,1.00,129.06,8.34,11.94,66.13,76.95,-90.21,35.57,-0.24,0.08,16.00,6879.70,-56.00,0.00,7.00
719475.00,2019-06-30 17:54:23.475,0.00,905.50,0.00,1.51,0.00,1.00,1.00,129.06,8.34,12.05,66.27,76.88,-90.21,35.57,-0.23,0.07,16.00,6879.70,-56.00,0.00,7.00
719575.00,2019-06-30 17:54:23.575,0.00,905.50,0.00,1.51,0.00,1.00,1.00,129.06,8.34,12.07,66.27,76.88,-90.16,35.64,-0.24,0.08,16.00,6879.70,-56.00,0.00,7.00
719675.00,2019-06-30 17:54:23.675,0.00,905.50,0.00,1.51,0.00,1.00,1.00,129.06,8.34,12.07,66.27,76.91,-90.16,35.64,-0.25,0.08,16.00,6879.70,-56.00,0.00,7.00
719775.00,2019-06-30 17:54:23.775,0.00,905.50,0.00,1.51,0.00,1.00,1.00,129.06,8.34,12.07,66.17,76.91,-90.16,35.64,-0.22,0.07,16.00,6879.70,-56.00,0.00,7.00
719875.00,2019-06-30 17:54:23.875,0.00,905.50,0.00,1.51,0.00,1.00,1.00,129.06,8.34,12.06,66.17,76.91,-89.88,35.64,-0.26,0.08,16.00,6879.70,-56.00,0.00,7.00
719975.00,2019-06-30 17:54:23.975,0.00,905.50,0.00,1.51,0.00,1.00,1.00,129.06,8.34,11.93,66.28,76.98,-89.88,35.63,-0.24,0.07,16.00,6879.70,-56.00,0.00,7.00
720075.00,2019-06-30 17:54:24.075,0.00,905.50,0.00,1.51,0.00,1.00,1.00,129.06,8.34,12.07,66.28,76.98,-89.81,35.63,-0.23,0.08,16.00,6879.70,-56.00,0.00,7.00
720175.00,2019-06-30 17:54:24.175,0.00,905.50,0.00,1.51,0.00,1.00,1.00,129.06,8.34,12.04,66.28,77.03,-89.81,35.63,-0.23,0.07,16.00,6879.70,-56.00,0.00,7.00
720275.00,2019-06-30 17:54:24.275,0.00,905.50,0.00,1.51,0.00,1.00,1.00,129.06,8.34,11.94,66.20,77.03,-89.81,35.63,-0.24,0.08,16.00,6879.70,-56.00,0.00,7.00
720375.00,2019-06-30 17:54:24.375,0.00,905.50,0.00,1.51,0.00,1.00,1.00,129.06,8.34,12.05,66.20,77.03,-89.49,35.67,-0.27,0.08,16.00,6879.70,-56.00,0.00,7.00
720475.00,2019-06-30 17:54:24.475,0.00,905.50,0.00,1.51,0.00,1.00,1.00,129.06,8.34,12.06,66.24,76.93,-89.49,35.67,-0.24,0.08,16.00,6879.70,-56.00,0.00,7.00
720575.00,2019-06-30 17:54:24.575,0.00,905.50,0.00,1.51,0.00,1.00,1.00,129.06,8.34,11.93,66.24,76.93,-89.43,35.67,-0.23,0.08,16.00,6879.70,-56.00,0.00,7.00
720675.00,2019-06-30 17:54:24.675,0.00,905.50,0.00,1.51,0.00,1.00,1.00,129.06,8.34,12.05,66.24,76.93,-89.43,35.67,-0.24,0.08,16.00,6879.70,-56.00,0.00,7.00
720775.00,2019-06-30 17:54:24.775,0.00,905.50,0.00,1.51,0.00,1.00,1.00,129.06,8.34,11.93,66.24,76.93,-89.43,35.76,-0.23,0.07,16.00,6879.70,-56.00,0.00,7.00
720875.00,2019-06-30 17:54:24.875,0.00,905.50,0.00,1.51,0.00,1.00,1.00,129.06,8.34,12.06,66.24,76.93,-89.29,35.76,-0.25,0.07,16.00,6879.70,-56.00,0.00,7.00
720975.00,2019-06-30 17:54:24.975,0.00,905.50,0.00,1.51,0.00,1.00,1.00,129.06,8.34,12.05,66.31,76.96,-89.29,35.76,-0.23,0.07,16.00,6879.70,-56.00,0.00,7.00
721075.00,2019-06-30 17:54:25.075,0.00,905.50,0.00,1.51,0.00,1.00,1.00,129.06,8.34,11.94,66.31,76.96,-89.29,35.76,-0.26,0.08,16.00,6879.70,-56.00,0.00,7.00
721175.00,2019-06-30 17:54:25.175,0.00,905.50,0.00,1.51,0.00,1.00,1.00,129.06,8.34,12.04,66.31,76.94,-89.02,35.69,-0.24,0.08,16.00,6879.70,-56.00,0.00,7.00
721275.00,2019-06-30 17:54:25.275,0.00,905.50,0.00,1.51,0.00,1.00,1.00,129.06,8.34,12.07,66.23,76.94,-89.02,35.69,-0.23,0.08,16.00,6879.70,-56.00,0.00,7.00
721375.00,2019-06-30 17:54:25.375,0.00,905.50,0.00,1.51,0.00,1.00,1.00,129.06,8.34,11.92,66.23,76.94,-88.84,35.69,-0.24,0.07,16.00,6879.70,-56.00,0.00,7.00
721475.00,2019-06-30 17:54:25.475,0.00,905.50,0.00,1.51,0.00,1.00,1.00,129.06,8.34,12.06,66.23,76.95,-88.84,35.69,-0.22,0.08,16.00,6879.70,-56.00,0.00,7.00
721575.00,2019-06-30 17:54:25.575,0.00,905.50,0.00,1.51,0.00,1.00,1.00,129.06,8.34,12.07,66.30,76.95,-88.84,35.65,-0.27,0.08,16.00,6879.70,-56.00,0.00,7.00
721675.00,2019-06-30 17:54:25.675,0.00,905.50,0.00,1.51,0.00,1.00,1.00,129.06,8.34,11.91,66.30,76.87,-88.72,35.65,-0.23,0.08,16.00,6879.70,-56.00,0.00,7.00
721775.00,2019-06-30 17:54:25.775,0.00,905.50,0.00,1.51,0.00,1.00,1.00,129.06,8.34,12.06,66.27,76.87,-88.72,35.65,-0.23,0.08,16.00,6879.70,-56.00,0.00,7.00
721875.00,2019-06-30 17:54:25.875,0.00,905.50,0.00,1.51,0.00,1.00,1.00,129.06,8.34,11.94,66.27,76.87,-88.52,35.65,-0.25,0.08,16.00,6879.70,-56.00,0.00,7.00
721975.00,2019-06-30 17:54:25.975,0.00,905.50,0.00,1.51,0.00,1.00,1.00,129.06,8.34,11.94,66.27,76.93,-88.52,35.66,-0.23,0.07,16.00,6879.70,-56.00,0.00,7.00
722075.00,2019-06-30 17:54:26.075,0.00,905.50,0.00,1.51,0.00,1.00,1.00,129.06,8.34,12.04,66.29,76.93,-88.52,35.66,-0.23,0.08,16.00,6879.70,-56.00,0.00,7.00
722175.00,2019-06-30 17:54:26.175,0.00,905.50,0.00,1.51,0.00,1.00,1.00,129.06,8.34,12.07,66.29,76.84,-88.41,35.66,-0.22,0.07,16.00,6879.70,-56.00,0.00,7.00
722275.00,2019-06-30 17:54:26.275,0.00,905.50,0.00,1.51,0.00,1.00,1.00,129.06,8.34,12.06,66.29,76.84,-88.41,35.66,-0.25,0.08,16.00,6879.70,-56.00,0.00,7.00
722375.00,2019-06-30 17:54:26.375,0.00,905.50,0.00,1.51,0.00,1.00,1.00,129.06,8.34,12.06,66.29,76.84,-88.41,35.67,-0.24,0.08,16.00,6879.70,-56.00,0.00,7.00
722475.00,2019-06-30 17:54:26.475,0.00,905.50,0.00,1.51,0.00,1.00,1.00,129.06,8.34,11.92,66.29,76.75,-88.20,35.67,-0.24,0.07,16.00,6879.70,-56.00,0.00,7.00
722575.00,2019-06-30 17:54:26.575,0.00,905.50,0.00,1.51,0.00,1.00,1.00,129.06,8.34,11.91,66.23,76.75,-88.20,35.67,-0.24,0.07,16.00,6879.70,-56.00,0.00,7.00
722675.00,2019-06-30 17:54:26.675,0.00,905.50,0.00,1.51,0.00,1.00,1.00,129.06,8.34,12.07,66.23,76.73,-88.13,35.67,-0.24,0.07,16.00,6879.70,-56.00,0.00,7.00
722775.00,2019-06-30 17:54:26.775,0.00,905.50,0.00,1.51,0.00,1.00,1.00,129.06,8.34,12.05,66.23,76.73,-88.13,35.80,-0.25,0.08,16.00,6879.70,-56.00,0.00,7.00
722875.00,2019-06-30 17:54:26.875,0.00,905.50,0.00,1.51,0.00,1.00,1.00,129.06,8.34,11.93,66.22,76.73,-88.13,35.80,-0.24,0.07,16.00,6879.70,-56.00,0.00,7.00
722975.00,2019-06-30 17:54:26.975,0.00,905.50,0.00,1.51,0.00,1.00,1.00,129.06,8.34,12.07,66.22,76.77,-87.87,35.80,-0.24,0.08,16.00,6879.70,-56.00,0.00,7.00
723075.00,2019-06-30 17:54:27.075,0.00,905.50,0.00,1.51,0.00,1.00,1.00,129.06,8.34,11.91,66.26,76.77,-87.87,35.80,-0.23,0.08,16.00,6879.70,-56.00,0.00,7.00
723175.00,2019-06-30 17:54:27.175,0.00,905.50,0.00,1.51,0.00,1.00,1.00,129.06,8.34,12.07,66.26,76.79,-87.77,35.73,-0.23,0.07,16.00,6879.70,-56.00,0.00,7.00
723275.00,2019-06-30 17:54:27.275,0.00,905.50,0.00,1.51,0.00,1.00,1.00,129.06,8.34,12.06,66.26,76.79,-87.77,35.73,-0.25,0.08,16.00,6879.70,-56.00,0.00,7.00
723375.00,2019-06-30 17:54:27.375,0.00,905.50,0.00,1.51,0.00,1.00,1.00,129.06,8.34,11.92,66.26,76.79,-87.77,35.73,-0.23,0.08,16.00,6879.70,-56.00,0.00,7.00
723475.00,2019-06-30 17:54:27.475,0.00,905.50,0.00,1.51,0.00,1.00,1.00,129.06,8.34,12.06,66.26,76.81,-87.61,35.73,-0.26,0.08,16.00,6879.70,-56.00,0.00,7.00
723575.00,2019-06-30 17:54:27.575,0.00,905.50,0.00,1.51,0.00,1.00,1.00,129.06,8.34,11.93,66.24,76.81,-87.61,35.77,-0.24,0.08,16.00,6879.70,-56.00,0.00,7.00
723675.00,2019-06-30 17:54:27.675,0.00,905.50,0.00,1.51,0.00,1.00,1.00,129.06,8.34,11.94,66.24,76.84,-87.61,35.77,-0.23,0.08,16.00,6879.70,-56.00,0.00,7.00
723775.00,2019-06-30 17:54:27.775,0.00,905.50,0.00,1.51,0.00,1.00,1.00,129.06,8.34,12.04,66.24,76.84,-87.38,35.77,-0.25,0.08,16.00,6879.70,-56.00,0.00,7.00
723875.00,2019-06-30 17:54:27.875,0.00,905.50,0.00,1.51,0.00,1.00,1.00,129.06,8.34,11.90,66.28,76.84,-87.38,35.77,-0.25,0.08,16.00,6879.70,-56.00,0.00,7.00
723975.00,2019-06-30 17:54:27.975,0.00,905.50,0.00,1.51,0.00,1.00,1.00,129.06,8.34,11.91,66.28,76.79,-87.30,35.80,-0.26,0.08,16.00,6879.70,-56.00,0.00,7.00
724075.00,2019-06-30 17:54:28.075,0.00,905.50,0.00,1.51,0.00,1.00,1.00,129.06,8.34,12.05,66.20,76.79,-87.30,35.80,-0.24,0.08,16.00,6879.70,-56.00,0.00,7.00
724175.00,2019-06-30 17:54:28.175,0.00,905.50,0.00,1.51,0.00,1.00,1.00,129.06,8.34,12.06,66.20,76.74,-87.30,35.80,-0.24,0.08,16.00,6879.70,-56.00,0.00,7.00
724275.00,2019-06-30 17:54:28.275,0.00,905.50,0.00,1.51,0.00,1.00,1.00,129.06,8.34,11.92,66.20,76.74,-87.13,35.80,-0.24,0.08,16.00,6879.70,-56.00,0.00,7.00
724375.00,2019-06-30 17:54:28.375,0.00,905.50,0.00,1.51,0.00,1.00,1.00,129.06,8.34,12.08,66.31,76.74,-87.13,35.80,-0.24,0.07,16.00,6879.70,-56.00,0.00,7.00
724475.00,2019-06-30 17:54:28.475,0.00,905.50,0.00,1.51,0.00,1.00,1.00,129.06,8.34,12.04,66.31,76.74,-86.98,35.80,-0.24,0.07,16.00,6879.70,-56.00,0.00,7.00
724575.00,2019-06-30 17:54:28.575,0.00,905.50,0.00,1.51,0.00,1.00,1.00,129.06,8.34,12.05,66.31,76.74,-86.98,35.80,-0.22,0.08,16.00,6879.70,-56.00,0.00,7.00
724675.00,2019-06-30 17:54:28.675,0.00,905.50,0.00,1.51,0.00,1.00,1.00,129.06,8.34,12.07,66.22,76.70,-86.98,35.80,-0.26,0.08,16.00,6879.70,-56.00,0.00,7.00
724775.00,2019-06-30 17:54:28.775,0.00,905.50,0.00,1.51,0.00,1.00,1.00,129.06,8.34,11.91,66.22,76.70,-86.84,35.86,-0.24,0.08,16.00,6879.70,-56.00,0.00,7.00
724875.00,2019-06-30 17:54:28.875,0.00,905.50,0.00,1.51,0.00,1.00,1.00,129.06,8.34,12.07,66.27,76.70,-86.84,35.86,-0.23,0.08,16.00,6879.70,-56.00,0.00,7.00
724975.00,2019-06-30 17:54:28.975,0.00,905.50,0.00,1.51,0.00,1.00,1.00,129.06,8.34,12.05,66.27,76.72,-86.84,35.86,-0.24,0.07,16.00,6879.70,-56.00,0.00,7.00
725075.00,2019-06-30 17:54:29.075,0.00,905.50,0.00,1.51,0.00,1.00,1.00,129.06,8.34,12.04,66.27,76.72,-86.66,35.86,-0.23,0.07,16.00,6879.70,-56.00,0.00,7.00
725175.00,2019-06-30 17:54:29.175,0.00,905.50,0.00,1.51,0.00,1.00,1.00,129.06,8.34,12.07,66.34,76.70,-86.66,35.80,-0.26,0.08,16.00,6879.70,-56.00,0.00,7.00
725275.00,2019-06-30 17:54:29.275,0.00,905.50,0.00,1.51,0.00,1.00,1.00,129.06,8.34,11.90,66.34,76.70,-86.49,35.80,-0.23,0.08,16.00,6879.70,-56.00,0.00,7.00
725375.00,2019-06-30 17:54:29.375,0.00,905.50,0.00,1.51,0.00,1.00,1.00,129.06,8.34,12.07,66.21,76.70,-86.49,35.80,-0.26,0.08,16.00,6879.70,-56.00,0.00,7.00
725475.00,2019-06-30 17:54:29.475,0.00,905.50,0.00,1.51,0.00,1.00,1.00,129.06,8.34,12.05,66.21,76.72,-86.49,35.80,-0.24,0.08,16.00,6879.70,-56.00,0.00,7.00
725575.00,2019-06-30 17:54:29.575,0.00,905.50,0.00,1.51,0.00,1.00,1.00,129.06,8.34,11.93,66.21,76.72,-86.25,35.88,-0.24,0.08,16.00,6879.70,-56.00,0.00,7.00
725675.00,2019-06-30 17:54:29.675,0.00,905.50,0.00,1.51,0.00,1.00,1.00,129.06,8.34,12.06,66.30,76.65,-86.25,35.88,-0.24,0.07,16.00,6879.70,-56.00,0.00,7.00
725775.00,2019-06-30 17:54:29.775,0.00,905.50,0.00,1.51,0.00,1.00,1.00,129.06,8.34,12.04,66.30,76.65,-86.12,35.88,-0.22,0.07,16.00,6879.70,-56.00,0.00,7.00
725875.00,2019-06-30 17:54:29.875,0.00,905.50,0.00,1.51,0.00,1.00,1.00,129.06,8.34,11.92,66.30,76.65,-86.12,35.88,-0.26,0.08,16.00,6879.70,-56.00,0.00,7.00
725975.00,2019-06-30 17:54:29.975,0.00,905.50,0.00,1.51,0.00,1.00,1.00,129.06,8.34,12.06,66.36,76.63,-86.12,35.80,-0.22,0.08,16.00,6879.70,-56.00,0.00,7.00
726075.00,2019-06-30 17:54:30.075,0.00,905.50,0.00,1.51,0.00,1.00,1.00,129.06,8.34,11.91,66.36,76.63,-85.95,35.80,-0.24,0.07,16.00,6879.70,-56.00,0.00,7.00
726175.00,2019-06-30 17:54:30.175,0.00,905.50,0.00,1.51,0.00,1.00,1.00,129.06,8.34,11.90,66.34,76.61,-85.95,35.80,-0.24,0.08,16.00,6879.70,-56.00,0.00,7.00
726275.00,2019-06-30 17:54:30.275,0.00,905.50,0.00,1.51,0.00,1.00,1.00,129.06,8.34,12.04,66.34,76.61,-85.95,35.80,-0.24,0.08,16.00,6879.70,-56.00,0.00,7.00
726375.00,2019-06-30 17:54:30.375,0.00,905.50,0.00,1.51,0.00,1.00,1.00,129.06,8.34,11.94,66.34,76.61,-85.89,35.94,-0.26,0.08,16.00,6879.70,-56.00,0.00,7.00
726475.00,2019-06-30 17:54:30.475,0.00,905.50,0.00,1.51,0.00,1.00,1.00,129.06,8.34,12.04,66.27,76.68,-85.89,35.94,-0.23,0.08,16.00,6879.70,-56.00,0.00,7.00
726575.00,2019-06-30 17:54:30.575,0.00,905.50,0.00,1.51,0.00,1.00,1.00,129.06,8.34,12.07,66.27,76.68,-85.66,35.94,-0.25,0.08,16.00,6879.70,-56.00,0.00,7.00
726675.00,2019-06-30 17:54:30.675,0.00,905.50,0.00,1.51,0.00,1.00,1.00,129.06,8.34,11.91,66.24,76.59,-85.66,35.94,-0.23,0.08,16.00,6879.70,-56.00,0.00,7.00
726775.00,2019-06-30 17:54:30.775,0.00,905.50,0.00,1.51,0.00,1.00,1.00,129.06,8.34,12.07,66.24,76.59,-85.66,35.91,-0.23,0.08,16.00,6879.70,-56.00,0.00,7.00
726875.00,2019-06-30 17:54:30.875,0.00,905.50,0.00,1.51,0.00,1.00,1.00,129.06,8.34,12.07,66.24,76.59,-85.55,35.91,-0.25,0.08,16.00,6879.70,-56.00,0.00,7.00
726975.00,2019-06-30 17:54:30.975,0.00,905.50,0.00,1.51,0.00,1.00,1.00,129.06,8.34,11.92,66.30,76.58,-85.55,35.91,-0.22,0.07,16.00,6879.70,-56.00,0.00,7.00
727075.00,2019-06-30 17:54:31.075,0.00,905.50,0.00,1.51,0.00,1.00,1.00,129.06,8.34,12.08,66.30,76.58,-85.33,35.91,-0.25,0.08,16.00,6879.70,-56.00,0.00,7.00
727175.00,2019-06-30 17:54:31.175,0.00,905.50,0.00,1.51,0.00,1.00,1.00,129.06,8.34,12.04,66.35,76.63,-85.33,35.93,-0.24,0.07,16.00,6879.70,-56.00,0.00,7.00
727275.00,2019-06-30 17:54:31.275,0.00,905.50,0.00,1.51,0.00,1.00,1.00,129.06,8.34,11.94,66.35,76.63,-85.33,35.93,-0.22,0.07,16.00,6879.70,-56.00,0.00,7.00
727375.00,2019-06-30 17:54:31.375,0.00,905.50,0.00,1.51,0.00,1.00,1.00,129.06,8.34,12.05,66.35,76.63,-85.16,35.93,-0.24,0.07,16.00,6879.70,-56.00,0.00,7.00
727475.00,2019-06-30 17:54:31.475,0.00,905.50,0.00,1.51,0.00,1.00,1.00,129.06,8.34,12.05,66.31,76.55,-85.16,35.93,-0.23,0.08,16.00,6879.70,-56.00,0.00,7.00
727575.00,2019-06-30 17:54:31.575,0.00,905.50,0.00,1.51,0.00,1.00,1.00,129.06,8.34,12.05,66.31,76.55,-85.16,35.91,-0.25,0.08,16.00,6879.70,-56.00,0.00,7.00
727675.00,2019-06-30 17:54:31.675,0.00,905.50,0.00,1.51,0.00,1.00,1.00,129.06,8.34,12.06,66.31,76.60,-85.04,35.91,-0.24,0.08,16.00,6879.70,-56.00,0.00,7.00
727775.00,2019-06-30 17:54:31.775,0.00,905.50,0.00,1.51,0.00,1.00,1.00,129.06,8.34,11.93,66.27,76.60,-85.04,35.91,-0.24,0.08,16.00,6879.70,-56.00,0.00,7.00
727875.00,2019-06-30 17:54:31.875,0.00,905.50,0.00,1.51,0.00,1.00,1.00,129.06,8.34,12.05,66.27,76.60,-84.99,35.91,-0.24,0.08,16.00,6879.70,-56.00,0.00,7.00
727975.00,2019-06-30 17:54:31.975,0.00,905.50,0.00,1.51,0.00,1.00,1.00,129.06,8.34,11.93,66.31,76.48,-84.99,36.02,-0.23,0.08,16.00,6879.70,-56.00,0.00,7.00
728075.00,2019-06-30 17:54:32.075,0.00,905.50,0.00,1.51,0.00,1.00,1.00,129.06,8.34,12.07,66.31,76.48,-84.99,36.02,-0.24,0.08,16.00,6879.70,-56.00,0.00,7.00
728175.00,2019-06-30 17:54:32.175,0.00,905.50,0.00,1.51,0.00,1.00,1.00,129.06,8.34,12.05,66.31,76.48,-84.77,36.02,-0.22,0.08,16.00,6879.70,-56.00,0.00,7.00
728275.00,2019-06-30 17:54:32.275,0.00,905.50,0.00,1.51,0.00,1.00,1.00,129.06,8.34,11.94,66.34,76.48,-84.77,36.02,-0.25,0.08,16.00,6879.70,-56.00,0.00,7.00
728375.00,2019-06-30 17:54:32.375,0.00,905.50,0.00,1.51,0.00,1.00,1.00,129.06,8.34,12.04,66.34,76.48,-84.61,36.01,-0.22,0.08,16.00,6879.70,-56.00,0.00,7.00
728475.00,2019-06-30 17:54:32.475,0.00,905.50,0.00,1.51,0.00,1.00,1.00,129.06,8.34,12.07,66.29,76.48,-84.61,36.01,-0.24,0.08,16.00,6879.70,-56.00,0.00,7.00
728575.00,2019-06-30 17:54:32.575,0.00,905.50,0.00,1.51,0.00,1.00,1.00,129.06,8.34,11.92,66.29,76.48,-84.61,36.01,-0.24,0.08,16.00,6879.70,-56.00,0.00,7.00
728675.00,2019-06-30 17:54:32.675,0.00,905.50,0.00,1.51,0.00,1.00,1.00,129.06,8.34,12.05,66.29,76.46,-84.50,36.01,-0.23,0.08,16.00,6879.70,-56.00,0.00,7.00
728775.00,2019-06-30 17:54:32.775,0.00,905.50,0.00,1.51,0.00,1.00,1.00,129.06,8.34,12.07,66.34,76.46,-84.50,36.00,-0.24,0.08,16.00,6879.70,-56.00,0.00,7.00
728875.00,2019-06-30 17:54:32.875,0.00,905.50,0.00,1.51,0.00,1.00,1.00,129.06,8.34,11.94,66.34,76.46,-84.50,36.00,-0.23,0.07,16.00,6879.70,-56.00,0.00,7.00
728975.00,2019-06-30 17:54:32.975,0.00,905.50,0.00,1.51,0.00,1.00,1.00,129.06,8.34,12.07,66.34,76.46,-84.42,36.00,-0.24,0.08,16.00,6879.70,-56.00,0.00,7.00
729075.00,2019-06-30 17:54:33.075,0.00,905.50,0.00,1.51,0.00,1.00,1.00,129.06,8.34,12.05,66.34,76.46,-84.42,36.00,-0.24,0.07,16.00,6879.70,-56.00,0.00,7.00
729175.00,2019-06-30 17:54:33.175,0.00,905.50,0.00,1.51,0.00,1.00,1.00,129.06,8.34,11.94,66.34,76.51,-84.23,36.00,-0.22,0.08,16.00,6879.70,-56.00,0.00,7.00
729275.00,2019-06-30 17:54:33.275,0.00,905.50,0.00,1.51,0.00,1.00,1.00,129.06,8.34,12.04,66.34,76.51,-84.23,36.00,-0.24,0.08,16.00,6879.70,-56.00,0.00,7.00
729375.00,2019-06-30 17:54:33.375,0.00,905.50,0.00,1.51,0.00,1.00,1.00,129.06,8.34,12.07,66.34,76.51,-84.23,36.00,-0.22,0.08,16.00,6879.70,-56.00,0.00,7.00
729475.00,2019-06-30 17:54:33.475,0.00,905.50,0.00,1.51,0.00,1.00,1.00,129.06,8.34,11.92,66.34,76.41,-84.02,36.00,-0.25,0.08,16.00,6879.70,-56.00,0.00,7.00
729575.00,2019-06-30 17:54:33.575,0.00,905.50,0.00,1.51,0.00,1.00,1.00,129.06,8.34,12.06,66.34,76.41,-84.02,36.02,-0.24,0.08,16.00,6879.70,-56.00,0.00,7.00
729675.00,2019-06-30 17:54:33.675,0.00,905.50,0.00,1.51,0.00,1.00,1.00,129.06,8.34,11.91,66.34,76.35,-83.94,36.02,-0.23,0.08,16.00,6879.70,-56.00,0.00,7.00
729775.00,2019-06-30 17:54:33.775,0.00,905.50,0.00,1.51,0.00,1.00,1.00,129.06,8.34,11.91,66.34,76.35,-83.94,36.02,-0.23,0.08,16.00,6879.70,-56.00,0.00,7.00
729875.00,2019-06-30 17:54:33.875,0.00,905.50,0.00,1.51,0.00,1.00,1.00,129.06,8.34,12.07,66.34,76.35,-83.94,36.02,-0.23,0.08,16.00,6879.70,-56.00,0.00,7.00
729975.00,2019-06-30 17:54:33.975,0.00,905.50,0.00,1.51,0.00,1.00,1.00,129.06,8.34,11.93,66.34,76.42,-83.79,36.00,-0.26,0.07,16.00,6879.70,-56.00,0.00,7.00
730075.00,2019-06-30 17:54:34.075,0.00,905.50,0.00,1.51,0.00,1.00,1.00,129.06,8.34,11.93,66.38,76.42,-83.79,36.00,-0.25,0.07,16.00,6879.70,-56.00,0.00,7.00
730175.00,2019-06-30 17:54:34.175,0.00,905.50,0.00,1.51,0.00,1.00,1.00,129.06,8.34,12.06,66.38,76.44,-83.79,36.00,-0.24,0.08,16.00,6879.70,-56.00,0.00,7.00
730275.00,2019-06-30 17:54:34.275,0.00,905.50,0.00,1.51,0.00,1.00,1.00,129.06,8.34,11.94,66.34,76.44,-83.63,36.00,-0.23,0.08,16.00,6879.70,-56.00,0.00,7.00
730375.00,2019-06-30 17:54:34.375,0.00,905.50,0.00,1.51,0.00,1.00,1.00,129.06,8.34,11.94,66.34,76.44,-83.63,36.02,-0.23,0.08,16.00,6879.70,-56.00,0.00,7.00
730475.00,2019-06-30 17:54:34.475,0.00,905.50,0.00,1.51,0.00,1.00,1.00,129.06,8.34,12.04,66.34,76.44,-83.53,36.02,-0.24,0.08,16.00,6879.70,-56.00,0.00,7.00
730575.00,2019-06-30 17:54:34.575,0.00,905.50,0.00,1.51,0.00,1.00,1.00,129.06,8.34,11.91,66.28,76.44,-83.53,36.02,-0.21,0.07,16.00,6879.70,-56.00,0.00,7.00
730675.00,2019-06-30 17:54:34.675,0.00,905.50,0.00,1.51,0.00,1.00,1.00,129.06,8.34,12.05,66.28,76.35,-83.53,36.02,-0.26,0.08,16.00,6879.70,-56.00,0.00,7.00
730775.00,2019-06-30 17:54:34.775,0.00,905.50,0.00,1.51,0.00,1.00,1.00,129.06,8.34,12.06,66.28,76.35,-83.41,36.09,-0.24,0.08,16.00,6879.70,-56.00,0.00,7.00
730875.00,2019-06-30 17:54:34.875,0.00,905.50,0.00,1.51,0.00,1.00,1.00,129.06,8.34,12.05,66.34,76.35,-83.41,36.09,-0.24,0.08,16.00,6879.70,-56.00,0.00,7.00
730975.00,2019-06-30 17:54:34.975,0.00,905.50,0.00,1.51,0.00,1.00,1.00,129.06,8.34,12.04,66.34,76.32,-83.21,36.09,-0.24,0.08,16.00,6879.70,-56.00,0.00,7.00
731075.00,2019-06-30 17:54:35.075,0.00,905.50,0.00,1.51,0.00,1.00,1.00,129.06,8.34,12.07,66.35,76.32,-83.21,36.09,-0.23,0.08,16.00,6879.70,-56.00,0.00,7.00
731175.00,2019-06-30 17:54:35.175,0.00,905.50,0.00,1.51,0.00,1.00,1.00,129.06,8.34,12.08,66.35,76.35,-83.21,36.06,-0.25,0.08,16.00,6879.70,-56.00,0.00,7.00
731275.00,2019-06-30 17:54:35.275,0.00,905.50,0.00,1.51,0.00,1.00,1.00,129.06,8.34,12.04,66.35,76.35,-82.99,36.06,-0.24,0.07,16.00,6879.70,-56.00,0.00,7.00
731375.00,2019-06-30 17:54:35.375,0.00,905.50,0.00,1.51,0.00,1.00,1.00,129.06,8.34,11.93,66.34,76.35,-82.99,36.06,-0.24,0.08,16.00,6879.70,-56.00,0.00,7.00
731475.00,2019-06-30 17:54:35.475,0.00,905.50,0.00,1.51,0.00,1.00,1.00,129.06,8.34,12.05,66.34,76.32,-82.99,36.06,-0.24,0.07,16.00,6879.70,-56.00,0.00,7.00
731575.00,2019-06-30 17:54:35.575,0.00,905.50,0.00,1.51,0.00,1.00,1.00,129.06,8.34,12.07,66.35,76.32,-82.91,36.08,-0.24,0.08,16.00,6879.70,-56.00,0.00,7.00
731675.00,2019-06-30 17:54:35.675,0.00,905.50,0.00,1.51,0.00,1.00,1.00,129.06,8.34,11.91,66.35,76.26,-82.91,36.08,-0.25,0.08,16.00,6879.70,-56.00,0.00,7.00
731775.00,2019-06-30 17:54:35.775,0.00,905.50,0.00,1.51,0.00,1.00,1.00,129.06,8.34,12.05,66.35,76.26,-82.80,36.08,-0.21,0.07,16.00,6879.70,-56.00,0.00,7.00
731875.00,2019-06-30 17:54:35.875,0.00,905.50,0.00,1.51,0.00,1.00,1.00,129.06,8.34,12.06,66.43,76.26,-82.80,36.08,-0.26,0.08,16.00,6879.70,-56.00,0.00,7.00
731975.00,2019-06-30 17:54:35.975,0.00,905.50,0.00,1.51,0.00,1.00,1.00,129.06,8.34,12.06,66.43,76.28,-82.80,36.07,-0.24,0.08,16.00,6879.70,-56.00,0.00,7.00
732075.00,2019-06-30 17:54:36.075,0.00,905.50,0.00,1.51,0.00,1.00,1.00,129.06,8.34,12.08,66.43,76.28,-82.70,36.07,-0.24,0.08,16.00,6879.70,-56.00,0.00,7.00
732175.00,2019-06-30 17:54:36.175,0.00,905.50,0.00,1.51,0.00,1.00,1.00,129.06,8.34,12.07,66.33,76.23,-82.70,36.07,-0.25,0.08,16.00,6879.70,-56.00,0.00,7.00
732275.00,2019-06-30 17:54:36.275,0.00,905.50,0.00,1.51,0.00,1.00,1.00,129.06,8.34,12.07,66.33,76.23,-82.45,36.07,-0.23,0.07,16.00,6879.70,-56.00,0.00,7.00
732375.00,2019-06-30 17:54:36.375,0.00,905.50,0.00,1.51,0.00,1.00,1.00,129.06,8.34,11.94,66.35,76.23,-82.45,36.12,-0.24,0.08,16.00,6879.70,-56.00,0.00,7.00
732475.00,2019-06-30 17:54:36.475,0.00,905.50,0.00,1.51,0.00,1.00,1.00,129.06,8.34,12.04,66.35,76.23,-82.45,36.12,-0.24,0.08,16.00,6879.70,-56.00,0.00,7.00
732575.00,2019-06-30 17:54:36.575,0.00,905.50,0.00,1.51,0.00,1.00,1.00,129.06,8.34,12.07,66.35,76.23,-82.40,36.12,-0.24,0.08,16.00,6879.70,-56.00,0.00,7.00
732675.00,2019-06-30 17:54:36.675,0.00,905.50,0.00,1.51,0.00,1.00,1.00,129.06,8.34,11.91,66.43,76.30,-82.40,36.12,-0.22,0.08,16.00,6879.70,-56.00,0.00,7.00
732775.00,2019-06-30 17:54:36.775,0.00,905.50,0.00,1.51,0.00,1.00,1.00,129.06,8.34,12.06,66.43,76.30,-82.40,36.09,-0.23,0.08,16.00,6879.70,-56.00,0.00,7.00
732875.00,2019-06-30 17:54:36.875,0.00,905.50,0.00,1.51,0.00,1.00,1.00,129.06,8.34,12.07,66.45,76.30,-82.12,36.09,-0.26,0.08,16.00,6879.70,-56.00,0.00,7.00
732975.00,2019-06-30 17:54:36.975,0.00,905.50,0.00,1.51,0.00,1.00,1.00,129.06,8.34,11.91,66.45,76.30,-82.12,36.09,-0.21,0.08,16.00,6879.70,-56.00,0.00,7.00
733075.00,2019-06-30 17:54:37.075,0.00,905.50,0.00,1.51,0.00,1.00,1.00,129.06,8.34,12.08,66.45,76.30,-82.12,36.09,-0.25,0.08,16.00,6879.70,-56.00,0.00,7.00
733175.00,2019-06-30 17:54:37.175,0.00,905.50,0.00,1.51,0.00,1.00,1.00,129.06,8.34,12.04,66.43,76.27,-82.12,36.12,-0.23,0.08,16.00,6879.70,-56.00,0.00,7.00
733275.00,2019-06-30 17:54:37.275,0.00,905.50,0.00,1.51,0.00,1.00,1.00,129.06,8.34,11.94,66.43,76.27,-82.12,36.12,-0.23,0.08,16.00,6879.70,-56.00,0.00,7.00
733375.00,2019-06-30 17:54:37.375,0.00,905.50,0.00,1.51,0.00,1.00,1.00,129.06,8.34,12.06,66.42,76.27,-81.94,36.12,-0.23,0.07,16.00,6879.70,-56.00,0.00,7.00
733475.00,2019-06-30 17:54:37.475,0.00,905.50,0.00,1.51,0.00,1.00,1.00,129.06,8.34,12.06,66.42,76.27,-81.94,36.12,-0.23,0.08,16.00,6879.70,-56.00,0.00,7.00
733575.00,2019-06-30 17:54:37.575,0.00,905.50,0.00,1.51,0.00,1.00,1.00,129.06,8.34,11.95,66.42,76.27,-81.74,36.18,-0.25,0.08,16.00,6879.70,-56.00,0.00,7.00
733675.00,2019-06-30 17:54:37.675,0.00,905.50,0.00,1.51,0.00,1.00,1.00,129.06,8.34,12.04,66.38,76.23,-81.74,36.18,-0.22,0.08,16.00,6879.70,-56.00,0.00,7.00
733775.00,2019-06-30 17:54:37.775,0.00,905.50,0.00,1.51,0.00,1.00,1.00,129.06,8.34,12.07,66.38,76.23,-81.74,36.18,-0.24,0.08,16.00,6879.70,-56.00,0.00,7.00
733875.00,2019-06-30 17:54:37.875,0.00,905.50,0.00,1.51,0.00,1.00,1.00,129.06,8.34,11.91,66.38,76.23,-81.63,36.18,-0.23,0.08,16.00,6879.70,-56.00,0.00,7.00
733975.00,2019-06-30 17:54:37.975,0.00,905.50,0.00,1.51,0.00,1.00,1.00,129.06,8.34,12.06,66.34,76.25,-81.63,36.19,-0.23,0.08,16.00,6879.70,-56.00,0.00,7.00
734075.00,2019-06-30 17:54:38.075,0.00,905.50,0.00,1.51,0.00,1.00,1.00,129.06,8.34,12.07,66.34,76.25,-81.63,36.19,-0.23,0.08,16.00,6879.70,-56.00,0.00,7.00
734175.00,2019-06-30 17:54:38.175,0.00,905.50,0.00,1.51,0.00,1.00,1.00,129.06,8.34,11.92,66.42,76.17,-81.45,36.19,-0.22,0.07,16.00,6879.70,-56.00,0.00,7.00
734275.00,2019-06-30 17:54:38.275,0.00,905.50,0.00,1.51,0.00,1.00,1.00,129.06,8.34,12.06,66.42,76.17,-81.45,36.19,-0.25,0.08,16.00,6879.70,-56.00,0.00,7.00
734375.00,2019-06-30 17:54:38.375,0.00,905.50,0.00,1.51,0.00,1.00,1.00,129.06,8.34,12.06,66.42,76.17,-81.35,36.18,-0.24,0.08,16.00,6879.70,-56.00,0.00,7.00
734475.00,2019-06-30 17:54:38.475,0.00,905.50,0.00,1.51,0.00,1.00,1.00,129.06,8.34,11.94,66.40,76.17,-81.35,36.18,-0.24,0.08,16.00,6879.70,-56.00,0.00,7.00
734575.00,2019-06-30 17:54:38.575,0.00,905.50,0.00,1.51,0.00,1.00,1.00,129.06,8.34,12.04,66.40,76.17,-81.35,36.18,-0.23,0.08,16.00,6879.70,-56.00,0.00,7.00
734675.00,2019-06-30 17:54:38.675,0.00,905.50,0.00,1.51,0.00,1.00,1.00,129.06,8.34,12.07,66.41,76.15,-81.15,36.18,-0.23,0.08,16.00,6879.70,-56.00,0.00,7.00
734775.00,2019-06-30 17:54:38.775,0.00,905.50,0.00,1.51,0.00,1.00,1.00,129.06,8.34,12.08,66.41,76.15,-81.15,36.20,-0.26,0.08,16.00,6879.70,-56.00,0.00,7.00
734875.00,2019-06-30 17:54:38.875,0.00,905.50,0.00,1.51,0.00,1.00,1.00,129.06,8.34,12.06,66.41,76.15,-81.12,36.20,-0.24,0.08,16.00,6879.70,-56.00,0.00,7.00
734975.00,2019-06-30 17:54:38.975,0.00,905.50,0.00,1.51,0.00,1.00,1.00,129.06,8.34,12.06,66.45,76.21,-81.12,36.20,-0.23,0.08,16.00,6879.70,-56.00,0.00,7.00
735075.00,2019-06-30 17:54:39.075,0.00,905.50,0.00,1.51,0.00,1.00,1.00,129.06,8.34,12.05,66.45,76.21,-81.12,36.20,-0.24,0.08,16.00,6879.70,-56.00,0.00,7.00
735175.00,2019-06-30 17:54:39.175,0.00,905.50,0.00,1.51,0.00,1.00,1.00,129.06,8.34,11.93,66.45,76.09,-81.03,36.23,-0.23,0.07,16.00,6879.70,-56.00,0.00,7.00
735275.00,2019-06-30 17:54:39.275,0.00,905.50,0.00,1.51,0.00,1.00,1.00,129.06,8.34,12.07,66.45,76.09,-81.03,36.23,-0.24,0.07,16.00,6879.70,-56.00,0.00,7.00
735375.00,2019-06-30 17:54:39.375,0.00,905.50,0.00,1.51,0.00,1.00,1.00,129.06,8.34,12.05,66.45,76.09,-81.03,36.23,-0.23,0.07,16.00,6879.70,-56.00,0.00,7.00
735475.00,2019-06-30 17:54:39.475,0.00,905.50,0.00,1.51,0.00,1.00,1.00,129.06,8.34,11.94,66.47,76.14,-80.86,36.23,-0.24,0.08,16.00,6879.70,-56.00,0.00,7.00
735575.00,2019-06-30 17:54:39.575,0.00,905.50,0.00,1.51,0.00,1.00,1.00,129.06,8.34,12.04,66.47,76.14,-80.86,36.10,-0.23,0.08,16.00,6879.70,-56.00,0.00,7.00
735675.00,2019-06-30 17:54:39.675,0.00,905.50,0.00,1.51,0.00,1.00,1.00,129.06,8.34,12.07,66.47,76.09,-80.66,36.10,-0.23,0.08,16.00,6879.70,-56.00,0.00,7.00
735775.00,2019-06-30 17:54:39.775,0.00,905.50,0.00,1.51,0.00,1.00,1.00,129.06,8.34,11.92,66.38,76.09,-80.66,36.10,-0.24,0.08,16.00,6879.70,-56.00,0.00,7.00
735875.00,2019-06-30 17:54:39.875,0.00,905.50,0.00,1.51,0.00,1.00,1.00,129.06,8.34,12.06,66.38,76.09,-80.66,36.10,-0.23,0.08,16.00,6879.70,-56.00,0.00,7.00
735975.00,2019-06-30 17:54:39.975,0.00,905.50,0.00,1.51,0.00,1.00,1.00,129.06,8.34,12.08,66.43,76.09,-80.56,36.16,-0.25,0.08,16.00,6879.70,-56.00,0.00,7.00
736075.00,2019-06-30 17:54:40.075,0.00,905.50,0.00,1.51,0.00,1.00,1.00,129.06,8.34,11.91,66.43,76.09,-80.56,36.16,-0.24,0.08,16.00,6879.70,-56.00,0.00,7.00
736175.00,2019-06-30 17:54:40.175,0.00,905.50,0.00,1.51,0.00,1.00,1.00,129.06,8.34,12.06,66.43,76.08,-80.44,36.16,-0.24,0.08,16.00,6879.70,-56.00,0.00,7.00
736275.00,2019-06-30 17:54:40.275,0.00,905.50,0.00,1.51,0.00,1.00,1.00,129.06,8.34,11.91,66.50,76.08,-80.44,36.16,-0.24,0.08,16.00,6879.70,-56.00,0.00,7.00
736375.00,2019-06-30 17:54:40.375,0.00,905.50,0.00,1.51,0.00,1.00,1.00,129.06,8.34,12.07,66.50,76.08,-80.44,36.26,-0.23,0.08,16.00,6879.70,-56.00,0.00,7.00
736475.00,2019-06-30 17:54:40.475,0.00,905.50,0.00,1.51,0.00,1.00,1.00,129.06,8.34,12.07,66.52,76.08,-80.28,36.26,-0.24,0.08,16.00,6879.70,-56.00,0.00,7.00
736575.00,2019-06-30 17:54:40.575,0.00,905.50,0.00,1.51,0.00,1.00,1.00,129.06,8.34,11.92,66.52,76.08,-80.28,36.26,-0.23,0.08,16.00,6879.70,-56.00,0.00,7.00
736675.00,2019-06-30 17:54:40.675,0.00,905.50,0.00,1.51,0.00,1.00,1.00,129.06,8.34,12.07,66.52,76.09,-80.28,36.26,-0.26,0.08,16.00,6879.70,-56.00,0.00,7.00
736775.00,2019-06-30 17:54:40.775,0.00,905.50,0.00,1.51,0.00,1.00,1.00,129.06,8.34,11.93,66.45,76.09,-80.12,36.27,-0.23,0.08,16.00,6879.70,-56.00,0.00,7.00
736875.00,2019-06-30 17:54:40.875,0.00,905.50,0.00,1.51,0.00,1.00,1.00,129.06,8.34,11.94,66.45,76.09,-80.12,36.27,-0.23,0.08,16.00,6879.70,-56.00,0.00,7.00
736975.00,2019-06-30 17:54:40.975,0.00,905.50,0.00,1.51,0.00,1.00,1.00,129.06,8.34,12.04,66.45,76.05,-80.10,36.27,-0.25,0.08,16.00,6879.70,-56.00,0.00,7.00
737075.00,2019-06-30 17:54:41.075,0.00,905.50,0.00,1.51,0.00,1.00,1.00,129.06,8.34,11.90,66.45,76.05,-80.10,36.27,-0.23,0.08,16.00,6879.70,-56.00,0.00,7.00
737175.00,2019-06-30 17:54:41.175,0.00,905.50,0.00,1.51,0.00,1.00,1.00,129.06,8.34,11.91,66.45,75.98,-80.10,36.32,-0.25,0.08,16.00,6879.70,-56.00,0.00,7.00
737275.00,2019-06-30 17:54:41.275,0.00,905.50,0.00,1.51,0.00,1.00,1.00,129.06,8.34,12.06,66.43,75.98,-79.84,36.32,-0.24,0.08,16.00,6879.70,-56.00,0.00,7.00
737375.00,2019-06-30 17:54:41.375,0.00,905.50,0.00,1.51,0.00,1.00,1.00,129.06,8.34,11.93,66.43,75.98,-79.84,36.32,-0.24,0.07,16.00,6879.70,-56.00,0.00,7.00
737475.00,2019-06-30 17:54:41.475,0.00,905.50,0.00,1.51,0.00,1.00,1.00,129.06,8.34,11.92,66.43,76.03,-79.80,36.32,-0.23,0.08,16.00,6879.70,-56.00,0.00,7.00
737575.00,2019-06-30 17:54:41.575,0.00,905.50,0.00,1.51,0.00,1.00,1.00,129.06,8.34,12.04,66.43,76.03,-79.80,36.23,-0.24,0.07,16.00,6879.70,-56.00,0.00,7.00
737675.00,2019-06-30 17:54:41.675,0.00,905.50,0.00,1.51,0.00,1.00,1.00,129.06,8.34,12.04,66.43,76.08,-79.80,36.23,-0.24,0.07,16.00,6879.70,-56.00,0.00,7.00
737775.00,2019-06-30 17:54:41.775,0.00,905.50,0.00,1.51,0.00,1.00,1.00,129.06,8.34,11.93,66.43,76.08,-79.64,36.23,-0.22,0.07,16.00,6879.70,-56.00,0.00,7.00
737875.00,2019-06-30 17:54:41.875,0.00,905.50,0.00,1.51,0.00,1.00,1.00,129.06,8.34,12.06,66.48,76.08,-79.64,36.23,-0.24,0.08,16.00,6879.70,-56.00,0.00,7.00
737975.00,2019-06-30 17:54:41.975,0.00,905.50,0.00,1.51,0.00,1.00,1.00,129.06,8.34,11.90,66.48,76.03,-79.64,36.32,-0.24,0.08,16.00,6879.70,-56.00,0.00,7.00
738075.00,2019-06-30 17:54:42.075,0.00,905.50,0.00,1.51,0.00,1.00,1.00,129.06,8.34,12.07,66.49,76.03,-79.48,36.32,-0.23,0.08,16.00,6879.70,-56.00,0.00,7.00
738175.00,2019-06-30 17:54:42.175,0.00,905.50,0.00,1.51,0.00,1.00,1.00,129.06,8.34,12.06,66.49,76.02,-79.48,36.32,-0.24,0.08,16.00,6879.70,-56.00,0.00,7.00
738275.00,2019-06-30 17:54:42.275,0.00,905.50,0.00,1.51,0.00,1.00,1.00,129.06,8.34,11.92,66.49,76.02,-79.36,36.32,-0.23,0.07,16.00,6879.70,-56.00,0.00,7.00
738375.00,2019-06-30 17:54:42.375,0.00,905.50,0.00,1.51,0.00,1.00,1.00,129.06,8.34,12.07,66.45,76.02,-79.36,36.27,-0.24,0.08,16.00,6879.70,-56.00,0.00,7.00
738475.00,2019-06-30 17:54:42.475,0.00,905.50,0.00,1.51,0.00,1.00,1.00,129.06,8.34,12.04,66.45,76.03,-79.36,36.27,-0.24,0.08,16.00,6879.70,-56.00,0.00,7.00
738575.00,2019-06-30 17:54:42.575,0.00,905.50,0.00,1.51,0.00,1.00,1.00,129.06,8.34,11.93,66.48,76.03,-79.22,36.27,-0.24,0.08,16.00,6879.70,-56.00,0.00,7.00
738675.00,2019-06-30 17:54:42.675,0.00,905.50,0.00,1.51,0.00,1.00,1.00,129.06,8.34,12.05,66.48,76.02,-79.22,36.27,-0.24,0.08,16.00,6879.70,-56.00,0.00,7.00
738775.00,2019-06-30 17:54:42.775,0.00,905.50,0.00,1.51,0.00,1.00,1.00,129.06,8.34,12.06,66.48,76.02,-79.07,36.25,-0.24,0.08,16.00,6879.70,-56.00,0.00,7.00
738875.00,2019-06-30 17:54:42.875,0.00,905.50,0.00,1.51,0.00,1.00,1.00,129.06,8.34,11.93,66.45,76.02,-79.07,36.25,-0.25,0.08,16.00,6879.70,-56.00,0.00,7.00
738975.00,2019-06-30 17:54:42.975,0.00,905.50,0.00,1.51,0.00,1.00,1.00,129.06,8.34,12.04,66.45,76.02,-79.07,36.25,-0.22,0.08,16.00,6879.70,-56.00,0.00,7.00
739075.00,2019-06-30 17:54:43.075,0.00,905.50,0.00,1.51,0.00,1.00,1.00,129.06,8.34,12.07,66.45,76.02,-78.92,36.25,-0.26,0.08,16.00,6879.70,-56.00,0.00,7.00
739175.00,2019-06-30 17:54:43.175,0.00,905.50,0.00,1.51,0.00,1.00,1.00,129.06,8.34,11.91,66.48,76.05,-78.92,36.36,-0.24,0.08,16.00,6879.70,-56.00,0.00,7.00
739275.00,2019-06-30 17:54:43.275,0.00,905.50,0.00,1.51,0.00,1.00,1.00,129.06,8.34,12.06,66.48,76.05,-78.92,36.36,-0.24,0.08,16.00,6879.70,-56.00,0.00,7.00
739375.00,2019-06-30 17:54:43.375,0.00,905.50,0.00,1.51,0.00,1.00,1.00,129.06,8.34,12.04,66.55,76.05,-78.74,36.36,-0.24,0.07,16.00,6879.70,-56.00,0.00,7.00
739475.00,2019-06-30 17:54:43.475,0.00,905.50,0.00,1.51,0.00,1.00,1.00,129.06,8.34,12.04,66.55,75.95,-78.74,36.36,-0.23,0.08,16.00,6879.70,-56.00,0.00,7.00
739575.00,2019-06-30 17:54:43.575,0.00,905.50,0.00,1.51,0.00,1.00,1.00,129.06,8.34,12.07,66.55,75.95,-78.69,36.36,-0.25,0.08,16.00,6879.70,-56.00,0.00,7.00
739675.00,2019-06-30 17:54:43.675,0.00,905.50,0.00,1.51,0.00,1.00,1.00,129.06,8.34,12.07,66.63,75.94,-78.69,36.36,-0.24,0.08,16.00,6879.70,-56.00,0.00,7.00
739775.00,2019-06-30 17:54:43.775,0.00,905.50,0.00,1.51,0.00,1.00,1.00,129.06,8.34,11.93,66.63,75.94,-78.69,36.36,-0.25,0.08,16.00,6879.70,-56.00,0.00,7.00
739875.00,2019-06-30 17:54:43.875,0.00,905.50,0.00,1.51,0.00,1.00,1.00,129.06,8.34,12.05,66.45,75.94,-78.61,36.36,-0.24,0.08,16.00,6879.70,-56.00,0.00,7.00
739975.00,2019-06-30 17:54:43.975,0.00,905.50,0.00,1.51,0.00,1.00,1.00,129.06,8.34,11.93,66.45,75.94,-78.61,36.36,-0.23,0.08,16.00,6879.70,-56.00,0.00,7.00
740075.00,2019-06-30 17:54:44.075,0.00,905.50,0.00,1.51,0.00,1.00,1.00,129.06,8.34,12.07,66.45,75.94,-78.41,36.36,-0.24,0.08,16.00,6879.70,-56.00,0.00,7.00
740175.00,2019-06-30 17:54:44.175,0.00,905.50,0.00,1.51,0.00,1.00,1.00,129.06,8.34,12.04,66.57,75.98,-78.41,36.36,-0.22,0.07,16.00,6879.70,-56.00,0.00,7.00
740275.00,2019-06-30 17:54:44.275,0.00,905.50,0.00,1.51,0.00,1.00,1.00,129.06,8.34,11.94,66.57,75.98,-78.41,36.36,-0.25,0.08,16.00,6879.70,-56.00,0.00,7.00
740375.00,2019-06-30 17:54:44.375,0.00,905.50,0.00,1.51,0.00,1.00,1.00,129.06,8.34,12.04,66.45,75.98,-78.33,36.31,-0.22,0.08,16.00,6879.70,-56.00,0.00,7.00
740475.00,2019-06-30 17:54:44.475,0.00,905.50,0.00,1.51,0.00,1.00,1.00,129.06,8.34,11.91,66.45,75.89,-78.33,36.31,-0.23,0.08,16.00,6879.70,-56.00,0.00,7.00
740575.00,2019-06-30 17:54:44.575,0.00,905.50,0.00,1.51,0.00,1.00,1.00,129.06,8.34,11.91,66.45,75.89,-78.33,36.31,-0.26,0.08,16.00,6879.70,-56.00,0.00,7.00
740675.00,2019-06-30 17:54:44.675,0.00,905.50,0.00,1.51,0.00,1.00,1.00,129.06,8.34,12.07,66.57,75.94,-78.11,36.31,-0.22,0.08,16.00,6879.70,-56.00,0.00,7.00
740775.00,2019-06-30 17:54:44.775,0.00,905.50,0.00,1.51,0.00,1.00,1.00,129.06,8.34,11.94,66.57,75.94,-78.11,36.36,-0.25,0.07,16.00,6879.70,-56.00,0.00,7.00
740875.00,2019-06-30 17:54:44.875,0.00,905.50,0.00,1.51,0.00,1.00,1.00,129.06,8.34,11.93,66.57,75.94,-77.98,36.36,-0.24,0.07,16.00,6879.70,-56.00,0.00,7.00
740975.00,2019-06-30 17:54:44.975,0.00,905.50,0.00,1.51,0.00,1.00,1.00,129.06,8.34,12.05,66.55,75.88,-77.98,36.36,-0.24,0.08,16.00,6879.70,-56.00,0.00,7.00
741075.00,2019-06-30 17:54:45.075,0.00,905.50,0.00,1.51,0.00,1.00,1.00,129.06,8.34,11.91,66.55,75.88,-77.98,36.36,-0.26,0.08,16.00,6879.70,-56.00,0.00,7.00
741175.00,2019-06-30 17:54:45.175,0.00,905.50,0.00,1.51,0.00,1.00,1.00,129.06,8.34,12.07,66.50,75.93,-77.84,36.36,-0.24,0.08,16.00,6879.70,-56.00,0.00,7.00
741275.00,2019-06-30 17:54:45.275,0.00,905.50,0.00,1.51,0.00,1.00,1.00,129.06,8.34,12.04,66.50,75.93,-77.84,36.36,-0.25,0.08,16.00,6879.70,-56.00,0.00,7.00
741375.00,2019-06-30 17:54:45.375,0.00,905.50,0.00,1.51,0.00,1.00,1.00,129.06,8.34,12.04,66.50,75.93,-77.75,36.36,-0.23,0.08,16.00,6879.70,-56.00,0.00,7.00
741475.00,2019-06-30 17:54:45.475,0.00,905.50,0.00,1.51,0.00,1.00,1.00,129.06,8.34,12.07,66.54,75.89,-77.75,36.36,-0.25,0.08,16.00,6879.70,-56.00,0.00,7.00
741575.00,2019-06-30 17:54:45.575,0.00,905.50,0.00,1.51,0.00,1.00,1.00,129.06,8.34,11.91,66.54,75.89,-77.75,36.41,-0.23,0.08,16.00,6879.70,-56.00,0.00,7.00
741675.00,2019-06-30 17:54:45.675,0.00,905.50,0.00,1.51,0.00,1.00,1.00,129.06,8.34,12.07,66.52,75.84,-77.75,36.41,-0.24,0.08,16.00,6879.70,-56.00,0.00,7.00
741775.00,2019-06-30 17:54:45.775,0.00,905.50,0.00,1.51,0.00,1.00,1.00,129.06,8.34,12.05,66.52,75.84,-77.75,36.41,-0.25,0.08,16.00,6879.70,-56.00,0.00,7.00
741875.00,2019-06-30 17:54:45.875,0.00,905.50,0.00,1.51,0.00,1.00,1.00,129.06,8.34,11.92,66.52,75.84,-77.75,36.41,-0.24,0.08,16.00,6879.70,-56.00,0.00,7.00
741975.00,2019-06-30 17:54:45.975,0.00,905.50,0.00,1.51,0.00,1.00,1.00,129.06,8.34,12.07,66.63,75.83,-77.53,36.31,-0.24,0.08,16.00,6879.70,-56.00,0.00,7.00
742075.00,2019-06-30 17:54:46.075,0.00,905.50,0.00,1.51,0.00,1.00,1.00,129.06,8.34,12.04,66.63,75.83,-77.53,36.31,-0.24,0.08,16.00,6879.70,-56.00,0.00,7.00
742175.00,2019-06-30 17:54:46.175,0.00,905.50,0.00,1.51,0.00,1.00,1.00,129.06,8.34,11.94,66.63,75.80,-77.35,36.31,-0.25,0.08,16.00,6879.70,-56.00,0.00,7.00
742275.00,2019-06-30 17:54:46.275,0.00,905.50,0.00,1.51,0.00,1.00,1.00,129.06,8.34,12.05,66.59,75.80,-77.35,36.31,-0.25,0.07,16.00,6879.70,-56.00,0.00,7.00
742375.00,2019-06-30 17:54:46.375,0.00,905.50,0.00,1.51,0.00,1.00,1.00,129.06,8.34,12.06,66.59,75.80,-77.35,36.38,-0.23,0.08,16.00,6879.70,-56.00,0.00,7.00
742475.00,2019-06-30 17:54:46.475,0.00,905.50,0.00,1.51,0.00,1.00,1.00,129.06,8.34,11.93,66.59,75.84,-77.34,36.38,-0.24,0.08,16.00,6879.70,-56.00,0.00,7.00
742575.00,2019-06-30 17:54:46.575,0.00,905.50,0.00,1.51,0.00,1.00,1.00,129.06,8.34,12.07,66.59,75.84,-77.34,36.38,-0.22,0.08,16.00,6879.70,-56.00,0.00,7.00
742675.00,2019-06-30 17:54:46.675,0.00,905.50,0.00,1.51,0.00,1.00,1.00,129.06,8.34,12.05,66.59,75.82,-77.16,36.38,-0.26,0.06,16.00,6879.70,-56.00,0.00,7.00
742775.00,2019-06-30 17:54:46.775,0.00,905.50,0.00,1.51,0.00,1.00,1.00,129.06,8.34,11.92,66.61,75.82,-77.16,36.49,-0.24,0.08,16.00,6879.70,-56.00,0.00,7.00
742875.00,2019-06-30 17:54:46.875,0.00,905.50,0.00,1.51,0.00,1.00,1.00,129.06,8.34,12.07,66.61,75.82,-77.16,36.49,-0.24,0.08,16.00,6879.70,-56.00,0.00,7.00
742975.00,2019-06-30 17:54:46.975,0.00,905.50,0.00,1.51,0.00,1.00,1.00,129.06,8.34,11.94,66.55,75.73,-77.02,36.49,-0.24,0.08,16.00,6879.70,-56.00,0.00,7.00
743075.00,2019-06-30 17:54:47.075,0.00,905.50,0.00,1.51,0.00,1.00,1.00,129.06,8.34,11.94,66.55,75.73,-77.02,36.49,-0.23,0.08,16.00,6879.70,-56.00,0.00,7.00
743175.00,2019-06-30 17:54:47.175,0.00,905.50,0.00,1.51,0.00,1.00,1.00,129.06,8.34,12.07,66.55,75.80,-77.02,36.38,-0.25,0.08,16.00,6879.70,-56.00,0.00,7.00
743275.00,2019-06-30 17:54:47.275,0.00,905.50,0.00,1.51,0.00,1.00,1.00,129.06,8.34,11.90,66.59,75.80,-76.92,36.38,-0.23,0.08,16.00,6879.70,-56.00,0.00,7.00
743375.00,2019-06-30 17:54:47.375,0.00,905.50,0.00,1.51,0.00,1.00,1.00,129.06,8.34,12.07,66.59,75.80,-76.92,36.38,-0.23,0.08,16.00,6879.70,-56.00,0.00,7.00
743475.00,2019-06-30 17:54:47.475,0.00,905.50,0.00,1.51,0.00,1.00,1.00,129.06,8.34,12.04,66.56,75.75,-76.76,36.38,-0.23,0.08,16.00,6879.70,-56.00,0.00,7.00
743575.00,2019-06-30 17:54:47.575,0.00,905.50,0.00,1.51,0.00,1.00,1.00,129.06,8.34,11.93,66.56,75.75,-76.76,36.52,-0.24,0.08,16.00,6879.70,-56.00,0.00,7.00
743675.00,2019-06-30 17:54:47.675,0.00,905.50,0.00,1.51,0.00,1.00,1.00,129.06,8.34,12.07,66.56,75.75,-76.76,36.52,-0.24,0.08,16.00,6879.70,-56.00,0.00,7.00
743775.00,2019-06-30 17:54:47.775,0.00,905.50,0.00,1.51,0.00,1.00,1.00,129.06,8.34,12.05,66.55,75.75,-76.66,36.52,-0.23,0.07,16.00,6879.70,-56.00,0.00,7.00
743875.00,2019-06-30 17:54:47.875,0.00,905.50,0.00,1.51,0.00,1.00,1.00,129.06,8.34,11.94,66.55,75.75,-76.66,36.52,-0.24,0.08,16.00,6879.70,-56.00,0.00,7.00
743975.00,2019-06-30 17:54:47.975,0.00,905.50,0.00,1.51,0.00,1.00,1.00,129.06,8.34,12.07,66.55,75.69,-76.54,36.49,-0.23,0.08,16.00,6879.70,-56.00,0.00,7.00
744075.00,2019-06-30 17:54:48.075,0.00,905.50,0.00,1.51,0.00,1.00,1.00,129.06,8.34,12.07,66.55,75.69,-76.54,36.49,-0.23,0.08,16.00,6879.70,-56.00,0.00,7.00
744175.00,2019-06-30 17:54:48.175,0.00,905.50,0.00,1.51,0.00,1.00,1.00,129.06,8.34,12.07,66.55,75.76,-76.54,36.49,-0.24,0.08,16.00,6879.70,-56.00,0.00,7.00
744275.00,2019-06-30 17:54:48.275,0.00,905.50,0.00,1.51,0.00,1.00,1.00,129.06,8.34,12.07,66.62,75.76,-76.41,36.49,-0.23,0.08,16.00,6879.70,-56.00,0.00,7.00
744375.00,2019-06-30 17:54:48.375,0.00,905.50,0.00,1.51,0.00,1.00,1.00,129.06,8.34,12.05,66.62,75.76,-76.41,36.44,-0.25,0.08,16.00,6879.70,-56.00,0.00,7.00
744475.00,2019-06-30 17:54:48.475,0.00,905.50,0.00,1.51,0.00,1.00,1.00,129.06,8.34,11.93,66.62,75.63,-76.41,36.44,-0.22,0.08,16.00,6879.70,-56.00,0.00,7.00
744575.00,2019-06-30 17:54:48.575,0.00,905.50,0.00,1.51,0.00,1.00,1.00,129.06,8.34,12.07,66.70,75.63,-76.27,36.44,-0.25,0.08,16.00,6879.70,-56.00,0.00,7.00
744675.00,2019-06-30 17:54:48.675,0.00,905.50,0.00,1.51,0.00,1.00,1.00,129.06,8.34,11.91,66.70,75.69,-76.27,36.44,-0.25,0.08,16.00,6879.70,-56.00,0.00,7.00
744775.00,2019-06-30 17:54:48.775,0.00,905.50,0.00,1.51,0.00,1.00,1.00,129.06,8.34,12.06,66.56,75.69,-76.20,36.52,-0.26,0.08,16.00,6879.70,-56.00,0.00,7.00
744875.00,2019-06-30 17:54:48.875,0.00,905.50,0.00,1.51,0.00,1.00,1.00,129.06,8.34,12.07,66.56,75.69,-76.20,36.52,-0.24,0.08,16.00,6879.70,-56.00,0.00,7.00
744975.00,2019-06-30 17:54:48.975,0.00,905.50,0.00,1.51,0.00,1.00,1.00,129.06,8.34,11.91,66.56,75.63,-76.20,36.52,-0.22,0.08,16.00,6879.70,-56.00,0.00,7.00
745075.00,2019-06-30 17:54:49.075,0.00,905.50,0.00,1.51,0.00,1.00,1.00,129.06,8.34,12.07,66.64,75.63,-76.07,36.52,-0.26,0.08,16.00,6879.70,-56.00,0.00,7.00
745175.00,2019-06-30 17:54:49.175,0.00,905.50,0.00,1.51,0.00,1.00,1.00,129.06,8.34,12.04,66.64,75.59,-76.07,36.52,-0.24,0.07,16.00,6879.70,-56.00,0.00,7.00
745275.00,2019-06-30 17:54:49.275,0.00,905.50,0.00,1.51,0.00,1.00,1.00,129.06,8.34,11.93,66.64,75.59,-75.98,36.52,-0.23,0.07,16.00,6879.70,-56.00,0.00,7.00
745375.00,2019-06-30 17:54:49.375,0.00,905.50,0.00,1.51,0.00,1.00,1.00,129.06,8.34,12.06,66.62,75.59,-75.98,36.52,-0.23,0.08,16.00,6879.70,-56.00,0.00,7.00
745475.00,2019-06-30 17:54:49.475,0.00,905.50,0.00,1.51,0.00,1.00,1.00,129.06,8.34,11.91,66.62,75.69,-75.98,36.52,-0.23,0.08,16.00,6879.70,-56.00,0.00,7.00
745575.00,2019-06-30 17:54:49.575,0.00,905.50,0.00,1.51,0.00,1.00,1.00,129.06,8.34,11.92,66.62,75.69,-75.87,36.48,-0.26,0.08,16.00,6879.70,-56.00,0.00,7.00
745675.00,2019-06-30 17:54:49.675,0.00,905.50,0.00,1.51,0.00,1.00,1.00,129.06,8.34,12.06,66.62,75.68,-75.87,36.48,-0.24,0.08,16.00,6879.70,-56.00,0.00,7.00
745775.00,2019-06-30 17:54:49.775,0.00,905.50,0.00,1.51,0.00,1.00,1.00,129.06,8.34,12.07,66.62,75.68,-75.87,36.48,-0.24,0.08,16.00,6879.70,-56.00,0.00,7.00
745875.00,2019-06-30 17:54:49.875,0.00,905.50,0.00,1.51,0.00,1.00,1.00,129.06,8.34,12.07,66.63,75.68,-75.66,36.48,-0.24,0.08,16.00,6879.70,-56.00,0.00,7.00
745975.00,2019-06-30 17:54:49.975,0.00,905.50,0.00,1.51,0.00,1.00,1.00,129.06,8.34,12.07,66.63,75.63,-75.66,36.48,-0.22,0.08,16.00,6879.70,-56.00,0.00,7.00
746075.00,2019-06-30 17:54:50.075,0.00,905.50,0.00,1.51,0.00,1.00,1.00,129.06,8.34,12.04,66.59,75.63,-75.67,36.48,-0.24,0.08,16.00,6879.70,-56.00,0.00,7.00
746175.00,2019-06-30 17:54:50.175,0.00,905.50,0.00,1.51,0.00,1.00,1.00,129.06,8.34,12.05,66.59,75.52,-75.67,36.48,-0.22,0.08,16.00,6879.70,-56.00,0.00,7.00
746275.00,2019-06-30 17:54:50.275,0.00,905.50,0.00,1.51,0.00,1.00,1.00,129.06,8.34,12.07,66.59,75.52,-75.67,36.48,-0.23,0.08,16.00,6879.70,-56.00,0.00,7.00
746375.00,2019-06-30 17:54:50.375,0.00,905.50,0.00,1.51,0.00,1.00,1.00,129.06,8.34,11.90,66.61,75.52,-75.45,36.52,-0.23,0.08,16.00,6879.70,-56.00,0.00,7.00
746475.00,2019-06-30 17:54:50.475,0.00,905.50,0.00,1.51,0.00,1.00,1.00,129.06,8.34,12.06,66.61,75.52,-75.45,36.52,-0.24,0.08,16.00,6879.70,-56.00,0.00,7.00
746575.00,2019-06-30 17:54:50.575,0.00,905.50,0.00,1.51,0.00,1.00,1.00,129.06,8.34,12.05,66.63,75.52,-75.39,36.52,-0.24,0.08,16.00,6879.70,-56.00,0.00,7.00
746675.00,2019-06-30 17:54:50.675,0.00,905.50,0.00,1.51,0.00,1.00,1.00,129.06,8.34,11.91,66.63,75.56,-75.39,36.52,-0.23,0.08,16.00,6879.70,-56.00,0.00,7.00
746775.00,2019-06-30 17:54:50.775,0.00,905.50,0.00,1.51,0.00,1.00,1.00,129.06,8.34,12.07,66.63,75.56,-75.39,36.56,-0.23,0.08,16.00,6879.70,-56.00,0.00,7.00
746875.00,2019-06-30 17:54:50.875,0.00,905.50,0.00,1.51,0.00,1.00,1.00,129.06,8.34,12.04,66.68,75.56,-75.17,36.56,-0.23,0.08,16.00,6879.70,-56.00,0.00,7.00
746975.00,2019-06-30 17:54:50.975,0.00,905.50,0.00,1.51,0.00,1.00,1.00,129.06,8.34,11.94,66.68,75.52,-75.17,36.56,-0.23,0.08,16.00,6879.70,-56.00,0.00,7.00
747075.00,2019-06-30 17:54:51.075,0.00,905.50,0.00,1.51,0.00,1.00,1.00,129.06,8.34,12.05,66.68,75.52,-75.17,36.56,-0.24,0.07,16.00,6879.70,-56.00,0.00,7.00
747175.00,2019-06-30 17:54:51.175,0.00,905.50,0.00,1.51,0.00,1.00,1.00,129.06,8.34,12.06,66.62,75.61,-75.23,36.59,-0.24,0.08,16.00,6879.70,-56.00,0.00,7.00
747275.00,2019-06-30 17:54:51.275,0.00,905.50,0.00,1.51,0.00,1.00,1.00,129.06,8.34,11.93,66.62,75.61,-75.23,36.59,-0.24,0.08,16.00,6879.70,-56.00,0.00,7.00
747375.00,2019-06-30 17:54:51.375,0.00,905.50,0.00,1.51,0.00,1.00,1.00,129.06,8.34,12.04,66.63,75.61,-74.98,36.59,-0.23,0.08,16.00,6879.70,-56.00,0.00,7.00
747475.00,2019-06-30 17:54:51.475,0.00,905.50,0.00,1.51,0.00,1.00,1.00,129.06,8.34,12.06,66.63,75.52,-74.98,36.59,-0.25,0.08,16.00,6879.70,-56.00,0.00,7.00
747575.00,2019-06-30 17:54:51.575,0.00,905.50,0.00,1.51,0.00,1.00,1.00,129.06,8.34,12.05,66.63,75.52,-74.98,36.54,-0.23,0.08,16.00,6879.70,-56.00,0.00,7.00
747675.00,2019-06-30 17:54:51.675,0.00,905.50,0.00,1.51,0.00,1.00,1.00,129.06,8.34,12.07,66.61,75.48,-74.97,36.54,-0.23,0.08,16.00,6879.70,-56.00,0.00,7.00
747775.00,2019-06-30 17:54:51.775,0.00,905.50,0.00,1.51,0.00,1.00,1.00,129.06,8.34,11.92,66.61,75.48,-74.97,36.54,-0.24,0.08,16.00,6879.70,-56.00,0.00,7.00
747875.00,2019-06-30 17:54:51.875,0.00,905.50,0.00,1.51,0.00,1.00,1.00,129.06,8.34,12.04,66.68,75.48,-74.97,36.54,-0.23,0.08,16.00,6879.70,-56.00,0.00,7.00
747975.00,2019-06-30 17:54:51.975,0.00,905.50,0.00,1.51,0.00,1.00,1.00,129.06,8.34,12.05,66.68,75.48,-74.77,36.59,-0.25,0.08,16.00,6879.70,-56.00,0.00,7.00
748075.00,2019-06-30 17:54:52.075,0.00,905.50,0.00,1.51,0.00,1.00,1.00,129.06,8.34,11.93,66.68,75.48,-74.77,36.59,-0.22,0.08,16.00,6879.70,-56.00,0.00,7.00
748175.00,2019-06-30 17:54:52.175,0.00,905.50,0.00,1.51,0.00,1.00,1.00,129.06,8.34,12.07,66.66,75.40,-74.78,36.59,-0.24,0.08,16.00,6879.70,-56.00,0.00,7.00
748275.00,2019-06-30 17:54:52.275,0.00,905.50,0.00,1.51,0.00,1.00,1.00,129.06,8.34,12.04,66.66,75.40,-74.78,36.59,-0.24,0.07,16.00,6879.70,-56.00,0.00,7.00
748375.00,2019-06-30 17:54:52.375,0.00,905.50,0.00,1.51,0.00,1.00,1.00,129.06,8.34,11.94,66.66,75.40,-74.78,36.52,-0.23,0.08,16.00,6879.70,-56.00,0.00,7.00
748475.00,2019-06-30 17:54:52.475,0.00,905.50,0.00,1.51,0.00,1.00,1.00,129.06,8.34,12.04,66.66,75.45,-74.48,36.52,-0.24,0.08,16.00,6879.70,-56.00,0.00,7.00
748575.00,2019-06-30 17:54:52.575,0.00,905.50,0.00,1.51,0.00,1.00,1.00,129.06,8.34,12.07,66.66,75.45,-74.48,36.52,-0.22,0.08,16.00,6879.70,-56.00,0.00,7.00
748675.00,2019-06-30 17:54:52.675,0.00,905.50,0.00,1.51,0.00,1.00,1.00,129.06,8.34,11.92,66.70,75.48,-74.44,36.52,-0.27,0.08,16.00,6879.70,-56.00,0.00,7.00
748775.00,2019-06-30 17:54:52.775,0.00,905.50,0.00,1.51,0.00,1.00,1.00,129.06,8.34,12.07,66.70,75.48,-74.44,36.57,-0.22,0.08,16.00,6879.70,-56.00,0.00,7.00
748875.00,2019-06-30 17:54:52.875,0.00,905.50,0.00,1.51,0.00,1.00,1.00,129.06,8.34,11.92,66.70,75.48,-74.44,36.57,-0.23,0.08,16.00,6879.70,-56.00,0.00,7.00
748975.00,2019-06-30 17:54:52.975,0.00,905.50,0.00,1.51,0.00,1.00,1.00,129.06,8.34,11.91,66.70,75.47,-74.35,36.57,-0.23,0.08,16.00,6879.70,-56.00,0.00,7.00
749075.00,2019-06-30 17:54:53.075,0.00,905.50,0.00,1.51,0.00,1.00,1.00,129.06,8.34,12.07,66.70,75.47,-74.35,36.57,-0.23,0.08,16.00,6879.70,-56.00,0.00,7.00
749175.00,2019-06-30 17:54:53.175,0.00,905.50,0.00,1.51,0.00,1.00,1.00,129.06,8.34,12.05,66.73,75.43,-74.35,36.62,-0.25,0.07,16.00,6879.70,-56.00,0.00,7.00
749275.00,2019-06-30 17:54:53.275,0.00,905.50,0.00,1.51,0.00,1.00,1.00,129.06,8.34,11.93,66.73,75.43,-74.21,36.62,-0.23,0.07,16.00,6879.70,-56.00,0.00,7.00
749375.00,2019-06-30 17:54:53.375,0.00,905.50,0.00,1.51,0.00,1.00,1.00,129.06,8.34,12.07,66.73,75.43,-74.21,36.62,-0.26,0.08,16.00,6879.70,-56.00,0.00,7.00
749475.00,2019-06-30 17:54:53.475,0.00,905.50,0.00,1.51,0.00,1.00,1.00,129.06,8.34,12.04,66.73,75.35,-74.06,36.62,-0.23,0.07,16.00,6879.70,-56.00,0.00,7.00
749575.00,2019-06-30 17:54:53.575,0.00,905.50,0.00,1.51,0.00,1.00,1.00,129.06,8.34,11.94,66.73,75.35,-74.06,36.73,-0.22,0.08,16.00,6879.70,-56.00,0.00,7.00
749675.00,2019-06-30 17:54:53.675,0.00,905.50,0.00,1.51,0.00,1.00,1.00,129.06,8.34,12.04,66.73,75.36,-74.06,36.73,-0.24,0.08,16.00,6879.70,-56.00,0.00,7.00
749775.00,2019-06-30 17:54:53.775,0.00,905.50,0.00,1.51,0.00,1.00,1.00,129.06,8.34,11.91,66.73,75.36,-73.96,36.73,-0.22,0.08,16.00,6879.70,-56.00,0.00,7.00
749875.00,2019-06-30 17:54:53.875,0.00,905.50,0.00,1.51,0.00,1.00,1.00,129.06,8.34,12.07,66.73,75.36,-73.96,36.73,-0.24,0.08,16.00,6879.70,-56.00,0.00,7.00
749975.00,2019-06-30 17:54:53.975,0.00,905.50,0.00,1.51,0.00,1.00,1.00,129.06,8.34,12.05,66.66,75.35,-73.88,36.70,-0.24,0.08,16.00,6879.70,-56.00,0.00,7.00
750075.00,2019-06-30 17:54:54.075,0.00,905.50,0.00,1.51,0.00,1.00,1.00,129.06,8.34,12.07,66.66,75.35,-73.88,36.70,-0.23,0.08,16.00,6879.70,-56.00,0.00,7.00
750175.00,2019-06-30 17:54:54.175,0.00,905.50,0.00,1.51,0.00,1.00,1.00,129.06,8.34,12.06,66.66,75.38,-73.88,36.70,-0.24,0.08,16.00,6879.70,-56.00,0.00,7.00
750275.00,2019-06-30 17:54:54.275,0.00,905.50,0.00,1.51,0.00,1.00,1.00,129.06,8.34,12.04,66.78,75.38,-73.73,36.70,-0.24,0.08,16.00,6879.70,-56.00,0.00,7.00
750375.00,2019-06-30 17:54:54.375,0.00,905.50,0.00,1.51,0.00,1.00,1.00,129.06,8.34,12.07,66.78,75.38,-73.73,36.67,-0.24,0.08,16.00,6879.70,-56.00,0.00,7.00
750475.00,2019-06-30 17:54:54.475,0.00,905.50,0.00,1.51,0.00,1.00,1.00,129.06,8.34,11.93,66.66,75.38,-73.73,36.67,-0.24,0.08,16.00,6879.70,-56.00,0.00,7.00
750575.00,2019-06-30 17:54:54.575,0.00,905.50,0.00,1.51,0.00,1.00,1.00,129.06,8.34,12.05,66.66,75.38,-73.61,36.67,-0.23,0.07,16.00,6879.70,-56.00,0.00,7.00
750675.00,2019-06-30 17:54:54.675,0.00,905.50,0.00,1.51,0.00,1.00,1.00,129.06,8.34,11.94,66.66,75.36,-73.61,36.67,-0.24,0.08,16.00,6879.70,-56.00,0.00,7.00
750775.00,2019-06-30 17:54:54.775,0.00,905.50,0.00,1.51,0.00,1.00,1.00,129.06,8.34,12.06,66.73,75.36,-73.54,36.70,-0.23,0.08,16.00,6879.70,-56.00,0.00,7.00
750875.00,2019-06-30 17:54:54.875,0.00,905.50,0.00,1.51,0.00,1.00,1.00,129.06,8.34,12.07,66.73,75.36,-73.54,36.70,-0.24,0.08,16.00,6879.70,-56.00,0.00,7.00
750975.00,2019-06-30 17:54:54.975,0.00,905.50,0.00,1.51,0.00,1.00,1.00,129.06,8.34,11.92,66.68,75.30,-73.54,36.70,-0.22,0.08,16.00,6879.70,-56.00,0.00,7.00
751075.00,2019-06-30 17:54:55.075,0.00,905.50,0.00,1.51,0.00,1.00,1.00,129.06,8.34,12.06,66.68,75.30,-73.44,36.70,-0.25,0.08,16.00,6879.70,-56.00,0.00,7.00
751175.00,2019-06-30 17:54:55.175,0.00,905.50,0.00,1.51,0.00,1.00,1.00,129.06,8.34,11.91,66.68,75.31,-73.44,36.63,-0.23,0.09,16.00,6879.70,-56.00,0.00,7.00
751275.00,2019-06-30 17:54:55.275,0.00,905.50,0.00,1.51,0.00,1.00,1.00,129.06,8.34,12.06,66.76,75.31,-73.38,36.63,-0.23,0.08,16.00,6879.70,-56.00,0.00,7.00
751375.00,2019-06-30 17:54:55.375,0.00,905.50,0.00,1.51,0.00,1.00,1.00,129.06,8.34,12.06,66.76,75.31,-73.38,36.63,-0.24,0.08,16.00,6879.70,-56.00,0.00,7.00
751475.00,2019-06-30 17:54:55.475,0.00,905.50,0.00,1.51,0.00,1.00,1.00,129.06,8.34,12.04,66.76,75.31,-73.38,36.63,-0.23,0.08,16.00,6879.70,-56.00,0.00,7.00
751575.00,2019-06-30 17:54:55.575,0.00,905.50,0.00,1.51,0.00,1.00,1.00,129.06,8.34,12.05,66.73,75.31,-73.16,36.65,-0.25,0.08,16.00,6879.70,-56.00,0.00,7.00
751675.00,2019-06-30 17:54:55.675,0.00,905.50,0.00,1.51,0.00,1.00,1.00,129.06,8.34,11.91,66.73,75.27,-73.16,36.65,-0.23,0.08,16.00,6879.70,-56.00,0.00,7.00
751775.00,2019-06-30 17:54:55.775,0.00,905.50,0.00,1.51,0.00,1.00,1.00,129.06,8.34,12.07,66.73,75.27,-73.16,36.65,-0.24,0.08,16.00,6879.70,-56.00,0.00,7.00
751875.00,2019-06-30 17:54:55.875,0.00,905.50,0.00,1.51,0.00,1.00,1.00,129.06,8.34,12.05,66.73,75.27,-73.04,36.65,-0.25,0.08,16.00,6879.70,-56.00,0.00,7.00
751975.00,2019-06-30 17:54:55.975,0.00,905.50,0.00,1.51,0.00,1.00,1.00,129.06,8.34,11.93,66.73,75.27,-73.04,36.66,-0.23,0.08,16.00,6879.70,-56.00,0.00,7.00
752075.00,2019-06-30 17:54:56.075,0.00,905.50,0.00,1.51,0.00,1.00,1.00,129.06,8.34,12.07,66.80,75.27,-72.98,36.66,-0.25,0.08,16.00,6879.70,-56.00,0.00,7.00
752175.00,2019-06-30 17:54:56.175,0.00,905.50,0.00,1.51,0.00,1.00,1.00,129.06,8.34,12.04,66.80,75.22,-72.98,36.66,-0.22,0.08,16.00,6879.70,-56.00,0.00,7.00
752275.00,2019-06-30 17:54:56.275,0.00,905.50,0.00,1.51,0.00,1.00,1.00,129.06,8.34,11.94,66.83,75.22,-72.98,36.66,-0.24,0.08,16.00,6879.70,-56.00,0.00,7.00
752375.00,2019-06-30 17:54:56.375,0.00,905.50,0.00,1.51,0.00,1.00,1.00,129.06,8.34,12.04,66.83,75.22,-72.78,36.74,-0.24,0.08,16.00,6879.70,-56.00,0.00,7.00
752475.00,2019-06-30 17:54:56.475,0.00,905.50,0.00,1.51,0.00,1.00,1.00,129.06,8.34,12.06,66.83,75.19,-72.78,36.74,-0.23,0.08,16.00,6879.70,-56.00,0.00,7.00
752575.00,2019-06-30 17:54:56.575,0.00,905.50,0.00,1.51,0.00,1.00,1.00,129.06,8.34,11.92,66.73,75.19,-72.75,36.74,-0.24,0.08,16.00,6879.70,-56.00,0.00,7.00
752675.00,2019-06-30 17:54:56.675,0.00,905.50,0.00,1.51,0.00,1.00,1.00,129.06,8.34,12.07,66.73,75.20,-72.75,36.74,-0.23,0.08,16.00,6879.70,-56.00,0.00,7.00
752775.00,2019-06-30 17:54:56.775,0.00,905.50,0.00,1.51,0.00,1.00,1.00,129.06,8.34,11.95,66.73,75.20,-72.75,36.67,-0.26,0.08,16.00,6879.70,-56.00,0.00,7.00
752875.00,2019-06-30 17:54:56.875,0.00,905.50,0.00,1.51,0.00,1.00,1.00,129.06,8.34,12.04,66.71,75.20,-72.66,36.67,-0.23,0.08,16.00,6879.70,-56.00,0.00,7.00
752975.00,2019-06-30 17:54:56.975,0.00,905.50,0.00,1.51,0.00,1.00,1.00,129.06,8.34,12.07,66.71,75.23,-72.66,36.67,-0.26,0.08,16.00,6879.70,-56.00,0.00,7.00
753075.00,2019-06-30 17:54:57.075,0.00,905.50,0.00,1.51,0.00,1.00,1.00,129.06,8.34,11.91,66.76,75.23,-72.66,36.67,-0.24,0.08,16.00,6879.70,-56.00,0.00,7.00
753175.00,2019-06-30 17:54:57.175,0.00,905.50,0.00,1.51,0.00,1.00,1.00,129.06,8.34,12.06,66.76,75.19,-72.55,36.80,-0.22,0.07,16.00,6879.70,-56.00,0.00,7.00
753275.00,2019-06-30 17:54:57.275,0.00,905.50,0.00,1.51,0.00,1.00,1.00,129.06,8.34,12.07,66.76,75.19,-72.55,36.80,-0.24,0.09,16.00,6879.70,-56.00,0.00,7.00
753375.00,2019-06-30 17:54:57.375,0.00,905.50,0.00,1.51,0.00,1.00,1.00,129.06,8.34,11.92,66.70,75.19,-72.38,36.80,-0.23,0.08,16.00,6879.70,-56.00,0.00,7.00
753475.00,2019-06-30 17:54:57.475,0.00,905.50,0.00,1.51,0.00,1.00,1.00,129.06,8.34,12.06,66.70,75.23,-72.38,36.80,-0.25,0.08,16.00,6879.70,-56.00,0.00,7.00
753575.00,2019-06-30 17:54:57.575,0.00,905.50,0.00,1.51,0.00,1.00,1.00,129.06,8.34,11.91,66.68,75.23,-72.38,36.79,-0.22,0.09,16.00,6879.70,-56.00,0.00,7.00
753675.00,2019-06-30 17:54:57.675,0.00,905.50,0.00,1.51,0.00,1.00,1.00,129.06,8.34,12.06,66.68,75.19,-72.27,36.79,-0.22,0.08,16.00,6879.70,-56.00,0.00,7.00
753775.00,2019-06-30 17:54:57.775,0.00,905.50,0.00,1.51,0.00,1.00,1.00,129.06,8.34,12.06,66.68,75.19,-72.27,36.79,-0.24,0.08,16.00,6879.70,-56.00,0.00,7.00
753875.00,2019-06-30 17:54:57.875,0.00,905.50,0.00,1.51,0.00,1.00,1.00,129.06,8.34,11.92,66.73,75.19,-72.13,36.79,-0.24,0.08,16.00,6879.70,-56.00,0.00,7.00
753975.00,2019-06-30 17:54:57.975,0.00,905.50,0.00,1.51,0.00,1.00,1.00,129.06,8.34,12.07,66.73,75.16,-72.13,36.73,-0.26,0.08,16.00,6879.70,-56.00,0.00,7.00
754075.00,2019-06-30 17:54:58.075,0.00,905.50,0.00,1.51,0.00,1.00,1.00,129.06,8.34,12.04,66.80,75.16,-72.13,36.73,-0.23,0.08,16.00,6879.70,-56.00,0.00,7.00
754175.00,2019-06-30 17:54:58.175,0.00,905.50,0.00,1.51,0.00,1.00,1.00,129.06,8.34,11.94,66.80,75.14,-72.09,36.73,-0.24,0.08,16.00,6879.70,-56.00,0.00,7.00
754275.00,2019-06-30 17:54:58.275,0.00,905.50,0.00,1.51,0.00,1.00,1.00,129.06,8.34,12.05,66.80,75.14,-72.09,36.73,-0.24,0.08,16.00,6879.70,-56.00,0.00,7.00
754375.00,2019-06-30 17:54:58.375,0.00,905.50,0.00,1.51,0.00,1.00,1.00,129.06,8.34,12.06,66.77,75.14,-72.09,36.79,-0.23,0.08,16.00,6879.70,-56.00,0.00,7.00
754475.00,2019-06-30 17:54:58.475,0.00,905.50,0.00,1.51,0.00,1.00,1.00,129.06,8.34,11.94,66.77,75.11,-71.88,36.79,-0.24,0.08,16.00,6879.70,-56.00,0.00,7.00
754575.00,2019-06-30 17:54:58.575,0.00,905.50,0.00,1.51,0.00,1.00,1.00,129.06,8.34,12.04,66.77,75.11,-71.88,36.79,-0.21,0.08,16.00,6879.70,-56.00,0.00,7.00
754675.00,2019-06-30 17:54:58.675,0.00,905.50,0.00,1.51,0.00,1.00,1.00,129.06,8.34,12.07,66.82,75.15,-71.82,36.79,-0.25,0.08,16.00,6879.70,-56.00,0.00,7.00
754775.00,2019-06-30 17:54:58.775,0.00,905.50,0.00,1.51,0.00,1.00,1.00,129.06,8.34,11.91,66.82,75.15,-71.82,36.79,-0.24,0.08,16.00,6879.70,-56.00,0.00,7.00
754875.00,2019-06-30 17:54:58.875,0.00,905.50,0.00,1.51,0.00,1.00,1.00,129.06,8.34,12.06,66.78,75.15,-71.82,36.79,-0.23,0.08,16.00,6879.70,-56.00,0.00,7.00
754975.00,2019-06-30 17:54:58.975,0.00,905.50,0.00,1.51,0.00,1.00,1.00,129.06,8.34,12.06,66.78,75.17,-71.72,36.79,-0.24,0.08,16.00,6879.70,-56.00,0.00,7.00
755075.00,2019-06-30 17:54:59.075,0.00,905.50,0.00,1.51,0.00,1.00,1.00,129.06,8.34,11.92,66.78,75.17,-71.72,36.79,-0.23,0.08,16.00,6879.70,-56.00,0.00,7.00
755175.00,2019-06-30 17:54:59.175,0.00,905.50,0.00,1.51,0.00,1.00,1.00,129.06,8.34,12.08,66.75,75.11,-71.70,36.77,-0.24,0.08,16.00,6879.70,-56.00,0.00,7.00
755275.00,2019-06-30 17:54:59.275,0.00,905.50,0.00,1.51,0.00,1.00,1.00,129.06,8.34,12.04,66.75,75.11,-71.70,36.77,-0.26,0.08,16.00,6879.70,-56.00,0.00,7.00
755375.00,2019-06-30 17:54:59.375,0.00,905.50,0.00,1.51,0.00,1.00,1.00,129.06,8.34,11.94,66.80,75.11,-71.70,36.77,-0.24,0.08,16.00,6879.70,-56.00,0.00,7.00
755475.00,2019-06-30 17:54:59.475,0.00,905.50,0.00,1.51,0.00,1.00,1.00,129.06,8.34,12.04,66.80,75.09,-71.65,36.77,-0.24,0.08,16.00,6879.70,-56.00,0.00,7.00
755575.00,2019-06-30 17:54:59.575,0.00,905.50,0.00,1.51,0.00,1.00,1.00,129.06,8.34,12.07,66.80,75.09,-71.65,36.81,-0.24,0.08,16.00,6879.70,-56.00,0.00,7.00
755675.00,2019-06-30 17:54:59.675,0.00,905.50,0.00,1.51,0.00,1.00,1.00,129.06,8.34,11.91,66.87,75.13,-71.65,36.81,-0.24,0.08,16.00,6879.70,-56.00,0.00,7.00
755775.00,2019-06-30 17:54:59.775,0.00,905.50,0.00,1.51,0.00,1.00,1.00,129.06,8.34,12.04,66.87,75.13,-71.46,36.81,-0.23,0.08,16.00,6879.70,-56.00,0.00,7.00
755875.00,2019-06-30 17:54:59.875,0.00,905.50,0.00,1.51,0.00,1.00,1.00,129.06,8.34,11.94,66.87,75.13,-71.46,36.81,-0.25,0.08,16.00,6879.70,-56.00,0.00,7.00
755975.00,2019-06-30 17:54:59.975,0.00,905.50,0.00,1.51,0.00,1.00,1.00,129.06,8.34,12.04,66.73,75.11,-71.30,36.81,-0.22,0.08,16.00,6879.70,-56.00,0.00,7.00
756075.00,2019-06-30 17:55:00.075,0.00,905.50,0.00,1.51,0.00,1.00,1.00,129.06,8.34,12.06,66.73,75.11,-71.30,36.81,-0.23,0.08,16.00,6879.70,-56.00,0.00,7.00
756175.00,2019-06-30 17:55:00.175,0.00,905.50,0.00,1.51,0.00,1.00,1.00,129.06,8.34,11.90,66.82,75.05,-71.30,36.81,-0.24,0.08,16.00,6879.70,-56.00,0.00,7.00
756275.00,2019-06-30 17:55:00.275,0.00,905.50,0.00,1.51,0.00,1.00,1.00,129.06,8.34,12.07,66.82,75.05,-71.19,36.81,-0.23,0.08,16.00,6879.70,-56.00,0.00,7.00
756375.00,2019-06-30 17:55:00.375,0.00,905.50,0.00,1.51,0.00,1.00,1.00,129.06,8.34,11.93,66.82,75.05,-71.19,36.86,-0.25,0.08,16.00,6879.70,-56.00,0.00,7.00
756475.00,2019-06-30 17:55:00.475,0.00,905.50,0.00,1.51,0.00,1.00,1.00,129.06,8.34,11.93,66.77,75.04,-71.09,36.86,-0.24,0.08,16.00,6879.70,-56.00,0.00,7.00
756575.00,2019-06-30 17:55:00.575,0.00,905.50,0.00,1.51,0.00,1.00,1.00,129.06,8.34,12.07,66.77,75.04,-71.09,36.86,-0.26,0.08,16.00,6879.70,-56.00,0.00,7.00
756675.00,2019-06-30 17:55:00.675,0.00,905.50,0.00,1.51,0.00,1.00,1.00,129.06,8.34,12.04,66.80,75.01,-71.09,36.86,-0.23,0.07,16.00,6879.70,-56.00,0.00,7.00
756775.00,2019-06-30 17:55:00.775,0.00,905.50,0.00,1.51,0.00,1.00,1.00,129.06,8.34,12.06,66.80,75.01,-70.92,36.82,-0.23,0.08,16.00,6879.70,-56.00,0.00,7.00
756875.00,2019-06-30 17:55:00.875,0.00,905.50,0.00,1.51,0.00,1.00,1.00,129.06,8.34,12.07,66.80,75.01,-70.92,36.82,-0.25,0.08,16.00,6879.70,-56.00,0.00,7.00
756975.00,2019-06-30 17:55:00.975,0.00,905.50,0.00,1.51,0.00,1.00,1.00,129.06,8.34,11.91,66.80,75.08,-70.92,36.82,-0.22,0.08,16.00,6879.70,-56.00,0.00,7.00
757075.00,2019-06-30 17:55:01.075,0.00,905.50,0.00,1.51,0.00,1.00,1.00,129.06,8.34,12.06,66.80,75.08,-70.85,36.82,-0.25,0.08,16.00,6879.70,-56.00,0.00,7.00
757175.00,2019-06-30 17:55:01.175,0.00,905.50,0.00,1.51,0.00,1.00,1.00,129.06,8.34,12.06,66.75,74.97,-70.85,36.89,-0.23,0.08,16.00,6879.70,-56.00,0.00,7.00
757275.00,2019-06-30 17:55:01.275,0.00,905.50,0.00,1.51,0.00,1.00,1.00,129.06,8.34,12.07,66.75,74.97,-70.77,36.89,-0.23,0.08,16.00,6879.70,-56.00,0.00,7.00
757375.00,2019-06-30 17:55:01.375,0.00,905.50,0.00,1.51,0.00,1.00,1.00,129.06,8.34,12.06,66.75,74.97,-70.77,36.89,-0.24,0.08,16.00,6879.70,-56.00,0.00,7.00
757475.00,2019-06-30 17:55:01.475,0.00,905.50,0.00,1.51,0.00,1.00,1.00,129.06,8.34,11.92,66.83,75.04,-70.77,36.89,-0.25,0.08,16.00,6879.70,-56.00,0.00,7.00
757575.00,2019-06-30 17:55:01.575,0.00,905.50,0.00,1.51,0.00,1.00,1.00,129.06,8.34,12.07,66.83,75.04,-70.68,36.82,-0.25,0.08,16.00,6879.70,-56.00,0.00,7.00
757675.00,2019-06-30 17:55:01.675,0.00,905.50,0.00,1.51,0.00,1.00,1.00,129.06,8.34,12.04,66.83,74.99,-70.68,36.82,-0.24,0.07,16.00,6879.70,-56.00,0.00,7.00
757775.00,2019-06-30 17:55:01.775,0.00,905.50,0.00,1.51,0.00,1.00,1.00,129.06,8.34,11.93,66.88,74.99,-70.68,36.82,-0.24,0.08,16.00,6879.70,-56.00,0.00,7.00
757875.00,2019-06-30 17:55:01.875,0.00,905.50,0.00,1.51,0.00,1.00,1.00,129.06,8.34,12.05,66.88,74.99,-70.62,36.82,-0.24,0.08,16.00,6879.70,-56.00,0.00,7.00
757975.00,2019-06-30 17:55:01.975,0.00,905.50,0.00,1.51,0.00,1.00,1.00,129.06,8.34,12.06,66.85,74.99,-70.62,36.82,-0.24,0.08,16.00,6879.70,-56.00,0.00,7.00
758075.00,2019-06-30 17:55:02.075,0.00,905.50,0.00,1.51,0.00,1.00,1.00,129.06,8.34,11.94,66.85,74.99,-70.39,36.82,-0.25,0.08,16.00,6879.70,-56.00,0.00,7.00
758175.00,2019-06-30 17:55:02.175,0.00,905.50,0.00,1.51,0.00,1.00,1.00,129.06,8.34,12.04,66.85,75.06,-70.39,36.82,-0.22,0.08,16.00,6879.70,-56.00,0.00,7.00
758275.00,2019-06-30 17:55:02.275,0.00,905.50,0.00,1.51,0.00,1.00,1.00,129.06,8.34,12.07,66.77,75.06,-70.39,36.82,-0.25,0.08,16.00,6879.70,-56.00,0.00,7.00
758375.00,2019-06-30 17:55:02.375,0.00,905.50,0.00,1.51,0.00,1.00,1.00,129.06,8.34,11.91,66.77,75.06,-70.38,36.91,-0.24,0.09,16.00,6879.70,-56.00,0.00,7.00
758475.00,2019-06-30 17:55:02.475,0.00,905.50,0.00,1.51,0.00,1.00,1.00,129.06,8.34,12.06,66.85,74.97,-70.38,36.91,-0.23,0.08,16.00,6879.70,-56.00,0.00,7.00
758575.00,2019-06-30 17:55:02.575,0.00,905.50,0.00,1.51,0.00,1.00,1.00,129.06,8.34,12.06,66.85,74.97,-70.19,36.91,-0.24,0.08,16.00,6879.70,-56.00,0.00,7.00
758675.00,2019-06-30 17:55:02.675,0.00,905.50,0.00,1.51,0.00,1.00,1.00,129.06,8.34,11.92,66.85,74.99,-70.19,36.91,-0.23,0.08,16.00,6879.70,-56.00,0.00,7.00
758775.00,2019-06-30 17:55:02.775,0.00,905.50,0.00,1.51,0.00,1.00,1.00,129.06,8.34,12.07,66.77,74.99,-70.19,36.89,-0.24,0.08,16.00,6879.70,-56.00,0.00,7.00
758875.00,2019-06-30 17:55:02.875,0.00,905.50,0.00,1.51,0.00,1.00,1.00,129.06,8.34,12.04,66.77,74.99,-70.13,36.89,-0.23,0.08,16.00,6879.70,-56.00,0.00,7.00
758975.00,2019-06-30 17:55:02.975,0.00,905.50,0.00,1.51,0.00,1.00,1.00,129.06,8.34,11.94,66.77,74.98,-70.13,36.89,-0.24,0.08,16.00,6879.70,-56.00,0.00,7.00
759075.00,2019-06-30 17:55:03.075,0.00,905.50,0.00,1.51,0.00,1.00,1.00,129.06,8.34,12.05,66.83,74.98,-70.13,36.89,-0.24,0.08,16.00,6879.70,-56.00,0.00,7.00
759175.00,2019-06-30 17:55:03.175,0.00,905.50,0.00,1.51,0.00,1.00,1.00,129.06,8.34,12.06,66.83,74.90,-69.95,36.84,-0.22,0.08,16.00,6879.70,-56.00,0.00,7.00
759275.00,2019-06-30 17:55:03.275,0.00,905.50,0.00,1.51,0.00,1.00,1.00,129.06,8.34,11.94,66.87,74.90,-69.95,36.84,-0.24,0.09,16.00,6879.70,-56.00,0.00,7.00
759375.00,2019-06-30 17:55:03.375,0.00,905.50,0.00,1.51,0.00,1.00,1.00,129.06,8.34,12.04,66.87,74.90,-69.88,36.84,-0.21,0.08,16.00,6879.70,-56.00,0.00,7.00
759475.00,2019-06-30 17:55:03.475,0.00,905.50,0.00,1.51,0.00,1.00,1.00,129.06,8.34,12.07,66.87,74.88,-69.88,36.84,-0.25,0.08,16.00,6879.70,-56.00,0.00,7.00
759575.00,2019-06-30 17:55:03.575,0.00,905.50,0.00,1.51,0.00,1.00,1.00,129.06,8.34,11.91,66.80,74.88,-69.88,36.89,-0.23,0.08,16.00,6879.70,-56.00,0.00,7.00
759675.00,2019-06-30 17:55:03.675,0.00,905.50,0.00,1.51,0.00,1.00,1.00,129.06,8.34,12.04,66.80,74.88,-69.73,36.89,-0.24,0.08,16.00,6879.70,-56.00,0.00,7.00
759775.00,2019-06-30 17:55:03.775,0.00,905.50,0.00,1.51,0.00,1.00,1.00,129.06,8.34,11.94,66.80,74.88,-69.73,36.89,-0.24,0.08,16.00,6879.70,-56.00,0.00,7.00
759875.00,2019-06-30 17:55:03.875,0.00,905.50,0.00,1.51,0.00,1.00,1.00,129.06,8.34,12.05,66.80,74.88,-69.70,36.89,-0.23,0.09,16.00,6879.70,-56.00,0.00,7.00
759975.00,2019-06-30 17:55:03.975,0.00,905.50,0.00,1.51,0.00,1.00,1.00,129.06,8.34,12.05,66.80,74.99,-69.70,36.91,-0.25,0.08,16.00,6879.70,-56.00,0.00,7.00
760075.00,2019-06-30 17:55:04.075,0.00,905.50,0.00,1.51,0.00,1.00,1.00,129.06,8.34,12.06,66.80,74.99,-69.70,36.91,-0.24,0.08,16.00,6879.70,-56.00,0.00,7.00
760175.00,2019-06-30 17:55:04.175,0.00,905.50,0.00,1.51,0.00,1.00,1.00,129.06,8.34,11.93,66.80,74.87,-69.61,36.91,-0.23,0.08,16.00,6879.70,-56.00,0.00,7.00
760275.00,2019-06-30 17:55:04.275,0.00,905.50,0.00,1.51,0.00,1.00,1.00,129.06,8.34,12.07,66.88,74.87,-69.61,36.91,-0.24,0.08,16.00,6879.70,-56.00,0.00,7.00
760375.00,2019-06-30 17:55:04.375,0.00,905.50,0.00,1.51,0.00,1.00,1.00,129.06,8.34,12.07,66.88,74.87,-69.61,36.93,-0.23,0.08,16.00,6879.70,-56.00,0.00,7.00
760475.00,2019-06-30 17:55:04.475,0.00,905.50,0.00,1.51,0.00,1.00,1.00,129.06,8.34,11.91,66.88,74.90,-69.35,36.93,-0.24,0.08,16.00,6879.70,-56.00,0.00,7.00
760575.00,2019-06-30 17:55:04.575,0.00,905.50,0.00,1.51,0.00,1.00,1.00,129.06,8.34,12.06,66.88,74.90,-69.35,36.93,-0.22,0.08,16.00,6879.70,-56.00,0.00,7.00
760675.00,2019-06-30 17:55:04.675,0.00,905.50,0.00,1.51,0.00,1.00,1.00,129.06,8.34,12.06,66.88,74.83,-69.34,36.93,-0.25,0.08,16.00,6879.70,-56.00,0.00,7.00
760775.00,2019-06-30 17:55:04.775,0.00,905.50,0.00,1.51,0.00,1.00,1.00,129.06,8.34,11.92,66.88,74.83,-69.34,36.91,-0.24,0.08,16.00,6879.70,-56.00,0.00,7.00
760875.00,2019-06-30 17:55:04.875,0.00,905.50,0.00,1.51,0.00,1.00,1.00,129.06,8.34,12.06,66.83,74.83,-69.34,36.91,-0.23,0.08,16.00,6879.70,-56.00,0.00,7.00
760975.00,2019-06-30 17:55:04.975,0.00,905.50,0.00,1.51,0.00,1.00,1.00,129.06,8.34,11.93,66.83,74.87,-69.22,36.91,-0.24,0.08,16.00,6879.70,-56.00,0.00,7.00
761075.00,2019-06-30 17:55:05.075,0.00,905.50,0.00,1.51,0.00,1.00,1.00,129.06,8.34,12.05,66.89,74.87,-69.22,36.91,-0.22,0.08,16.00,6879.70,-56.00,0.00,7.00
761175.00,2019-06-30 17:55:05.175,0.00,905.50,0.00,1.51,0.00,1.00,1.00,129.06,8.34,12.07,66.89,74.80,-69.21,36.93,-0.25,0.08,16.00,6879.70,-56.00,0.00,7.00
761275.00,2019-06-30 17:55:05.275,0.00,905.50,0.00,1.51,0.00,1.00,1.00,129.06,8.34,11.90,66.89,74.80,-69.21,36.93,-0.23,0.08,16.00,6879.70,-56.00,0.00,7.00
761375.00,2019-06-30 17:55:05.375,0.00,905.50,0.00,1.51,0.00,1.00,1.00,129.06,8.34,12.07,66.88,74.80,-69.21,36.93,-0.24,0.08,16.00,6879.70,-56.00,0.00,7.00
761475.00,2019-06-30 17:55:05.475,0.00,905.50,0.00,1.51,0.00,1.00,1.00,129.06,8.34,12.05,66.88,74.77,-69.08,36.93,-0.24,0.08,16.00,6879.70,-56.00,0.00,7.00
761575.00,2019-06-30 17:55:05.575,0.00,905.50,0.00,1.51,0.00,1.00,1.00,129.06,8.34,11.92,66.87,74.77,-69.08,36.93,-0.22,0.08,16.00,6879.70,-56.00,0.00,7.00
761675.00,2019-06-30 17:55:05.675,0.00,905.50,0.00,1.51,0.00,1.00,1.00,129.06,8.34,12.07,66.87,74.82,-69.08,36.93,-0.25,0.08,16.00,6879.70,-56.00,0.00,7.00
761775.00,2019-06-30 17:55:05.775,0.00,905.50,0.00,1.51,0.00,1.00,1.00,129.06,8.34,12.04,66.87,74.82,-68.95,36.93,-0.22,0.08,16.00,6879.70,-56.00,0.00,7.00
761875.00,2019-06-30 17:55:05.875,0.00,905.50,0.00,1.51,0.00,1.00,1.00,129.06,8.34,11.94,66.87,74.82,-68.95,36.93,-0.25,0.08,16.00,6879.70,-56.00,0.00,7.00
761975.00,2019-06-30 17:55:05.975,0.00,905.50,0.00,1.51,0.00,1.00,1.00,129.06,8.34,12.05,66.87,74.82,-68.94,36.98,-0.24,0.08,16.00,6879.70,-56.00,0.00,7.00
762075.00,2019-06-30 17:55:06.075,0.00,905.50,0.00,1.51,0.00,1.00,1.00,129.06,8.34,12.06,66.87,74.82,-68.94,36.98,-0.23,0.08,16.00,6879.70,-56.00,0.00,7.00
762175.00,2019-06-30 17:55:06.175,0.00,905.50,0.00,1.51,0.00,1.00,1.00,129.06,8.34,11.92,66.89,74.83,-68.94,36.98,-0.24,0.08,16.00,6879.70,-56.00,0.00,7.00
762275.00,2019-06-30 17:55:06.275,0.00,905.50,0.00,1.51,0.00,1.00,1.00,129.06,8.34,12.05,66.89,74.83,-68.73,36.98,-0.23,0.08,16.00,6879.70,-56.00,0.00,7.00
762375.00,2019-06-30 17:55:06.375,0.00,905.50,0.00,1.51,0.00,1.00,1.00,129.06,8.34,12.07,66.88,74.83,-68.73,36.97,-0.24,0.08,16.00,6879.70,-56.00,0.00,7.00
762475.00,2019-06-30 17:55:06.475,0.00,905.50,0.00,1.51,0.00,1.00,1.00,129.06,8.34,11.91,66.88,74.75,-68.73,36.97,-0.24,0.08,16.00,6879.70,-56.00,0.00,7.00
762575.00,2019-06-30 17:55:06.575,0.00,905.50,0.00,1.51,0.00,1.00,1.00,129.06,8.34,12.07,66.88,74.75,-68.73,36.97,-0.25,0.08,16.00,6879.70,-56.00,0.00,7.00
762675.00,2019-06-30 17:55:06.675,0.00,905.50,0.00,1.51,0.00,1.00,1.00,129.06,8.34,12.05,66.88,74.77,-68.73,36.97,-0.24,0.08,16.00,6879.70,-56.00,0.00,7.00
762775.00,2019-06-30 17:55:06.775,0.00,905.50,0.00,1.51,0.00,1.00,1.00,129.06,8.34,11.92,66.88,74.77,-68.59,37.00,-0.24,0.08,16.00,6879.70,-56.00,0.00,7.00
762875.00,2019-06-30 17:55:06.875,0.00,905.50,0.00,1.51,0.00,1.00,1.00,129.06,8.34,12.07,66.89,74.77,-68.59,37.00,-0.24,0.08,16.00,6879.70,-56.00,0.00,7.00
762975.00,2019-06-30 17:55:06.975,0.00,905.50,0.00,1.51,0.00,1.00,1.00,129.06,8.34,12.04,66.89,74.66,-68.59,37.00,-0.21,0.07,16.00,6879.70,-56.00,0.00,7.00
763075.00,2019-06-30 17:55:07.075,0.00,905.50,0.00,1.51,0.00,1.00,1.00,129.06,8.34,11.94,66.89,74.66,-68.42,37.00,-0.25,0.08,16.00,6879.70,-56.00,0.00,7.00
763175.00,2019-06-30 17:55:07.175,0.00,905.50,0.00,1.51,0.00,1.00,1.00,129.06,8.34,12.07,66.96,74.69,-68.42,36.98,-0.24,0.08,16.00,6879.70,-56.00,0.00,7.00
763275.00,2019-06-30 17:55:07.275,0.00,905.50,0.00,1.51,0.00,1.00,1.00,129.06,8.34,11.93,66.96,74.69,-68.38,36.98,-0.24,0.07,16.00,6879.70,-56.00,0.00,7.00
763375.00,2019-06-30 17:55:07.375,0.00,905.50,0.00,1.51,0.00,1.00,1.00,129.06,8.34,12.06,66.85,74.69,-68.38,36.98,-0.24,0.08,16.00,6879.70,-56.00,0.00,7.00
763475.00,2019-06-30 17:55:07.475,0.00,905.50,0.00,1.51,0.00,1.00,1.00,129.06,8.34,12.05,66.85,74.75,-68.38,36.98,-0.22,0.08,16.00,6879.70,-56.00,0.00,7.00
763575.00,2019-06-30 17:55:07.575,0.00,905.50,0.00,1.51,0.00,1.00,1.00,129.06,8.34,11.94,66.85,74.75,-68.16,36.95,-0.25,0.08,16.00,6879.70,-56.00,0.00,7.00
763675.00,2019-06-30 17:55:07.675,0.00,905.50,0.00,1.51,0.00,1.00,1.00,129.06,8.34,12.04,66.88,74.73,-68.16,36.95,-0.24,0.08,16.00,6879.70,-56.00,0.00,7.00
763775.00,2019-06-30 17:55:07.775,0.00,905.50,0.00,1.51,0.00,1.00,1.00,129.06,8.34,12.07,66.88,74.73,-68.20,36.95,-0.26,0.08,16.00,6879.70,-56.00,0.00,7.00
763875.00,2019-06-30 17:55:07.875,0.00,905.50,0.00,1.51,0.00,1.00,1.00,129.06,8.34,11.92,66.88,74.73,-68.20,36.95,-0.24,0.08,16.00,6879.70,-56.00,0.00,7.00
763975.00,2019-06-30 17:55:07.975,0.00,905.50,0.00,1.51,0.00,1.00,1.00,129.06,8.34,12.06,66.92,74.70,-68.20,37.00,-0.23,0.08,16.00,6879.70,-56.00,0.00,7.00
764075.00,2019-06-30 17:55:08.075,0.00,905.50,0.00,1.51,0.00,1.00,1.00,129.06,8.34,12.07,66.92,74.70,-68.08,37.00,-0.24,0.08,16.00,6879.70,-56.00,0.00,7.00
764175.00,2019-06-30 17:55:08.175,0.00,905.50,0.00,1.51,0.00,1.00,1.00,129.06,8.34,11.90,66.92,74.69,-68.08,37.00,-0.23,0.08,16.00,6879.70,-56.00,0.00,7.00
764275.00,2019-06-30 17:55:08.275,0.00,905.50,0.00,1.51,0.00,1.00,1.00,129.06,8.34,12.07,66.92,74.69,-68.08,37.00,-0.26,0.08,16.00,6879.70,-56.00,0.00,7.00
764375.00,2019-06-30 17:55:08.375,0.00,905.50,0.00,1.51,0.00,1.00,1.00,129.06,8.34,12.04,66.92,74.69,-67.92,37.00,-0.24,0.08,16.00,6879.70,-56.00,0.00,7.00
764475.00,2019-06-30 17:55:08.475,0.00,905.50,0.00,1.51,0.00,1.00,1.00,129.06,8.34,11.94,66.91,74.61,-67.92,37.00,-0.23,0.07,16.00,6879.70,-56.00,0.00,7.00
764575.00,2019-06-30 17:55:08.575,0.00,905.50,0.00,1.51,0.00,1.00,1.00,129.06,8.34,12.06,66.91,74.61,-67.79,37.00,-0.24,0.08,16.00,6879.70,-56.00,0.00,7.00
764675.00,2019-06-30 17:55:08.675,0.00,905.50,0.00,1.51,0.00,1.00,1.00,129.06,8.34,12.04,66.97,74.68,-67.79,37.00,-0.24,0.07,16.00,6879.70,-56.00,0.00,7.00
764775.00,2019-06-30 17:55:08.775,0.00,905.50,0.00,1.51,0.00,1.00,1.00,129.06,8.34,11.94,66.97,74.68,-67.79,37.02,-0.25,0.08,16.00,6879.70,-56.00,0.00,7.00
764875.00,2019-06-30 17:55:08.875,0.00,905.50,0.00,1.51,0.00,1.00,1.00,129.06,8.34,12.04,66.97,74.68,-67.73,37.02,-0.24,0.08,16.00,6879.70,-56.00,0.00,7.00
764975.00,2019-06-30 17:55:08.975,0.00,905.50,0.00,1.51,0.00,1.00,1.00,129.06,8.34,12.07,66.90,74.63,-67.73,37.02,-0.24,0.08,16.00,6879.70,-56.00,0.00,7.00
765075.00,2019-06-30 17:55:09.075,0.00,905.50,0.00,1.51,0.00,1.00,1.00,129.06,8.34,11.92,66.90,74.63,-67.63,37.02,-0.24,0.08,16.00,6879.70,-56.00,0.00,7.00
765175.00,2019-06-30 17:55:09.175,0.00,905.50,0.00,1.51,0.00,1.00,1.00,129.06,8.34,12.07,66.90,74.69,-67.63,37.06,-0.24,0.08,16.00,6879.70,-56.00,0.00,7.00
765275.00,2019-06-30 17:55:09.275,0.00,905.50,0.00,1.51,0.00,1.00,1.00,129.06,8.34,12.04,66.95,74.69,-67.63,37.06,-0.25,0.08,16.00,6879.70,-56.00,0.00,7.00
765375.00,2019-06-30 17:55:09.375,0.00,905.50,0.00,1.51,0.00,1.00,1.00,129.06,8.34,11.93,66.95,74.69,-67.47,37.06,-0.23,0.07,16.00,6879.70,-56.00,0.00,7.00
765475.00,2019-06-30 17:55:09.475,0.00,905.50,0.00,1.51,0.00,1.00,1.00,129.06,8.34,12.06,66.96,74.66,-67.47,37.06,-0.25,0.08,16.00,6879.70,-56.00,0.00,7.00
765575.00,2019-06-30 17:55:09.575,0.00,905.50,0.00,1.51,0.00,1.00,1.00,129.06,8.34,12.05,66.96,74.66,-67.47,37.00,-0.24,0.08,16.00,6879.70,-56.00,0.00,7.00
765675.00,2019-06-30 17:55:09.675,0.00,905.50,0.00,1.51,0.00,1.00,1.00,129.06,8.34,11.94,66.96,74.59,-67.29,37.00,-0.24,0.08,16.00,6879.70,-56.00,0.00,7.00
765775.00,2019-06-30 17:55:09.775,0.00,905.50,0.00,1.51,0.00,1.00,1.00,129.06,8.34,12.04,66.96,74.59,-67.29,37.00,-0.23,0.08,16.00,6879.70,-56.00,0.00,7.00
765875.00,2019-06-30 17:55:09.875,0.00,905.50,0.00,1.51,0.00,1.00,1.00,129.06,8.34,12.07,66.96,74.59,-67.29,37.00,-0.23,0.08,16.00,6879.70,-56.00,0.00,7.00
765975.00,2019-06-30 17:55:09.975,0.00,905.50,0.00,1.51,0.00,1.00,1.00,129.06,8.34,11.92,66.90,74.62,-67.29,37.10,-0.24,0.08,16.00,6879.70,-56.00,0.00,7.00
766075.00,2019-06-30 17:55:10.075,0.00,905.50,0.00,1.51,0.00,1.00,1.00,129.06,8.34,12.05,66.90,74.62,-67.29,37.10,-0.23,0.08,16.00,6879.70,-56.00,0.00,7.00
766175.00,2019-06-30 17:55:10.175,0.00,905.50,0.00,1.51,0.00,1.00,1.00,129.06,8.34,12.07,66.90,74.64,-67.20,37.10,-0.24,0.08,16.00,6879.70,-56.00,0.00,7.00
766275.00,2019-06-30 17:55:10.275,0.00,905.50,0.00,1.51,0.00,1.00,1.00,129.06,8.34,11.90,67.01,74.64,-67.20,37.10,-0.24,0.08,16.00,6879.70,-56.00,0.00,7.00
766375.00,2019-06-30 17:55:10.375,0.00,905.50,0.00,1.51,0.00,1.00,1.00,129.06,8.34,12.08,67.01,74.64,-67.07,37.13,-0.24,0.08,16.00,6879.70,-56.00,0.00,7.00
766475.00,2019-06-30 17:55:10.475,0.00,905.50,0.00,1.51,0.00,1.00,1.00,129.06,8.34,12.04,66.96,74.61,-67.07,37.13,-0.24,0.08,16.00,6879.70,-56.00,0.00,7.00
766575.00,2019-06-30 17:55:10.575,0.00,905.50,0.00,1.51,0.00,1.00,1.00,129.06,8.34,11.93,66.96,74.61,-67.07,37.13,-0.22,0.08,16.00,6879.70,-56.00,0.00,7.00
766675.00,2019-06-30 17:55:10.675,0.00,905.50,0.00,1.51,0.00,1.00,1.00,129.06,8.34,12.06,66.96,74.61,-66.95,37.13,-0.25,0.08,16.00,6879.70,-56.00,0.00,7.00
766775.00,2019-06-30 17:55:10.775,0.00,905.50,0.00,1.51,0.00,1.00,1.00,129.06,8.34,12.05,66.92,74.61,-66.95,37.13,-0.22,0.08,16.00,6879.70,-56.00,0.00,7.00
766875.00,2019-06-30 17:55:10.875,0.00,905.50,0.00,1.51,0.00,1.00,1.00,129.06,8.34,12.07,66.92,74.61,-66.95,37.13,-0.23,0.08,16.00,6879.70,-56.00,0.00,7.00
766975.00,2019-06-30 17:55:10.975,0.00,905.50,0.00,1.51,0.00,1.00,1.00,129.06,8.34,12.06,66.92,74.48,-66.98,37.13,-0.23,0.08,16.00,6879.70,-56.00,0.00,7.00
767075.00,2019-06-30 17:55:11.075,0.00,905.50,0.00,1.51,0.00,1.00,1.00,129.06,8.34,11.92,66.94,74.48,-66.98,37.13,-0.23,0.08,16.00,6879.70,-56.00,0.00,7.00
767175.00,2019-06-30 17:55:11.175,0.00,905.50,0.00,1.51,0.00,1.00,1.00,129.06,8.34,12.07,66.94,74.45,-66.72,37.04,-0.24,0.08,16.00,6879.70,-56.00,0.00,7.00
767275.00,2019-06-30 17:55:11.275,0.00,905.50,0.00,1.51,0.00,1.00,1.00,129.06,8.34,11.93,67.01,74.45,-66.72,37.04,-0.24,0.08,16.00,6879.70,-56.00,0.00,7.00
767375.00,2019-06-30 17:55:11.375,0.00,905.50,0.00,1.51,0.00,1.00,1.00,129.06,8.34,11.94,67.01,74.45,-66.72,37.04,-0.25,0.08,16.00,6879.70,-56.00,0.00,7.00
767475.00,2019-06-30 17:55:11.475,0.00,905.50,0.00,1.51,0.00,1.00,1.00,129.06,8.34,12.04,67.01,74.49,-66.72,37.04,-0.24,0.08,16.00,6879.70,-56.00,0.00,7.00
767575.00,2019-06-30 17:55:11.575,0.00,905.50,0.00,1.51,0.00,1.00,1.00,129.06,8.34,11.93,66.96,74.49,-66.72,37.07,-0.22,0.08,16.00,6879.70,-56.00,0.00,7.00
767675.00,2019-06-30 17:55:11.675,0.00,905.50,0.00,1.51,0.00,1.00,1.00,129.06,8.34,12.08,66.96,74.52,-66.59,37.07,-0.24,0.08,16.00,6879.70,-56.00,0.00,7.00
767775.00,2019-06-30 17:55:11.775,0.00,905.50,0.00,1.51,0.00,1.00,1.00,129.06,8.34,11.91,66.96,74.52,-66.59,37.07,-0.22,0.08,16.00,6879.70,-56.00,0.00,7.00
767875.00,2019-06-30 17:55:11.875,0.00,905.50,0.00,1.51,0.00,1.00,1.00,129.06,8.34,12.06,66.97,74.52,-66.59,37.07,-0.25,0.08,16.00,6879.70,-56.00,0.00,7.00
767975.00,2019-06-30 17:55:11.975,0.00,905.50,0.00,1.51,0.00,1.00,1.00,129.06,8.34,12.05,66.97,74.48,-66.56,37.10,-0.23,0.09,16.00,6879.70,-56.00,0.00,7.00
768075.00,2019-06-30 17:55:12.075,0.00,905.50,0.00,1.51,0.00,1.00,1.00,129.06,8.34,11.95,67.03,74.48,-66.56,37.10,-0.23,0.08,16.00,6879.70,-56.00,0.00,7.00
768175.00,2019-06-30 17:55:12.175,0.00,905.50,0.00,1.51,0.00,1.00,1.00,129.06,8.34,12.04,67.03,74.52,-66.56,37.10,-0.24,0.08,16.00,6879.70,-56.00,0.00,7.00
768275.00,2019-06-30 17:55:12.275,0.00,905.50,0.00,1.51,0.00,1.00,1.00,129.06,8.34,12.07,67.03,74.52,-66.46,37.10,-0.24,0.08,16.00,6879.70,-56.00,0.00,7.00
768375.00,2019-06-30 17:55:12.375,0.00,905.50,0.00,1.51,0.00,1.00,1.00,129.06,8.34,11.92,67.03,74.52,-66.46,37.17,-0.25,0.09,16.00,6879.70,-56.00,0.00,7.00
768475.00,2019-06-30 17:55:12.475,0.00,905.50,0.00,1.51,0.00,1.00,1.00,129.06,8.34,12.06,67.03,74.45,-66.31,37.17,-0.23,0.08,16.00,6879.70,-56.00,0.00,7.00
768575.00,2019-06-30 17:55:12.575,0.00,905.50,0.00,1.51,0.00,1.00,1.00,129.06,8.34,11.94,66.98,74.45,-66.31,37.17,-0.23,0.08,16.00,6879.70,-56.00,0.00,7.00
768675.00,2019-06-30 17:55:12.675,0.00,905.50,0.00,1.51,0.00,1.00,1.00,129.06,8.34,12.06,66.98,74.49,-66.31,37.17,-0.24,0.08,16.00,6879.70,-56.00,0.00,7.00
768775.00,2019-06-30 17:55:12.775,0.00,905.50,0.00,1.51,0.00,1.00,1.00,129.06,8.34,12.06,66.98,74.49,-66.31,37.06,-0.23,0.09,16.00,6879.70,-56.00,0.00,7.00
768875.00,2019-06-30 17:55:12.875,0.00,905.50,0.00,1.51,0.00,1.00,1.00,129.06,8.34,11.94,67.03,74.49,-66.31,37.06,-0.24,0.08,16.00,6879.70,-56.00,0.00,7.00
768975.00,2019-06-30 17:55:12.975,0.00,905.50,0.00,1.51,0.00,1.00,1.00,129.06,8.34,12.05,67.03,74.49,-66.17,37.06,-0.22,0.08,16.00,6879.70,-56.00,0.00,7.00
769075.00,2019-06-30 17:55:13.075,0.00,905.50,0.00,1.51,0.00,1.00,1.00,129.06,8.34,11.93,67.03,74.49,-66.17,37.06,-0.26,0.08,16.00,6879.70,-56.00,0.00,7.00
769175.00,2019-06-30 17:55:13.175,0.00,905.50,0.00,1.51,0.00,1.00,1.00,129.06,8.34,11.93,67.02,74.42,-66.17,37.10,-0.23,0.08,16.00,6879.70,-56.00,0.00,7.00
769275.00,2019-06-30 17:55:13.275,0.00,905.50,0.00,1.51,0.00,1.00,1.00,129.06,8.34,12.07,67.02,74.42,-66.12,37.10,-0.23,0.08,16.00,6879.70,-56.00,0.00,7.00
769375.00,2019-06-30 17:55:13.375,0.00,905.50,0.00,1.51,0.00,1.00,1.00,129.06,8.34,12.07,67.03,74.42,-66.12,37.10,-0.24,0.08,16.00,6879.70,-56.00,0.00,7.00
769475.00,2019-06-30 17:55:13.475,0.00,905.50,0.00,1.51,0.00,1.00,1.00,129.06,8.34,12.07,67.03,74.36,-66.12,37.10,-0.22,0.08,16.00,6879.70,-56.00,0.00,7.00
769575.00,2019-06-30 17:55:13.575,0.00,905.50,0.00,1.51,0.00,1.00,1.00,129.06,8.34,12.06,67.03,74.36,-65.95,37.13,-0.26,0.08,16.00,6879.70,-56.00,0.00,7.00
769675.00,2019-06-30 17:55:13.675,0.00,905.50,0.00,1.51,0.00,1.00,1.00,129.06,8.34,12.04,67.08,74.49,-65.95,37.13,-0.23,0.09,16.00,6879.70,-56.00,0.00,7.00
769775.00,2019-06-30 17:55:13.775,0.00,905.50,0.00,1.51,0.00,1.00,1.00,129.06,8.34,12.07,67.08,74.49,-65.86,37.13,-0.24,0.08,16.00,6879.70,-56.00,0.00,7.00
769875.00,2019-06-30 17:55:13.875,0.00,905.50,0.00,1.51,0.00,1.00,1.00,129.06,8.34,11.92,67.01,74.49,-65.86,37.13,-0.23,0.08,16.00,6879.70,-56.00,0.00,7.00
769975.00,2019-06-30 17:55:13.975,0.00,905.50,0.00,1.51,0.00,1.00,1.00,129.06,8.34,12.06,67.01,74.33,-65.86,37.11,-0.23,0.08,16.00,6879.70,-56.00,0.00,7.00
770075.00,2019-06-30 17:55:14.075,0.00,905.50,0.00,1.51,0.00,1.00,1.00,129.06,8.34,12.07,67.01,74.33,-65.77,37.11,-0.25,0.09,16.00,6879.70,-56.00,0.00,7.00
770175.00,2019-06-30 17:55:14.175,0.00,905.50,0.00,1.51,0.00,1.00,1.00,129.06,8.34,11.91,67.03,74.41,-65.77,37.11,-0.22,0.08,16.00,6879.70,-56.00,0.00,7.00
770275.00,2019-06-30 17:55:14.275,0.00,905.50,0.00,1.51,0.00,1.00,1.00,129.06,8.34,12.07,67.03,74.41,-65.62,37.11,-0.25,0.08,16.00,6879.70,-56.00,0.00,7.00
770375.00,2019-06-30 17:55:14.375,0.00,905.50,0.00,1.51,0.00,1.00,1.00,129.06,8.34,12.05,67.06,74.41,-65.62,37.06,-0.24,0.08,16.00,6879.70,-56.00,0.00,7.00
770475.00,2019-06-30 17:55:14.475,0.00,905.50,0.00,1.51,0.00,1.00,1.00,129.06,8.34,11.93,67.06,74.43,-65.62,37.06,-0.24,0.08,16.00,6879.70,-56.00,0.00,7.00
770575.00,2019-06-30 17:55:14.575,0.00,905.50,0.00,1.51,0.00,1.00,1.00,129.06,8.34,12.07,67.06,74.43,-65.59,37.06,-0.23,0.08,16.00,6879.70,-56.00,0.00,7.00
770675.00,2019-06-30 17:55:14.675,0.00,905.50,0.00,1.51,0.00,1.00,1.00,129.06,8.34,12.05,66.97,74.38,-65.59,37.06,-0.23,0.08,16.00,6879.70,-56.00,0.00,7.00
770775.00,2019-06-30 17:55:14.775,0.00,905.50,0.00,1.51,0.00,1.00,1.00,129.06,8.34,11.95,66.97,74.38,-65.59,37.15,-0.25,0.09,16.00,6879.70,-56.00,0.00,7.00
770875.00,2019-06-30 17:55:14.875,0.00,905.50,0.00,1.51,0.00,1.00,1.00,129.06,8.34,12.04,66.97,74.38,-65.45,37.15,-0.23,0.08,16.00,6879.70,-56.00,0.00,7.00
770975.00,2019-06-30 17:55:14.975,0.00,905.50,0.00,1.51,0.00,1.00,1.00,129.06,8.34,12.07,66.98,74.35,-65.45,37.15,-0.24,0.08,16.00,6879.70,-56.00,0.00,7.00
771075.00,2019-06-30 17:55:15.075,0.00,905.50,0.00,1.51,0.00,1.00,1.00,129.06,8.34,11.92,66.98,74.35,-65.46,37.15,-0.23,0.08,16.00,6879.70,-56.00,0.00,7.00
771175.00,2019-06-30 17:55:15.175,0.00,905.50,0.00,1.51,0.00,1.00,1.00,129.06,8.34,12.04,67.04,74.34,-65.46,37.15,-0.23,0.08,16.00,6879.70,-56.00,0.00,7.00
771275.00,2019-06-30 17:55:15.275,0.00,905.50,0.00,1.51,0.00,1.00,1.00,129.06,8.34,12.05,67.04,74.34,-65.46,37.15,-0.24,0.08,16.00,6879.70,-56.00,0.00,7.00
771375.00,2019-06-30 17:55:15.375,0.00,905.50,0.00,1.51,0.00,1.00,1.00,129.06,8.34,12.05,67.04,74.34,-65.49,37.15,-0.20,0.08,16.00,6879.70,-56.00,0.00,7.00
771475.00,2019-06-30 17:55:15.475,0.00,905.50,0.00,1.51,0.00,1.00,1.00,129.06,8.34,12.06,67.02,74.29,-65.49,37.15,-0.26,0.08,16.00,6879.70,-56.00,0.00,7.00
771575.00,2019-06-30 17:55:15.575,0.00,905.50,0.00,1.51,0.00,1.00,1.00,129.06,8.34,12.05,67.02,74.29,-65.16,37.22,-0.24,0.08,16.00,6879.70,-56.00,0.00,7.00
771675.00,2019-06-30 17:55:15.675,0.00,905.50,0.00,1.51,0.00,1.00,1.00,129.06,8.34,11.95,67.08,74.34,-65.16,37.22,-0.23,0.08,16.00,6879.70,-56.00,0.00,7.00
771775.00,2019-06-30 17:55:15.775,0.00,905.50,0.00,1.51,0.00,1.00,1.00,129.06,8.34,12.07,67.08,74.34,-65.16,37.22,-0.25,0.08,16.00,6879.70,-56.00,0.00,7.00
771875.00,2019-06-30 17:55:15.875,0.00,905.50,0.00,1.51,0.00,1.00,1.00,129.06,8.34,12.07,67.08,74.34,-65.09,37.22,-0.23,0.08,16.00,6879.70,-56.00,0.00,7.00
771975.00,2019-06-30 17:55:15.975,0.00,905.50,0.00,1.51,0.00,1.00,1.00,129.06,8.34,11.92,67.08,74.34,-65.09,37.16,-0.25,0.08,16.00,6879.70,-56.00,0.00,7.00
772075.00,2019-06-30 17:55:16.075,0.00,905.50,0.00,1.51,0.00,1.00,1.00,129.06,8.34,12.06,67.08,74.34,-65.09,37.16,-0.24,0.08,16.00,6879.70,-56.00,0.00,7.00
772175.00,2019-06-30 17:55:16.175,0.00,905.50,0.00,1.51,0.00,1.00,1.00,129.06,8.34,12.07,67.08,74.30,-65.01,37.16,-0.24,0.09,16.00,6879.70,-56.00,0.00,7.00
772275.00,2019-06-30 17:55:16.275,0.00,905.50,0.00,1.51,0.00,1.00,1.00,129.06,8.34,12.05,67.03,74.30,-65.01,37.16,-0.23,0.08,16.00,6879.70,-56.00,0.00,7.00
772375.00,2019-06-30 17:55:16.375,0.00,905.50,0.00,1.51,0.00,1.00,1.00,129.06,8.34,12.06,67.03,74.30,-64.85,37.23,-0.22,0.08,16.00,6879.70,-56.00,0.00,7.00
772475.00,2019-06-30 17:55:16.475,0.00,905.50,0.00,1.51,0.00,1.00,1.00,129.06,8.34,11.94,67.06,74.30,-64.85,37.23,-0.25,0.08,16.00,6879.70,-56.00,0.00,7.00
772575.00,2019-06-30 17:55:16.575,0.00,905.50,0.00,1.51,0.00,1.00,1.00,129.06,8.34,12.04,67.06,74.30,-64.85,37.23,-0.22,0.08,16.00,6879.70,-56.00,0.00,7.00
772675.00,2019-06-30 17:55:16.675,0.00,905.50,0.00,1.51,0.00,1.00,1.00,129.06,8.34,12.07,67.06,74.30,-64.77,37.23,-0.25,0.08,16.00,6879.70,-56.00,0.00,7.00
772775.00,2019-06-30 17:55:16.775,0.00,905.50,0.00,1.51,0.00,1.00,1.00,129.06,8.34,11.91,67.03,74.30,-64.77,37.23,-0.23,0.09,16.00,6879.70,-56.00,0.00,7.00
772875.00,2019-06-30 17:55:16.875,0.00,905.50,0.00,1.51,0.00,1.00,1.00,129.06,8.34,12.07,67.03,74.30,-64.75,37.23,-0.23,0.08,16.00,6879.70,-56.00,0.00,7.00
772975.00,2019-06-30 17:55:16.975,0.00,905.50,0.00,1.51,0.00,1.00,1.00,129.06,8.34,12.06,67.03,74.27,-64.75,37.23,-0.24,0.08,16.00,6879.70,-56.00,0.00,7.00
773075.00,2019-06-30 17:55:17.075,0.00,905.50,0.00,1.51,0.00,1.00,1.00,129.06,8.34,11.92,67.03,74.27,-64.75,37.23,-0.23,0.08,16.00,6879.70,-56.00,0.00,7.00
773175.00,2019-06-30 17:55:17.175,0.00,905.50,0.00,1.51,0.00,1.00,1.00,129.06,8.34,12.08,67.03,74.20,-64.61,37.20,-0.26,0.08,16.00,6879.70,-56.00,0.00,7.00
773275.00,2019-06-30 17:55:17.275,0.00,905.50,0.00,1.51,0.00,1.00,1.00,129.06,8.34,12.04,67.13,74.20,-64.61,37.20,-0.24,0.08,16.00,6879.70,-56.00,0.00,7.00
773375.00,2019-06-30 17:55:17.375,0.00,905.50,0.00,1.51,0.00,1.00,1.00,129.06,8.34,11.94,67.13,74.20,-64.61,37.20,-0.26,0.08,16.00,6879.70,-56.00,0.00,7.00
773475.00,2019-06-30 17:55:17.475,0.00,905.50,0.00,1.51,0.00,1.00,1.00,129.06,8.34,12.06,67.10,74.17,-64.55,37.20,-0.23,0.08,16.00,6879.70,-56.00,0.00,7.00
773575.00,2019-06-30 17:55:17.575,0.00,905.50,0.00,1.51,0.00,1.00,1.00,129.06,8.34,12.06,67.10,74.17,-64.55,37.28,-0.23,0.08,16.00,6879.70,-56.00,0.00,7.00
773675.00,2019-06-30 17:55:17.675,0.00,905.50,0.00,1.51,0.00,1.00,1.00,129.06,8.34,11.94,67.10,74.27,-64.43,37.28,-0.23,0.08,16.00,6879.70,-56.00,0.00,7.00
773775.00,2019-06-30 17:55:17.775,0.00,905.50,0.00,1.51,0.00,1.00,1.00,129.06,8.34,12.04,67.08,74.27,-64.43,37.28,-0.22,0.08,16.00,6879.70,-56.00,0.00,7.00
773875.00,2019-06-30 17:55:17.875,0.00,905.50,0.00,1.51,0.00,1.00,1.00,129.06,8.34,12.07,67.08,74.27,-64.43,37.28,-0.26,0.08,16.00,6879.70,-56.00,0.00,7.00
773975.00,2019-06-30 17:55:17.975,0.00,905.50,0.00,1.51,0.00,1.00,1.00,129.06,8.34,11.92,67.08,74.22,-64.37,37.20,-0.25,0.08,16.00,6879.70,-56.00,0.00,7.00
774075.00,2019-06-30 17:55:18.075,0.00,905.50,0.00,1.51,0.00,1.00,1.00,129.06,8.34,12.08,67.05,74.22,-64.37,37.20,-0.23,0.08,16.00,6879.70,-56.00,0.00,7.00
774175.00,2019-06-30 17:55:18.175,0.00,905.50,0.00,1.51,0.00,1.00,1.00,129.06,8.34,11.93,67.05,74.15,-64.24,37.20,-0.24,0.08,16.00,6879.70,-56.00,0.00,7.00
774275.00,2019-06-30 17:55:18.275,0.00,905.50,0.00,1.51,0.00,1.00,1.00,129.06,8.34,12.05,66.99,74.15,-64.24,37.20,-0.23,0.08,16.00,6879.70,-56.00,0.00,7.00
774375.00,2019-06-30 17:55:18.375,0.00,905.50,0.00,1.51,0.00,1.00,1.00,129.06,8.34,12.08,66.99,74.15,-64.24,37.25,-0.26,0.08,16.00,6879.70,-56.00,0.00,7.00
774475.00,2019-06-30 17:55:18.475,0.00,905.50,0.00,1.51,0.00,1.00,1.00,129.06,8.34,11.91,66.99,74.13,-64.15,37.25,-0.23,0.09,16.00,6879.70,-56.00,0.00,7.00
774575.00,2019-06-30 17:55:18.575,0.00,905.50,0.00,1.51,0.00,1.00,1.00,129.06,8.34,12.07,67.03,74.13,-64.15,37.25,-0.24,0.08,16.00,6879.70,-56.00,0.00,7.00
774675.00,2019-06-30 17:55:18.675,0.00,905.50,0.00,1.51,0.00,1.00,1.00,129.06,8.34,12.05,67.03,74.19,-64.15,37.25,-0.21,0.08,16.00,6879.70,-56.00,0.00,7.00
774775.00,2019-06-30 17:55:18.775,0.00,905.50,0.00,1.51,0.00,1.00,1.00,129.06,8.34,11.93,67.10,74.19,-64.13,37.30,-0.22,0.08,16.00,6879.70,-56.00,0.00,7.00
774875.00,2019-06-30 17:55:18.875,0.00,905.50,0.00,1.51,0.00,1.00,1.00,129.06,8.34,12.07,67.10,74.19,-64.13,37.30,-0.25,0.08,16.00,6879.70,-56.00,0.00,7.00
774975.00,2019-06-30 17:55:18.975,0.00,905.50,0.00,1.51,0.00,1.00,1.00,129.06,8.34,12.04,67.10,74.15,-64.03,37.30,-0.23,0.08,16.00,6879.70,-56.00,0.00,7.00
775075.00,2019-06-30 17:55:19.075,0.00,905.50,0.00,1.51,0.00,1.00,1.00,129.06,8.34,11.94,67.16,74.15,-64.03,37.30,-0.25,0.08,16.00,6879.70,-56.00,0.00,7.00
775175.00,2019-06-30 17:55:19.175,0.00,905.50,0.00,1.51,0.00,1.00,1.00,129.06,8.34,12.05,67.16,74.16,-64.03,37.30,-0.24,0.08,16.00,6879.70,-56.00,0.00,7.00
775275.00,2019-06-30 17:55:19.275,0.00,905.50,0.00,1.51,0.00,1.00,1.00,129.06,8.34,12.07,67.16,74.16,-63.91,37.30,-0.24,0.09,16.00,6879.70,-56.00,0.00,7.00
775375.00,2019-06-30 17:55:19.375,0.00,905.50,0.00,1.51,0.00,1.00,1.00,129.06,8.34,11.93,67.10,74.16,-63.91,37.30,-0.23,0.08,16.00,6879.70,-56.00,0.00,7.00
775475.00,2019-06-30 17:55:19.475,0.00,905.50,0.00,1.51,0.00,1.00,1.00,129.06,8.34,12.05,67.10,74.05,-63.91,37.30,-0.23,0.08,16.00,6879.70,-56.00,0.00,7.00
775575.00,2019-06-30 17:55:19.575,0.00,905.50,0.00,1.51,0.00,1.00,1.00,129.06,8.34,12.08,67.13,74.05,-63.91,37.28,-0.24,0.08,16.00,6879.70,-56.00,0.00,7.00
775675.00,2019-06-30 17:55:19.675,0.00,905.50,0.00,1.51,0.00,1.00,1.00,129.06,8.34,11.91,67.13,74.10,-63.91,37.28,-0.24,0.09,16.00,6879.70,-56.00,0.00,7.00
775775.00,2019-06-30 17:55:19.775,0.00,905.50,0.00,1.51,0.00,1.00,1.00,129.06,8.34,12.07,67.13,74.10,-63.70,37.28,-0.24,0.08,16.00,6879.70,-56.00,0.00,7.00
775875.00,2019-06-30 17:55:19.875,0.00,905.50,0.00,1.51,0.00,1.00,1.00,129.06,8.34,12.05,67.13,74.10,-63.70,37.28,-0.24,0.08,16.00,6879.70,-56.00,0.00,7.00
775975.00,2019-06-30 17:55:19.975,0.00,905.50,0.00,1.51,0.00,1.00,1.00,129.06,8.34,11.93,67.13,74.10,-63.70,37.28,-0.23,0.08,16.00,6879.70,-56.00,0.00,7.00
776075.00,2019-06-30 17:55:20.075,0.00,905.50,0.00,1.51,0.00,1.00,1.00,129.06,8.34,12.05,67.11,74.10,-63.67,37.28,-0.25,0.09,16.00,6879.70,-56.00,0.00,7.00
776175.00,2019-06-30 17:55:20.175,0.00,905.50,0.00,1.51,0.00,1.00,1.00,129.06,8.34,12.06,67.11,74.16,-63.67,37.28,-0.21,0.07,16.00,6879.70,-56.00,0.00,7.00
776275.00,2019-06-30 17:55:20.275,0.00,905.50,0.00,1.51,0.00,1.00,1.00,129.06,8.34,11.93,67.11,74.16,-63.62,37.28,-0.25,0.08,16.00,6879.70,-56.00,0.00,7.00
776375.00,2019-06-30 17:55:20.375,0.00,905.50,0.00,1.51,0.00,1.00,1.00,129.06,8.34,12.07,67.11,74.16,-63.62,37.30,-0.24,0.09,16.00,6879.70,-56.00,0.00,7.00
776475.00,2019-06-30 17:55:20.475,0.00,905.50,0.00,1.51,0.00,1.00,1.00,129.06,8.34,11.91,67.11,74.05,-63.62,37.30,-0.23,0.08,16.00,6879.70,-56.00,0.00,7.00
776575.00,2019-06-30 17:55:20.575,0.00,905.50,0.00,1.51,0.00,1.00,1.00,129.06,8.34,11.91,67.11,74.05,-63.47,37.30,-0.24,0.08,16.00,6879.70,-56.00,0.00,7.00
776675.00,2019-06-30 17:55:20.675,0.00,905.50,0.00,1.51,0.00,1.00,1.00,129.06,8.34,12.07,67.11,74.13,-63.47,37.30,-0.23,0.08,16.00,6879.70,-56.00,0.00,7.00
776775.00,2019-06-30 17:55:20.775,0.00,905.50,0.00,1.51,0.00,1.00,1.00,129.06,8.34,12.06,67.11,74.13,-63.30,37.28,-0.26,0.08,16.00,6879.70,-56.00,0.00,7.00
776875.00,2019-06-30 17:55:20.875,0.00,905.50,0.00,1.51,0.00,1.00,1.00,129.06,8.34,12.04,67.13,74.13,-63.30,37.28,-0.24,0.08,16.00,6879.70,-56.00,0.00,7.00
776975.00,2019-06-30 17:55:20.975,0.00,905.50,0.00,1.51,0.00,1.00,1.00,129.06,8.34,12.07,67.13,74.05,-63.30,37.28,-0.26,0.08,16.00,6879.70,-56.00,0.00,7.00
777075.00,2019-06-30 17:55:21.075,0.00,905.50,0.00,1.51,0.00,1.00,1.00,129.06,8.34,11.92,67.13,74.05,-63.27,37.28,-0.24,0.08,16.00,6879.70,-56.00,0.00,7.00
777175.00,2019-06-30 17:55:21.175,0.00,905.50,0.00,1.51,0.00,1.00,1.00,129.06,8.34,12.06,67.16,74.07,-63.27,37.31,-0.22,0.09,16.00,6879.70,-56.00,0.00,7.00
777275.00,2019-06-30 17:55:21.275,0.00,905.50,0.00,1.51,0.00,1.00,1.00,129.06,8.34,12.08,67.16,74.07,-63.27,37.31,-0.25,0.08,16.00,6879.70,-56.00,0.00,7.00
777375.00,2019-06-30 17:55:21.375,0.00,905.50,0.00,1.51,0.00,1.00,1.00,129.06,8.34,11.91,67.13,74.07,-63.15,37.31,-0.22,0.08,16.00,6879.70,-56.00,0.00,7.00
777475.00,2019-06-30 17:55:21.475,0.00,905.50,0.00,1.51,0.00,1.00,1.00,129.06,8.34,12.07,67.13,74.07,-63.15,37.31,-0.25,0.09,16.00,6879.70,-56.00,0.00,7.00
777575.00,2019-06-30 17:55:21.575,0.00,905.50,0.00,1.51,0.00,1.00,1.00,129.06,8.34,12.05,67.13,74.07,-63.07,37.28,-0.24,0.08,16.00,6879.70,-56.00,0.00,7.00
777675.00,2019-06-30 17:55:21.675,0.00,905.50,0.00,1.51,0.00,1.00,1.00,129.06,8.34,11.93,67.10,74.05,-63.07,37.28,-0.23,0.08,16.00,6879.70,-56.00,0.00,7.00
777775.00,2019-06-30 17:55:21.775,0.00,905.50,0.00,1.51,0.00,1.00,1.00,129.06,8.34,12.04,67.10,74.05,-63.07,37.28,-0.24,0.08,16.00,6879.70,-56.00,0.00,7.00
777875.00,2019-06-30 17:55:21.875,0.00,905.50,0.00,1.51,0.00,1.00,1.00,129.06,8.34,12.07,67.16,74.05,-63.04,37.28,-0.23,0.08,16.00,6879.70,-56.00,0.00,7.00
777975.00,2019-06-30 17:55:21.975,0.00,905.50,0.00,1.51,0.00,1.00,1.00,129.06,8.34,11.92,67.16,74.02,-63.04,37.23,-0.25,0.09,16.00,6879.70,-56.00,0.00,7.00
778075.00,2019-06-30 17:55:22.075,0.00,905.50,0.00,1.51,0.00,1.00,1.00,129.06,8.34,12.06,67.16,74.02,-62.95,37.23,-0.23,0.09,16.00,6879.70,-56.00,0.00,7.00
778175.00,2019-06-30 17:55:22.175,0.00,905.50,0.00,1.51,0.00,1.00,1.00,129.06,8.34,12.07,67.13,74.02,-62.95,37.23,-0.24,0.08,16.00,6879.70,-56.00,0.00,7.00
778275.00,2019-06-30 17:55:22.275,0.00,905.50,0.00,1.51,0.00,1.00,1.00,129.06,8.34,11.91,67.13,74.02,-62.95,37.23,-0.24,0.08,16.00,6879.70,-56.00,0.00,7.00
778375.00,2019-06-30 17:55:22.375,0.00,905.50,0.00,1.51,0.00,1.00,1.00,129.06,8.34,12.05,67.13,74.02,-62.77,37.28,-0.23,0.08,16.00,6879.70,-56.00,0.00,7.00
778475.00,2019-06-30 17:55:22.475,0.00,905.50,0.00,1.51,0.00,1.00,1.00,129.06,8.34,11.94,67.06,73.98,-62.77,37.28,-0.24,0.08,16.00,6879.70,-56.00,0.00,7.00
778575.00,2019-06-30 17:55:22.575,0.00,905.50,0.00,1.51,0.00,1.00,1.00,129.06,8.34,12.04,67.06,73.98,-62.77,37.28,-0.22,0.08,16.00,6879.70,-56.00,0.00,7.00
778675.00,2019-06-30 17:55:22.675,0.00,905.50,0.00,1.51,0.00,1.00,1.00,129.06,8.34,12.07,67.10,73.98,-62.72,37.28,-0.24,0.08,16.00,6879.70,-56.00,0.00,7.00
778775.00,2019-06-30 17:55:22.775,0.00,905.50,0.00,1.51,0.00,1.00,1.00,129.06,8.34,11.92,67.10,73.98,-62.72,37.28,-0.23,0.09,16.00,6879.70,-56.00,0.00,7.00
778875.00,2019-06-30 17:55:22.875,0.00,905.50,0.00,1.51,0.00,1.00,1.00,129.06,8.34,12.06,67.10,73.98,-62.67,37.28,-0.24,0.08,16.00,6879.70,-56.00,0.00,7.00
778975.00,2019-06-30 17:55:22.975,0.00,905.50,0.00,1.51,0.00,1.00,1.00,129.06,8.34,12.04,67.27,73.90,-62.67,37.28,-0.24,0.08,16.00,6879.70,-56.00,0.00,7.00
779075.00,2019-06-30 17:55:23.075,0.00,905.50,0.00,1.51,0.00,1.00,1.00,129.06,8.34,11.94,67.27,73.90,-62.67,37.28,-0.23,0.07,16.00,6879.70,-56.00,0.00,7.00
779175.00,2019-06-30 17:55:23.175,0.00,905.50,0.00,1.51,0.00,1.00,1.00,129.06,8.34,12.05,67.16,74.02,-62.52,37.24,-0.25,0.08,16.00,6879.70,-56.00,0.00,7.00
779275.00,2019-06-30 17:55:23.275,0.00,905.50,0.00,1.51,0.00,1.00,1.00,129.06,8.34,12.05,67.16,74.02,-62.52,37.24,-0.24,0.08,16.00,6879.70,-56.00,0.00,7.00
779375.00,2019-06-30 17:55:23.375,0.00,905.50,0.00,1.51,0.00,1.00,1.00,129.06,8.34,12.07,67.16,74.02,-62.41,37.24,-0.25,0.09,16.00,6879.70,-56.00,0.00,7.00
779475.00,2019-06-30 17:55:23.475,0.00,905.50,0.00,1.51,0.00,1.00,1.00,129.06,8.34,12.05,67.18,73.86,-62.41,37.24,-0.24,0.08,16.00,6879.70,-56.00,0.00,7.00
779575.00,2019-06-30 17:55:23.575,0.00,905.50,0.00,1.51,0.00,1.00,1.00,129.06,8.34,11.93,67.18,73.86,-62.41,37.28,-0.23,0.08,16.00,6879.70,-56.00,0.00,7.00
779675.00,2019-06-30 17:55:23.675,0.00,905.50,0.00,1.51,0.00,1.00,1.00,129.06,8.34,12.07,67.15,73.85,-62.41,37.28,-0.24,0.07,16.00,6879.70,-56.00,0.00,7.00
779775.00,2019-06-30 17:55:23.775,0.00,905.50,0.00,1.51,0.00,1.00,1.00,129.06,8.34,12.04,67.15,73.85,-62.41,37.28,-0.22,0.08,16.00,6879.70,-56.00,0.00,7.00
779875.00,2019-06-30 17:55:23.875,0.00,905.50,0.00,1.51,0.00,1.00,1.00,129.06,8.34,11.94,67.15,73.85,-62.41,37.28,-0.26,0.08,16.00,6879.70,-56.00,0.00,7.00
779975.00,2019-06-30 17:55:23.975,0.00,905.50,0.00,1.51,0.00,1.00,1.00,129.06,8.34,12.05,67.16,73.88,-62.34,37.30,-0.24,0.09,16.00,6879.70,-56.00,0.00,7.00
780075.00,2019-06-30 17:55:24.075,0.00,905.50,0.00,1.51,0.00,1.00,1.00,129.06,8.34,12.07,67.16,73.88,-62.34,37.30,-0.22,0.08,16.00,6879.70,-56.00,0.00,7.00
780175.00,2019-06-30 17:55:24.175,0.00,905.50,0.00,1.51,0.00,1.00,1.00,129.06,8.34,12.06,67.16,73.85,-62.21,37.30,-0.24,0.08,16.00,6879.70,-56.00,0.00,7.00
780275.00,2019-06-30 17:55:24.275,0.00,905.50,0.00,1.51,0.00,1.00,1.00,129.06,8.34,12.05,67.18,73.85,-62.21,37.30,-0.23,0.08,16.00,6879.70,-56.00,0.00,7.00
780375.00,2019-06-30 17:55:24.375,0.00,905.50,0.00,1.51,0.00,1.00,1.00,129.06,8.34,11.94,67.18,73.85,-62.21,37.24,-0.25,0.09,16.00,6879.70,-56.00,0.00,7.00
780475.00,2019-06-30 17:55:24.475,0.00,905.50,0.00,1.51,0.00,1.00,1.00,129.06,8.34,12.04,67.16,73.91,-62.01,37.24,-0.24,0.08,16.00,6879.70,-56.00,0.00,7.00
780575.00,2019-06-30 17:55:24.575,0.00,905.50,0.00,1.51,0.00,1.00,1.00,129.06,8.34,12.07,67.16,73.91,-62.01,37.24,-0.26,0.08,16.00,6879.70,-56.00,0.00,7.00
780675.00,2019-06-30 17:55:24.675,0.00,905.50,0.00,1.51,0.00,1.00,1.00,129.06,8.34,11.92,67.16,73.90,-62.01,37.24,-0.24,0.08,16.00,6879.70,-56.00,0.00,7.00
780775.00,2019-06-30 17:55:24.775,0.00,905.50,0.00,1.51,0.00,1.00,1.00,129.06,8.34,12.05,67.18,73.90,-62.01,37.35,-0.24,0.09,16.00,6879.70,-56.00,0.00,7.00
780875.00,2019-06-30 17:55:24.875,0.00,905.50,0.00,1.51,0.00,1.00,1.00,129.06,8.34,12.07,67.18,73.90,-62.01,37.35,-0.24,0.08,16.00,6879.70,-56.00,0.00,7.00
780975.00,2019-06-30 17:55:24.975,0.00,905.50,0.00,1.51,0.00,1.00,1.00,129.06,8.34,11.91,67.11,73.84,-61.93,37.35,-0.22,0.08,16.00,6879.70,-56.00,0.00,7.00
781075.00,2019-06-30 17:55:25.075,0.00,905.50,0.00,1.51,0.00,1.00,1.00,129.06,8.34,12.07,67.11,73.84,-61.93,37.35,-0.24,0.08,16.00,6879.70,-56.00,0.00,7.00
781175.00,2019-06-30 17:55:25.175,0.00,905.50,0.00,1.51,0.00,1.00,1.00,129.06,8.34,12.05,67.11,73.86,-61.93,37.38,-0.25,0.08,16.00,6879.70,-56.00,0.00,7.00
781275.00,2019-06-30 17:55:25.275,0.00,905.50,0.00,1.51,0.00,1.00,1.00,129.06,8.34,11.94,67.13,73.86,-61.88,37.38,-0.23,0.08,16.00,6879.70,-56.00,0.00,7.00
781375.00,2019-06-30 17:55:25.375,0.00,905.50,0.00,1.51,0.00,1.00,1.00,129.06,8.34,12.04,67.13,73.86,-61.88,37.38,-0.24,0.08,16.00,6879.70,-56.00,0.00,7.00
781475.00,2019-06-30 17:55:25.475,0.00,905.50,0.00,1.51,0.00,1.00,1.00,129.06,8.34,12.07,67.13,73.83,-61.77,37.38,-0.23,0.09,16.00,6879.70,-56.00,0.00,7.00
781575.00,2019-06-30 17:55:25.575,0.00,905.50,0.00,1.51,0.00,1.00,1.00,129.06,8.34,11.92,67.13,73.83,-61.77,37.34,-0.25,0.09,16.00,6879.70,-56.00,0.00,7.00
781675.00,2019-06-30 17:55:25.675,0.00,905.50,0.00,1.51,0.00,1.00,1.00,129.06,8.34,12.07,67.13,73.80,-61.77,37.34,-0.24,0.09,16.00,6879.70,-56.00,0.00,7.00
781775.00,2019-06-30 17:55:25.775,0.00,905.50,0.00,1.51,0.00,1.00,1.00,129.06,8.34,12.07,67.17,73.80,-61.66,37.34,-0.24,0.08,16.00,6879.70,-56.00,0.00,7.00
781875.00,2019-06-30 17:55:25.875,0.00,905.50,0.00,1.51,0.00,1.00,1.00,129.06,8.34,11.91,67.17,73.80,-61.66,37.34,-0.24,0.08,16.00,6879.70,-56.00,0.00,7.00
781975.00,2019-06-30 17:55:25.975,0.00,905.50,0.00,1.51,0.00,1.00,1.00,129.06,8.34,12.07,67.17,73.83,-61.57,37.23,-0.23,0.08,16.00,6879.70,-56.00,0.00,7.00
782075.00,2019-06-30 17:55:26.075,0.00,905.50,0.00,1.51,0.00,1.00,1.00,129.06,8.34,12.05,67.20,73.83,-61.57,37.23,-0.24,0.08,16.00,6879.70,-56.00,0.00,7.00
782175.00,2019-06-30 17:55:26.175,0.00,905.50,0.00,1.51,0.00,1.00,1.00,129.06,8.34,12.06,67.20,73.77,-61.57,37.23,-0.24,0.08,16.00,6879.70,-56.00,0.00,7.00
782275.00,2019-06-30 17:55:26.275,0.00,905.50,0.00,1.51,0.00,1.00,1.00,129.06,8.34,12.07,67.13,73.77,-61.52,37.23,-0.25,0.08,16.00,6879.70,-56.00,0.00,7.00
782375.00,2019-06-30 17:55:26.375,0.00,905.50,0.00,1.51,0.00,1.00,1.00,129.06,8.34,12.04,67.13,73.77,-61.52,37.40,-0.24,0.08,16.00,6879.70,-56.00,0.00,7.00
782475.00,2019-06-30 17:55:26.475,0.00,905.50,0.00,1.51,0.00,1.00,1.00,129.06,8.34,11.94,67.13,73.76,-61.52,37.40,-0.24,0.08,16.00,6879.70,-56.00,0.00,7.00
782575.00,2019-06-30 17:55:26.575,0.00,905.50,0.00,1.51,0.00,1.00,1.00,129.06,8.34,12.07,67.20,73.76,-61.42,37.40,-0.24,0.08,16.00,6879.70,-56.00,0.00,7.00
782675.00,2019-06-30 17:55:26.675,0.00,905.50,0.00,1.51,0.00,1.00,1.00,129.06,8.34,12.07,67.20,73.71,-61.42,37.40,-0.23,0.08,16.00,6879.70,-56.00,0.00,7.00
782775.00,2019-06-30 17:55:26.775,0.00,905.50,0.00,1.51,0.00,1.00,1.00,129.06,8.34,11.92,67.13,73.71,-61.30,37.35,-0.25,0.08,16.00,6879.70,-56.00,0.00,7.00
782875.00,2019-06-30 17:55:26.875,0.00,905.50,0.00,1.51,0.00,1.00,1.00,129.06,8.34,12.05,67.13,73.71,-61.30,37.35,-0.24,0.08,16.00,6879.70,-56.00,0.00,7.00
782975.00,2019-06-30 17:55:26.975,0.00,905.50,0.00,1.51,0.00,1.00,1.00,129.06,8.34,11.91,67.13,73.72,-61.30,37.35,-0.24,0.08,16.00,6879.70,-56.00,0.00,7.00
783075.00,2019-06-30 17:55:27.075,0.00,905.50,0.00,1.51,0.00,1.00,1.00,129.06,8.34,11.90,67.13,73.72,-61.18,37.35,-0.25,0.08,16.00,6879.70,-56.00,0.00,7.00
783175.00,2019-06-30 17:55:27.175,0.00,905.50,0.00,1.51,0.00,1.00,1.00,129.06,8.34,12.04,67.13,73.78,-61.18,37.34,-0.23,0.08,16.00,6879.70,-56.00,0.00,7.00
783275.00,2019-06-30 17:55:27.275,0.00,905.50,0.00,1.51,0.00,1.00,1.00,129.06,8.34,12.05,67.13,73.78,-61.16,37.34,-0.25,0.08,16.00,6879.70,-56.00,0.00,7.00
783375.00,2019-06-30 17:55:27.375,0.00,905.50,0.00,1.51,0.00,1.00,1.00,129.06,8.34,12.06,67.18,73.78,-61.16,37.34,-0.22,0.08,16.00,6879.70,-56.00,0.00,7.00
783475.00,2019-06-30 17:55:27.475,0.00,905.50,0.00,1.51,0.00,1.00,1.00,129.06,8.34,12.07,67.18,73.72,-61.16,37.34,-0.25,0.08,16.00,6879.70,-56.00,0.00,7.00
783575.00,2019-06-30 17:55:27.575,0.00,905.50,0.00,1.51,0.00,1.00,1.00,129.06,8.34,12.05,67.20,73.72,-61.03,37.40,-0.24,0.08,16.00,6879.70,-56.00,0.00,7.00
783675.00,2019-06-30 17:55:27.675,0.00,905.50,0.00,1.51,0.00,1.00,1.00,129.06,8.34,12.04,67.20,73.65,-61.03,37.40,-0.23,0.08,16.00,6879.70,-56.00,0.00,7.00
783775.00,2019-06-30 17:55:27.775,0.00,905.50,0.00,1.51,0.00,1.00,1.00,129.06,8.34,12.04,67.20,73.65,-61.03,37.40,-0.24,0.08,16.00,6879.70,-56.00,0.00,7.00
783875.00,2019-06-30 17:55:27.875,0.00,905.50,0.00,1.51,0.00,1.00,1.00,129.06,8.34,12.07,67.20,73.65,-60.95,37.40,-0.23,0.08,16.00,6879.70,-56.00,0.00,7.00
783975.00,2019-06-30 17:55:27.975,0.00,905.50,0.00,1.51,0.00,1.00,1.00,129.06,8.34,12.07,67.20,73.73,-60.95,37.33,-0.26,0.08,16.00,6879.70,-56.00,0.00,7.00
784075.00,2019-06-30 17:55:28.075,0.00,905.50,0.00,1.51,0.00,1.00,1.00,129.06,8.34,12.04,67.16,73.73,-60.82,37.33,-0.25,0.08,16.00,6879.70,-56.00,0.00,7.00
784175.00,2019-06-30 17:55:28.175,0.00,905.50,0.00,1.51,0.00,1.00,1.00,129.06,8.34,11.94,67.16,73.71,-60.82,37.33,-0.24,0.08,16.00,6879.70,-56.00,0.00,7.00
784275.00,2019-06-30 17:55:28.275,0.00,905.50,0.00,1.51,0.00,1.00,1.00,129.06,8.34,12.06,67.16,73.71,-60.82,37.33,-0.24,0.08,16.00,6879.70,-56.00,0.00,7.00
784375.00,2019-06-30 17:55:28.375,0.00,905.50,0.00,1.51,0.00,1.00,1.00,129.06,8.34,12.06,67.23,73.71,-60.79,37.41,-0.23,0.08,16.00,6879.70,-56.00,0.00,7.00
784475.00,2019-06-30 17:55:28.475,0.00,905.50,0.00,1.51,0.00,1.00,1.00,129.06,8.34,11.94,67.23,73.69,-60.79,37.41,-0.24,0.08,16.00,6879.70,-56.00,0.00,7.00
784575.00,2019-06-30 17:55:28.575,0.00,905.50,0.00,1.51,0.00,1.00,1.00,129.06,8.34,12.04,67.23,73.69,-60.69,37.41,-0.22,0.08,16.00,6879.70,-56.00,0.00,7.00
784675.00,2019-06-30 17:55:28.675,0.00,905.50,0.00,1.51,0.00,1.00,1.00,129.06,8.34,12.07,67.20,73.63,-60.69,37.41,-0.26,0.08,16.00,6879.70,-56.00,0.00,7.00
784775.00,2019-06-30 17:55:28.775,0.00,905.50,0.00,1.51,0.00,1.00,1.00,129.06,8.34,11.92,67.20,73.63,-60.69,37.41,-0.24,0.08,16.00,6879.70,-56.00,0.00,7.00
784875.00,2019-06-30 17:55:28.875,0.00,905.50,0.00,1.51,0.00,1.00,1.00,129.06,8.34,12.07,67.24,73.63,-60.53,37.41,-0.23,0.08,16.00,6879.70,-56.00,0.00,7.00
784975.00,2019-06-30 17:55:28.975,0.00,905.50,0.00,1.51,0.00,1.00,1.00,129.06,8.34,12.07,67.24,73.66,-60.53,37.41,-0.24,0.09,16.00,6879.70,-56.00,0.00,7.00
785075.00,2019-06-30 17:55:29.075,0.00,905.50,0.00,1.51,0.00,1.00,1.00,129.06,8.34,11.91,67.24,73.66,-60.53,37.41,-0.23,0.08,16.00,6879.70,-56.00,0.00,7.00
785175.00,2019-06-30 17:55:29.175,0.00,905.50,0.00,1.51,0.00,1.00,1.00,129.06,8.34,12.07,67.25,73.63,-60.55,37.42,-0.25,0.09,16.00,6879.70,-56.00,0.00,7.00
785275.00,2019-06-30 17:55:29.275,0.00,905.50,0.00,1.51,0.00,1.00,1.00,129.06,8.34,12.04,67.25,73.63,-60.55,37.42,-0.24,0.08,16.00,6879.70,-56.00,0.00,7.00
785375.00,2019-06-30 17:55:29.375,0.00,905.50,0.00,1.51,0.00,1.00,1.00,129.06,8.34,11.94,67.23,73.63,-60.40,37.42,-0.23,0.08,16.00,6879.70,-56.00,0.00,7.00
785475.00,2019-06-30 17:55:29.475,0.00,905.50,0.00,1.51,0.00,1.00,1.00,129.06,8.34,12.04,67.23,73.53,-60.40,37.42,-0.24,0.09,16.00,6879.70,-56.00,0.00,7.00
785575.00,2019-06-30 17:55:29.575,0.00,905.50,0.00,1.51,0.00,1.00,1.00,129.06,8.34,12.07,67.23,73.53,-60.40,37.41,-0.22,0.09,16.00,6879.70,-56.00,0.00,7.00
785675.00,2019-06-30 17:55:29.675,0.00,905.50,0.00,1.51,0.00,1.00,1.00,129.06,8.34,11.91,67.27,73.59,-60.30,37.41,-0.24,0.08,16.00,6879.70,-56.00,0.00,7.00
785775.00,2019-06-30 17:55:29.775,0.00,905.50,0.00,1.51,0.00,1.00,1.00,129.06,8.34,12.06,67.27,73.59,-60.30,37.41,-0.21,0.08,16.00,6879.70,-56.00,0.00,7.00
785875.00,2019-06-30 17:55:29.875,0.00,905.50,0.00,1.51,0.00,1.00,1.00,129.06,8.34,12.07,67.31,73.59,-60.28,37.41,-0.25,0.09,16.00,6879.70,-56.00,0.00,7.00
785975.00,2019-06-30 17:55:29.975,0.00,905.50,0.00,1.51,0.00,1.00,1.00,129.06,8.34,11.92,67.31,73.58,-60.28,37.31,-0.24,0.08,16.00,6879.70,-56.00,0.00,7.00
786075.00,2019-06-30 17:55:30.075,0.00,905.50,0.00,1.51,0.00,1.00,1.00,129.06,8.34,12.04,67.31,73.58,-60.28,37.31,-0.23,0.08,16.00,6879.70,-56.00,0.00,7.00
786175.00,2019-06-30 17:55:30.175,0.00,905.50,0.00,1.51,0.00,1.00,1.00,129.06,8.34,12.04,67.27,73.57,-60.20,37.31,-0.23,0.08,16.00,6879.70,-56.00,0.00,7.00
786275.00,2019-06-30 17:55:30.275,0.00,905.50,0.00,1.51,0.00,1.00,1.00,129.06,8.34,11.94,67.27,73.57,-60.20,37.31,-0.23,0.08,16.00,6879.70,-56.00,0.00,7.00
786375.00,2019-06-30 17:55:30.375,0.00,905.50,0.00,1.51,0.00,1.00,1.00,129.06,8.34,12.06,67.27,73.57,-60.20,37.46,-0.25,0.08,16.00,6879.70,-56.00,0.00,7.00
786475.00,2019-06-30 17:55:30.475,0.00,905.50,0.00,1.51,0.00,1.00,1.00,129.06,8.34,12.05,67.22,73.52,-59.96,37.46,-0.23,0.08,16.00,6879.70,-56.00,0.00,7.00
786575.00,2019-06-30 17:55:30.575,0.00,905.50,0.00,1.51,0.00,1.00,1.00,129.06,8.34,11.94,67.22,73.52,-59.96,37.46,-0.24,0.08,16.00,6879.70,-56.00,0.00,7.00
786675.00,2019-06-30 17:55:30.675,0.00,905.50,0.00,1.51,0.00,1.00,1.00,129.06,8.34,12.04,67.25,73.52,-59.97,37.46,-0.27,0.08,16.00,6879.70,-56.00,0.00,7.00
786775.00,2019-06-30 17:55:30.775,0.00,905.50,0.00,1.51,0.00,1.00,1.00,129.06,8.34,11.91,67.25,73.52,-59.97,37.42,-0.21,0.09,16.00,6879.70,-56.00,0.00,7.00
786875.00,2019-06-30 17:55:30.875,0.00,905.50,0.00,1.51,0.00,1.00,1.00,129.06,8.34,12.07,67.25,73.52,-59.97,37.42,-0.24,0.08,16.00,6879.70,-56.00,0.00,7.00
786975.00,2019-06-30 17:55:30.975,0.00,905.50,0.00,1.51,0.00,1.00,1.00,129.06,8.34,12.04,67.31,73.51,-59.88,37.42,-0.21,0.08,16.00,6879.70,-56.00,0.00,7.00
787075.00,2019-06-30 17:55:31.075,0.00,905.50,0.00,1.51,0.00,1.00,1.00,129.06,8.34,11.94,67.31,73.51,-59.88,37.42,-0.25,0.08,16.00,6879.70,-56.00,0.00,7.00
787175.00,2019-06-30 17:55:31.175,0.00,905.50,0.00,1.51,0.00,1.00,1.00,129.06,8.34,12.05,67.31,73.48,-59.85,37.48,-0.23,0.08,16.00,6879.70,-56.00,0.00,7.00
787275.00,2019-06-30 17:55:31.275,0.00,905.50,0.00,1.51,0.00,1.00,1.00,129.06,8.34,12.06,67.31,73.48,-59.85,37.48,-0.22,0.09,16.00,6879.70,-56.00,0.00,7.00
787375.00,2019-06-30 17:55:31.375,0.00,905.50,0.00,1.51,0.00,1.00,1.00,129.06,8.34,11.93,67.31,73.48,-59.85,37.48,-0.23,0.09,16.00,6879.70,-56.00,0.00,7.00
787475.00,2019-06-30 17:55:31.475,0.00,905.50,0.00,1.51,0.00,1.00,1.00,129.06,8.34,12.04,67.37,73.55,-59.64,37.48,-0.22,0.08,16.00,6879.70,-56.00,0.00,7.00
787575.00,2019-06-30 17:55:31.575,0.00,905.50,0.00,1.51,0.00,1.00,1.00,129.06,8.34,12.06,67.37,73.55,-59.64,37.45,-0.25,0.08,16.00,6879.70,-56.00,0.00,7.00
787675.00,2019-06-30 17:55:31.675,0.00,905.50,0.00,1.51,0.00,1.00,1.00,129.06,8.34,11.93,67.37,73.50,-59.64,37.45,-0.23,0.08,16.00,6879.70,-56.00,0.00,7.00
787775.00,2019-06-30 17:55:31.775,0.00,905.50,0.00,1.51,0.00,1.00,1.00,129.06,8.34,12.07,67.36,73.50,-59.60,37.45,-0.26,0.08,16.00,6879.70,-56.00,0.00,7.00
787875.00,2019-06-30 17:55:31.875,0.00,905.50,0.00,1.51,0.00,1.00,1.00,129.06,8.34,12.04,67.36,73.50,-59.60,37.45,-0.24,0.08,16.00,6879.70,-56.00,0.00,7.00
787975.00,2019-06-30 17:55:31.975,0.00,905.50,0.00,1.51,0.00,1.00,1.00,129.06,8.34,11.94,67.38,73.51,-59.47,37.43,-0.23,0.08,16.00,6879.70,-56.00,0.00,7.00
788075.00,2019-06-30 17:55:32.075,0.00,905.50,0.00,1.51,0.00,1.00,1.00,129.06,8.34,12.05,67.38,73.51,-59.47,37.43,-0.25,0.08,16.00,6879.70,-56.00,0.00,7.00
788175.00,2019-06-30 17:55:32.175,0.00,905.50,0.00,1.51,0.00,1.00,1.00,129.06,8.34,12.06,67.38,73.50,-59.47,37.43,-0.22,0.08,16.00,6879.70,-56.00,0.00,7.00
788275.00,2019-06-30 17:55:32.275,0.00,905.50,0.00,1.51,0.00,1.00,1.00,129.06,8.34,11.93,67.36,73.50,-59.34,37.43,-0.26,0.08,16.00,6879.70,-56.00,0.00,7.00
788375.00,2019-06-30 17:55:32.375,0.00,905.50,0.00,1.51,0.00,1.00,1.00,129.06,8.34,12.04,67.36,73.50,-59.34,37.40,-0.23,0.08,16.00,6879.70,-56.00,0.00,7.00
788475.00,2019-06-30 17:55:32.475,0.00,905.50,0.00,1.51,0.00,1.00,1.00,129.06,8.34,12.07,67.38,73.41,-59.34,37.40,-0.23,0.08,16.00,6879.70,-56.00,0.00,7.00
788575.00,2019-06-30 17:55:32.575,0.00,905.50,0.00,1.51,0.00,1.00,1.00,129.06,8.34,11.91,67.38,73.41,-59.36,37.40,-0.24,0.09,16.00,6879.70,-56.00,0.00,7.00
788675.00,2019-06-30 17:55:32.675,0.00,905.50,0.00,1.51,0.00,1.00,1.00,129.06,8.34,12.07,67.38,73.48,-59.36,37.40,-0.23,0.08,16.00,6879.70,-56.00,0.00,7.00
788775.00,2019-06-30 17:55:32.775,0.00,905.50,0.00,1.51,0.00,1.00,1.00,129.06,8.34,12.06,67.36,73.48,-59.22,37.48,-0.25,0.08,16.00,6879.70,-56.00,0.00,7.00
788875.00,2019-06-30 17:55:32.875,0.00,905.50,0.00,1.51,0.00,1.00,1.00,129.06,8.34,12.07,67.36,73.48,-59.22,37.48,-0.24,0.08,16.00,6879.70,-56.00,0.00,7.00
788975.00,2019-06-30 17:55:32.975,0.00,905.50,0.00,1.51,0.00,1.00,1.00,129.06,8.34,12.07,67.36,73.44,-59.22,37.48,-0.25,0.08,16.00,6879.70,-56.00,0.00,7.00
789075.00,2019-06-30 17:55:33.075,0.00,905.50,0.00,1.51,0.00,1.00,1.00,129.06,8.34,11.92,67.34,73.44,-59.20,37.48,-0.23,0.08,16.00,6879.70,-56.00,0.00,7.00
789175.00,2019-06-30 17:55:33.175,0.00,905.50,0.00,1.51,0.00,1.00,1.00,129.06,8.34,12.06,67.34,73.41,-59.20,37.51,-0.22,0.08,16.00,6879.70,-56.00,0.00,7.00
789275.00,2019-06-30 17:55:33.275,0.00,905.50,0.00,1.51,0.00,1.00,1.00,129.06,8.34,12.08,67.39,73.41,-59.22,37.51,-0.24,0.09,16.00,6879.70,-56.00,0.00,7.00
789375.00,2019-06-30 17:55:33.375,0.00,905.50,0.00,1.51,0.00,1.00,1.00,129.06,8.34,11.91,67.39,73.41,-59.22,37.51,-0.21,0.08,16.00,6879.70,-56.00,0.00,7.00
789475.00,2019-06-30 17:55:33.475,0.00,905.50,0.00,1.51,0.00,1.00,1.00,129.06,8.34,12.07,67.39,73.39,-59.22,37.51,-0.26,0.09,16.00,6879.70,-56.00,0.00,7.00
789575.00,2019-06-30 17:55:33.575,0.00,905.50,0.00,1.51,0.00,1.00,1.00,129.06,8.34,12.05,67.34,73.39,-59.09,37.47,-0.24,0.08,16.00,6879.70,-56.00,0.00,7.00
789675.00,2019-06-30 17:55:33.675,0.00,905.50,0.00,1.51,0.00,1.00,1.00,129.06,8.34,11.93,67.34,73.41,-59.09,37.47,-0.24,0.08,16.00,6879.70,-56.00,0.00,7.00
789775.00,2019-06-30 17:55:33.775,0.00,905.50,0.00,1.51,0.00,1.00,1.00,129.06,8.34,12.07,67.37,73.41,-59.09,37.47,-0.23,0.08,16.00,6879.70,-56.00,0.00,7.00
789875.00,2019-06-30 17:55:33.875,0.00,905.50,0.00,1.51,0.00,1.00,1.00,129.06,8.34,12.04,67.37,73.41,-58.88,37.47,-0.22,0.08,16.00,6879.70,-56.00,0.00,7.00
789975.00,2019-06-30 17:55:33.975,0.00,905.50,0.00,1.51,0.00,1.00,1.00,129.06,8.34,11.95,67.37,73.51,-58.88,37.48,-0.27,0.09,16.00,6879.70,-56.00,0.00,7.00
790075.00,2019-06-30 17:55:34.075,0.00,905.50,0.00,1.51,0.00,1.00,1.00,129.06,8.34,12.05,67.37,73.51,-59.02,37.48,-0.23,0.09,16.00,6879.70,-56.00,0.00,7.00
790175.00,2019-06-30 17:55:34.175,0.00,905.50,0.00,1.51,0.00,1.00,1.00,129.06,8.34,11.94,67.37,73.34,-59.02,37.48,-0.25,0.08,16.00,6879.70,-56.00,0.00,7.00
790275.00,2019-06-30 17:55:34.275,0.00,905.50,0.00,1.51,0.00,1.00,1.00,129.06,8.34,12.06,67.32,73.34,-59.02,37.48,-0.25,0.08,16.00,6879.70,-56.00,0.00,7.00
790375.00,2019-06-30 17:55:34.375,0.00,905.50,0.00,1.51,0.00,1.00,1.00,129.06,8.34,12.07,67.32,73.34,-58.80,37.47,-0.22,0.09,16.00,6879.70,-56.00,0.00,7.00
790475.00,2019-06-30 17:55:34.475,0.00,905.50,0.00,1.51,0.00,1.00,1.00,129.06,8.34,11.92,67.32,73.34,-58.80,37.47,-0.24,0.08,16.00,6879.70,-56.00,0.00,7.00
790575.00,2019-06-30 17:55:34.575,0.00,905.50,0.00,1.51,0.00,1.00,1.00,129.06,8.34,12.04,67.34,73.34,-58.81,37.47,-0.21,0.08,16.00,6879.70,-56.00,0.00,7.00
790675.00,2019-06-30 17:55:34.675,0.00,905.50,0.00,1.51,0.00,1.00,1.00,129.06,8.34,11.94,67.34,73.37,-58.81,37.47,-0.25,0.09,16.00,6879.70,-56.00,0.00,7.00
790775.00,2019-06-30 17:55:34.775,0.00,905.50,0.00,1.51,0.00,1.00,1.00,129.06,8.34,12.05,67.34,73.37,-58.81,37.51,-0.24,0.08,16.00,6879.70,-56.00,0.00,7.00
790875.00,2019-06-30 17:55:34.875,0.00,905.50,0.00,1.51,0.00,1.00,1.00,129.06,8.34,12.06,67.34,73.37,-58.52,37.51,-0.23,0.08,16.00,6879.70,-56.00,0.00,7.00
790975.00,2019-06-30 17:55:34.975,0.00,905.50,0.00,1.51,0.00,1.00,1.00,129.06,8.34,11.93,67.34,73.32,-58.52,37.51,-0.24,0.09,16.00,6879.70,-56.00,0.00,7.00
791075.00,2019-06-30 17:55:35.075,0.00,905.50,0.00,1.51,0.00,1.00,1.00,129.06,8.34,12.05,67.38,73.32,-58.52,37.51,-0.24,0.08,16.00,6879.70,-56.00,0.00,7.00
791175.00,2019-06-30 17:55:35.175,0.00,905.50,0.00,1.51,0.00,1.00,1.00,129.06,8.34,12.06,67.38,73.36,-58.56,37.54,-0.25,0.07,16.00,6879.70,-56.00,0.00,7.00
791275.00,2019-06-30 17:55:35.275,0.00,905.50,0.00,1.51,0.00,1.00,1.00,129.06,8.34,11.92,67.38,73.36,-58.56,37.54,-0.24,0.08,16.00,6879.70,-56.00,0.00,7.00
791375.00,2019-06-30 17:55:35.375,0.00,905.50,0.00,1.51,0.00,1.00,1.00,129.06,8.34,12.07,67.39,73.36,-58.41,37.54,-0.23,0.08,16.00,6879.70,-56.00,0.00,7.00
791475.00,2019-06-30 17:55:35.475,0.00,905.50,0.00,1.51,0.00,1.00,1.00,129.06,8.34,12.04,67.39,73.32,-58.41,37.54,-0.25,0.08,16.00,6879.70,-56.00,0.00,7.00
791575.00,2019-06-30 17:55:35.575,0.00,905.50,0.00,1.51,0.00,1.00,1.00,129.06,8.34,11.94,67.39,73.32,-58.41,37.53,-0.23,0.09,16.00,6879.70,-56.00,0.00,7.00
791675.00,2019-06-30 17:55:35.675,0.00,905.50,0.00,1.51,0.00,1.00,1.00,129.06,8.34,12.07,67.39,73.34,-58.31,37.53,-0.24,0.08,16.00,6879.70,-56.00,0.00,7.00
791775.00,2019-06-30 17:55:35.775,0.00,905.50,0.00,1.51,0.00,1.00,1.00,129.06,8.34,11.92,67.39,73.34,-58.31,37.53,-0.22,0.09,16.00,6879.70,-56.00,0.00,7.00
791875.00,2019-06-30 17:55:35.875,0.00,905.50,0.00,1.51,0.00,1.00,1.00,129.06,8.34,11.93,67.41,73.34,-58.20,37.53,-0.26,0.09,16.00,6879.70,-56.00,0.00,7.00
791975.00,2019-06-30 17:55:35.975,0.00,905.50,0.00,1.51,0.00,1.00,1.00,129.06,8.34,12.05,67.41,73.37,-58.20,37.52,-0.24,0.08,16.00,6879.70,-56.00,0.00,7.00
792075.00,2019-06-30 17:55:36.075,0.00,905.50,0.00,1.51,0.00,1.00,1.00,129.06,8.34,11.93,67.41,73.37,-58.20,37.52,-0.24,0.08,16.00,6879.70,-56.00,0.00,7.00
792175.00,2019-06-30 17:55:36.175,0.00,905.50,0.00,1.51,0.00,1.00,1.00,129.06,8.34,12.07,67.36,73.29,-58.16,37.52,-0.24,0.08,16.00,6879.70,-56.00,0.00,7.00
792275.00,2019-06-30 17:55:36.275,0.00,905.50,0.00,1.51,0.00,1.00,1.00,129.06,8.34,12.05,67.36,73.29,-58.16,37.52,-0.24,0.08,16.00,6879.70,-56.00,0.00,7.00
792375.00,2019-06-30 17:55:36.375,0.00,905.50,0.00,1.51,0.00,1.00,1.00,129.06,8.34,11.94,67.41,73.29,-58.16,37.55,-0.25,0.08,16.00,6879.70,-56.00,0.00,7.00
792475.00,2019-06-30 17:55:36.475,0.00,905.50,0.00,1.51,0.00,1.00,1.00,129.06,8.34,12.05,67.41,73.30,-58.10,37.55,-0.24,0.09,16.00,6879.70,-56.00,0.00,7.00
792575.00,2019-06-30 17:55:36.575,0.00,905.50,0.00,1.51,0.00,1.00,1.00,129.06,8.34,12.07,67.41,73.30,-58.10,37.55,-0.25,0.09,16.00,6879.70,-56.00,0.00,7.00
792675.00,2019-06-30 17:55:36.675,0.00,905.50,0.00,1.51,0.00,1.00,1.00,129.06,8.34,12.06,67.44,73.23,-58.04,37.55,-0.24,0.07,16.00,6879.70,-56.00,0.00,7.00
792775.00,2019-06-30 17:55:36.775,0.00,905.50,0.00,1.51,0.00,1.00,1.00,129.06,8.34,12.06,67.44,73.23,-58.04,37.56,-0.23,0.09,16.00,6879.70,-56.00,0.00,7.00
792875.00,2019-06-30 17:55:36.875,0.00,905.50,0.00,1.51,0.00,1.00,1.00,129.06,8.34,11.94,67.44,73.23,-58.04,37.56,-0.24,0.08,16.00,6879.70,-56.00,0.00,7.00
792975.00,2019-06-30 17:55:36.975,0.00,905.50,0.00,1.51,0.00,1.00,1.00,129.06,8.34,12.06,67.44,73.17,-58.02,37.56,-0.22,0.08,16.00,6879.70,-56.00,0.00,7.00
793075.00,2019-06-30 17:55:37.075,0.00,905.50,0.00,1.51,0.00,1.00,1.00,129.06,8.34,12.07,67.44,73.17,-58.02,37.56,-0.25,0.09,16.00,6879.70,-56.00,0.00,7.00
793175.00,2019-06-30 17:55:37.175,0.00,905.50,0.00,1.51,0.00,1.00,1.00,129.06,8.34,11.92,67.39,73.25,-57.82,37.55,-0.24,0.09,16.00,6879.70,-56.00,0.00,7.00
793275.00,2019-06-30 17:55:37.275,0.00,905.50,0.00,1.51,0.00,1.00,1.00,129.06,8.34,12.07,67.39,73.25,-57.82,37.55,-0.24,0.08,16.00,6879.70,-56.00,0.00,7.00
793375.00,2019-06-30 17:55:37.375,0.00,905.50,0.00,1.51,0.00,1.00,1.00,129.06,8.34,12.04,67.41,73.25,-57.82,37.55,-0.24,0.08,16.00,6879.70,-56.00,0.00,7.00
793475.00,2019-06-30 17:55:37.475,0.00,905.50,0.00,1.51,0.00,1.00,1.00,129.06,8.34,11.93,67.41,73.24,-57.67,37.55,-0.23,0.08,16.00,6879.70,-56.00,0.00,7.00
793575.00,2019-06-30 17:55:37.575,0.00,905.50,0.00,1.51,0.00,1.00,1.00,129.06,8.34,12.06,67.41,73.24,-57.67,37.59,-0.25,0.08,16.00,6879.70,-56.00,0.00,7.00
793675.00,2019-06-30 17:55:37.675,0.00,905.50,0.00,1.51,0.00,1.00,1.00,129.06,8.34,12.05,67.39,73.30,-57.67,37.59,-0.23,0.08,16.00,6879.70,-56.00,0.00,7.00
793775.00,2019-06-30 17:55:37.775,0.00,905.50,0.00,1.51,0.00,1.00,1.00,129.06,8.34,11.94,67.39,73.30,-57.66,37.59,-0.23,0.08,16.00,6879.70,-56.00,0.00,7.00
793875.00,2019-06-30 17:55:37.875,0.00,905.50,0.00,1.51,0.00,1.00,1.00,129.06,8.34,12.06,67.39,73.30,-57.66,37.59,-0.23,0.08,16.00,6879.70,-56.00,0.00,7.00
793975.00,2019-06-30 17:55:37.975,0.00,905.50,0.00,1.51,0.00,1.00,1.00,129.06,8.34,11.93,67.45,73.18,-57.60,37.51,-0.24,0.08,16.00,6879.70,-56.00,0.00,7.00
794075.00,2019-06-30 17:55:38.075,0.00,905.50,0.00,1.51,0.00,1.00,1.00,129.06,8.34,12.08,67.45,73.18,-57.60,37.51,-0.25,0.08,16.00,6879.70,-56.00,0.00,7.00
794175.00,2019-06-30 17:55:38.175,0.00,905.50,0.00,1.51,0.00,1.00,1.00,129.06,8.34,11.92,67.45,73.16,-57.60,37.51,-0.22,0.09,16.00,6879.70,-56.00,0.00,7.00
794275.00,2019-06-30 17:55:38.275,0.00,905.50,0.00,1.51,0.00,1.00,1.00,129.06,8.34,11.93,67.45,73.16,-57.44,37.51,-0.25,0.08,16.00,6879.70,-56.00,0.00,7.00
794375.00,2019-06-30 17:55:38.375,0.00,905.50,0.00,1.51,0.00,1.00,1.00,129.06,8.34,12.05,67.45,73.16,-57.44,37.61,-0.24,0.08,16.00,6879.70,-56.00,0.00,7.00
794475.00,2019-06-30 17:55:38.475,0.00,905.50,0.00,1.51,0.00,1.00,1.00,129.06,8.34,12.07,67.48,73.22,-57.47,37.61,-0.23,0.08,16.00,6879.70,-56.00,0.00,7.00
794575.00,2019-06-30 17:55:38.575,0.00,905.50,0.00,1.51,0.00,1.00,1.00,129.06,8.34,11.91,67.48,73.22,-57.47,37.61,-0.25,0.08,16.00,6879.70,-56.00,0.00,7.00
794675.00,2019-06-30 17:55:38.675,0.00,905.50,0.00,1.51,0.00,1.00,1.00,129.06,8.34,12.07,67.48,73.20,-57.47,37.61,-0.23,0.08,16.00,6879.70,-56.00,0.00,7.00
794775.00,2019-06-30 17:55:38.775,0.00,905.50,0.00,1.51,0.00,1.00,1.00,129.06,8.34,12.06,67.48,73.20,-57.34,37.60,-0.25,0.08,16.00,6879.70,-56.00,0.00,7.00
794875.00,2019-06-30 17:55:38.875,0.00,905.50,0.00,1.51,0.00,1.00,1.00,129.06,8.34,11.92,67.48,73.20,-57.34,37.60,-0.23,0.08,16.00,6879.70,-56.00,0.00,7.00
794975.00,2019-06-30 17:55:38.975,0.00,905.50,0.00,1.51,0.00,1.00,1.00,129.06,8.34,12.08,67.41,73.20,-57.34,37.60,-0.22,0.08,16.00,6879.70,-56.00,0.00,7.00
795075.00,2019-06-30 17:55:39.075,0.00,905.50,0.00,1.51,0.00,1.00,1.00,129.06,8.34,12.04,67.41,73.20,-57.27,37.60,-0.24,0.08,16.00,6879.70,-56.00,0.00,7.00
795175.00,2019-06-30 17:55:39.175,0.00,905.50,0.00,1.51,0.00,1.00,1.00,129.06,8.34,11.94,67.41,73.06,-57.27,37.63,-0.23,0.09,16.00,6879.70,-56.00,0.00,7.00
795275.00,2019-06-30 17:55:39.275,0.00,905.50,0.00,1.51,0.00,1.00,1.00,129.06,8.34,12.05,67.41,73.06,-57.11,37.63,-0.24,0.08,16.00,6879.70,-56.00,0.00,7.00
795375.00,2019-06-30 17:55:39.375,0.00,905.50,0.00,1.51,0.00,1.00,1.00,129.06,8.34,12.06,67.41,73.06,-57.11,37.63,-0.22,0.08,16.00,6879.70,-56.00,0.00,7.00
795475.00,2019-06-30 17:55:39.475,0.00,905.50,0.00,1.51,0.00,1.00,1.00,129.06,8.34,11.94,67.46,73.11,-57.11,37.63,-0.25,0.08,16.00,6879.70,-56.00,0.00,7.00
795575.00,2019-06-30 17:55:39.575,0.00,905.50,0.00,1.51,0.00,1.00,1.00,129.06,8.34,12.04,67.46,73.11,-57.01,37.61,-0.24,0.08,16.00,6879.70,-56.00,0.00,7.00
795675.00,2019-06-30 17:55:39.675,0.00,905.50,0.00,1.51,0.00,1.00,1.00,129.06,8.34,12.07,67.46,73.13,-57.01,37.61,-0.23,0.08,16.00,6879.70,-56.00,0.00,7.00
795775.00,2019-06-30 17:55:39.775,0.00,905.50,0.00,1.51,0.00,1.00,1.00,129.06,8.34,11.91,67.44,73.13,-56.93,37.61,-0.23,0.08,16.00,6879.70,-56.00,0.00,7.00
795875.00,2019-06-30 17:55:39.875,0.00,905.50,0.00,1.51,0.00,1.00,1.00,129.06,8.34,12.07,67.44,73.13,-56.93,37.61,-0.23,0.08,16.00,6879.70,-56.00,0.00,7.00
795975.00,2019-06-30 17:55:39.975,0.00,905.50,0.00,1.51,0.00,1.00,1.00,129.06,8.34,12.06,67.46,73.03,-56.93,37.55,-0.25,0.08,16.00,6879.70,-56.00,0.00,7.00
796075.00,2019-06-30 17:55:40.075,0.00,905.50,0.00,1.51,0.00,1.00,1.00,129.06,8.34,12.07,67.46,73.03,-56.89,37.55,-0.23,0.08,16.00,6879.70,-56.00,0.00,7.00
796175.00,2019-06-30 17:55:40.175,0.00,905.50,0.00,1.51,0.00,1.00,1.00,129.06,8.34,12.07,67.46,73.13,-56.89,37.55,-0.23,0.08,16.00,6879.70,-56.00,0.00,7.00
796275.00,2019-06-30 17:55:40.275,0.00,905.50,0.00,1.51,0.00,1.00,1.00,129.06,8.34,12.04,67.46,73.13,-56.89,37.55,-0.24,0.08,16.00,6879.70,-56.00,0.00,7.00
796375.00,2019-06-30 17:55:40.375,0.00,905.50,0.00,1.51,0.00,1.00,1.00,129.06,8.34,11.94,67.46,73.13,-56.75,37.60,-0.23,0.08,16.00,6879.70,-56.00,0.00,7.00
796475.00,2019-06-30 17:55:40.475,0.00,905.50,0.00,1.51,0.00,1.00,1.00,129.06,8.34,12.07,67.45,73.13,-56.75,37.60,-0.24,0.08,16.00,6879.70,-56.00,0.00,7.00
796575.00,2019-06-30 17:55:40.575,0.00,905.50,0.00,1.51,0.00,1.00,1.00,129.06,8.34,12.06,67.45,73.13,-56.73,37.60,-0.21,0.08,16.00,6879.70,-56.00,0.00,7.00
796675.00,2019-06-30 17:55:40.675,0.00,905.50,0.00,1.51,0.00,1.00,1.00,129.06,8.34,11.93,67.45,73.06,-56.73,37.60,-0.25,0.08,16.00,6879.70,-56.00,0.00,7.00
796775.00,2019-06-30 17:55:40.775,0.00,905.50,0.00,1.51,0.00,1.00,1.00,129.06,8.34,12.08,67.55,73.06,-56.73,37.67,-0.23,0.09,16.00,6879.70,-56.00,0.00,7.00
796875.00,2019-06-30 17:55:40.875,0.00,905.50,0.00,1.51,0.00,1.00,1.00,129.06,8.34,11.91,67.55,73.06,-56.73,37.67,-0.23,0.08,16.00,6879.70,-56.00,0.00,7.00
796975.00,2019-06-30 17:55:40.975,0.00,905.50,0.00,1.51,0.00,1.00,1.00,129.06,8.34,11.91,67.55,73.08,-56.73,37.67,-0.24,0.09,16.00,6879.70,-56.00,0.00,7.00
797075.00,2019-06-30 17:55:41.075,0.00,905.50,0.00,1.51,0.00,1.00,1.00,129.06,8.34,12.07,67.46,73.08,-56.62,37.67,-0.23,0.08,16.00,6879.70,-56.00,0.00,7.00
797175.00,2019-06-30 17:55:41.175,0.00,905.50,0.00,1.51,0.00,1.00,1.00,129.06,8.34,12.06,67.46,73.11,-56.62,37.67,-0.23,0.08,16.00,6879.70,-56.00,0.00,7.00
797275.00,2019-06-30 17:55:41.275,0.00,905.50,0.00,1.51,0.00,1.00,1.00,129.06,8.34,11.92,67.50,73.11,-56.62,37.67,-0.24,0.08,16.00,6879.70,-56.00,0.00,7.00
797375.00,2019-06-30 17:55:41.375,0.00,905.50,0.00,1.51,0.00,1.00,1.00,129.06,8.34,12.08,67.50,73.11,-56.41,37.67,-0.22,0.08,16.00,6879.70,-56.00,0.00,7.00
797475.00,2019-06-30 17:55:41.475,0.00,905.50,0.00,1.51,0.00,1.00,1.00,129.06,8.34,11.94,67.50,73.02,-56.41,37.67,-0.23,0.08,16.00,6879.70,-56.00,0.00,7.00
797587.00,2019-06-30 17:55:41.587,0.00,905.50,0.00,1.51,0.00,1.00,1.00,129.06,8.34,12.05,67.53,73.02,-56.42,37.61,-0.23,0.06,16.00,6879.70,-56.00,0.00,7.00
797687.00,2019-06-30 17:55:41.687,0.00,905.50,0.00,1.51,0.00,1.00,1.00,129.06,8.34,12.08,67.53,73.06,-56.42,37.61,-0.23,0.08,16.00,6879.70,-56.00,0.00,7.00
797787.00,2019-06-30 17:55:41.787,0.00,905.50,0.00,1.51,0.00,1.00,1.00,129.06,8.34,11.91,67.53,73.06,-56.42,37.61,-0.24,0.09,16.00,6879.70,-56.00,0.00,7.00
797887.00,2019-06-30 17:55:41.887,0.00,905.50,0.00,1.51,0.00,1.00,1.00,129.06,8.34,12.04,67.51,73.06,-56.32,37.61,-0.24,0.08,16.00,6879.70,-56.00,0.00,7.00
797987.00,2019-06-30 17:55:41.987,0.00,905.50,0.00,1.51,0.00,1.00,1.00,129.06,8.34,11.94,67.51,72.99,-56.32,37.63,-0.24,0.09,16.00,6879.70,-56.00,0.00,7.00
798087.00,2019-06-30 17:55:42.087,0.00,905.50,0.00,1.51,0.00,1.00,1.00,129.06,8.34,12.04,67.51,72.99,-56.32,37.63,-0.22,0.08,16.00,6879.70,-56.00,0.00,7.00
798187.00,2019-06-30 17:55:42.187,0.00,905.50,0.00,1.51,0.00,1.00,1.00,129.06,8.34,12.05,67.52,73.01,-56.26,37.63,-0.24,0.08,16.00,6879.70,-56.00,0.00,7.00
798287.00,2019-06-30 17:55:42.287,0.00,905.50,0.00,1.51,0.00,1.00,1.00,129.06,8.34,12.06,67.52,73.01,-56.26,37.63,-0.22,0.08,16.00,6879.70,-56.00,0.00,7.00
798387.00,2019-06-30 17:55:42.387,0.00,905.50,0.00,1.51,0.00,1.00,1.00,129.06,8.34,11.93,67.53,73.01,-56.20,37.66,-0.25,0.08,16.00,6879.70,-56.00,0.00,7.00
798487.00,2019-06-30 17:55:42.487,0.00,905.50,0.00,1.51,0.00,1.00,1.00,129.06,8.34,12.04,67.53,73.01,-56.20,37.66,-0.24,0.09,16.00,6879.70,-56.00,0.00,7.00
798587.00,2019-06-30 17:55:42.587,0.00,905.50,0.00,1.51,0.00,1.00,1.00,129.06,8.34,12.07,67.53,73.01,-56.20,37.66,-0.23,0.08,16.00,6879.70,-56.00,0.00,7.00
798687.00,2019-06-30 17:55:42.687,0.00,905.50,0.00,1.51,0.00,1.00,1.00,129.06,8.34,11.91,67.62,72.93,-56.10,37.66,-0.23,0.09,16.00,6879.70,-56.00,0.00,7.00
798787.00,2019-06-30 17:55:42.787,0.00,905.50,0.00,1.51,0.00,1.00,1.00,129.06,8.34,12.07,67.62,72.93,-56.10,37.68,-0.23,0.08,16.00,6879.70,-56.00,0.00,7.00
798887.00,2019-06-30 17:55:42.887,0.00,905.50,0.00,1.51,0.00,1.00,1.00,129.06,8.34,11.93,67.55,72.93,-55.94,37.68,-0.25,0.08,16.00,6879.70,-56.00,0.00,7.00
798987.00,2019-06-30 17:55:42.987,0.00,905.50,0.00,1.51,0.00,1.00,1.00,129.06,8.34,12.07,67.55,73.03,-55.94,37.68,-0.24,0.08,16.00,6879.70,-56.00,0.00,7.00
799087.00,2019-06-30 17:55:43.087,0.00,905.50,0.00,1.51,0.00,1.00,1.00,129.06,8.34,12.04,67.55,73.03,-55.94,37.68,-0.25,0.08,16.00,6879.70,-56.00,0.00,7.00
799187.00,2019-06-30 17:55:43.187,0.00,905.50,0.00,1.51,0.00,1.00,1.00,129.06,8.34,12.04,67.59,72.98,-55.82,37.73,-0.24,0.08,16.00,6879.70,-56.00,0.00,7.00
799287.00,2019-06-30 17:55:43.287,0.00,905.50,0.00,1.51,0.00,1.00,1.00,129.06,8.34,12.06,67.59,72.98,-55.82,37.73,-0.22,0.09,16.00,6879.70,-56.00,0.00,7.00
799387.00,2019-06-30 17:55:43.387,0.00,905.50,0.00,1.51,0.00,1.00,1.00,129.06,8.34,12.07,67.59,72.98,-55.82,37.73,-0.24,0.08,16.00,6879.70,-56.00,0.00,7.00
799487.00,2019-06-30 17:55:43.487,0.00,905.50,0.00,1.51,0.00,1.00,1.00,129.06,8.34,11.91,67.59,72.97,-55.75,37.73,-0.23,0.09,16.00,6879.70,-56.00,0.00,7.00
799587.00,2019-06-30 17:55:43.587,0.00,905.50,0.00,1.51,0.00,1.00,1.00,129.06,8.34,12.07,67.59,72.97,-55.75,37.66,-0.25,0.09,16.00,6879.70,-56.00,0.00,7.00
799687.00,2019-06-30 17:55:43.687,0.00,905.50,0.00,1.51,0.00,1.00,1.00,129.06,8.34,12.05,67.59,72.99,-55.72,37.66,-0.24,0.08,16.00,6879.70,-56.00,0.00,7.00
799787.00,2019-06-30 17:55:43.787,0.00,905.50,0.00,1.51,0.00,1.00,1.00,129.06,8.34,11.93,67.59,72.99,-55.72,37.66,-0.22,0.08,16.00,6879.70,-56.00,0.00,7.00
799887.00,2019-06-30 17:55:43.887,0.00,905.50,0.00,1.51,0.00,1.00,1.00,129.06,8.34,12.07,67.59,72.99,-55.72,37.66,-0.24,0.08,16.00,6879.70,-56.00,0.00,7.00
799987.00,2019-06-30 17:55:43.987,0.00,905.50,0.00,1.51,0.00,1.00,1.00,129.06,8.34,12.04,67.60,72.95,-55.64,37.61,-0.23,0.08,16.00,6879.70,-56.00,0.00,7.00
800087.00,2019-06-30 17:55:44.087,0.00,905.50,0.00,1.51,0.00,1.00,1.00,129.06,8.34,11.94,67.60,72.95,-55.64,37.61,-0.25,0.08,16.00,6879.70,-56.00,0.00,7.00
800187.00,2019-06-30 17:55:44.187,0.00,905.50,0.00,1.51,0.00,1.00,1.00,129.06,8.34,12.04,67.59,72.86,-55.60,37.61,-0.24,0.08,16.00,6879.70,-56.00,0.00,7.00
800287.00,2019-06-30 17:55:44.287,0.00,905.50,0.00,1.51,0.00,1.00,1.00,129.06,8.34,12.07,67.59,72.86,-55.60,37.61,-0.23,0.08,16.00,6879.70,-56.00,0.00,7.00
800387.00,2019-06-30 17:55:44.387,0.00,905.50,0.00,1.51,0.00,1.00,1.00,129.06,8.34,11.92,67.59,72.86,-55.60,37.63,-0.24,0.08,16.00,6879.70,-56.00,0.00,7.00
800487.00,2019-06-30 17:55:44.487,0.00,905.50,0.00,1.51,0.00,1.00,1.00,129.06,8.34,12.06,67.59,72.90,-55.52,37.63,-0.23,0.09,16.00,6879.70,-56.00,0.00,7.00
800587.00,2019-06-30 17:55:44.587,0.00,905.50,0.00,1.51,0.00,1.00,1.00,129.06,8.34,12.07,67.59,72.90,-55.52,37.63,-0.23,0.08,16.00,6879.70,-56.00,0.00,7.00
800687.00,2019-06-30 17:55:44.687,0.00,905.50,0.00,1.51,0.00,1.00,1.00,129.06,8.34,11.91,67.62,72.85,-55.52,37.63,-0.23,0.08,16.00,6879.70,-56.00,0.00,7.00
800787.00,2019-06-30 17:55:44.787,0.00,905.50,0.00,1.51,0.00,1.00,1.00,129.06,8.34,12.06,67.62,72.85,-55.34,37.66,-0.24,0.09,16.00,6879.70,-56.00,0.00,7.00
800887.00,2019-06-30 17:55:44.887,0.00,905.50,0.00,1.51,0.00,1.00,1.00,129.06,8.34,12.05,67.62,72.85,-55.34,37.66,-0.24,0.08,16.00,6879.70,-56.00,0.00,7.00
800987.00,2019-06-30 17:55:44.987,0.00,905.50,0.00,1.51,0.00,1.00,1.00,129.06,8.34,12.04,67.58,72.86,-55.31,37.66,-0.25,0.09,16.00,6879.70,-56.00,0.00,7.00
801087.00,2019-06-30 17:55:45.087,0.00,905.50,0.00,1.51,0.00,1.00,1.00,129.06,8.34,12.04,67.58,72.86,-55.31,37.66,-0.24,0.08,16.00,6879.70,-56.00,0.00,7.00
801187.00,2019-06-30 17:55:45.187,0.00,905.50,0.00,1.51,0.00,1.00,1.00,129.06,8.34,11.92,67.58,72.84,-55.31,37.63,-0.23,0.08,16.00,6879.70,-56.00,0.00,7.00
801287.00,2019-06-30 17:55:45.287,0.00,905.50,0.00,1.51,0.00,1.00,1.00,129.06,8.34,12.08,67.62,72.84,-55.33,37.63,-0.24,0.08,16.00,6879.70,-56.00,0.00,7.00
801387.00,2019-06-30 17:55:45.387,0.00,905.50,0.00,1.51,0.00,1.00,1.00,129.06,8.34,12.04,67.62,72.84,-55.33,37.63,-0.23,0.08,16.00,6879.70,-56.00,0.00,7.00
801487.00,2019-06-30 17:55:45.487,0.00,905.50,0.00,1.51,0.00,1.00,1.00,129.06,8.34,11.94,67.63,72.84,-55.08,37.63,-0.24,0.08,16.00,6879.70,-56.00,0.00,7.00
801587.00,2019-06-30 17:55:45.587,0.00,905.50,0.00,1.51,0.00,1.00,1.00,129.06,8.34,12.04,67.63,72.84,-55.08,37.73,-0.24,0.08,16.00,6879.70,-56.00,0.00,7.00
801687.00,2019-06-30 17:55:45.687,0.00,905.50,0.00,1.51,0.00,1.00,1.00,129.06,8.34,11.91,67.63,72.73,-55.08,37.73,-0.23,0.08,16.00,6879.70,-56.00,0.00,7.00
801787.00,2019-06-30 17:55:45.787,0.00,905.50,0.00,1.51,0.00,1.00,1.00,129.06,8.34,11.91,67.51,72.73,-55.08,37.73,-0.23,0.08,16.00,6879.70,-56.00,0.00,7.00
801887.00,2019-06-30 17:55:45.887,0.00,905.50,0.00,1.51,0.00,1.00,1.00,129.06,8.34,12.06,67.51,72.73,-55.08,37.73,-0.23,0.08,16.00,6879.70,-56.00,0.00,7.00
801987.00,2019-06-30 17:55:45.987,0.00,905.50,0.00,1.51,0.00,1.00,1.00,129.06,8.34,12.07,67.60,72.86,-55.08,37.74,-0.25,0.09,16.00,6879.70,-56.00,0.00,7.00
802087.00,2019-06-30 17:55:46.087,0.00,905.50,0.00,1.51,0.00,1.00,1.00,129.06,8.34,11.91,67.60,72.86,-54.98,37.74,-0.23,0.08,16.00,6879.70,-56.00,0.00,7.00
802187.00,2019-06-30 17:55:46.187,0.00,905.50,0.00,1.51,0.00,1.00,1.00,129.06,8.34,12.07,67.60,72.86,-54.98,37.74,-0.23,0.08,16.00,6879.70,-56.00,0.00,7.00
802287.00,2019-06-30 17:55:46.287,0.00,905.50,0.00,1.51,0.00,1.00,1.00,129.06,8.34,12.04,67.59,72.86,-54.95,37.74,-0.23,0.08,16.00,6879.70,-56.00,0.00,7.00
802387.00,2019-06-30 17:55:46.387,0.00,905.50,0.00,1.51,0.00,1.00,1.00,129.06,8.34,12.04,67.59,72.86,-54.95,37.65,-0.23,0.09,16.00,6879.70,-56.00,0.00,7.00
802487.00,2019-06-30 17:55:46.487,0.00,905.50,0.00,1.51,0.00,1.00,1.00,129.06,8.34,12.07,67.66,72.77,-54.95,37.65,-0.25,0.09,16.00,6879.70,-56.00,0.00,7.00
802587.00,2019-06-30 17:55:46.587,0.00,905.50,0.00,1.51,0.00,1.00,1.00,129.06,8.34,11.91,67.66,72.77,-54.85,37.65,-0.24,0.09,16.00,6879.70,-56.00,0.00,7.00
802687.00,2019-06-30 17:55:46.687,0.00,905.50,0.00,1.51,0.00,1.00,1.00,129.06,8.34,12.07,67.66,72.77,-54.85,37.65,-0.26,0.09,16.00,6879.70,-56.00,0.00,7.00
802787.00,2019-06-30 17:55:46.787,0.00,905.50,0.00,1.51,0.00,1.00,1.00,129.06,8.34,12.06,67.55,72.77,-54.77,37.70,-0.22,0.08,16.00,6879.70,-56.00,0.00,7.00
802887.00,2019-06-30 17:55:46.887,0.00,905.50,0.00,1.51,0.00,1.00,1.00,129.06,8.34,11.93,67.55,72.77,-54.77,37.70,-0.23,0.08,16.00,6879.70,-56.00,0.00,7.00
802987.00,2019-06-30 17:55:46.987,0.00,905.50,0.00,1.51,0.00,1.00,1.00,129.06,8.34,12.05,67.55,72.76,-54.77,37.70,-0.24,0.08,16.00,6879.70,-56.00,0.00,7.00
803087.00,2019-06-30 17:55:47.087,0.00,905.50,0.00,1.51,0.00,1.00,1.00,129.06,8.34,11.92,67.58,72.76,-54.65,37.70,-0.22,0.09,16.00,6879.70,-56.00,0.00,7.00
803187.00,2019-06-30 17:55:47.187,0.00,905.50,0.00,1.51,0.00,1.00,1.00,129.06,8.34,11.93,67.58,72.71,-54.65,37.68,-0.25,0.08,16.00,6879.70,-56.00,0.00,7.00
803287.00,2019-06-30 17:55:47.287,0.00,905.50,0.00,1.51,0.00,1.00,1.00,129.06,8.34,12.04,67.60,72.71,-54.65,37.68,-0.25,0.08,16.00,6879.70,-56.00,0.00,7.00
803387.00,2019-06-30 17:55:47.387,0.00,905.50,0.00,1.51,0.00,1.00,1.00,129.06,8.34,12.07,67.60,72.71,-54.63,37.68,-0.23,0.08,16.00,6879.70,-56.00,0.00,7.00
803487.00,2019-06-30 17:55:47.487,0.00,905.50,0.00,1.51,0.00,1.00,1.00,129.06,8.34,11.91,67.60,72.80,-54.63,37.68,-0.23,0.08,16.00,6879.70,-56.00,0.00,7.00
803587.00,2019-06-30 17:55:47.587,0.00,905.50,0.00,1.51,0.00,1.00,1.00,129.06,8.34,12.07,67.66,72.80,-54.48,37.77,-0.23,0.08,16.00,6879.70,-56.00,0.00,7.00
803687.00,2019-06-30 17:55:47.687,0.00,905.50,0.00,1.51,0.00,1.00,1.00,129.06,8.34,12.06,67.66,72.70,-54.48,37.77,-0.25,0.08,16.00,6879.70,-56.00,0.00,7.00
803787.00,2019-06-30 17:55:47.787,0.00,905.50,0.00,1.51,0.00,1.00,1.00,129.06,8.34,11.91,67.68,72.70,-54.48,37.77,-0.23,0.08,16.00,6879.70,-56.00,0.00,7.00
803887.00,2019-06-30 17:55:47.887,0.00,905.50,0.00,1.51,0.00,1.00,1.00,129.06,8.34,12.07,67.68,72.70,-54.46,37.77,-0.23,0.08,16.00,6879.70,-56.00,0.00,7.00
803987.00,2019-06-30 17:55:47.987,0.00,905.50,0.00,1.51,0.00,1.00,1.00,129.06,8.34,11.94,67.68,72.77,-54.46,37.78,-0.24,0.08,16.00,6879.70,-56.00,0.00,7.00
804087.00,2019-06-30 17:55:48.087,0.00,905.50,0.00,1.51,0.00,1.00,1.00,129.06,8.34,11.94,67.71,72.77,-54.40,37.78,-0.24,0.08,16.00,6879.70,-56.00,0.00,7.00
804187.00,2019-06-30 17:55:48.187,0.00,905.50,0.00,1.51,0.00,1.00,1.00,129.06,8.34,12.05,67.71,72.74,-54.40,37.78,-0.25,0.08,16.00,6879.70,-56.00,0.00,7.00
804287.00,2019-06-30 17:55:48.287,0.00,905.50,0.00,1.51,0.00,1.00,1.00,129.06,8.34,11.92,67.71,72.74,-54.40,37.78,-0.22,0.09,16.00,6879.70,-56.00,0.00,7.00
804387.00,2019-06-30 17:55:48.387,0.00,905.50,0.00,1.51,0.00,1.00,1.00,129.06,8.34,11.94,67.68,72.74,-54.29,37.74,-0.25,0.09,16.00,6879.70,-56.00,0.00,7.00
804487.00,2019-06-30 17:55:48.487,0.00,905.50,0.00,1.51,0.00,1.00,1.00,129.06,8.34,12.07,67.68,72.62,-54.29,37.74,-0.24,0.09,16.00,6879.70,-56.00,0.00,7.00
804587.00,2019-06-30 17:55:48.587,0.00,905.50,0.00,1.51,0.00,1.00,1.00,129.06,8.34,11.91,67.66,72.62,-54.29,37.74,-0.22,0.08,16.00,6879.70,-56.00,0.00,7.00
804687.00,2019-06-30 17:55:48.687,0.00,905.50,0.00,1.51,0.00,1.00,1.00,129.06,8.34,11.90,67.66,72.62,-54.13,37.74,-0.24,0.08,16.00,6879.70,-56.00,0.00,7.00
804787.00,2019-06-30 17:55:48.787,0.00,905.50,0.00,1.51,0.00,1.00,1.00,129.06,8.34,12.06,67.66,72.62,-54.13,37.74,-0.22,0.08,16.00,6879.70,-56.00,0.00,7.00
804887.00,2019-06-30 17:55:48.887,0.00,905.50,0.00,1.51,0.00,1.00,1.00,129.06,8.34,11.93,67.69,72.62,-54.07,37.74,-0.24,0.08,16.00,6879.70,-56.00,0.00,7.00
804987.00,2019-06-30 17:55:48.987,0.00,905.50,0.00,1.51,0.00,1.00,1.00,129.06,8.34,12.05,67.69,72.63,-54.07,37.74,-0.24,0.08,16.00,6879.70,-56.00,0.00,7.00
805087.00,2019-06-30 17:55:49.087,0.00,905.50,0.00,1.51,0.00,1.00,1.00,129.06,8.34,12.07,67.73,72.63,-54.07,37.74,-0.25,0.08,16.00,6879.70,-56.00,0.00,7.00
805187.00,2019-06-30 17:55:49.187,0.00,905.50,0.00,1.51,0.00,1.00,1.00,129.06,8.34,11.93,67.73,72.60,-53.97,37.76,-0.24,0.09,16.00,6879.70,-56.00,0.00,7.00
805287.00,2019-06-30 17:55:49.287,0.00,905.50,0.00,1.51,0.00,1.00,1.00,129.06,8.34,12.06,67.73,72.60,-53.97,37.76,-0.23,0.08,16.00,6879.70,-56.00,0.00,7.00
805387.00,2019-06-30 17:55:49.387,0.00,905.50,0.00,1.51,0.00,1.00,1.00,129.06,8.34,12.07,67.71,72.60,-53.95,37.76,-0.24,0.09,16.00,6879.70,-56.00,0.00,7.00
805487.00,2019-06-30 17:55:49.487,0.00,905.50,0.00,1.51,0.00,1.00,1.00,129.06,8.34,11.93,67.71,72.53,-53.95,37.76,-0.23,0.08,16.00,6879.70,-56.00,0.00,7.00
805587.00,2019-06-30 17:55:49.587,0.00,905.50,0.00,1.51,0.00,1.00,1.00,129.06,8.34,12.07,67.71,72.53,-53.95,37.79,-0.25,0.08,16.00,6879.70,-56.00,0.00,7.00
805687.00,2019-06-30 17:55:49.687,0.00,905.50,0.00,1.51,0.00,1.00,1.00,129.06,8.34,12.04,67.71,72.63,-53.91,37.79,-0.24,0.08,16.00,6879.70,-56.00,0.00,7.00
805787.00,2019-06-30 17:55:49.787,0.00,905.50,0.00,1.51,0.00,1.00,1.00,129.06,8.34,11.94,67.71,72.63,-53.91,37.79,-0.22,0.08,16.00,6879.70,-56.00,0.00,7.00
805887.00,2019-06-30 17:55:49.887,0.00,905.50,0.00,1.51,0.00,1.00,1.00,129.06,8.34,12.04,67.70,72.63,-53.91,37.79,-0.24,0.08,16.00,6879.70,-56.00,0.00,7.00
805987.00,2019-06-30 17:55:49.987,0.00,905.50,0.00,1.51,0.00,1.00,1.00,129.06,8.34,11.92,67.70,72.55,-53.82,37.72,-0.23,0.09,16.00,6879.70,-56.00,0.00,7.00
806087.00,2019-06-30 17:55:50.087,0.00,905.50,0.00,1.51,0.00,1.00,1.00,129.06,8.34,12.07,67.70,72.55,-53.82,37.72,-0.25,0.09,16.00,6879.70,-56.00,0.00,7.00
806187.00,2019-06-30 17:55:50.187,0.00,905.50,0.00,1.51,0.00,1.00,1.00,129.06,8.34,12.05,67.62,72.55,-53.64,37.72,-0.23,0.08,16.00,6879.70,-56.00,0.00,7.00
806287.00,2019-06-30 17:55:50.287,0.00,905.50,0.00,1.51,0.00,1.00,1.00,129.06,8.34,12.05,67.62,72.55,-53.64,37.72,-0.27,0.08,16.00,6879.70,-56.00,0.00,7.00
806387.00,2019-06-30 17:55:50.387,0.00,905.50,0.00,1.51,0.00,1.00,1.00,129.06,8.34,12.04,67.66,72.55,-53.64,37.79,-0.25,0.08,16.00,6879.70,-56.00,0.00,7.00
806487.00,2019-06-30 17:55:50.487,0.00,905.50,0.00,1.51,0.00,1.00,1.00,129.06,8.34,12.07,67.66,72.59,-53.63,37.79,-0.22,0.09,16.00,6879.70,-56.00,0.00,7.00
806587.00,2019-06-30 17:55:50.587,0.00,905.50,0.00,1.51,0.00,1.00,1.00,129.06,8.34,12.07,67.66,72.59,-53.63,37.79,-0.25,0.08,16.00,6879.70,-56.00,0.00,7.00
806687.00,2019-06-30 17:55:50.687,0.00,905.50,0.00,1.51,0.00,1.00,1.00,129.06,8.34,12.04,67.69,72.55,-53.63,37.79,-0.22,0.08,16.00,6879.70,-56.00,0.00,7.00
806787.00,2019-06-30 17:55:50.787,0.00,905.50,0.00,1.51,0.00,1.00,1.00,129.06,8.34,11.93,67.69,72.55,-53.63,37.74,-0.25,0.09,16.00,6879.70,-56.00,0.00,7.00
806887.00,2019-06-30 17:55:50.887,0.00,905.50,0.00,1.51,0.00,1.00,1.00,129.06,8.34,12.07,67.71,72.55,-53.63,37.74,-0.24,0.08,16.00,6879.70,-56.00,0.00,7.00
806987.00,2019-06-30 17:55:50.987,0.00,905.50,0.00,1.51,0.00,1.00,1.00,129.06,8.34,11.91,67.71,72.53,-53.44,37.74,-0.24,0.08,16.00,6879.70,-56.00,0.00,7.00
807087.00,2019-06-30 17:55:51.087,0.00,905.50,0.00,1.51,0.00,1.00,1.00,129.06,8.34,12.07,67.71,72.53,-53.44,37.74,-0.23,0.09,16.00,6879.70,-56.00,0.00,7.00
807187.00,2019-06-30 17:55:51.187,0.00,905.50,0.00,1.51,0.00,1.00,1.00,129.06,8.34,12.07,67.71,72.60,-53.44,37.74,-0.23,0.08,16.00,6879.70,-56.00,0.00,7.00
807287.00,2019-06-30 17:55:51.287,0.00,905.50,0.00,1.51,0.00,1.00,1.00,129.06,8.34,12.06,67.71,72.60,-53.34,37.74,-0.25,0.08,16.00,6879.70,-56.00,0.00,7.00
807387.00,2019-06-30 17:55:51.387,0.00,905.50,0.00,1.51,0.00,1.00,1.00,129.06,8.34,11.92,67.71,72.60,-53.34,37.74,-0.25,0.08,16.00,6879.70,-56.00,0.00,7.00
807487.00,2019-06-30 17:55:51.487,0.00,905.50,0.00,1.51,0.00,1.00,1.00,129.06,8.34,12.06,67.73,72.58,-53.32,37.74,-0.24,0.09,16.00,6879.70,-56.00,0.00,7.00
807587.00,2019-06-30 17:55:51.587,0.00,905.50,0.00,1.51,0.00,1.00,1.00,129.06,8.34,12.06,67.73,72.58,-53.32,37.77,-0.24,0.08,16.00,6879.70,-56.00,0.00,7.00
807687.00,2019-06-30 17:55:51.687,0.00,905.50,0.00,1.51,0.00,1.00,1.00,129.06,8.34,12.05,67.75,72.50,-53.32,37.77,-0.23,0.08,16.00,6879.70,-56.00,0.00,7.00
807787.00,2019-06-30 17:55:51.787,0.00,905.50,0.00,1.51,0.00,1.00,1.00,129.06,8.34,11.94,67.75,72.50,-53.24,37.77,-0.24,0.09,16.00,6879.70,-56.00,0.00,7.00
807887.00,2019-06-30 17:55:51.887,0.00,905.50,0.00,1.51,0.00,1.00,1.00,129.06,8.34,12.04,67.75,72.50,-53.24,37.77,-0.23,0.08,16.00,6879.70,-56.00,0.00,7.00
807987.00,2019-06-30 17:55:51.987,0.00,905.50,0.00,1.51,0.00,1.00,1.00,129.06,8.34,11.92,67.73,72.52,-53.24,37.83,-0.25,0.08,16.00,6879.70,-56.00,0.00,7.00
808087.00,2019-06-30 17:55:52.087,0.00,905.50,0.00,1.51,0.00,1.00,1.00,129.06,8.34,11.91,67.73,72.52,-53.05,37.83,-0.23,0.08,16.00,6879.70,-56.00,0.00,7.00
808187.00,2019-06-30 17:55:52.187,0.00,905.50,0.00,1.51,0.00,1.00,1.00,129.06,8.34,12.06,67.77,72.52,-53.05,37.83,-0.23,0.08,16.00,6879.70,-56.00,0.00,7.00
808287.00,2019-06-30 17:55:52.287,0.00,905.50,0.00,1.51,0.00,1.00,1.00,129.06,8.34,11.94,67.77,72.52,-53.05,37.83,-0.24,0.08,16.00,6879.70,-56.00,0.00,7.00
808387.00,2019-06-30 17:55:52.387,0.00,905.50,0.00,1.51,0.00,1.00,1.00,129.06,8.34,12.05,67.77,72.52,-53.05,37.78,-0.21,0.08,16.00,6879.70,-56.00,0.00,7.00
808487.00,2019-06-30 17:55:52.487,0.00,905.50,0.00,1.51,0.00,1.00,1.00,129.06,8.34,12.08,67.78,72.44,-53.05,37.78,-0.25,0.09,16.00,6879.70,-56.00,0.00,7.00
808587.00,2019-06-30 17:55:52.587,0.00,905.50,0.00,1.51,0.00,1.00,1.00,129.06,8.34,11.91,67.78,72.44,-52.94,37.78,-0.24,0.09,16.00,6879.70,-56.00,0.00,7.00
808687.00,2019-06-30 17:55:52.687,0.00,905.50,0.00,1.51,0.00,1.00,1.00,129.06,8.34,12.07,67.78,72.48,-52.94,37.78,-0.26,0.08,16.00,6879.70,-56.00,0.00,7.00
808787.00,2019-06-30 17:55:52.787,0.00,905.50,0.00,1.51,0.00,1.00,1.00,129.06,8.34,12.06,67.80,72.48,-52.92,37.84,-0.24,0.08,16.00,6879.70,-56.00,0.00,7.00
808887.00,2019-06-30 17:55:52.887,0.00,905.50,0.00,1.51,0.00,1.00,1.00,129.06,8.34,11.92,67.80,72.48,-52.92,37.84,-0.23,0.08,16.00,6879.70,-56.00,0.00,7.00
808987.00,2019-06-30 17:55:52.987,0.00,905.50,0.00,1.51,0.00,1.00,1.00,129.06,8.34,12.07,67.75,72.51,-52.92,37.84,-0.26,0.08,16.00,6879.70,-56.00,0.00,7.00
809087.00,2019-06-30 17:55:53.087,0.00,905.50,0.00,1.51,0.00,1.00,1.00,129.06,8.34,12.04,67.75,72.51,-52.76,37.84,-0.22,0.08,16.00,6879.70,-56.00,0.00,7.00
809187.00,2019-06-30 17:55:53.187,0.00,905.50,0.00,1.51,0.00,1.00,1.00,129.06,8.34,11.94,67.75,72.48,-52.76,37.78,-0.24,0.09,16.00,6879.70,-56.00,0.00,7.00
809287.00,2019-06-30 17:55:53.287,0.00,905.50,0.00,1.51,0.00,1.00,1.00,129.06,8.34,12.05,67.75,72.48,-52.76,37.78,-0.24,0.08,16.00,6879.70,-56.00,0.00,7.00
809387.00,2019-06-30 17:55:53.387,0.00,905.50,0.00,1.51,0.00,1.00,1.00,129.06,8.34,12.06,67.75,72.48,-52.74,37.78,-0.24,0.08,16.00,6879.70,-56.00,0.00,7.00
809487.00,2019-06-30 17:55:53.487,0.00,905.50,0.00,1.51,0.00,1.00,1.00,129.06,8.34,11.94,67.81,72.41,-52.74,37.78,-0.24,0.08,16.00,6879.70,-56.00,0.00,7.00
809587.00,2019-06-30 17:55:53.587,0.00,905.50,0.00,1.51,0.00,1.00,1.00,129.06,8.34,12.04,67.81,72.41,-52.57,37.83,-0.23,0.09,16.00,6879.70,-56.00,0.00,7.00
809687.00,2019-06-30 17:55:53.687,0.00,905.50,0.00,1.51,0.00,1.00,1.00,129.06,8.34,12.07,67.81,72.48,-52.57,37.83,-0.24,0.08,16.00,6879.70,-56.00,0.00,7.00
809787.00,2019-06-30 17:55:53.787,0.00,905.50,0.00,1.51,0.00,1.00,1.00,129.06,8.34,11.91,67.81,72.48,-52.57,37.83,-0.24,0.09,16.00,6879.70,-56.00,0.00,7.00
809887.00,2019-06-30 17:55:53.887,0.00,905.50,0.00,1.51,0.00,1.00,1.00,129.06,8.34,12.07,67.81,72.48,-52.57,37.83,-0.26,0.08,16.00,6879.70,-56.00,0.00,7.00
809987.00,2019-06-30 17:55:53.987,0.00,905.50,0.00,1.51,0.00,1.00,1.00,129.06,8.34,12.06,67.85,72.47,-52.57,37.80,-0.23,0.09,16.00,6879.70,-56.00,0.00,7.00
810087.00,2019-06-30 17:55:54.087,0.00,905.50,0.00,1.51,0.00,1.00,1.00,129.06,8.34,11.92,67.85,72.47,-52.45,37.80,-0.23,0.08,16.00,6879.70,-56.00,0.00,7.00
810187.00,2019-06-30 17:55:54.187,0.00,905.50,0.00,1.51,0.00,1.00,1.00,129.06,8.34,12.07,67.85,72.40,-52.45,37.80,-0.23,0.08,16.00,6879.70,-56.00,0.00,7.00
810287.00,2019-06-30 17:55:54.287,0.00,905.50,0.00,1.51,0.00,1.00,1.00,129.06,8.34,12.04,67.85,72.40,-52.45,37.80,-0.22,0.08,16.00,6879.70,-56.00,0.00,7.00
810387.00,2019-06-30 17:55:54.387,0.00,905.50,0.00,1.51,0.00,1.00,1.00,129.06,8.34,11.94,67.85,72.40,-52.38,37.86,-0.25,0.08,16.00,6879.70,-56.00,0.00,7.00
810487.00,2019-06-30 17:55:54.487,0.00,905.50,0.00,1.51,0.00,1.00,1.00,129.06,8.34,12.05,67.85,72.50,-52.38,37.86,-0.23,0.08,16.00,6879.70,-56.00,0.00,7.00
810587.00,2019-06-30 17:55:54.587,0.00,905.50,0.00,1.51,0.00,1.00,1.00,129.06,8.34,12.06,67.84,72.50,-52.38,37.86,-0.23,0.09,16.00,6879.70,-56.00,0.00,7.00
810687.00,2019-06-30 17:55:54.687,0.00,905.50,0.00,1.51,0.00,1.00,1.00,129.06,8.34,11.94,67.84,72.47,-52.25,37.86,-0.24,0.09,16.00,6879.70,-56.00,0.00,7.00
810787.00,2019-06-30 17:55:54.787,0.00,905.50,0.00,1.51,0.00,1.00,1.00,129.06,8.34,12.04,67.90,72.47,-52.25,37.84,-0.22,0.09,16.00,6879.70,-56.00,0.00,7.00
810887.00,2019-06-30 17:55:54.887,0.00,905.50,0.00,1.51,0.00,1.00,1.00,129.06,8.34,12.07,67.90,72.47,-52.32,37.84,-0.24,0.09,16.00,6879.70,-56.00,0.00,7.00
810987.00,2019-06-30 17:55:54.987,0.00,905.50,0.00,1.51,0.00,1.00,1.00,129.06,8.34,11.91,67.90,72.48,-52.32,37.84,-0.23,0.09,16.00,6879.70,-56.00,0.00,7.00
811087.00,2019-06-30 17:55:55.087,0.00,905.50,0.00,1.51,0.00,1.00,1.00,129.06,8.34,12.07,67.80,72.48,-52.32,37.84,-0.27,0.08,16.00,6879.70,-56.00,0.00,7.00
811187.00,2019-06-30 17:55:55.187,0.00,905.50,0.00,1.51,0.00,1.00,1.00,129.06,8.34,12.06,67.80,72.38,-52.21,37.83,-0.24,0.08,16.00,6879.70,-56.00,0.00,7.00
811287.00,2019-06-30 17:55:55.287,0.00,905.50,0.00,1.51,0.00,1.00,1.00,129.06,8.34,11.92,67.86,72.38,-52.21,37.83,-0.24,0.08,16.00,6879.70,-56.00,0.00,7.00
811387.00,2019-06-30 17:55:55.387,0.00,905.50,0.00,1.51,0.00,1.00,1.00,129.06,8.34,12.07,67.86,72.38,-52.16,37.83,-0.24,0.08,16.00,6879.70,-56.00,0.00,7.00
811487.00,2019-06-30 17:55:55.487,0.00,905.50,0.00,1.51,0.00,1.00,1.00,129.06,8.34,12.04,67.86,72.41,-52.16,37.83,-0.22,0.08,16.00,6879.70,-56.00,0.00,7.00
811587.00,2019-06-30 17:55:55.587,0.00,905.50,0.00,1.51,0.00,1.00,1.00,129.06,8.34,12.05,67.88,72.41,-52.16,37.83,-0.25,0.08,16.00,6879.70,-56.00,0.00,7.00
811687.00,2019-06-30 17:55:55.687,0.00,905.50,0.00,1.51,0.00,1.00,1.00,129.06,8.34,12.05,67.88,72.44,-52.07,37.83,-0.24,0.08,16.00,6879.70,-56.00,0.00,7.00
811787.00,2019-06-30 17:55:55.787,0.00,905.50,0.00,1.51,0.00,1.00,1.00,129.06,8.34,11.93,67.88,72.44,-52.07,37.83,-0.24,0.08,16.00,6879.70,-56.00,0.00,7.00
811887.00,2019-06-30 17:55:55.887,0.00,905.50,0.00,1.51,0.00,1.00,1.00,129.06,8.34,12.07,67.84,72.44,-52.07,37.83,-0.24,0.08,16.00,6879.70,-56.00,0.00,7.00
811987.00,2019-06-30 17:55:55.987,0.00,905.50,0.00,1.51,0.00,1.00,1.00,129.06,8.34,12.04,67.84,72.41,-52.05,37.88,-0.23,0.08,16.00,6879.70,-56.00,0.00,7.00
812087.00,2019-06-30 17:55:56.087,0.00,905.50,0.00,1.51,0.00,1.00,1.00,129.06,8.34,11.94,67.88,72.41,-52.05,37.88,-0.24,0.08,16.00,6879.70,-56.00,0.00,7.00
812187.00,2019-06-30 17:55:56.187,0.00,905.50,0.00,1.51,0.00,1.00,1.00,129.06,8.34,12.04,67.88,72.52,-51.99,37.88,-0.23,0.08,16.00,6879.70,-56.00,0.00,7.00
812287.00,2019-06-30 17:55:56.287,0.00,905.50,0.00,1.51,0.00,1.00,1.00,129.06,8.34,11.91,67.88,72.52,-51.99,37.88,-0.25,0.08,16.00,6879.70,-56.00,0.00,7.00
812387.00,2019-06-30 17:55:56.387,0.00,905.50,0.00,1.51,0.00,1.00,1.00,129.06,8.34,11.91,67.85,72.52,-51.99,37.85,-0.24,0.08,16.00,6879.70,-56.00,0.00,7.00
812487.00,2019-06-30 17:55:56.487,0.00,905.50,0.00,1.51,0.00,1.00,1.00,129.06,8.34,12.07,67.85,72.45,-51.92,37.85,-0.23,0.08,16.00,6879.70,-56.00,0.00,7.00
812587.00,2019-06-30 17:55:56.587,0.00,905.50,0.00,1.51,0.00,1.00,1.00,129.06,8.34,12.05,67.97,72.45,-51.92,37.85,-0.24,0.08,16.00,6879.70,-56.00,0.00,7.00
812687.00,2019-06-30 17:55:56.687,0.00,905.50,0.00,1.51,0.00,1.00,1.00,129.06,8.34,11.93,67.97,72.45,-51.77,37.85,-0.22,0.08,16.00,6879.70,-56.00,0.00,7.00
812787.00,2019-06-30 17:55:56.787,0.00,905.50,0.00,1.51,0.00,1.00,1.00,129.06,8.34,12.07,67.97,72.45,-51.77,37.90,-0.24,0.08,16.00,6879.70,-56.00,0.00,7.00
812887.00,2019-06-30 17:55:56.887,0.00,905.50,0.00,1.51,0.00,1.00,1.00,129.06,8.34,11.91,67.97,72.45,-51.77,37.90,-0.23,0.09,16.00,6879.70,-56.00,0.00,7.00
812987.00,2019-06-30 17:55:56.987,0.00,905.50,0.00,1.51,0.00,1.00,1.00,129.06,8.34,12.07,67.97,72.38,-51.87,37.90,-0.23,0.08,16.00,6879.70,-56.00,0.00,7.00
813087.00,2019-06-30 17:55:57.087,0.00,905.50,0.00,1.51,0.00,1.00,1.00,129.06,8.34,12.04,67.97,72.38,-51.87,37.90,-0.23,0.08,16.00,6879.70,-56.00,0.00,7.00
813187.00,2019-06-30 17:55:57.187,0.00,905.50,0.00,1.51,0.00,1.00,1.00,129.06,8.34,12.05,67.97,72.29,-51.87,37.83,-0.23,0.08,16.00,6879.70,-56.00,0.00,7.00
813287.00,2019-06-30 17:55:57.287,0.00,905.50,0.00,1.51,0.00,1.00,1.00,129.06,8.34,12.06,67.97,72.29,-51.72,37.83,-0.24,0.09,16.00,6879.70,-56.00,0.00,7.00
813387.00,2019-06-30 17:55:57.387,0.00,905.50,0.00,1.51,0.00,1.00,1.00,129.06,8.34,12.05,67.98,72.29,-51.72,37.83,-0.24,0.08,16.00,6879.70,-56.00,0.00,7.00
813487.00,2019-06-30 17:55:57.487,0.00,905.50,0.00,1.51,0.00,1.00,1.00,129.06,8.34,12.04,67.98,72.33,-51.62,37.83,-0.26,0.09,16.00,6879.70,-56.00,0.00,7.00
813587.00,2019-06-30 17:55:57.587,0.00,905.50,0.00,1.51,0.00,1.00,1.00,129.06,8.34,12.07,67.98,72.33,-51.62,37.92,-0.23,0.09,16.00,6879.70,-56.00,0.00,7.00
813687.00,2019-06-30 17:55:57.687,0.00,905.50,0.00,1.51,0.00,1.00,1.00,129.06,8.34,12.07,67.99,72.38,-51.62,37.92,-0.22,0.09,16.00,6879.70,-56.00,0.00,7.00
813787.00,2019-06-30 17:55:57.787,0.00,905.50,0.00,1.51,0.00,1.00,1.00,129.06,8.34,12.07,67.99,72.38,-51.61,37.92,-0.24,0.08,16.00,6879.70,-56.00,0.00,7.00
813887.00,2019-06-30 17:55:57.887,0.00,905.50,0.00,1.51,0.00,1.00,1.00,129.06,8.34,12.04,67.95,72.38,-51.61,37.92,-0.23,0.08,16.00,6879.70,-56.00,0.00,7.00
813987.00,2019-06-30 17:55:57.987,0.00,905.50,0.00,1.51,0.00,1.00,1.00,129.06,8.34,11.93,67.95,72.23,-51.48,37.86,-0.25,0.09,16.00,6879.70,-56.00,0.00,7.00
814087.00,2019-06-30 17:55:58.087,0.00,905.50,0.00,1.51,0.00,1.00,1.00,129.06,8.34,12.04,67.95,72.23,-51.48,37.86,-0.23,0.09,16.00,6879.70,-56.00,0.00,7.00
814187.00,2019-06-30 17:55:58.187,0.00,905.50,0.00,1.51,0.00,1.00,1.00,129.06,8.34,12.07,67.97,72.36,-51.48,37.86,-0.24,0.08,16.00,6879.70,-56.00,0.00,7.00
814287.00,2019-06-30 17:55:58.287,0.00,905.50,0.00,1.51,0.00,1.00,1.00,129.06,8.34,11.91,67.97,72.36,-51.32,37.86,-0.23,0.09,16.00,6879.70,-56.00,0.00,7.00
814387.00,2019-06-30 17:55:58.387,0.00,905.50,0.00,1.51,0.00,1.00,1.00,129.06,8.34,12.07,67.98,72.36,-51.32,37.94,-0.22,0.08,16.00,6879.70,-56.00,0.00,7.00
814487.00,2019-06-30 17:55:58.487,0.00,905.50,0.00,1.51,0.00,1.00,1.00,129.06,8.34,11.93,67.98,72.30,-51.32,37.94,-0.24,0.08,16.00,6879.70,-56.00,0.00,7.00
814587.00,2019-06-30 17:55:58.587,0.00,905.50,0.00,1.51,0.00,1.00,1.00,129.06,8.34,12.04,67.98,72.30,-51.32,37.94,-0.24,0.08,16.00,6879.70,-56.00,0.00,7.00
814687.00,2019-06-30 17:55:58.687,0.00,905.50,0.00,1.51,0.00,1.00,1.00,129.06,8.34,12.07,68.02,72.26,-51.32,37.94,-0.26,0.09,16.00,6879.70,-56.00,0.00,7.00
814787.00,2019-06-30 17:55:58.787,0.00,905.50,0.00,1.51,0.00,1.00,1.00,129.06,8.34,12.07,68.02,72.26,-51.20,37.88,-0.24,0.08,16.00,6879.70,-56.00,0.00,7.00
814887.00,2019-06-30 17:55:58.887,0.00,905.50,0.00,1.51,0.00,1.00,1.00,129.06,8.34,12.07,68.02,72.26,-51.20,37.88,-0.23,0.08,16.00,6879.70,-56.00,0.00,7.00
814987.00,2019-06-30 17:55:58.987,0.00,905.50,0.00,1.51,0.00,1.00,1.00,129.06,8.34,12.05,68.00,72.29,-51.20,37.88,-0.24,0.09,16.00,6879.70,-56.00,0.00,7.00
815087.00,2019-06-30 17:55:59.087,0.00,905.50,0.00,1.51,0.00,1.00,1.00,129.06,8.34,12.04,68.00,72.29,-51.22,37.88,-0.22,0.08,16.00,6879.70,-56.00,0.00,7.00
815187.00,2019-06-30 17:55:59.187,0.00,905.50,0.00,1.51,0.00,1.00,1.00,129.06,8.34,12.07,67.93,72.19,-51.22,37.95,-0.25,0.08,16.00,6879.70,-56.00,0.00,7.00
815287.00,2019-06-30 17:55:59.287,0.00,905.50,0.00,1.51,0.00,1.00,1.00,129.06,8.34,11.92,67.93,72.19,-51.13,37.95,-0.22,0.08,16.00,6879.70,-56.00,0.00,7.00
815387.00,2019-06-30 17:55:59.387,0.00,905.50,0.00,1.51,0.00,1.00,1.00,129.06,8.34,12.06,67.93,72.19,-51.13,37.95,-0.23,0.08,16.00,6879.70,-56.00,0.00,7.00
815487.00,2019-06-30 17:55:59.487,0.00,905.50,0.00,1.51,0.00,1.00,1.00,129.06,8.34,12.05,68.02,72.23,-51.13,37.95,-0.24,0.08,16.00,6879.70,-56.00,0.00,7.00
815587.00,2019-06-30 17:55:59.587,0.00,905.50,0.00,1.51,0.00,1.00,1.00,129.06,8.34,11.93,68.02,72.23,-50.92,37.88,-0.23,0.08,16.00,6879.70,-56.00,0.00,7.00
815687.00,2019-06-30 17:55:59.687,0.00,905.50,0.00,1.51,0.00,1.00,1.00,129.06,8.34,12.07,67.98,72.24,-50.92,37.88,-0.24,0.09,16.00,6879.70,-56.00,0.00,7.00
815787.00,2019-06-30 17:55:59.787,0.00,905.50,0.00,1.51,0.00,1.00,1.00,129.06,8.34,11.91,67.98,72.24,-50.92,37.88,-0.22,0.09,16.00,6879.70,-56.00,0.00,7.00
815887.00,2019-06-30 17:55:59.887,0.00,905.50,0.00,1.51,0.00,1.00,1.00,129.06,8.34,12.07,67.98,72.24,-50.88,37.88,-0.26,0.08,16.00,6879.70,-56.00,0.00,7.00
815987.00,2019-06-30 17:55:59.987,0.00,905.50,0.00,1.51,0.00,1.00,1.00,129.06,8.34,12.06,67.99,72.21,-50.88,37.95,-0.24,0.08,16.00,6879.70,-56.00,0.00,7.00
816087.00,2019-06-30 17:56:00.087,0.00,905.50,0.00,1.51,0.00,1.00,1.00,129.06,8.34,11.92,67.99,72.21,-50.80,37.95,-0.22,0.08,16.00,6879.70,-56.00,0.00,7.00
816187.00,2019-06-30 17:56:00.187,0.00,905.50,0.00,1.51,0.00,1.00,1.00,129.06,8.34,12.07,67.95,72.22,-50.80,37.95,-0.24,0.08,16.00,6879.70,-56.00,0.00,7.00
816287.00,2019-06-30 17:56:00.287,0.00,905.50,0.00,1.51,0.00,1.00,1.00,129.06,8.34,12.04,67.95,72.22,-50.80,37.95,-0.22,0.08,16.00,6879.70,-56.00,0.00,7.00
816387.00,2019-06-30 17:56:00.387,0.00,905.50,0.00,1.51,0.00,1.00,1.00,129.06,8.34,11.94,67.95,72.22,-50.74,37.91,-0.25,0.08,16.00,6879.70,-56.00,0.00,7.00
816487.00,2019-06-30 17:56:00.487,0.00,905.50,0.00,1.51,0.00,1.00,1.00,129.06,8.34,12.05,67.93,72.15,-50.74,37.91,-0.24,0.08,16.00,6879.70,-56.00,0.00,7.00
816587.00,2019-06-30 17:56:00.587,0.00,905.50,0.00,1.51,0.00,1.00,1.00,129.06,8.34,12.06,67.93,72.15,-50.67,37.91,-0.24,0.08,16.00,6879.70,-56.00,0.00,7.00
816687.00,2019-06-30 17:56:00.687,0.00,905.50,0.00,1.51,0.00,1.00,1.00,129.06,8.34,11.94,67.93,72.15,-50.67,37.91,-0.24,0.09,16.00,6879.70,-56.00,0.00,7.00
816787.00,2019-06-30 17:56:00.787,0.00,905.50,0.00,1.51,0.00,1.00,1.00,129.06,8.34,12.04,68.00,72.15,-50.67,37.83,-0.21,0.08,16.00,6879.70,-56.00,0.00,7.00
816887.00,2019-06-30 17:56:00.887,0.00,905.50,0.00,1.51,0.00,1.00,1.00,129.06,8.34,12.07,68.00,72.15,-50.59,37.83,-0.24,0.08,16.00,6879.70,-56.00,0.00,7.00
816987.00,2019-06-30 17:56:00.987,0.00,905.50,0.00,1.51,0.00,1.00,1.00,129.06,8.34,11.91,68.05,72.15,-50.59,37.83,-0.23,0.09,16.00,6879.70,-56.00,0.00,7.00
817087.00,2019-06-30 17:56:01.087,0.00,905.50,0.00,1.51,0.00,1.00,1.00,129.06,8.34,12.07,68.05,72.15,-50.59,37.83,-0.25,0.08,16.00,6879.70,-56.00,0.00,7.00
817187.00,2019-06-30 17:56:01.187,0.00,905.50,0.00,1.51,0.00,1.00,1.00,129.06,8.34,12.06,68.05,72.15,-50.56,37.94,-0.24,0.09,16.00,6879.70,-56.00,0.00,7.00
817287.00,2019-06-30 17:56:01.287,0.00,905.50,0.00,1.51,0.00,1.00,1.00,129.06,8.34,11.92,67.98,72.15,-50.56,37.94,-0.23,0.08,16.00,6879.70,-56.00,0.00,7.00
817387.00,2019-06-30 17:56:01.387,0.00,905.50,0.00,1.51,0.00,1.00,1.00,129.06,8.34,12.08,67.98,72.15,-50.48,37.94,-0.24,0.08,16.00,6879.70,-56.00,0.00,7.00
817487.00,2019-06-30 17:56:01.487,0.00,905.50,0.00,1.51,0.00,1.00,1.00,129.06,8.34,12.04,67.97,72.13,-50.48,37.94,-0.22,0.08,16.00,6879.70,-56.00,0.00,7.00
817587.00,2019-06-30 17:56:01.587,0.00,905.50,0.00,1.51,0.00,1.00,1.00,129.06,8.34,12.07,67.97,72.13,-50.48,37.94,-0.25,0.08,16.00,6879.70,-56.00,0.00,7.00
817687.00,2019-06-30 17:56:01.687,0.00,905.50,0.00,1.51,0.00,1.00,1.00,129.06,8.34,11.91,67.97,72.12,-50.45,37.94,-0.23,0.08,16.00,6879.70,-56.00,0.00,7.00
817787.00,2019-06-30 17:56:01.787,0.00,905.50,0.00,1.51,0.00,1.00,1.00,129.06,8.34,12.07,68.00,72.12,-50.45,37.94,-0.23,0.08,16.00,6879.70,-56.00,0.00,7.00
817887.00,2019-06-30 17:56:01.887,0.00,905.50,0.00,1.51,0.00,1.00,1.00,129.06,8.34,12.05,68.00,72.12,-50.34,37.94,-0.23,0.08,16.00,6879.70,-56.00,0.00,7.00
817987.00,2019-06-30 17:56:01.987,0.00,905.50,0.00,1.51,0.00,1.00,1.00,129.06,8.34,11.93,68.00,72.09,-50.34,37.98,-0.24,0.08,16.00,6879.70,-56.00,0.00,7.00
818087.00,2019-06-30 17:56:02.087,0.00,905.50,0.00,1.51,0.00,1.00,1.00,129.06,8.34,12.06,67.99,72.09,-50.34,37.98,-0.25,0.08,16.00,6879.70,-56.00,0.00,7.00
818187.00,2019-06-30 17:56:02.187,0.00,905.50,0.00,1.51,0.00,1.00,1.00,129.06,8.34,12.04,67.99,72.14,-50.20,37.98,-0.23,0.08,16.00,6879.70,-56.00,0.00,7.00
818287.00,2019-06-30 17:56:02.287,0.00,905.50,0.00,1.51,0.00,1.00,1.00,129.06,8.34,12.06,67.99,72.14,-50.20,37.98,-0.24,0.08,16.00,6879.70,-56.00,0.00,7.00
818387.00,2019-06-30 17:56:02.387,0.00,905.50,0.00,1.51,0.00,1.00,1.00,129.06,8.34,12.06,67.99,72.14,-50.20,37.90,-0.24,0.09,16.00,6879.70,-56.00,0.00,7.00
818487.00,2019-06-30 17:56:02.487,0.00,905.50,0.00,1.51,0.00,1.00,1.00,129.06,8.34,11.94,67.99,72.05,-50.10,37.90,-0.22,0.08,16.00,6879.70,-56.00,0.00,7.00
818587.00,2019-06-30 17:56:02.587,0.00,905.50,0.00,1.51,0.00,1.00,1.00,129.06,8.34,12.05,68.09,72.05,-50.10,37.90,-0.25,0.09,16.00,6879.70,-56.00,0.00,7.00
818687.00,2019-06-30 17:56:02.687,0.00,905.50,0.00,1.51,0.00,1.00,1.00,129.06,8.34,11.93,68.09,72.09,-50.10,37.90,-0.22,0.08,16.00,6879.70,-56.00,0.00,7.00
818787.00,2019-06-30 17:56:02.787,0.00,905.50,0.00,1.51,0.00,1.00,1.00,129.06,8.34,11.93,68.11,72.09,-50.10,37.90,-0.25,0.09,16.00,6879.70,-56.00,0.00,7.00
818887.00,2019-06-30 17:56:02.887,0.00,905.50,0.00,1.51,0.00,1.00,1.00,129.06,8.34,12.05,68.11,72.09,-50.10,37.90,-0.23,0.08,16.00,6879.70,-56.00,0.00,7.00
818987.00,2019-06-30 17:56:02.987,0.00,905.50,0.00,1.51,0.00,1.00,1.00,129.06,8.34,12.07,68.11,72.13,-50.16,37.90,-0.22,0.08,16.00,6879.70,-56.00,0.00,7.00
819087.00,2019-06-30 17:56:03.087,0.00,905.50,0.00,1.51,0.00,1.00,1.00,129.06,8.34,11.91,68.16,72.13,-50.16,37.90,-0.24,0.09,16.00,6879.70,-56.00,0.00,7.00
819187.00,2019-06-30 17:56:03.187,0.00,905.50,0.00,1.51,0.00,1.00,1.00,129.06,8.34,12.06,68.16,72.10,-50.03,37.92,-0.24,0.08,16.00,6879.70,-56.00,0.00,7.00
819287.00,2019-06-30 17:56:03.287,0.00,905.50,0.00,1.51,0.00,1.00,1.00,129.06,8.34,12.06,67.99,72.10,-50.03,37.92,-0.25,0.09,16.00,6879.70,-56.00,0.00,7.00
819387.00,2019-06-30 17:56:03.387,0.00,905.50,0.00,1.51,0.00,1.00,1.00,129.06,8.34,11.91,67.99,72.10,-50.03,37.92,-0.24,0.08,16.00,6879.70,-56.00,0.00,7.00
819487.00,2019-06-30 17:56:03.487,0.00,905.50,0.00,1.51,0.00,1.00,1.00,129.06,8.34,12.07,67.99,72.10,-49.84,37.92,-0.26,0.08,16.00,6879.70,-56.00,0.00,7.00
819587.00,2019-06-30 17:56:03.587,0.00,905.50,0.00,1.51,0.00,1.00,1.00,129.06,8.34,12.04,68.02,72.10,-49.84,37.88,-0.24,0.08,16.00,6879.70,-56.00,0.00,7.00
819687.00,2019-06-30 17:56:03.687,0.00,905.50,0.00,1.51,0.00,1.00,1.00,129.06,8.34,11.93,68.02,72.05,-49.84,37.88,-0.23,0.09,16.00,6879.70,-56.00,0.00,7.00
819787.00,2019-06-30 17:56:03.787,0.00,905.50,0.00,1.51,0.00,1.00,1.00,129.06,8.34,12.07,68.02,72.05,-49.86,37.88,-0.24,0.08,16.00,6879.70,-56.00,0.00,7.00
819887.00,2019-06-30 17:56:03.887,0.00,905.50,0.00,1.51,0.00,1.00,1.00,129.06,8.34,11.91,68.04,72.05,-49.86,37.88,-0.20,0.09,16.00,6879.70,-56.00,0.00,7.00
819987.00,2019-06-30 17:56:03.987,0.00,905.50,0.00,1.51,0.00,1.00,1.00,129.06,8.34,12.07,68.04,72.02,-49.76,37.94,-0.25,0.09,16.00,6879.70,-56.00,0.00,7.00
820087.00,2019-06-30 17:56:04.087,0.00,905.50,0.00,1.51,0.00,1.00,1.00,129.06,8.34,12.05,68.09,72.02,-49.76,37.94,-0.23,0.09,16.00,6879.70,-56.00,0.00,7.00
820187.00,2019-06-30 17:56:04.187,0.00,905.50,0.00,1.51,0.00,1.00,1.00,129.06,8.34,11.93,68.09,72.00,-49.76,37.94,-0.24,0.08,16.00,6879.70,-56.00,0.00,7.00
820287.00,2019-06-30 17:56:04.287,0.00,905.50,0.00,1.51,0.00,1.00,1.00,129.06,8.34,12.07,68.09,72.00,-49.66,37.94,-0.24,0.08,16.00,6879.70,-56.00,0.00,7.00
820387.00,2019-06-30 17:56:04.387,0.00,905.50,0.00,1.51,0.00,1.00,1.00,129.06,8.34,12.04,68.05,72.00,-49.66,37.99,-0.22,0.08,16.00,6879.70,-56.00,0.00,7.00
820487.00,2019-06-30 17:56:04.487,0.00,905.50,0.00,1.51,0.00,1.00,1.00,129.06,8.34,11.95,68.05,71.98,-49.54,37.99,-0.24,0.09,16.00,6879.70,-56.00,0.00,7.00
820587.00,2019-06-30 17:56:04.587,0.00,905.50,0.00,1.51,0.00,1.00,1.00,129.06,8.34,12.05,68.07,71.98,-49.54,37.99,-0.24,0.08,16.00,6879.70,-56.00,0.00,7.00
820687.00,2019-06-30 17:56:04.687,0.00,905.50,0.00,1.51,0.00,1.00,1.00,129.06,8.34,12.06,68.07,72.08,-49.54,37.99,-0.23,0.08,16.00,6879.70,-56.00,0.00,7.00
820787.00,2019-06-30 17:56:04.787,0.00,905.50,0.00,1.51,0.00,1.00,1.00,129.06,8.34,11.93,68.07,72.08,-49.46,38.02,-0.24,0.08,16.00,6879.70,-56.00,0.00,7.00
820887.00,2019-06-30 17:56:04.887,0.00,905.50,0.00,1.51,0.00,1.00,1.00,129.06,8.34,12.05,68.11,72.08,-49.46,38.02,-0.23,0.08,16.00,6879.70,-56.00,0.00,7.00
820987.00,2019-06-30 17:56:04.987,0.00,905.50,0.00,1.51,0.00,1.00,1.00,129.06,8.34,12.07,68.11,71.95,-49.46,38.02,-0.24,0.08,16.00,6879.70,-56.00,0.00,7.00
821087.00,2019-06-30 17:56:05.087,0.00,905.50,0.00,1.51,0.00,1.00,1.00,129.06,8.34,11.90,68.11,71.95,-49.38,38.02,-0.23,0.08,16.00,6879.70,-56.00,0.00,7.00
821187.00,2019-06-30 17:56:05.187,0.00,905.50,0.00,1.51,0.00,1.00,1.00,129.06,8.34,12.07,68.12,71.95,-49.38,37.98,-0.24,0.08,16.00,6879.70,-56.00,0.00,7.00
821287.00,2019-06-30 17:56:05.287,0.00,905.50,0.00,1.51,0.00,1.00,1.00,129.06,8.34,12.05,68.12,71.95,-49.35,37.98,-0.24,0.09,16.00,6879.70,-56.00,0.00,7.00
821387.00,2019-06-30 17:56:05.387,0.00,905.50,0.00,1.51,0.00,1.00,1.00,129.06,8.34,11.93,68.16,71.95,-49.35,37.98,-0.23,0.09,16.00,6879.70,-56.00,0.00,7.00
821487.00,2019-06-30 17:56:05.487,0.00,905.50,0.00,1.51,0.00,1.00,1.00,129.06,8.34,12.07,68.16,71.98,-49.35,37.98,-0.23,0.08,16.00,6879.70,-56.00,0.00,7.00
821587.00,2019-06-30 17:56:05.587,0.00,905.50,0.00,1.51,0.00,1.00,1.00,129.06,8.34,12.04,68.16,71.98,-49.26,37.91,-0.23,0.08,16.00,6879.70,-56.00,0.00,7.00
821687.00,2019-06-30 17:56:05.687,0.00,905.50,0.00,1.51,0.00,1.00,1.00,129.06,8.34,11.94,68.12,71.98,-49.26,37.91,-0.24,0.08,16.00,6879.70,-56.00,0.00,7.00
821787.00,2019-06-30 17:56:05.787,0.00,905.50,0.00,1.51,0.00,1.00,1.00,129.06,8.34,12.04,68.12,71.98,-49.16,37.91,-0.23,0.08,16.00,6879.70,-56.00,0.00,7.00
821887.00,2019-06-30 17:56:05.887,0.00,905.50,0.00,1.51,0.00,1.00,1.00,129.06,8.34,12.06,68.05,71.98,-49.16,37.91,-0.26,0.08,16.00,6879.70,-56.00,0.00,7.00
821987.00,2019-06-30 17:56:05.987,0.00,905.50,0.00,1.51,0.00,1.00,1.00,129.06,8.34,11.93,68.05,71.98,-49.16,37.99,-0.24,0.08,16.00,6879.70,-56.00,0.00,7.00
822087.00,2019-06-30 17:56:06.087,0.00,905.50,0.00,1.51,0.00,1.00,1.00,129.06,8.34,12.05,68.05,71.98,-49.11,37.99,-0.22,0.09,16.00,6879.70,-56.00,0.00,7.00
822187.00,2019-06-30 17:56:06.187,0.00,905.50,0.00,1.51,0.00,1.00,1.00,129.06,8.34,12.07,68.13,71.98,-49.11,37.99,-0.24,0.08,16.00,6879.70,-56.00,0.00,7.00
822287.00,2019-06-30 17:56:06.287,0.00,905.50,0.00,1.51,0.00,1.00,1.00,129.06,8.34,11.90,68.13,71.98,-49.11,37.99,-0.23,0.08,16.00,6879.70,-56.00,0.00,7.00
822387.00,2019-06-30 17:56:06.387,0.00,905.50,0.00,1.51,0.00,1.00,1.00,129.06,8.34,12.07,68.07,71.98,-49.06,37.98,-0.24,0.09,16.00,6879.70,-56.00,0.00,7.00
822487.00,2019-06-30 17:56:06.487,0.00,905.50,0.00,1.51,0.00,1.00,1.00,129.06,8.34,12.05,68.07,72.02,-49.06,37.98,-0.24,0.08,16.00,6879.70,-56.00,0.00,7.00
822587.00,2019-06-30 17:56:06.587,0.00,905.50,0.00,1.51,0.00,1.00,1.00,129.06,8.34,11.93,68.07,72.02,-48.97,37.98,-0.23,0.08,16.00,6879.70,-56.00,0.00,7.00
822687.00,2019-06-30 17:56:06.687,0.00,905.50,0.00,1.51,0.00,1.00,1.00,129.06,8.34,12.07,68.13,72.01,-48.97,37.98,-0.23,0.08,16.00,6879.70,-56.00,0.00,7.00
822787.00,2019-06-30 17:56:06.787,0.00,905.50,0.00,1.51,0.00,1.00,1.00,129.06,8.34,12.06,68.13,72.01,-48.97,37.99,-0.22,0.08,16.00,6879.70,-56.00,0.00,7.00
822887.00,2019-06-30 17:56:06.887,0.00,905.50,0.00,1.51,0.00,1.00,1.00,129.06,8.34,11.93,68.13,72.01,-48.86,37.99,-0.24,0.09,16.00,6879.70,-56.00,0.00,7.00
822987.00,2019-06-30 17:56:06.987,0.00,905.50,0.00,1.51,0.00,1.00,1.00,129.06,8.34,12.04,68.12,72.00,-48.86,37.99,-0.23,0.09,16.00,6879.70,-56.00,0.00,7.00
823087.00,2019-06-30 17:56:07.087,0.00,905.50,0.00,1.51,0.00,1.00,1.00,129.06,8.34,12.07,68.12,72.00,-48.82,37.99,-0.24,0.08,16.00,6879.70,-56.00,0.00,7.00
823187.00,2019-06-30 17:56:07.187,0.00,905.50,0.00,1.51,0.00,1.00,1.00,129.06,8.34,12.07,68.20,71.94,-48.82,38.09,-0.24,0.09,16.00,6879.70,-56.00,0.00,7.00
823287.00,2019-06-30 17:56:07.287,0.00,905.50,0.00,1.51,0.00,1.00,1.00,129.06,8.34,12.07,68.20,71.94,-48.82,38.09,-0.22,0.08,16.00,6879.70,-56.00,0.00,7.00
823387.00,2019-06-30 17:56:07.387,0.00,905.50,0.00,1.51,0.00,1.00,1.00,129.06,8.34,11.94,68.20,71.94,-48.70,38.09,-0.24,0.08,16.00,6879.70,-56.00,0.00,7.00
823487.00,2019-06-30 17:56:07.487,0.00,905.50,0.00,1.51,0.00,1.00,1.00,129.06,8.34,11.93,68.18,72.00,-48.70,38.09,-0.22,0.08,16.00,6879.70,-56.00,0.00,7.00
823587.00,2019-06-30 17:56:07.587,0.00,905.50,0.00,1.51,0.00,1.00,1.00,129.06,8.34,12.07,68.18,72.00,-48.70,38.05,-0.24,0.08,16.00,6879.70,-56.00,0.00,7.00
823687.00,2019-06-30 17:56:07.687,0.00,905.50,0.00,1.51,0.00,1.00,1.00,129.06,8.34,12.04,68.20,72.03,-48.64,38.05,-0.23,0.08,16.00,6879.70,-56.00,0.00,7.00
823787.00,2019-06-30 17:56:07.787,0.00,905.50,0.00,1.51,0.00,1.00,1.00,129.06,8.34,11.93,68.20,72.03,-48.64,38.05,-0.23,0.08,16.00,6879.70,-56.00,0.00,7.00
823887.00,2019-06-30 17:56:07.887,0.00,905.50,0.00,1.51,0.00,1.00,1.00,129.06,8.34,12.07,68.20,72.03,-48.62,38.05,-0.24,0.08,16.00,6879.70,-56.00,0.00,7.00
823987.00,2019-06-30 17:56:07.987,0.00,905.50,0.00,1.51,0.00,1.00,1.00,129.06,8.34,11.91,68.16,72.00,-48.62,38.03,-0.23,0.08,16.00,6879.70,-56.00,0.00,7.00
824087.00,2019-06-30 17:56:08.087,0.00,905.50,0.00,1.51,0.00,1.00,1.00,129.06,8.34,12.07,68.16,72.00,-48.62,38.03,-0.25,0.08,16.00,6879.70,-56.00,0.00,7.00
824187.00,2019-06-30 17:56:08.187,0.00,905.50,0.00,1.51,0.00,1.00,1.00,129.06,8.34,12.04,68.16,71.94,-48.52,38.03,-0.24,0.08,16.00,6879.70,-56.00,0.00,7.00
824287.00,2019-06-30 17:56:08.287,0.00,905.50,0.00,1.51,0.00,1.00,1.00,129.06,8.34,11.94,68.19,71.94,-48.52,38.03,-0.24,0.08,16.00,6879.70,-56.00,0.00,7.00
824387.00,2019-06-30 17:56:08.387,0.00,905.50,0.00,1.51,0.00,1.00,1.00,129.06,8.34,12.04,68.19,71.94,-48.36,38.04,-0.23,0.08,16.00,6879.70,-56.00,0.00,7.00
824487.00,2019-06-30 17:56:08.487,0.00,905.50,0.00,1.51,0.00,1.00,1.00,129.06,8.34,11.91,68.23,72.03,-48.36,38.04,-0.22,0.09,16.00,6879.70,-56.00,0.00,7.00
824587.00,2019-06-30 17:56:08.587,0.00,905.50,0.00,1.51,0.00,1.00,1.00,129.06,8.34,11.92,68.23,72.03,-48.36,38.04,-0.24,0.08,16.00,6879.70,-56.00,0.00,7.00
824687.00,2019-06-30 17:56:08.687,0.00,905.50,0.00,1.51,0.00,1.00,1.00,129.06,8.34,12.05,68.23,71.93,-48.32,38.04,-0.22,0.08,16.00,6879.70,-56.00,0.00,7.00
824787.00,2019-06-30 17:56:08.787,0.00,905.50,0.00,1.51,0.00,1.00,1.00,129.06,8.34,12.07,68.19,71.93,-48.32,38.08,-0.27,0.09,16.00,6879.70,-56.00,0.00,7.00
824887.00,2019-06-30 17:56:08.887,0.00,905.50,0.00,1.51,0.00,1.00,1.00,129.06,8.34,11.91,68.19,71.93,-48.32,38.08,-0.23,0.09,16.00,6879.70,-56.00,0.00,7.00
824987.00,2019-06-30 17:56:08.987,0.00,905.50,0.00,1.51,0.00,1.00,1.00,129.06,8.34,12.04,68.18,71.93,-48.22,38.08,-0.23,0.08,16.00,6879.70,-56.00,0.00,7.00
825087.00,2019-06-30 17:56:09.087,0.00,905.50,0.00,1.51,0.00,1.00,1.00,129.06,8.34,12.05,68.18,71.93,-48.22,38.08,-0.23,0.08,16.00,6879.70,-56.00,0.00,7.00
825187.00,2019-06-30 17:56:09.187,0.00,905.50,0.00,1.51,0.00,1.00,1.00,129.06,8.34,12.04,68.18,71.91,-48.16,37.99,-0.24,0.08,16.00,6879.70,-56.00,0.00,7.00
825287.00,2019-06-30 17:56:09.287,0.00,905.50,0.00,1.51,0.00,1.00,1.00,129.06,8.34,12.06,68.26,71.91,-48.16,37.99,-0.25,0.08,16.00,6879.70,-56.00,0.00,7.00
825387.00,2019-06-30 17:56:09.387,0.00,905.50,0.00,1.51,0.00,1.00,1.00,129.06,8.34,11.91,68.26,71.91,-48.16,37.99,-0.24,0.08,16.00,6879.70,-56.00,0.00,7.00
825487.00,2019-06-30 17:56:09.487,0.00,905.50,0.00,1.51,0.00,1.00,1.00,129.06,8.34,12.07,68.26,71.89,-48.20,37.99,-0.26,0.08,16.00,6879.70,-56.00,0.00,7.00
825587.00,2019-06-30 17:56:09.587,0.00,905.50,0.00,1.51,0.00,1.00,1.00,129.06,8.34,11.94,68.26,71.89,-48.20,38.02,-0.23,0.08,16.00,6879.70,-56.00,0.00,7.00
825687.00,2019-06-30 17:56:09.687,0.00,905.50,0.00,1.51,0.00,1.00,1.00,129.06,8.34,11.93,68.26,72.00,-48.05,38.02,-0.24,0.08,16.00,6879.70,-56.00,0.00,7.00
825787.00,2019-06-30 17:56:09.787,0.00,905.50,0.00,1.51,0.00,1.00,1.00,129.06,8.34,12.05,68.30,72.00,-48.05,38.02,-0.24,0.09,16.00,6879.70,-56.00,0.00,7.00
825887.00,2019-06-30 17:56:09.887,0.00,905.50,0.00,1.51,0.00,1.00,1.00,129.06,8.34,12.06,68.30,72.00,-48.05,38.02,-0.22,0.08,16.00,6879.70,-56.00,0.00,7.00
825987.00,2019-06-30 17:56:09.987,0.00,905.50,0.00,1.51,0.00,1.00,1.00,129.06,8.34,11.94,68.30,71.96,-48.01,38.02,-0.25,0.09,16.00,6879.70,-56.00,0.00,7.00
826087.00,2019-06-30 17:56:10.087,0.00,905.50,0.00,1.51,0.00,1.00,1.00,129.06,8.34,12.04,68.30,71.96,-48.01,38.02,-0.24,0.08,16.00,6879.70,-56.00,0.00,7.00
826187.00,2019-06-30 17:56:10.187,0.00,905.50,0.00,1.51,0.00,1.00,1.00,129.06,8.34,12.07,68.30,71.89,-48.01,38.02,-0.23,0.08,16.00,6879.70,-56.00,0.00,7.00
826287.00,2019-06-30 17:56:10.287,0.00,905.50,0.00,1.51,0.00,1.00,1.00,129.06,8.34,11.91,68.19,71.89,-47.79,38.02,-0.24,0.09,16.00,6879.70,-56.00,0.00,7.00
826387.00,2019-06-30 17:56:10.387,0.00,905.50,0.00,1.51,0.00,1.00,1.00,129.06,8.34,12.06,68.19,71.89,-47.79,38.02,-0.23,0.08,16.00,6879.70,-56.00,0.00,7.00
826487.00,2019-06-30 17:56:10.487,0.00,905.50,0.00,1.51,0.00,1.00,1.00,129.06,8.34,11.93,68.19,71.94,-47.84,38.02,-0.24,0.08,16.00,6879.70,-56.00,0.00,7.00
826587.00,2019-06-30 17:56:10.587,0.00,905.50,0.00,1.51,0.00,1.00,1.00,129.06,8.34,12.07,68.32,71.94,-47.84,38.02,-0.23,0.08,16.00,6879.70,-56.00,0.00,7.00
826687.00,2019-06-30 17:56:10.687,0.00,905.50,0.00,1.51,0.00,1.00,1.00,129.06,8.34,12.04,68.32,71.84,-47.84,38.02,-0.25,0.08,16.00,6879.70,-56.00,0.00,7.00
826787.00,2019-06-30 17:56:10.787,0.00,905.50,0.00,1.51,0.00,1.00,1.00,129.06,8.34,12.04,68.30,71.84,-47.83,38.05,-0.24,0.09,16.00,6879.70,-56.00,0.00,7.00
826887.00,2019-06-30 17:56:10.887,0.00,905.50,0.00,1.51,0.00,1.00,1.00,129.06,8.34,12.05,68.30,71.84,-47.83,38.05,-0.23,0.09,16.00,6879.70,-56.00,0.00,7.00
826987.00,2019-06-30 17:56:10.987,0.00,905.50,0.00,1.51,0.00,1.00,1.00,129.06,8.34,12.05,68.30,71.84,-47.60,38.05,-0.24,0.08,16.00,6879.70,-56.00,0.00,7.00
827087.00,2019-06-30 17:56:11.087,0.00,905.50,0.00,1.51,0.00,1.00,1.00,129.06,8.34,11.93,68.30,71.84,-47.60,38.05,-0.22,0.08,16.00,6879.70,-56.00,0.00,7.00
827187.00,2019-06-30 17:56:11.187,0.00,905.50,0.00,1.51,0.00,1.00,1.00,129.06,8.34,11.94,68.30,71.77,-47.60,38.06,-0.24,0.09,16.00,6879.70,-56.00,0.00,7.00
827287.00,2019-06-30 17:56:11.287,0.00,905.50,0.00,1.51,0.00,1.00,1.00,129.06,8.34,12.04,68.30,71.77,-47.56,38.06,-0.24,0.09,16.00,6879.70,-56.00,0.00,7.00
827387.00,2019-06-30 17:56:11.387,0.00,905.50,0.00,1.51,0.00,1.00,1.00,129.06,8.34,12.07,68.28,71.77,-47.56,38.06,-0.23,0.08,16.00,6879.70,-56.00,0.00,7.00
827487.00,2019-06-30 17:56:11.487,0.00,905.50,0.00,1.51,0.00,1.00,1.00,129.06,8.34,11.91,68.28,71.82,-47.56,38.06,-0.24,0.09,16.00,6879.70,-56.00,0.00,7.00
827587.00,2019-06-30 17:56:11.587,0.00,905.50,0.00,1.51,0.00,1.00,1.00,129.06,8.34,12.05,68.28,71.82,-47.53,38.10,-0.23,0.08,16.00,6879.70,-56.00,0.00,7.00
827687.00,2019-06-30 17:56:11.687,0.00,905.50,0.00,1.51,0.00,1.00,1.00,129.06,8.34,11.94,68.28,71.80,-47.53,38.10,-0.25,0.08,16.00,6879.70,-56.00,0.00,7.00
827787.00,2019-06-30 17:56:11.787,0.00,905.50,0.00,1.51,0.00,1.00,1.00,129.06,8.34,12.04,68.28,71.80,-47.44,38.10,-0.24,0.09,16.00,6879.70,-56.00,0.00,7.00
827887.00,2019-06-30 17:56:11.887,0.00,905.50,0.00,1.51,0.00,1.00,1.00,129.06,8.34,12.07,68.26,71.80,-47.44,38.10,-0.24,0.08,16.00,6879.70,-56.00,0.00,7.00
827987.00,2019-06-30 17:56:11.987,0.00,905.50,0.00,1.51,0.00,1.00,1.00,129.06,8.34,11.91,68.26,71.77,-47.44,38.10,-0.24,0.08,16.00,6879.70,-56.00,0.00,7.00
828087.00,2019-06-30 17:56:12.087,0.00,905.50,0.00,1.51,0.00,1.00,1.00,129.06,8.34,12.07,68.33,71.77,-47.16,38.10,-0.24,0.08,16.00,6879.70,-56.00,0.00,7.00
828187.00,2019-06-30 17:56:12.187,0.00,905.50,0.00,1.51,0.00,1.00,1.00,129.06,8.34,11.94,68.33,71.77,-47.16,38.10,-0.24,0.08,16.00,6879.70,-56.00,0.00,7.00
828287.00,2019-06-30 17:56:12.287,0.00,905.50,0.00,1.51,0.00,1.00,1.00,129.06,8.34,12.04,68.33,71.77,-47.31,38.10,-0.21,0.08,16.00,6879.70,-56.00,0.00,7.00
828387.00,2019-06-30 17:56:12.387,0.00,905.50,0.00,1.51,0.00,1.00,1.00,129.06,8.34,12.07,68.26,71.77,-47.31,38.12,-0.25,0.09,16.00,6879.70,-56.00,0.00,7.00
828487.00,2019-06-30 17:56:12.487,0.00,905.50,0.00,1.51,0.00,1.00,1.00,129.06,8.34,11.92,68.26,71.74,-47.31,38.12,-0.24,0.09,16.00,6879.70,-56.00,0.00,7.00
828587.00,2019-06-30 17:56:12.587,0.00,905.50,0.00,1.51,0.00,1.00,1.00,129.06,8.34,12.06,68.26,71.74,-47.19,38.12,-0.24,0.08,16.00,6879.70,-56.00,0.00,7.00
828687.00,2019-06-30 17:56:12.687,0.00,905.50,0.00,1.51,0.00,1.00,1.00,129.06,8.34,12.07,68.25,71.67,-47.19,38.12,-0.24,0.09,16.00,6879.70,-56.00,0.00,7.00
828787.00,2019-06-30 17:56:12.787,0.00,905.50,0.00,1.51,0.00,1.00,1.00,129.06,8.34,11.91,68.25,71.67,-47.19,38.15,-0.23,0.08,16.00,6879.70,-56.00,0.00,7.00
828887.00,2019-06-30 17:56:12.887,0.00,905.50,0.00,1.51,0.00,1.00,1.00,129.06,8.34,12.07,68.35,71.67,-47.18,38.15,-0.24,0.08,16.00,6879.70,-56.00,0.00,7.00
828987.00,2019-06-30 17:56:12.987,0.00,905.50,0.00,1.51,0.00,1.00,1.00,129.06,8.34,12.05,68.35,71.75,-47.18,38.15,-0.24,0.08,16.00,6879.70,-56.00,0.00,7.00
829087.00,2019-06-30 17:56:13.087,0.00,905.50,0.00,1.51,0.00,1.00,1.00,129.06,8.34,11.93,68.35,71.75,-47.09,38.15,-0.23,0.09,16.00,6879.70,-56.00,0.00,7.00
829187.00,2019-06-30 17:56:13.187,0.00,905.50,0.00,1.51,0.00,1.00,1.00,129.06,8.34,12.06,68.30,71.73,-47.09,38.13,-0.22,0.08,16.00,6879.70,-56.00,0.00,7.00
829287.00,2019-06-30 17:56:13.287,0.00,905.50,0.00,1.51,0.00,1.00,1.00,129.06,8.34,12.05,68.30,71.73,-47.09,38.13,-0.23,0.08,16.00,6879.70,-56.00,0.00,7.00
829387.00,2019-06-30 17:56:13.387,0.00,905.50,0.00,1.51,0.00,1.00,1.00,129.06,8.34,11.94,68.27,71.73,-46.91,38.13,-0.25,0.09,16.00,6879.70,-56.00,0.00,7.00
829487.00,2019-06-30 17:56:13.487,0.00,905.50,0.00,1.51,0.00,1.00,1.00,129.06,8.34,12.04,68.27,71.70,-46.91,38.13,-0.22,0.09,16.00,6879.70,-56.00,0.00,7.00
829587.00,2019-06-30 17:56:13.587,0.00,905.50,0.00,1.51,0.00,1.00,1.00,129.06,8.34,12.07,68.27,71.70,-46.95,38.14,-0.25,0.08,16.00,6879.70,-56.00,0.00,7.00
829687.00,2019-06-30 17:56:13.687,0.00,905.50,0.00,1.51,0.00,1.00,1.00,129.06,8.34,11.91,68.26,71.72,-46.95,38.14,-0.24,0.09,16.00,6879.70,-56.00,0.00,7.00
829787.00,2019-06-30 17:56:13.787,0.00,905.50,0.00,1.51,0.00,1.00,1.00,129.06,8.34,12.05,68.26,71.72,-46.95,38.14,-0.23,0.09,16.00,6879.70,-56.00,0.00,7.00
829887.00,2019-06-30 17:56:13.887,0.00,905.50,0.00,1.51,0.00,1.00,1.00,129.06,8.34,12.07,68.37,71.72,-46.84,38.14,-0.24,0.08,16.00,6879.70,-56.00,0.00,7.00
829987.00,2019-06-30 17:56:13.987,0.00,905.50,0.00,1.51,0.00,1.00,1.00,129.06,8.34,11.91,68.37,71.63,-46.84,38.19,-0.22,0.09,16.00,6879.70,-56.00,0.00,7.00
830087.00,2019-06-30 17:56:14.087,0.00,905.50,0.00,1.51,0.00,1.00,1.00,129.06,8.34,12.06,68.37,71.63,-46.84,38.19,-0.23,0.08,16.00,6879.70,-56.00,0.00,7.00
830187.00,2019-06-30 17:56:14.187,0.00,905.50,0.00,1.51,0.00,1.00,1.00,129.06,8.34,12.05,68.33,71.68,-46.73,38.19,-0.23,0.08,16.00,6879.70,-56.00,0.00,7.00
830287.00,2019-06-30 17:56:14.287,0.00,905.50,0.00,1.51,0.00,1.00,1.00,129.06,8.34,11.94,68.33,71.68,-46.73,38.19,-0.26,0.08,16.00,6879.70,-56.00,0.00,7.00
830387.00,2019-06-30 17:56:14.387,0.00,905.50,0.00,1.51,0.00,1.00,1.00,129.06,8.34,12.04,68.33,71.68,-46.66,38.14,-0.23,0.08,16.00,6879.70,-56.00,0.00,7.00
830487.00,2019-06-30 17:56:14.487,0.00,905.50,0.00,1.51,0.00,1.00,1.00,129.06,8.34,11.92,68.35,71.74,-46.66,38.14,-0.23,0.08,16.00,6879.70,-56.00,0.00,7.00
830587.00,2019-06-30 17:56:14.587,0.00,905.50,0.00,1.51,0.00,1.00,1.00,129.06,8.34,12.08,68.35,71.74,-46.66,38.14,-0.24,0.08,16.00,6879.70,-56.00,0.00,7.00
830687.00,2019-06-30 17:56:14.687,0.00,905.50,0.00,1.51,0.00,1.00,1.00,129.06,8.34,12.04,68.30,71.72,-46.59,38.14,-0.23,0.08,16.00,6879.70,-56.00,0.00,7.00
830787.00,2019-06-30 17:56:14.787,0.00,905.50,0.00,1.51,0.00,1.00,1.00,129.06,8.34,11.94,68.30,71.72,-46.59,38.17,-0.27,0.08,16.00,6879.70,-56.00,0.00,7.00
830887.00,2019-06-30 17:56:14.887,0.00,905.50,0.00,1.51,0.00,1.00,1.00,129.06,8.34,12.05,68.30,71.72,-46.55,38.17,-0.24,0.08,16.00,6879.70,-56.00,0.00,7.00
830987.00,2019-06-30 17:56:14.987,0.00,905.50,0.00,1.51,0.00,1.00,1.00,129.06,8.34,12.06,68.30,71.61,-46.55,38.17,-0.23,0.09,16.00,6879.70,-56.00,0.00,7.00
831087.00,2019-06-30 17:56:15.087,0.00,905.50,0.00,1.51,0.00,1.00,1.00,129.06,8.34,11.94,68.30,71.61,-46.55,38.17,-0.24,0.09,16.00,6879.70,-56.00,0.00,7.00
831187.00,2019-06-30 17:56:15.187,0.00,905.50,0.00,1.51,0.00,1.00,1.00,129.06,8.34,12.04,68.30,71.65,-46.52,38.13,-0.23,0.08,16.00,6879.70,-56.00,0.00,7.00
831287.00,2019-06-30 17:56:15.287,0.00,905.50,0.00,1.51,0.00,1.00,1.00,129.06,8.34,12.07,68.30,71.65,-46.52,38.13,-0.24,0.09,16.00,6879.70,-56.00,0.00,7.00
831387.00,2019-06-30 17:56:15.387,0.00,905.50,0.00,1.51,0.00,1.00,1.00,129.06,8.34,11.91,68.30,71.65,-46.52,38.13,-0.24,0.09,16.00,6879.70,-56.00,0.00,7.00
831487.00,2019-06-30 17:56:15.487,0.00,905.50,0.00,1.51,0.00,1.00,1.00,129.06,8.34,12.06,68.39,71.65,-46.33,38.13,-0.23,0.09,16.00,6879.70,-56.00,0.00,7.00
831587.00,2019-06-30 17:56:15.587,0.00,905.50,0.00,1.51,0.00,1.00,1.00,129.06,8.34,12.06,68.39,71.65,-46.33,38.17,-0.24,0.09,16.00,6879.70,-56.00,0.00,7.00
831687.00,2019-06-30 17:56:15.687,0.00,905.50,0.00,1.51,0.00,1.00,1.00,129.06,8.34,11.91,68.39,71.61,-46.30,38.17,-0.23,0.08,16.00,6879.70,-56.00,0.00,7.00
831787.00,2019-06-30 17:56:15.787,0.00,905.50,0.00,1.51,0.00,1.00,1.00,129.06,8.34,12.07,68.37,71.61,-46.30,38.17,-0.24,0.08,16.00,6879.70,-56.00,0.00,7.00
831887.00,2019-06-30 17:56:15.887,0.00,905.50,0.00,1.51,0.00,1.00,1.00,129.06,8.34,12.04,68.37,71.61,-46.30,38.17,-0.23,0.08,16.00,6879.70,-56.00,0.00,7.00
831987.00,2019-06-30 17:56:15.987,0.00,905.50,0.00,1.51,0.00,1.00,1.00,129.06,8.34,11.93,68.37,71.59,-46.18,38.17,-0.25,0.08,16.00,6879.70,-56.00,0.00,7.00
832087.00,2019-06-30 17:56:16.087,0.00,905.50,0.00,1.51,0.00,1.00,1.00,129.06,8.34,12.04,68.37,71.59,-46.18,38.17,-0.23,0.09,16.00,6879.70,-56.00,0.00,7.00
832187.00,2019-06-30 17:56:16.187,0.00,905.50,0.00,1.51,0.00,1.00,1.00,129.06,8.34,12.07,68.37,71.65,-46.13,38.17,-0.23,0.09,16.00,6879.70,-56.00,0.00,7.00
832287.00,2019-06-30 17:56:16.287,0.00,905.50,0.00,1.51,0.00,1.00,1.00,129.06,8.34,11.91,68.35,71.65,-46.13,38.17,-0.23,0.09,16.00,6879.70,-56.00,0.00,7.00
832387.00,2019-06-30 17:56:16.387,0.00,905.50,0.00,1.51,0.00,1.00,1.00,129.06,8.34,12.06,68.35,71.65,-46.13,38.20,-0.23,0.08,16.00,6879.70,-56.00,0.00,7.00
832487.00,2019-06-30 17:56:16.487,0.00,905.50,0.00,1.51,0.00,1.00,1.00,129.06,8.34,11.92,68.39,71.63,-46.09,38.20,-0.24,0.08,16.00,6879.70,-56.00,0.00,7.00
832587.00,2019-06-30 17:56:16.587,0.00,905.50,0.00,1.51,0.00,1.00,1.00,129.06,8.34,12.07,68.39,71.63,-46.09,38.20,-0.24,0.08,16.00,6879.70,-56.00,0.00,7.00
832687.00,2019-06-30 17:56:16.687,0.00,905.50,0.00,1.51,0.00,1.00,1.00,129.06,8.34,12.07,68.39,71.63,-46.09,38.20,-0.25,0.08,16.00,6879.70,-56.00,0.00,7.00
832787.00,2019-06-30 17:56:16.787,0.00,905.50,0.00,1.51,0.00,1.00,1.00,129.06,8.34,11.94,68.39,71.63,-45.95,38.15,-0.23,0.08,16.00,6879.70,-56.00,0.00,7.00
832887.00,2019-06-30 17:56:16.887,0.00,905.50,0.00,1.51,0.00,1.00,1.00,129.06,8.34,11.94,68.39,71.63,-45.95,38.15,-0.22,0.08,16.00,6879.70,-56.00,0.00,7.00
832987.00,2019-06-30 17:56:16.987,0.00,905.50,0.00,1.51,0.00,1.00,1.00,129.06,8.34,12.07,68.37,71.52,-45.94,38.15,-0.25,0.08,16.00,6879.70,-56.00,0.00,7.00
833087.00,2019-06-30 17:56:17.087,0.00,905.50,0.00,1.51,0.00,1.00,1.00,129.06,8.34,11.91,68.37,71.52,-45.94,38.15,-0.22,0.08,16.00,6879.70,-56.00,0.00,7.00
833187.00,2019-06-30 17:56:17.187,0.00,905.50,0.00,1.51,0.00,1.00,1.00,129.06,8.34,12.07,68.37,71.63,-45.94,38.08,-0.25,0.08,16.00,6879.70,-56.00,0.00,7.00
833287.00,2019-06-30 17:56:17.287,0.00,905.50,0.00,1.51,0.00,1.00,1.00,129.06,8.34,12.04,68.47,71.63,-45.84,38.08,-0.23,0.08,16.00,6879.70,-56.00,0.00,7.00
833387.00,2019-06-30 17:56:17.387,0.00,905.50,0.00,1.51,0.00,1.00,1.00,129.06,8.34,12.06,68.47,71.63,-45.84,38.08,-0.22,0.08,16.00,6879.70,-56.00,0.00,7.00
833487.00,2019-06-30 17:56:17.487,0.00,905.50,0.00,1.51,0.00,1.00,1.00,129.06,8.34,12.07,68.47,71.61,-45.81,38.08,-0.25,0.09,16.00,6879.70,-56.00,0.00,7.00
833587.00,2019-06-30 17:56:17.587,0.00,905.50,0.00,1.51,0.00,1.00,1.00,129.06,8.34,11.90,68.42,71.61,-45.81,38.19,-0.24,0.08,16.00,6879.70,-56.00,0.00,7.00
833687.00,2019-06-30 17:56:17.687,0.00,905.50,0.00,1.51,0.00,1.00,1.00,129.06,8.34,12.07,68.42,71.58,-45.81,38.19,-0.24,0.08,16.00,6879.70,-56.00,0.00,7.00
833787.00,2019-06-30 17:56:17.787,0.00,905.50,0.00,1.51,0.00,1.00,1.00,129.06,8.34,12.05,68.41,71.58,-45.81,38.19,-0.23,0.08,16.00,6879.70,-56.00,0.00,7.00
833887.00,2019-06-30 17:56:17.887,0.00,905.50,0.00,1.51,0.00,1.00,1.00,129.06,8.34,11.93,68.41,71.58,-45.81,38.19,-0.25,0.08,16.00,6879.70,-56.00,0.00,7.00
833987.00,2019-06-30 17:56:17.987,0.00,905.50,0.00,1.51,0.00,1.00,1.00,129.06,8.34,12.06,68.41,71.51,-45.81,38.16,-0.24,0.08,16.00,6879.70,-56.00,0.00,7.00
834087.00,2019-06-30 17:56:18.087,0.00,905.50,0.00,1.51,0.00,1.00,1.00,129.06,8.34,12.04,68.40,71.51,-45.70,38.16,-0.23,0.08,16.00,6879.70,-56.00,0.00,7.00
834187.00,2019-06-30 17:56:18.187,0.00,905.50,0.00,1.51,0.00,1.00,1.00,129.06,8.34,11.92,68.40,71.59,-45.70,38.16,-0.24,0.08,16.00,6879.70,-56.00,0.00,7.00
834287.00,2019-06-30 17:56:18.287,0.00,905.50,0.00,1.51,0.00,1.00,1.00,129.06,8.34,12.06,68.32,71.59,-45.53,38.16,-0.22,0.09,16.00,6879.70,-56.00,0.00,7.00
834387.00,2019-06-30 17:56:18.387,0.00,905.50,0.00,1.51,0.00,1.00,1.00,129.06,8.34,12.07,68.32,71.59,-45.53,38.14,-0.24,0.08,16.00,6879.70,-56.00,0.00,7.00
834487.00,2019-06-30 17:56:18.487,0.00,905.50,0.00,1.51,0.00,1.00,1.00,129.06,8.34,11.91,68.32,71.51,-45.53,38.14,-0.24,0.08,16.00,6879.70,-56.00,0.00,7.00
834587.00,2019-06-30 17:56:18.587,0.00,905.50,0.00,1.51,0.00,1.00,1.00,129.06,8.34,12.04,68.39,71.51,-45.65,38.14,-0.23,0.08,16.00,6879.70,-56.00,0.00,7.00
834687.00,2019-06-30 17:56:18.687,0.00,905.50,0.00,1.51,0.00,1.00,1.00,129.06,8.34,12.05,68.39,71.51,-45.65,38.14,-0.24,0.08,16.00,6879.70,-56.00,0.00,7.00
834787.00,2019-06-30 17:56:18.787,0.00,905.50,0.00,1.51,0.00,1.00,1.00,129.06,8.34,11.93,68.39,71.51,-45.46,38.19,-0.24,0.08,16.00,6879.70,-56.00,0.00,7.00
834887.00,2019-06-30 17:56:18.887,0.00,905.50,0.00,1.51,0.00,1.00,1.00,129.06,8.34,12.07,68.45,71.51,-45.46,38.19,-0.25,0.09,16.00,6879.70,-56.00,0.00,7.00
834987.00,2019-06-30 17:56:18.987,0.00,905.50,0.00,1.51,0.00,1.00,1.00,129.06,8.34,11.91,68.45,71.47,-45.46,38.19,-0.24,0.08,16.00,6879.70,-56.00,0.00,7.00
835087.00,2019-06-30 17:56:19.087,0.00,905.50,0.00,1.51,0.00,1.00,1.00,129.06,8.34,12.06,68.47,71.47,-45.49,38.19,-0.25,0.09,16.00,6879.70,-56.00,0.00,7.00
835187.00,2019-06-30 17:56:19.187,0.00,905.50,0.00,1.51,0.00,1.00,1.00,129.06,8.34,12.06,68.47,71.44,-45.49,38.12,-0.23,0.09,16.00,6879.70,-56.00,0.00,7.00
835287.00,2019-06-30 17:56:19.287,0.00,905.50,0.00,1.51,0.00,1.00,1.00,129.06,8.34,12.05,68.47,71.44,-45.49,38.12,-0.22,0.08,16.00,6879.70,-56.00,0.00,7.00
835387.00,2019-06-30 17:56:19.387,0.00,905.50,0.00,1.51,0.00,1.00,1.00,129.06,8.34,12.05,68.38,71.44,-45.33,38.12,-0.24,0.09,16.00,6879.70,-56.00,0.00,7.00
835487.00,2019-06-30 17:56:19.487,0.00,905.50,0.00,1.51,0.00,1.00,1.00,129.06,8.34,12.06,68.38,71.46,-45.33,38.12,-0.23,0.08,16.00,6879.70,-56.00,0.00,7.00
835587.00,2019-06-30 17:56:19.587,0.00,905.50,0.00,1.51,0.00,1.00,1.00,129.06,8.34,12.05,68.45,71.46,-45.26,38.20,-0.24,0.09,16.00,6879.70,-56.00,0.00,7.00
835687.00,2019-06-30 17:56:19.687,0.00,905.50,0.00,1.51,0.00,1.00,1.00,129.06,8.34,12.04,68.45,71.48,-45.26,38.20,-0.23,0.08,16.00,6879.70,-56.00,0.00,7.00
835787.00,2019-06-30 17:56:19.787,0.00,905.50,0.00,1.51,0.00,1.00,1.00,129.06,8.34,12.07,68.45,71.48,-45.26,38.20,-0.26,0.08,16.00,6879.70,-56.00,0.00,7.00
835887.00,2019-06-30 17:56:19.887,0.00,905.50,0.00,1.51,0.00,1.00,1.00,129.06,8.34,12.07,68.48,71.48,-45.18,38.20,-0.23,0.08,16.00,6879.70,-56.00,0.00,7.00
835987.00,2019-06-30 17:56:19.987,0.00,905.50,0.00,1.51,0.00,1.00,1.00,129.06,8.34,12.04,68.48,71.45,-45.18,38.13,-0.22,0.08,16.00,6879.70,-56.00,0.00,7.00
836087.00,2019-06-30 17:56:20.087,0.00,905.50,0.00,1.51,0.00,1.00,1.00,129.06,8.34,11.94,68.58,71.45,-45.20,38.13,-0.25,0.08,16.00,6879.70,-56.00,0.00,7.00
836187.00,2019-06-30 17:56:20.187,0.00,905.50,0.00,1.51,0.00,1.00,1.00,129.06,8.34,12.04,68.58,71.44,-45.20,38.13,-0.23,0.08,16.00,6879.70,-56.00,0.00,7.00
836287.00,2019-06-30 17:56:20.287,0.00,905.50,0.00,1.51,0.00,1.00,1.00,129.06,8.34,12.06,68.58,71.44,-45.20,38.13,-0.26,0.09,16.00,6879.70,-56.00,0.00,7.00
836387.00,2019-06-30 17:56:20.387,0.00,905.50,0.00,1.51,0.00,1.00,1.00,129.06,8.34,11.93,68.48,71.44,-45.16,38.21,-0.24,0.09,16.00,6879.70,-56.00,0.00,7.00
836487.00,2019-06-30 17:56:20.487,0.00,905.50,0.00,1.51,0.00,1.00,1.00,129.06,8.34,12.05,68.48,71.45,-45.16,38.21,-0.23,0.09,16.00,6879.70,-56.00,0.00,7.00
836587.00,2019-06-30 17:56:20.587,0.00,905.50,0.00,1.51,0.00,1.00,1.00,129.06,8.34,12.07,68.48,71.45,-45.16,38.21,-0.26,0.09,16.00,6879.70,-56.00,0.00,7.00
836687.00,2019-06-30 17:56:20.687,0.00,905.50,0.00,1.51,0.00,1.00,1.00,129.06,8.34,11.91,68.48,71.44,-45.03,38.21,-0.23,0.08,16.00,6879.70,-56.00,0.00,7.00
836787.00,2019-06-30 17:56:20.787,0.00,905.50,0.00,1.51,0.00,1.00,1.00,129.06,8.34,12.07,68.48,71.44,-45.03,38.16,-0.25,0.08,16.00,6879.70,-56.00,0.00,7.00
836887.00,2019-06-30 17:56:20.887,0.00,905.50,0.00,1.51,0.00,1.00,1.00,129.06,8.34,12.06,68.51,71.44,-44.98,38.16,-0.24,0.09,16.00,6879.70,-56.00,0.00,7.00
836987.00,2019-06-30 17:56:20.987,0.00,905.50,0.00,1.51,0.00,1.00,1.00,129.06,8.34,11.92,68.51,71.38,-44.98,38.16,-0.23,0.08,16.00,6879.70,-56.00,0.00,7.00
837087.00,2019-06-30 17:56:21.087,0.00,905.50,0.00,1.51,0.00,1.00,1.00,129.06,8.34,12.07,68.51,71.38,-44.98,38.16,-0.23,0.08,16.00,6879.70,-56.00,0.00,7.00
837187.00,2019-06-30 17:56:21.187,0.00,905.50,0.00,1.51,0.00,1.00,1.00,129.06,8.34,12.04,68.52,71.35,-44.95,38.19,-0.23,0.08,16.00,6879.70,-56.00,0.00,7.00
837287.00,2019-06-30 17:56:21.287,0.00,905.50,0.00,1.51,0.00,1.00,1.00,129.06,8.34,11.94,68.52,71.35,-44.95,38.19,-0.25,0.08,16.00,6879.70,-56.00,0.00,7.00
837387.00,2019-06-30 17:56:21.387,0.00,905.50,0.00,1.51,0.00,1.00,1.00,129.06,8.34,12.05,68.51,71.35,-44.81,38.19,-0.23,0.08,16.00,6879.70,-56.00,0.00,7.00
837487.00,2019-06-30 17:56:21.487,0.00,905.50,0.00,1.51,0.00,1.00,1.00,129.06,8.34,12.06,68.51,71.39,-44.81,38.19,-0.27,0.08,16.00,6879.70,-56.00,0.00,7.00
837587.00,2019-06-30 17:56:21.587,0.00,905.50,0.00,1.51,0.00,1.00,1.00,129.06,8.34,12.04,68.51,71.39,-44.81,38.21,-0.24,0.08,16.00,6879.70,-56.00,0.00,7.00
837687.00,2019-06-30 17:56:21.687,0.00,905.50,0.00,1.51,0.00,1.00,1.00,129.06,8.34,11.94,68.54,71.35,-44.83,38.21,-0.24,0.08,16.00,6879.70,-56.00,0.00,7.00
837787.00,2019-06-30 17:56:21.787,0.00,905.50,0.00,1.51,0.00,1.00,1.00,129.06,8.34,12.05,68.54,71.35,-44.83,38.21,-0.23,0.09,16.00,6879.70,-56.00,0.00,7.00
837887.00,2019-06-30 17:56:21.887,0.00,905.50,0.00,1.51,0.00,1.00,1.00,129.06,8.34,12.05,68.54,71.35,-44.83,38.21,-0.22,0.08,16.00,6879.70,-56.00,0.00,7.00
837987.00,2019-06-30 17:56:21.987,0.00,905.50,0.00,1.51,0.00,1.00,1.00,129.06,8.34,12.05,68.49,71.35,-44.71,38.14,-0.24,0.08,16.00,6879.70,-56.00,0.00,7.00
838087.00,2019-06-30 17:56:22.087,0.00,905.50,0.00,1.51,0.00,1.00,1.00,129.06,8.34,12.07,68.49,71.35,-44.71,38.14,-0.24,0.08,16.00,6879.70,-56.00,0.00,7.00
838187.00,2019-06-30 17:56:22.187,0.00,905.50,0.00,1.51,0.00,1.00,1.00,129.06,8.34,12.07,68.41,71.37,-44.57,38.14,-0.23,0.09,16.00,6879.70,-56.00,0.00,7.00
838287.00,2019-06-30 17:56:22.287,0.00,905.50,0.00,1.51,0.00,1.00,1.00,129.06,8.34,11.91,68.41,71.37,-44.57,38.14,-0.25,0.08,16.00,6879.70,-56.00,0.00,7.00
838387.00,2019-06-30 17:56:22.387,0.00,905.50,0.00,1.51,0.00,1.00,1.00,129.06,8.34,12.06,68.41,71.37,-44.57,38.30,-0.22,0.09,16.00,6879.70,-56.00,0.00,7.00
838487.00,2019-06-30 17:56:22.487,0.00,905.50,0.00,1.51,0.00,1.00,1.00,129.06,8.34,12.07,68.51,71.23,-44.63,38.30,-0.25,0.09,16.00,6879.70,-56.00,0.00,7.00
838587.00,2019-06-30 17:56:22.587,0.00,905.50,0.00,1.51,0.00,1.00,1.00,129.06,8.34,11.91,68.51,71.23,-44.63,38.30,-0.23,0.08,16.00,6879.70,-56.00,0.00,7.00
838687.00,2019-06-30 17:56:22.687,0.00,905.50,0.00,1.51,0.00,1.00,1.00,129.06,8.34,12.04,68.49,71.30,-44.47,38.30,-0.25,0.08,16.00,6879.70,-56.00,0.00,7.00
838787.00,2019-06-30 17:56:22.787,0.00,905.50,0.00,1.51,0.00,1.00,1.00,129.06,8.34,11.93,68.49,71.30,-44.47,38.22,-0.23,0.08,16.00,6879.70,-56.00,0.00,7.00
838887.00,2019-06-30 17:56:22.887,0.00,905.50,0.00,1.51,0.00,1.00,1.00,129.06,8.34,12.05,68.49,71.30,-44.47,38.22,-0.23,0.09,16.00,6879.70,-56.00,0.00,7.00
838987.00,2019-06-30 17:56:22.987,0.00,905.50,0.00,1.51,0.00,1.00,1.00,129.06,8.34,12.07,68.47,71.35,-44.40,38.22,-0.25,0.09,16.00,6879.70,-56.00,0.00,7.00
839087.00,2019-06-30 17:56:23.087,0.00,905.50,0.00,1.51,0.00,1.00,1.00,129.06,8.34,11.91,68.47,71.35,-44.40,38.22,-0.22,0.08,16.00,6879.70,-56.00,0.00,7.00
839187.00,2019-06-30 17:56:23.187,0.00,905.50,0.00,1.51,0.00,1.00,1.00,129.06,8.34,12.07,68.47,71.39,-44.40,38.24,-0.25,0.08,16.00,6879.70,-56.00,0.00,7.00
839287.00,2019-06-30 17:56:23.287,0.00,905.50,0.00,1.51,0.00,1.00,1.00,129.06,8.34,11.92,68.51,71.39,-44.44,38.24,-0.23,0.08,16.00,6879.70,-56.00,0.00,7.00
839387.00,2019-06-30 17:56:23.387,0.00,905.50,0.00,1.51,0.00,1.00,1.00,129.06,8.34,12.06,68.51,71.39,-44.44,38.24,-0.24,0.08,16.00,6879.70,-56.00,0.00,7.00
839487.00,2019-06-30 17:56:23.487,0.00,905.50,0.00,1.51,0.00,1.00,1.00,129.06,8.34,12.07,68.48,71.25,-44.27,38.24,-0.24,0.09,16.00,6879.70,-56.00,0.00,7.00
839587.00,2019-06-30 17:56:23.587,0.00,905.50,0.00,1.51,0.00,1.00,1.00,129.06,8.34,11.91,68.48,71.25,-44.27,38.22,-0.23,0.08,16.00,6879.70,-56.00,0.00,7.00
839687.00,2019-06-30 17:56:23.687,0.00,905.50,0.00,1.51,0.00,1.00,1.00,129.06,8.34,12.07,68.48,71.22,-44.27,38.22,-0.24,0.08,16.00,6879.70,-56.00,0.00,7.00
839787.00,2019-06-30 17:56:23.787,0.00,905.50,0.00,1.51,0.00,1.00,1.00,129.06,8.34,12.05,68.53,71.22,-44.20,38.22,-0.24,0.08,16.00,6879.70,-56.00,0.00,7.00
839887.00,2019-06-30 17:56:23.887,0.00,905.50,0.00,1.51,0.00,1.00,1.00,129.06,8.34,11.93,68.53,71.22,-44.20,38.22,-0.26,0.09,16.00,6879.70,-56.00,0.00,7.00
839987.00,2019-06-30 17:56:23.987,0.00,905.50,0.00,1.51,0.00,1.00,1.00,129.06,8.34,12.06,68.46,71.32,-44.05,38.22,-0.23,0.08,16.00,6879.70,-56.00,0.00,7.00
840087.00,2019-06-30 17:56:24.087,0.00,905.50,0.00,1.51,0.00,1.00,1.00,129.06,8.34,12.07,68.46,71.32,-44.05,38.22,-0.23,0.09,16.00,6879.70,-56.00,0.00,7.00
840187.00,2019-06-30 17:56:24.187,0.00,905.50,0.00,1.51,0.00,1.00,1.00,129.06,8.34,11.92,68.46,71.26,-44.05,38.22,-0.24,0.08,16.00,6879.70,-56.00,0.00,7.00
840287.00,2019-06-30 17:56:24.287,0.00,905.50,0.00,1.51,0.00,1.00,1.00,129.06,8.34,12.05,68.53,71.26,-44.08,38.22,-0.22,0.08,16.00,6879.70,-56.00,0.00,7.00
840387.00,2019-06-30 17:56:24.387,0.00,905.50,0.00,1.51,0.00,1.00,1.00,129.06,8.34,11.91,68.53,71.26,-44.08,38.26,-0.25,0.08,16.00,6879.70,-56.00,0.00,7.00
840487.00,2019-06-30 17:56:24.487,0.00,905.50,0.00,1.51,0.00,1.00,1.00,129.06,8.34,11.90,68.59,71.34,-44.08,38.26,-0.23,0.09,16.00,6879.70,-56.00,0.00,7.00
840587.00,2019-06-30 17:56:24.587,0.00,905.50,0.00,1.51,0.00,1.00,1.00,129.06,8.34,12.07,68.59,71.34,-44.04,38.26,-0.23,0.08,16.00,6879.70,-56.00,0.00,7.00
840687.00,2019-06-30 17:56:24.687,0.00,905.50,0.00,1.51,0.00,1.00,1.00,129.06,8.34,11.94,68.59,71.30,-44.04,38.26,-0.24,0.08,16.00,6879.70,-56.00,0.00,7.00
840787.00,2019-06-30 17:56:24.787,0.00,905.50,0.00,1.51,0.00,1.00,1.00,129.06,8.34,11.93,68.58,71.30,-43.95,38.30,-0.24,0.08,16.00,6879.70,-56.00,0.00,7.00
840887.00,2019-06-30 17:56:24.887,0.00,905.50,0.00,1.51,0.00,1.00,1.00,129.06,8.34,12.07,68.58,71.30,-43.95,38.30,-0.25,0.08,16.00,6879.70,-56.00,0.00,7.00
840987.00,2019-06-30 17:56:24.987,0.00,905.50,0.00,1.51,0.00,1.00,1.00,129.06,8.34,11.91,68.58,71.28,-43.95,38.30,-0.24,0.09,16.00,6879.70,-56.00,0.00,7.00
841087.00,2019-06-30 17:56:25.087,0.00,905.50,0.00,1.51,0.00,1.00,1.00,129.06,8.34,12.06,68.58,71.28,-43.84,38.30,-0.25,0.09,16.00,6879.70,-56.00,0.00,7.00
841187.00,2019-06-30 17:56:25.187,0.00,905.50,0.00,1.51,0.00,1.00,1.00,129.06,8.34,12.06,68.58,71.26,-43.84,38.27,-0.23,0.09,16.00,6879.70,-56.00,0.00,7.00
841287.00,2019-06-30 17:56:25.287,0.00,905.50,0.00,1.51,0.00,1.00,1.00,129.06,8.34,11.92,68.60,71.26,-43.80,38.27,-0.24,0.08,16.00,6879.70,-56.00,0.00,7.00
841387.00,2019-06-30 17:56:25.387,0.00,905.50,0.00,1.51,0.00,1.00,1.00,129.06,8.34,12.07,68.60,71.26,-43.80,38.27,-0.24,0.08,16.00,6879.70,-56.00,0.00,7.00
841487.00,2019-06-30 17:56:25.487,0.00,905.50,0.00,1.51,0.00,1.00,1.00,129.06,8.34,12.04,68.60,71.28,-43.80,38.27,-0.21,0.08,16.00,6879.70,-56.00,0.00,7.00
841587.00,2019-06-30 17:56:25.587,0.00,905.50,0.00,1.51,0.00,1.00,1.00,129.06,8.34,11.93,68.65,71.28,-43.77,38.30,-0.25,0.08,16.00,6879.70,-56.00,0.00,7.00
841687.00,2019-06-30 17:56:25.687,0.00,905.50,0.00,1.51,0.00,1.00,1.00,129.06,8.34,12.06,68.65,71.30,-43.77,38.30,-0.24,0.08,16.00,6879.70,-56.00,0.00,7.00
841787.00,2019-06-30 17:56:25.787,0.00,905.50,0.00,1.51,0.00,1.00,1.00,129.06,8.34,12.05,68.54,71.30,-43.77,38.30,-0.23,0.08,16.00,6879.70,-56.00,0.00,7.00
841887.00,2019-06-30 17:56:25.887,0.00,905.50,0.00,1.51,0.00,1.00,1.00,129.06,8.34,11.94,68.54,71.30,-43.66,38.30,-0.23,0.09,16.00,6879.70,-56.00,0.00,7.00
841987.00,2019-06-30 17:56:25.987,0.00,905.50,0.00,1.51,0.00,1.00,1.00,129.06,8.34,12.04,68.54,71.25,-43.66,38.34,-0.23,0.09,16.00,6879.70,-56.00,0.00,7.00
842087.00,2019-06-30 17:56:26.087,0.00,905.50,0.00,1.51,0.00,1.00,1.00,129.06,8.34,12.07,68.60,71.25,-43.58,38.34,-0.25,0.09,16.00,6879.70,-56.00,0.00,7.00
842187.00,2019-06-30 17:56:26.187,0.00,905.50,0.00,1.51,0.00,1.00,1.00,129.06,8.34,11.91,68.60,71.28,-43.58,38.34,-0.22,0.09,16.00,6879.70,-56.00,0.00,7.00
842287.00,2019-06-30 17:56:26.287,0.00,905.50,0.00,1.51,0.00,1.00,1.00,129.06,8.34,12.06,68.60,71.28,-43.58,38.34,-0.25,0.09,16.00,6879.70,-56.00,0.00,7.00
842387.00,2019-06-30 17:56:26.387,0.00,905.50,0.00,1.51,0.00,1.00,1.00,129.06,8.34,12.06,68.59,71.28,-43.52,38.26,-0.23,0.09,16.00,6879.70,-56.00,0.00,7.00
842487.00,2019-06-30 17:56:26.487,0.00,905.50,0.00,1.51,0.00,1.00,1.00,129.06,8.34,11.91,68.59,71.22,-43.52,38.26,-0.24,0.08,16.00,6879.70,-56.00,0.00,7.00
842587.00,2019-06-30 17:56:26.587,0.00,905.50,0.00,1.51,0.00,1.00,1.00,129.06,8.34,12.06,68.62,71.22,-43.46,38.26,-0.24,0.08,16.00,6879.70,-56.00,0.00,7.00
842687.00,2019-06-30 17:56:26.687,0.00,905.50,0.00,1.51,0.00,1.00,1.00,129.06,8.34,11.93,68.62,71.25,-43.46,38.26,-0.22,0.09,16.00,6879.70,-56.00,0.00,7.00
842787.00,2019-06-30 17:56:26.787,0.00,905.50,0.00,1.51,0.00,1.00,1.00,129.06,8.34,11.94,68.62,71.25,-43.46,38.26,-0.26,0.08,16.00,6879.70,-56.00,0.00,7.00
842887.00,2019-06-30 17:56:26.887,0.00,905.50,0.00,1.51,0.00,1.00,1.00,129.06,8.34,12.07,68.64,71.25,-43.35,38.26,-0.23,0.08,16.00,6879.70,-56.00,0.00,7.00
842987.00,2019-06-30 17:56:26.987,0.00,905.50,0.00,1.51,0.00,1.00,1.00,129.06,8.34,12.07,68.64,71.20,-43.35,38.26,-0.23,0.09,16.00,6879.70,-56.00,0.00,7.00
843087.00,2019-06-30 17:56:27.087,0.00,905.50,0.00,1.51,0.00,1.00,1.00,129.06,8.34,11.91,68.54,71.20,-43.35,38.26,-0.24,0.09,16.00,6879.70,-56.00,0.00,7.00
843187.00,2019-06-30 17:56:27.187,0.00,905.50,0.00,1.51,0.00,1.00,1.00,129.06,8.34,12.03,68.54,71.26,-43.37,38.35,-0.24,0.08,16.00,6879.70,-56.00,0.00,7.00
843287.00,2019-06-30 17:56:27.287,0.00,905.50,0.00,1.51,0.00,1.00,1.00,129.06,8.34,11.94,68.54,71.26,-43.37,38.35,-0.25,0.08,16.00,6879.70,-56.00,0.00,7.00
843387.00,2019-06-30 17:56:27.387,0.00,905.50,0.00,1.51,0.00,1.00,1.00,129.06,8.34,12.05,68.66,71.26,-43.33,38.35,-0.24,0.07,16.00,6879.70,-56.00,0.00,7.00
843487.00,2019-06-30 17:56:27.487,0.00,905.50,0.00,1.51,0.00,1.00,1.00,129.06,8.34,12.06,68.66,71.26,-43.33,38.35,-0.26,0.09,16.00,6879.70,-56.00,0.00,7.00
843587.00,2019-06-30 17:56:27.587,0.00,905.50,0.00,1.51,0.00,1.00,1.00,129.06,8.34,11.93,68.60,71.26,-43.33,38.31,-0.23,0.09,16.00,6879.70,-56.00,0.00,7.00
843687.00,2019-06-30 17:56:27.687,0.00,905.50,0.00,1.51,0.00,1.00,1.00,129.06,8.34,12.05,68.60,71.25,-43.25,38.31,-0.22,0.08,16.00,6879.70,-56.00,0.00,7.00
843787.00,2019-06-30 17:56:27.787,0.00,905.50,0.00,1.51,0.00,1.00,1.00,129.06,8.34,12.07,68.60,71.25,-43.25,38.31,-0.24,0.08,16.00,6879.70,-56.00,0.00,7.00
843887.00,2019-06-30 17:56:27.887,0.00,905.50,0.00,1.51,0.00,1.00,1.00,129.06,8.34,11.91,68.62,71.25,-43.14,38.31,-0.24,0.09,16.00,6879.70,-56.00,0.00,7.00
843987.00,2019-06-30 17:56:27.987,0.00,905.50,0.00,1.51,0.00,1.00,1.00,129.06,8.34,12.06,68.62,71.17,-43.14,38.33,-0.25,0.08,16.00,6879.70,-56.00,0.00,7.00
844087.00,2019-06-30 17:56:28.087,0.00,905.50,0.00,1.51,0.00,1.00,1.00,129.06,8.34,12.06,68.62,71.17,-43.14,38.33,-0.23,0.09,16.00,6879.70,-56.00,0.00,7.00
844187.00,2019-06-30 17:56:28.187,0.00,905.50,0.00,1.51,0.00,1.00,1.00,129.06,8.34,11.92,68.55,71.21,-42.95,38.33,-0.23,0.08,16.00,6879.70,-56.00,0.00,7.00
844287.00,2019-06-30 17:56:28.287,0.00,905.50,0.00,1.51,0.00,1.00,1.00,129.06,8.34,12.05,68.55,71.21,-42.95,38.33,-0.24,0.08,16.00,6879.70,-56.00,0.00,7.00
844387.00,2019-06-30 17:56:28.387,0.00,905.50,0.00,1.51,0.00,1.00,1.00,129.06,8.34,12.06,68.63,71.21,-42.95,38.36,-0.24,0.08,16.00,6879.70,-56.00,0.00,7.00
844487.00,2019-06-30 17:56:28.487,0.00,905.50,0.00,1.51,0.00,1.00,1.00,129.06,8.34,12.05,68.63,71.13,-42.94,38.36,-0.25,0.08,16.00,6879.70,-56.00,0.00,7.00
844587.00,2019-06-30 17:56:28.587,0.00,905.50,0.00,1.51,0.00,1.00,1.00,129.06,8.34,12.04,68.63,71.13,-42.94,38.36,-0.24,0.08,16.00,6879.70,-56.00,0.00,7.00
844687.00,2019-06-30 17:56:28.687,0.00,905.50,0.00,1.51,0.00,1.00,1.00,129.06,8.34,12.07,68.55,71.11,-42.85,38.36,-0.24,0.09,16.00,6879.70,-56.00,0.00,7.00
844787.00,2019-06-30 17:56:28.787,0.00,905.50,0.00,1.51,0.00,1.00,1.00,129.06,8.34,11.91,68.55,71.11,-42.85,38.26,-0.23,0.09,16.00,6879.70,-56.00,0.00,7.00
844887.00,2019-06-30 17:56:28.887,0.00,905.50,0.00,1.51,0.00,1.00,1.00,129.06,8.34,12.07,68.64,71.11,-42.85,38.26,-0.23,0.08,16.00,6879.70,-56.00,0.00,7.00
844987.00,2019-06-30 17:56:28.987,0.00,905.50,0.00,1.51,0.00,1.00,1.00,129.06,8.34,12.06,68.64,71.23,-42.84,38.26,-0.25,0.08,16.00,6879.70,-56.00,0.00,7.00
845087.00,2019-06-30 17:56:29.087,0.00,905.50,0.00,1.51,0.00,1.00,1.00,129.06,8.34,11.93,68.64,71.23,-42.84,38.26,-0.23,0.08,16.00,6879.70,-56.00,0.00,7.00
845187.00,2019-06-30 17:56:29.187,0.00,905.50,0.00,1.51,0.00,1.00,1.00,129.06,8.34,12.07,68.60,71.17,-42.82,38.28,-0.25,0.08,16.00,6879.70,-56.00,0.00,7.00
845287.00,2019-06-30 17:56:29.287,0.00,905.50,0.00,1.51,0.00,1.00,1.00,129.06,8.34,12.04,68.60,71.17,-42.82,38.28,-0.23,0.08,16.00,6879.70,-56.00,0.00,7.00
845387.00,2019-06-30 17:56:29.387,0.00,905.50,0.00,1.51,0.00,1.00,1.00,129.06,8.34,12.05,68.60,71.17,-42.82,38.28,-0.24,0.08,16.00,6879.70,-56.00,0.00,7.00
845487.00,2019-06-30 17:56:29.487,0.00,905.50,0.00,1.51,0.00,1.00,1.00,129.06,8.34,12.07,68.64,71.22,-42.68,38.28,-0.24,0.09,16.00,6879.70,-56.00,0.00,7.00
845587.00,2019-06-30 17:56:29.587,0.00,905.50,0.00,1.51,0.00,1.00,1.00,129.06,8.34,11.91,68.64,71.22,-42.68,38.36,-0.23,0.08,16.00,6879.70,-56.00,0.00,7.00
845687.00,2019-06-30 17:56:29.687,0.00,905.50,0.00,1.51,0.00,1.00,1.00,129.06,8.34,12.07,68.64,71.13,-42.68,38.36,-0.25,0.08,16.00,6879.70,-56.00,0.00,7.00
845787.00,2019-06-30 17:56:29.787,0.00,905.50,0.00,1.51,0.00,1.00,1.00,129.06,8.34,12.05,68.64,71.13,-42.58,38.36,-0.23,0.08,16.00,6879.70,-56.00,0.00,7.00
845887.00,2019-06-30 17:56:29.887,0.00,905.50,0.00,1.51,0.00,1.00,1.00,129.06,8.34,11.93,68.64,71.13,-42.58,38.36,-0.26,0.08,16.00,6879.70,-56.00,0.00,7.00
845987.00,2019-06-30 17:56:29.987,0.00,905.50,0.00,1.51,0.00,1.00,1.00,129.06,8.34,12.06,68.60,71.10,-42.56,38.34,-0.23,0.08,16.00,6879.70,-56.00,0.00,7.00
846087.00,2019-06-30 17:56:30.087,0.00,905.50,0.00,1.51,0.00,1.00,1.00,129.06,8.34,12.04,68.60,71.10,-42.56,38.34,-0.23,0.08,16.00,6879.70,-56.00,0.00,7.00
846187.00,2019-06-30 17:56:30.187,0.00,905.50,0.00,1.51,0.00,1.00,1.00,129.06,8.34,11.94,68.69,71.13,-42.56,38.34,-0.24,0.09,16.00,6879.70,-56.00,0.00,7.00
846287.00,2019-06-30 17:56:30.287,0.00,905.50,0.00,1.51,0.00,1.00,1.00,129.06,8.34,12.04,68.69,71.13,-42.49,38.34,-0.22,0.08,16.00,6879.70,-56.00,0.00,7.00
846387.00,2019-06-30 17:56:30.387,0.00,905.50,0.00,1.51,0.00,1.00,1.00,129.06,8.34,12.07,68.69,71.13,-42.49,38.36,-0.25,0.08,16.00,6879.70,-56.00,0.00,7.00
846487.00,2019-06-30 17:56:30.487,0.00,905.50,0.00,1.51,0.00,1.00,1.00,129.06,8.34,11.92,68.66,71.19,-42.41,38.36,-0.22,0.09,16.00,6879.70,-56.00,0.00,7.00
846587.00,2019-06-30 17:56:30.587,0.00,905.50,0.00,1.51,0.00,1.00,1.00,129.06,8.34,12.05,68.66,71.19,-42.41,38.36,-0.22,0.08,16.00,6879.70,-56.00,0.00,7.00
846687.00,2019-06-30 17:56:30.687,0.00,905.50,0.00,1.51,0.00,1.00,1.00,129.06,8.34,12.07,68.72,71.15,-42.41,38.36,-0.24,0.08,16.00,6879.70,-56.00,0.00,7.00
846787.00,2019-06-30 17:56:30.787,0.00,905.50,0.00,1.51,0.00,1.00,1.00,129.06,8.34,11.91,68.72,71.15,-42.32,38.38,-0.22,0.08,16.00,6879.70,-56.00,0.00,7.00
846887.00,2019-06-30 17:56:30.887,0.00,905.50,0.00,1.51,0.00,1.00,1.00,129.06,8.34,12.07,68.72,71.15,-42.32,38.38,-0.26,0.08,16.00,6879.70,-56.00,0.00,7.00
846987.00,2019-06-30 17:56:30.987,0.00,905.50,0.00,1.51,0.00,1.00,1.00,129.06,8.34,12.05,68.62,71.13,-42.32,38.38,-0.23,0.08,16.00,6879.70,-56.00,0.00,7.00
847087.00,2019-06-30 17:56:31.087,0.00,905.50,0.00,1.51,0.00,1.00,1.00,129.06,8.34,11.93,68.62,71.13,-42.27,38.38,-0.25,0.08,16.00,6879.70,-56.00,0.00,7.00
847187.00,2019-06-30 17:56:31.187,0.00,905.50,0.00,1.51,0.00,1.00,1.00,129.06,8.34,12.06,68.62,71.06,-42.27,38.38,-0.24,0.08,16.00,6879.70,-56.00,0.00,7.00
847287.00,2019-06-30 17:56:31.287,0.00,905.50,0.00,1.51,0.00,1.00,1.00,129.06,8.34,12.04,68.65,71.06,-42.19,38.38,-0.22,0.08,16.00,6879.70,-56.00,0.00,7.00
847387.00,2019-06-30 17:56:31.387,0.00,905.50,0.00,1.51,0.00,1.00,1.00,129.06,8.34,11.94,68.65,71.06,-42.19,38.38,-0.25,0.08,16.00,6879.70,-56.00,0.00,7.00
847487.00,2019-06-30 17:56:31.487,0.00,905.50,0.00,1.51,0.00,1.00,1.00,129.06,8.34,12.05,68.66,71.13,-42.19,38.38,-0.21,0.09,16.00,6879.70,-56.00,0.00,7.00
847587.00,2019-06-30 17:56:31.587,0.00,905.50,0.00,1.51,0.00,1.00,1.00,129.06,8.34,11.94,68.66,71.13,-42.15,38.38,-0.25,0.08,16.00,6879.70,-56.00,0.00,7.00
847687.00,2019-06-30 17:56:31.687,0.00,905.50,0.00,1.51,0.00,1.00,1.00,129.06,8.34,12.04,68.66,71.11,-42.15,38.38,-0.25,0.08,16.00,6879.70,-56.00,0.00,7.00
847787.00,2019-06-30 17:56:31.787,0.00,905.50,0.00,1.51,0.00,1.00,1.00,129.06,8.34,12.07,68.65,71.11,-42.15,38.38,-0.24,0.09,16.00,6879.70,-56.00,0.00,7.00
847887.00,2019-06-30 17:56:31.887,0.00,905.50,0.00,1.51,0.00,1.00,1.00,129.06,8.34,11.91,68.65,71.11,-42.02,38.38,-0.24,0.09,16.00,6879.70,-56.00,0.00,7.00
847987.00,2019-06-30 17:56:31.987,0.00,905.50,0.00,1.51,0.00,1.00,1.00,129.06,8.34,12.06,68.64,71.13,-42.02,38.31,-0.23,0.08,16.00,6879.70,-56.00,0.00,7.00
848087.00,2019-06-30 17:56:32.087,0.00,905.50,0.00,1.51,0.00,1.00,1.00,129.06,8.34,11.92,68.64,71.13,-41.97,38.31,-0.24,0.08,16.00,6879.70,-56.00,0.00,7.00
848187.00,2019-06-30 17:56:32.187,0.00,905.50,0.00,1.51,0.00,1.00,1.00,129.06,8.34,12.07,68.64,71.13,-41.97,38.31,-0.24,0.08,16.00,6879.70,-56.00,0.00,7.00
848287.00,2019-06-30 17:56:32.287,0.00,905.50,0.00,1.51,0.00,1.00,1.00,129.06,8.34,12.04,68.66,71.13,-41.97,38.31,-0.23,0.08,16.00,6879.70,-56.00,0.00,7.00
848387.00,2019-06-30 17:56:32.387,0.00,905.50,0.00,1.51,0.00,1.00,1.00,129.06,8.34,12.04,68.66,71.13,-41.85,38.45,-0.22,0.08,16.00,6879.70,-56.00,0.00,7.00
848487.00,2019-06-30 17:56:32.487,0.00,905.50,0.00,1.51,0.00,1.00,1.00,129.06,8.34,11.94,68.66,71.13,-41.85,38.45,-0.24,0.08,16.00,6879.70,-56.00,0.00,7.00
848587.00,2019-06-30 17:56:32.587,0.00,905.50,0.00,1.51,0.00,1.00,1.00,129.06,8.34,12.06,68.72,71.13,-41.87,38.45,-0.24,0.08,16.00,6879.70,-56.00,0.00,7.00
848687.00,2019-06-30 17:56:32.687,0.00,905.50,0.00,1.51,0.00,1.00,1.00,129.06,8.34,11.93,68.72,71.05,-41.87,38.45,-0.23,0.09,16.00,6879.70,-56.00,0.00,7.00
848787.00,2019-06-30 17:56:32.787,0.00,905.50,0.00,1.51,0.00,1.00,1.00,129.06,8.34,11.94,68.67,71.05,-41.87,38.36,-0.26,0.08,16.00,6879.70,-56.00,0.00,7.00
848887.00,2019-06-30 17:56:32.887,0.00,905.50,0.00,1.51,0.00,1.00,1.00,129.06,8.34,12.06,68.67,71.05,-41.83,38.36,-0.24,0.09,16.00,6879.70,-56.00,0.00,7.00
848987.00,2019-06-30 17:56:32.987,0.00,905.50,0.00,1.51,0.00,1.00,1.00,129.06,8.34,11.92,68.67,71.08,-41.83,38.36,-0.23,0.08,16.00,6879.70,-56.00,0.00,7.00
849087.00,2019-06-30 17:56:33.087,0.00,905.50,0.00,1.51,0.00,1.00,1.00,129.06,8.34,12.07,68.67,71.08,-41.83,38.36,-0.24,0.08,16.00,6879.70,-56.00,0.00,7.00
849187.00,2019-06-30 17:56:33.187,0.00,905.50,0.00,1.51,0.00,1.00,1.00,129.06,8.34,11.93,68.67,71.03,-41.76,38.44,-0.23,0.08,16.00,6879.70,-56.00,0.00,7.00
849287.00,2019-06-30 17:56:33.287,0.00,905.50,0.00,1.51,0.00,1.00,1.00,129.06,8.34,12.07,68.69,71.03,-41.76,38.44,-0.25,0.09,16.00,6879.70,-56.00,0.00,7.00
849387.00,2019-06-30 17:56:33.387,0.00,905.50,0.00,1.51,0.00,1.00,1.00,129.06,8.34,12.04,68.69,71.03,-41.68,38.44,-0.24,0.08,16.00,6879.70,-56.00,0.00,7.00
849487.00,2019-06-30 17:56:33.487,0.00,905.50,0.00,1.51,0.00,1.00,1.00,129.06,8.34,11.94,68.69,71.11,-41.68,38.44,-0.26,0.08,16.00,6879.70,-56.00,0.00,7.00
849587.00,2019-06-30 17:56:33.587,0.00,905.50,0.00,1.51,0.00,1.00,1.00,129.06,8.34,12.04,68.72,71.11,-41.68,38.44,-0.24,0.09,16.00,6879.70,-56.00,0.00,7.00
849687.00,2019-06-30 17:56:33.687,0.00,905.50,0.00,1.51,0.00,1.00,1.00,129.06,8.34,12.06,68.72,71.05,-41.58,38.44,-0.23,0.09,16.00,6879.70,-56.00,0.00,7.00
849787.00,2019-06-30 17:56:33.787,0.00,905.50,0.00,1.51,0.00,1.00,1.00,129.06,8.34,12.07,68.72,71.05,-41.58,38.44,-0.23,0.08,16.00,6879.70,-56.00,0.00,7.00
849887.00,2019-06-30 17:56:33.887,0.00,905.50,0.00,1.51,0.00,1.00,1.00,129.06,8.34,12.04,68.81,71.05,-41.43,38.44,-0.24,0.08,16.00,6879.70,-56.00,0.00,7.00
849987.00,2019-06-30 17:56:33.987,0.00,905.50,0.00,1.51,0.00,1.00,1.00,129.06,8.34,11.93,68.81,70.95,-41.43,38.38,-0.25,0.08,16.00,6879.70,-56.00,0.00,7.00
850087.00,2019-06-30 17:56:34.087,0.00,905.50,0.00,1.51,0.00,1.00,1.00,129.06,8.34,12.06,68.74,70.95,-41.43,38.38,-0.24,0.08,16.00,6879.70,-56.00,0.00,7.00
850187.00,2019-06-30 17:56:34.187,0.00,905.50,0.00,1.51,0.00,1.00,1.00,129.06,8.34,12.05,68.74,70.97,-41.43,38.38,-0.23,0.08,16.00,6879.70,-56.00,0.00,7.00
850287.00,2019-06-30 17:56:34.287,0.00,905.50,0.00,1.51,0.00,1.00,1.00,129.06,8.34,11.94,68.74,70.97,-41.43,38.38,-0.24,0.08,16.00,6879.70,-56.00,0.00,7.00
850387.00,2019-06-30 17:56:34.387,0.00,905.50,0.00,1.51,0.00,1.00,1.00,129.06,8.34,12.04,68.72,70.97,-41.43,38.42,-0.23,0.08,16.00,6879.70,-56.00,0.00,7.00
850487.00,2019-06-30 17:56:34.487,0.00,905.50,0.00,1.51,0.00,1.00,1.00,129.06,8.34,12.07,68.72,71.06,-41.30,38.42,-0.25,0.08,16.00,6879.70,-56.00,0.00,7.00
850587.00,2019-06-30 17:56:34.587,0.00,905.50,0.00,1.51,0.00,1.00,1.00,129.06,8.34,11.91,68.74,71.06,-41.30,38.42,-0.24,0.09,16.00,6879.70,-56.00,0.00,7.00
850687.00,2019-06-30 17:56:34.687,0.00,905.50,0.00,1.51,0.00,1.00,1.00,129.06,8.34,12.06,68.74,71.05,-41.35,38.42,-0.26,0.09,16.00,6879.70,-56.00,0.00,7.00
850787.00,2019-06-30 17:56:34.787,0.00,905.50,0.00,1.51,0.00,1.00,1.00,129.06,8.34,12.06,68.74,71.05,-41.35,38.46,-0.24,0.09,16.00,6879.70,-56.00,0.00,7.00
850887.00,2019-06-30 17:56:34.887,0.00,905.50,0.00,1.51,0.00,1.00,1.00,129.06,8.34,11.91,68.73,71.05,-41.35,38.46,-0.24,0.08,16.00,6879.70,-56.00,0.00,7.00
850987.00,2019-06-30 17:56:34.987,0.00,905.50,0.00,1.51,0.00,1.00,1.00,129.06,8.34,12.07,68.73,71.06,-41.19,38.46,-0.24,0.08,16.00,6879.70,-56.00,0.00,7.00
851087.00,2019-06-30 17:56:35.087,0.00,905.50,0.00,1.51,0.00,1.00,1.00,129.06,8.34,12.04,68.73,71.06,-41.19,38.46,-0.23,0.08,16.00,6879.70,-56.00,0.00,7.00
851187.00,2019-06-30 17:56:35.187,0.00,905.50,0.00,1.51,0.00,1.00,1.00,129.06,8.34,11.93,68.80,71.02,-41.17,38.45,-0.24,0.08,16.00,6879.70,-56.00,0.00,7.00
851287.00,2019-06-30 17:56:35.287,0.00,905.50,0.00,1.51,0.00,1.00,1.00,129.06,8.34,12.06,68.80,71.02,-41.17,38.45,-0.22,0.08,16.00,6879.70,-56.00,0.00,7.00
851387.00,2019-06-30 17:56:35.387,0.00,905.50,0.00,1.51,0.00,1.00,1.00,129.06,8.34,12.06,68.78,71.02,-41.17,38.45,-0.25,0.08,16.00,6879.70,-56.00,0.00,7.00
851487.00,2019-06-30 17:56:35.487,0.00,905.50,0.00,1.51,0.00,1.00,1.00,129.06,8.34,11.94,68.78,71.05,-41.10,38.45,-0.24,0.08,16.00,6879.70,-56.00,0.00,7.00
851587.00,2019-06-30 17:56:35.587,0.00,905.50,0.00,1.51,0.00,1.00,1.00,129.06,8.34,12.04,68.78,71.05,-41.10,38.51,-0.23,0.08,16.00,6879.70,-56.00,0.00,7.00
851687.00,2019-06-30 17:56:35.687,0.00,905.50,0.00,1.51,0.00,1.00,1.00,129.06,8.34,12.07,68.82,70.95,-41.10,38.51,-0.23,0.09,16.00,6879.70,-56.00,0.00,7.00
851787.00,2019-06-30 17:56:35.787,0.00,905.50,0.00,1.51,0.00,1.00,1.00,129.06,8.34,11.91,68.82,70.95,-41.00,38.51,-0.23,0.09,16.00,6879.70,-56.00,0.00,7.00
851887.00,2019-06-30 17:56:35.887,0.00,905.50,0.00,1.51,0.00,1.00,1.00,129.06,8.34,12.06,68.80,70.95,-41.00,38.51,-0.24,0.08,16.00,6879.70,-56.00,0.00,7.00
851987.00,2019-06-30 17:56:35.987,0.00,905.50,0.00,1.51,0.00,1.00,1.00,129.06,8.34,12.04,68.80,70.98,-41.04,38.38,-0.23,0.08,16.00,6879.70,-56.00,0.00,7.00
852087.00,2019-06-30 17:56:36.087,0.00,905.50,0.00,1.51,0.00,1.00,1.00,129.06,8.34,11.94,68.80,70.98,-41.04,38.38,-0.23,0.08,16.00,6879.70,-56.00,0.00,7.00
852187.00,2019-06-30 17:56:36.187,0.00,905.50,0.00,1.51,0.00,1.00,1.00,129.06,8.34,12.06,68.72,70.91,-41.04,38.38,-0.24,0.08,16.00,6879.70,-56.00,0.00,7.00
852287.00,2019-06-30 17:56:36.287,0.00,905.50,0.00,1.51,0.00,1.00,1.00,129.06,8.34,12.05,68.72,70.91,-40.95,38.38,-0.22,0.08,16.00,6879.70,-56.00,0.00,7.00
852387.00,2019-06-30 17:56:36.387,0.00,905.50,0.00,1.51,0.00,1.00,1.00,129.06,8.34,11.94,68.72,70.91,-40.95,38.46,-0.24,0.09,16.00,6879.70,-56.00,0.00,7.00
852487.00,2019-06-30 17:56:36.487,0.00,905.50,0.00,1.51,0.00,1.00,1.00,129.06,8.34,12.07,68.74,70.99,-40.81,38.46,-0.25,0.08,16.00,6879.70,-56.00,0.00,7.00
852587.00,2019-06-30 17:56:36.587,0.00,905.50,0.00,1.51,0.00,1.00,1.00,129.06,8.34,11.92,68.74,70.99,-40.81,38.46,-0.24,0.08,16.00,6879.70,-56.00,0.00,7.00
852687.00,2019-06-30 17:56:36.687,0.00,905.50,0.00,1.51,0.00,1.00,1.00,129.06,8.34,12.07,68.84,70.95,-40.81,38.46,-0.23,0.08,16.00,6879.70,-56.00,0.00,7.00
852787.00,2019-06-30 17:56:36.787,0.00,905.50,0.00,1.51,0.00,1.00,1.00,129.06,8.34,12.04,68.84,70.95,-40.81,38.52,-0.25,0.08,16.00,6879.70,-56.00,0.00,7.00
852887.00,2019-06-30 17:56:36.887,0.00,905.50,0.00,1.51,0.00,1.00,1.00,129.06,8.34,11.94,68.84,70.95,-40.81,38.52,-0.25,0.08,16.00,6879.70,-56.00,0.00,7.00
852987.00,2019-06-30 17:56:36.987,0.00,905.50,0.00,1.51,0.00,1.00,1.00,129.06,8.34,12.05,68.74,71.02,-40.81,38.52,-0.23,0.09,16.00,6879.70,-56.00,0.00,7.00
853087.00,2019-06-30 17:56:37.087,0.00,905.50,0.00,1.51,0.00,1.00,1.00,129.06,8.34,12.06,68.74,71.02,-40.72,38.52,-0.27,0.08,16.00,6879.70,-56.00,0.00,7.00
853187.00,2019-06-30 17:56:37.187,0.00,905.50,0.00,1.51,0.00,1.00,1.00,129.06,8.34,11.93,68.77,70.91,-40.72,38.48,-0.23,0.08,16.00,6879.70,-56.00,0.00,7.00
853287.00,2019-06-30 17:56:37.287,0.00,905.50,0.00,1.51,0.00,1.00,1.00,129.06,8.34,12.04,68.77,70.91,-40.68,38.48,-0.23,0.08,16.00,6879.70,-56.00,0.00,7.00
853387.00,2019-06-30 17:56:37.387,0.00,905.50,0.00,1.51,0.00,1.00,1.00,129.06,8.34,12.07,68.77,70.91,-40.68,38.48,-0.24,0.09,16.00,6879.70,-56.00,0.00,7.00
853487.00,2019-06-30 17:56:37.487,0.00,905.50,0.00,1.51,0.00,1.00,1.00,129.06,8.34,11.91,68.77,70.88,-40.68,38.48,-0.22,0.09,16.00,6879.70,-56.00,0.00,7.00
853587.00,2019-06-30 17:56:37.587,0.00,905.50,0.00,1.51,0.00,1.00,1.00,129.06,8.34,12.07,68.77,70.88,-40.64,38.51,-0.24,0.08,16.00,6879.70,-56.00,0.00,7.00
853687.00,2019-06-30 17:56:37.687,0.00,905.50,0.00,1.51,0.00,1.00,1.00,129.06,8.34,11.94,68.77,70.95,-40.64,38.51,-0.25,0.09,16.00,6879.70,-56.00,0.00,7.00
853787.00,2019-06-30 17:56:37.787,0.00,905.50,0.00,1.51,0.00,1.00,1.00,129.06,8.34,12.04,68.79,70.95,-40.52,38.51,-0.23,0.09,16.00,6879.70,-56.00,0.00,7.00
853887.00,2019-06-30 17:56:37.887,0.00,905.50,0.00,1.51,0.00,1.00,1.00,129.06,8.34,12.05,68.79,70.95,-40.52,38.51,-0.24,0.08,16.00,6879.70,-56.00,0.00,7.00
853987.00,2019-06-30 17:56:37.987,0.00,905.50,0.00,1.51,0.00,1.00,1.00,129.06,8.34,12.06,68.77,70.85,-40.52,38.51,-0.24,0.08,16.00,6879.70,-56.00,0.00,7.00
854087.00,2019-06-30 17:56:38.087,0.00,905.50,0.00,1.51,0.00,1.00,1.00,129.06,8.34,11.93,68.77,70.85,-40.47,38.51,-0.23,0.08,16.00,6879.70,-56.00,0.00,7.00
854187.00,2019-06-30 17:56:38.187,0.00,905.50,0.00,1.51,0.00,1.00,1.00,129.06,8.34,12.04,68.77,70.86,-40.47,38.51,-0.24,0.08,16.00,6879.70,-56.00,0.00,7.00
854287.00,2019-06-30 17:56:38.287,0.00,905.50,0.00,1.51,0.00,1.00,1.00,129.06,8.34,11.90,68.84,70.86,-40.47,38.51,-0.26,0.08,16.00,6879.70,-56.00,0.00,7.00
854387.00,2019-06-30 17:56:38.387,0.00,905.50,0.00,1.51,0.00,1.00,1.00,129.06,8.34,12.07,68.84,70.86,-40.43,38.41,-0.23,0.08,16.00,6879.70,-56.00,0.00,7.00
854487.00,2019-06-30 17:56:38.487,0.00,905.50,0.00,1.51,0.00,1.00,1.00,129.06,8.34,12.04,68.80,70.85,-40.43,38.41,-0.23,0.08,16.00,6879.70,-56.00,0.00,7.00
854587.00,2019-06-30 17:56:38.587,0.00,905.50,0.00,1.51,0.00,1.00,1.00,129.06,8.34,11.94,68.80,70.85,-40.36,38.41,-0.24,0.08,16.00,6879.70,-56.00,0.00,7.00
854687.00,2019-06-30 17:56:38.687,0.00,905.50,0.00,1.51,0.00,1.00,1.00,129.06,8.34,12.04,68.80,70.90,-40.36,38.41,-0.21,0.08,16.00,6879.70,-56.00,0.00,7.00
854787.00,2019-06-30 17:56:38.787,0.00,905.50,0.00,1.51,0.00,1.00,1.00,129.06,8.34,12.06,68.73,70.90,-40.36,38.52,-0.25,0.09,16.00,6879.70,-56.00,0.00,7.00
854887.00,2019-06-30 17:56:38.887,0.00,905.50,0.00,1.51,0.00,1.00,1.00,129.06,8.34,11.92,68.73,70.90,-40.28,38.52,-0.23,0.08,16.00,6879.70,-56.00,0.00,7.00
854987.00,2019-06-30 17:56:38.987,0.00,905.50,0.00,1.51,0.00,1.00,1.00,129.06,8.34,12.05,68.73,70.83,-40.28,38.52,-0.24,0.09,16.00,6879.70,-56.00,0.00,7.00
855087.00,2019-06-30 17:56:39.087,0.00,905.50,0.00,1.51,0.00,1.00,1.00,129.06,8.34,12.07,68.79,70.83,-40.28,38.52,-0.24,0.09,16.00,6879.70,-56.00,0.00,7.00
855187.00,2019-06-30 17:56:39.187,0.00,905.50,0.00,1.51,0.00,1.00,1.00,129.06,8.34,11.90,68.79,70.86,-40.28,38.45,-0.23,0.08,16.00,6879.70,-56.00,0.00,7.00
855287.00,2019-06-30 17:56:39.287,0.00,905.50,0.00,1.51,0.00,1.00,1.00,129.06,8.34,12.07,68.82,70.86,-40.28,38.45,-0.24,0.08,16.00,6879.70,-56.00,0.00,7.00
855387.00,2019-06-30 17:56:39.387,0.00,905.50,0.00,1.51,0.00,1.00,1.00,129.06,8.34,12.05,68.82,70.86,-40.20,38.45,-0.22,0.08,16.00,6879.70,-56.00,0.00,7.00
855487.00,2019-06-30 17:56:39.487,0.00,905.50,0.00,1.51,0.00,1.00,1.00,129.06,8.34,11.93,68.82,70.84,-40.20,38.45,-0.26,0.08,16.00,6879.70,-56.00,0.00,7.00
855587.00,2019-06-30 17:56:39.587,0.00,905.50,0.00,1.51,0.00,1.00,1.00,129.06,8.34,12.07,68.81,70.84,-40.20,38.51,-0.23,0.08,16.00,6879.70,-56.00,0.00,7.00
855687.00,2019-06-30 17:56:39.687,0.00,905.50,0.00,1.51,0.00,1.00,1.00,129.06,8.34,12.04,68.81,70.84,-40.08,38.51,-0.22,0.08,16.00,6879.70,-56.00,0.00,7.00
855787.00,2019-06-30 17:56:39.787,0.00,905.50,0.00,1.51,0.00,1.00,1.00,129.06,8.34,11.94,68.84,70.84,-40.08,38.51,-0.23,0.08,16.00,6879.70,-56.00,0.00,7.00
855887.00,2019-06-30 17:56:39.887,0.00,905.50,0.00,1.51,0.00,1.00,1.00,129.06,8.34,12.04,68.84,70.84,-40.05,38.51,-0.22,0.08,16.00,6879.70,-56.00,0.00,7.00
855987.00,2019-06-30 17:56:39.987,0.00,905.50,0.00,1.51,0.00,1.00,1.00,129.06,8.34,12.06,68.84,70.78,-40.05,38.49,-0.24,0.08,16.00,6879.70,-56.00,0.00,7.00
856087.00,2019-06-30 17:56:40.087,0.00,905.50,0.00,1.51,0.00,1.00,1.00,129.06,8.34,11.92,68.84,70.78,-40.05,38.49,-0.22,0.09,16.00,6879.70,-56.00,0.00,7.00
856187.00,2019-06-30 17:56:40.187,0.00,905.50,0.00,1.51,0.00,1.00,1.00,129.06,8.34,12.05,68.84,70.86,-39.99,38.49,-0.24,0.08,16.00,6879.70,-56.00,0.00,7.00
856287.00,2019-06-30 17:56:40.287,0.00,905.50,0.00,1.51,0.00,1.00,1.00,129.06,8.34,12.07,68.84,70.86,-39.99,38.49,-0.23,0.09,16.00,6879.70,-56.00,0.00,7.00
856387.00,2019-06-30 17:56:40.387,0.00,905.50,0.00,1.51,0.00,1.00,1.00,129.06,8.34,11.90,68.87,70.86,-39.99,38.52,-0.25,0.08,16.00,6879.70,-56.00,0.00,7.00
856487.00,2019-06-30 17:56:40.487,0.00,905.50,0.00,1.51,0.00,1.00,1.00,129.06,8.34,12.07,68.87,70.79,-39.99,38.52,-0.23,0.09,16.00,6879.70,-56.00,0.00,7.00
856587.00,2019-06-30 17:56:40.587,0.00,905.50,0.00,1.51,0.00,1.00,1.00,129.06,8.34,12.05,68.87,70.79,-39.99,38.52,-0.22,0.08,16.00,6879.70,-56.00,0.00,7.00
856687.00,2019-06-30 17:56:40.687,0.00,905.50,0.00,1.51,0.00,1.00,1.00,129.06,8.34,11.93,68.87,70.85,-39.91,38.52,-0.26,0.08,16.00,6879.70,-56.00,0.00,7.00
856787.00,2019-06-30 17:56:40.787,0.00,905.50,0.00,1.51,0.00,1.00,1.00,129.06,8.34,12.04,68.87,70.85,-39.91,38.44,-0.24,0.09,16.00,6879.70,-56.00,0.00,7.00
856887.00,2019-06-30 17:56:40.887,0.00,905.50,0.00,1.51,0.00,1.00,1.00,129.06,8.34,12.06,68.84,70.85,-39.91,38.44,-0.23,0.08,16.00,6879.70,-56.00,0.00,7.00
856987.00,2019-06-30 17:56:40.987,0.00,905.50,0.00,1.51,0.00,1.00,1.00,129.06,8.34,11.92,68.84,70.85,-39.79,38.44,-0.23,0.08,16.00,6879.70,-56.00,0.00,7.00
857087.00,2019-06-30 17:56:41.087,0.00,905.50,0.00,1.51,0.00,1.00,1.00,129.06,8.34,12.05,68.77,70.85,-39.79,38.44,-0.22,0.09,16.00,6879.70,-56.00,0.00,7.00
857187.00,2019-06-30 17:56:41.187,0.00,905.50,0.00,1.51,0.00,1.00,1.00,129.06,8.34,12.07,68.77,70.88,-39.75,38.52,-0.25,0.09,16.00,6879.70,-56.00,0.00,7.00
857287.00,2019-06-30 17:56:41.287,0.00,905.50,0.00,1.51,0.00,1.00,1.00,129.06,8.34,12.07,68.77,70.88,-39.75,38.52,-0.22,0.09,16.00,6879.70,-56.00,0.00,7.00
857387.00,2019-06-30 17:56:41.387,0.00,905.50,0.00,1.51,0.00,1.00,1.00,129.06,8.34,12.07,68.91,70.88,-39.75,38.52,-0.23,0.08,16.00,6879.70,-56.00,0.00,7.00
857487.00,2019-06-30 17:56:41.487,0.00,905.50,0.00,1.51,0.00,1.00,1.00,129.06,8.34,12.05,68.91,70.85,-39.77,38.52,-0.22,0.08,16.00,6879.70,-56.00,0.00,7.00
857587.00,2019-06-30 17:56:41.587,0.00,905.50,0.00,1.51,0.00,1.00,1.00,129.06,8.34,11.90,68.91,70.85,-39.77,38.46,-0.23,0.08,16.00,6879.70,-56.00,0.00,7.00
857687.00,2019-06-30 17:56:41.687,0.00,905.50,0.00,1.51,0.00,1.00,1.00,129.06,8.34,12.07,68.86,70.88,-39.62,38.46,-0.26,0.09,16.00,6879.70,-56.00,0.00,7.00
857787.00,2019-06-30 17:56:41.787,0.00,905.50,0.00,1.51,0.00,1.00,1.00,129.06,8.34,12.05,68.86,70.88,-39.62,38.46,-0.22,0.08,16.00,6879.70,-56.00,0.00,7.00
857887.00,2019-06-30 17:56:41.887,0.00,905.50,0.00,1.51,0.00,1.00,1.00,129.06,8.34,11.93,68.88,70.88,-39.62,38.46,-0.26,0.08,16.00,6879.70,-56.00,0.00,7.00
857987.00,2019-06-30 17:56:41.987,0.00,905.50,0.00,1.51,0.00,1.00,1.00,129.06,8.34,12.07,68.88,70.74,-39.56,38.54,-0.22,0.08,16.00,6879.70,-56.00,0.00,7.00
858087.00,2019-06-30 17:56:42.087,0.00,905.50,0.00,1.51,0.00,1.00,1.00,129.06,8.34,12.04,68.88,70.74,-39.56,38.54,-0.23,0.08,16.00,6879.70,-56.00,0.00,7.00
858187.00,2019-06-30 17:56:42.187,0.00,905.50,0.00,1.51,0.00,1.00,1.00,129.06,8.34,11.94,68.84,70.79,-39.56,38.54,-0.24,0.08,16.00,6879.70,-56.00,0.00,7.00
858287.00,2019-06-30 17:56:42.287,0.00,905.50,0.00,1.51,0.00,1.00,1.00,129.06,8.34,12.04,68.84,70.79,-39.58,38.54,-0.22,0.08,16.00,6879.70,-56.00,0.00,7.00
858387.00,2019-06-30 17:56:42.387,0.00,905.50,0.00,1.51,0.00,1.00,1.00,129.06,8.34,12.06,68.84,70.79,-39.58,38.53,-0.24,0.09,16.00,6879.70,-56.00,0.00,7.00
858487.00,2019-06-30 17:56:42.487,0.00,905.50,0.00,1.51,0.00,1.00,1.00,129.06,8.34,11.92,68.84,70.79,-39.51,38.53,-0.24,0.08,16.00,6879.70,-56.00,0.00,7.00
858587.00,2019-06-30 17:56:42.587,0.00,905.50,0.00,1.51,0.00,1.00,1.00,129.06,8.34,12.07,68.84,70.79,-39.51,38.53,-0.23,0.08,16.00,6879.70,-56.00,0.00,7.00
858687.00,2019-06-30 17:56:42.687,0.00,905.50,0.00,1.51,0.00,1.00,1.00,129.06,8.34,12.05,68.91,70.72,-39.51,38.53,-0.24,0.09,16.00,6879.70,-56.00,0.00,7.00
858787.00,2019-06-30 17:56:42.787,0.00,905.50,0.00,1.51,0.00,1.00,1.00,129.06,8.34,11.92,68.91,70.72,-39.45,38.55,-0.22,0.08,16.00,6879.70,-56.00,0.00,7.00
858887.00,2019-06-30 17:56:42.887,0.00,905.50,0.00,1.51,0.00,1.00,1.00,129.06,8.34,12.07,68.87,70.72,-39.45,38.55,-0.24,0.08,16.00,6879.70,-56.00,0.00,7.00
858987.00,2019-06-30 17:56:42.987,0.00,905.50,0.00,1.51,0.00,1.00,1.00,129.06,8.34,11.94,68.87,70.76,-39.30,38.55,-0.21,0.08,16.00,6879.70,-56.00,0.00,7.00
859087.00,2019-06-30 17:56:43.087,0.00,905.50,0.00,1.51,0.00,1.00,1.00,129.06,8.34,11.94,68.87,70.76,-39.30,38.55,-0.26,0.08,16.00,6879.70,-56.00,0.00,7.00
859187.00,2019-06-30 17:56:43.187,0.00,905.50,0.00,1.51,0.00,1.00,1.00,129.06,8.34,12.04,68.89,70.81,-39.30,38.54,-0.24,0.09,16.00,6879.70,-56.00,0.00,7.00
859287.00,2019-06-30 17:56:43.287,0.00,905.50,0.00,1.51,0.00,1.00,1.00,129.06,8.34,12.06,68.89,70.81,-39.30,38.54,-0.24,0.08,16.00,6879.70,-56.00,0.00,7.00
859387.00,2019-06-30 17:56:43.387,0.00,905.50,0.00,1.51,0.00,1.00,1.00,129.06,8.34,12.06,68.89,70.81,-39.30,38.54,-0.25,0.09,16.00,6879.70,-56.00,0.00,7.00
859487.00,2019-06-30 17:56:43.487,0.00,905.50,0.00,1.51,0.00,1.00,1.00,129.06,8.34,12.05,68.89,70.71,-39.30,38.54,-0.23,0.09,16.00,6879.70,-56.00,0.00,7.00
859587.00,2019-06-30 17:56:43.587,0.00,905.50,0.00,1.51,0.00,1.00,1.00,129.06,8.34,12.07,68.89,70.71,-39.13,38.56,-0.25,0.09,16.00,6879.70,-56.00,0.00,7.00
859687.00,2019-06-30 17:56:43.687,0.00,905.50,0.00,1.51,0.00,1.00,1.00,129.06,8.34,11.90,68.91,70.77,-39.13,38.56,-0.23,0.08,16.00,6879.70,-56.00,0.00,7.00
859787.00,2019-06-30 17:56:43.787,0.00,905.50,0.00,1.51,0.00,1.00,1.00,129.06,8.34,12.04,68.91,70.77,-39.17,38.56,-0.23,0.08,16.00,6879.70,-56.00,0.00,7.00
859887.00,2019-06-30 17:56:43.887,0.00,905.50,0.00,1.51,0.00,1.00,1.00,129.06,8.34,12.05,68.91,70.77,-39.17,38.56,-0.23,0.08,16.00,6879.70,-56.00,0.00,7.00
859987.00,2019-06-30 17:56:43.987,0.00,905.50,0.00,1.51,0.00,1.00,1.00,129.06,8.34,11.93,68.91,70.70,-39.17,38.54,-0.22,0.08,16.00,6879.70,-56.00,0.00,7.00
860087.00,2019-06-30 17:56:44.087,0.00,905.50,0.00,1.51,0.00,1.00,1.00,129.06,8.34,12.07,68.91,70.70,-39.07,38.54,-0.25,0.08,16.00,6879.70,-56.00,0.00,7.00
860187.00,2019-06-30 17:56:44.187,0.00,905.50,0.00,1.51,0.00,1.00,1.00,129.06,8.34,12.04,68.86,70.74,-39.07,38.54,-0.23,0.08,16.00,6879.70,-56.00,0.00,7.00
860287.00,2019-06-30 17:56:44.287,0.00,905.50,0.00,1.51,0.00,1.00,1.00,129.06,8.34,11.94,68.86,70.74,-39.02,38.54,-0.25,0.09,16.00,6879.70,-56.00,0.00,7.00
860387.00,2019-06-30 17:56:44.387,0.00,905.50,0.00,1.51,0.00,1.00,1.00,129.06,8.34,12.07,68.86,70.74,-39.02,38.53,-0.23,0.09,16.00,6879.70,-56.00,0.00,7.00
860487.00,2019-06-30 17:56:44.487,0.00,905.50,0.00,1.51,0.00,1.00,1.00,129.06,8.34,12.06,68.94,70.70,-39.02,38.53,-0.22,0.08,16.00,6879.70,-56.00,0.00,7.00
860587.00,2019-06-30 17:56:44.587,0.00,905.50,0.00,1.51,0.00,1.00,1.00,129.06,8.34,11.92,68.94,70.70,-38.92,38.53,-0.24,0.08,16.00,6879.70,-56.00,0.00,7.00
860687.00,2019-06-30 17:56:44.687,0.00,905.50,0.00,1.51,0.00,1.00,1.00,129.06,8.34,12.06,68.94,70.67,-38.92,38.53,-0.22,0.09,16.00,6879.70,-56.00,0.00,7.00
860787.00,2019-06-30 17:56:44.787,0.00,905.50,0.00,1.51,0.00,1.00,1.00,129.06,8.34,11.91,68.88,70.67,-38.92,38.53,-0.25,0.08,16.00,6879.70,-56.00,0.00,7.00
860887.00,2019-06-30 17:56:44.887,0.00,905.50,0.00,1.51,0.00,1.00,1.00,129.06,8.34,11.90,68.88,70.67,-38.88,38.53,-0.23,0.08,16.00,6879.70,-56.00,0.00,7.00
860987.00,2019-06-30 17:56:44.987,0.00,905.50,0.00,1.51,0.00,1.00,1.00,129.06,8.34,12.07,68.93,70.69,-38.88,38.53,-0.23,0.08,16.00,6879.70,-56.00,0.00,7.00
861087.00,2019-06-30 17:56:45.087,0.00,905.50,0.00,1.51,0.00,1.00,1.00,129.06,8.34,12.05,68.93,70.69,-38.90,38.53,-0.24,0.08,16.00,6879.70,-56.00,0.00,7.00
861187.00,2019-06-30 17:56:45.187,0.00,905.50,0.00,1.51,0.00,1.00,1.00,129.06,8.34,12.04,68.93,70.70,-38.90,38.56,-0.22,0.09,16.00,6879.70,-56.00,0.00,7.00
861287.00,2019-06-30 17:56:45.287,0.00,905.50,0.00,1.51,0.00,1.00,1.00,129.06,8.34,12.07,68.86,70.70,-38.90,38.56,-0.25,0.09,16.00,6879.70,-56.00,0.00,7.00
861387.00,2019-06-30 17:56:45.387,0.00,905.50,0.00,1.51,0.00,1.00,1.00,129.06,8.34,11.92,68.86,70.70,-38.79,38.56,-0.23,0.08,16.00,6879.70,-56.00,0.00,7.00
861487.00,2019-06-30 17:56:45.487,0.00,905.50,0.00,1.51,0.00,1.00,1.00,129.06,8.34,12.04,68.91,70.66,-38.79,38.56,-0.27,0.08,16.00,6879.70,-56.00,0.00,7.00
861587.00,2019-06-30 17:56:45.587,0.00,905.50,0.00,1.51,0.00,1.00,1.00,129.06,8.34,12.04,68.91,70.66,-38.70,38.58,-0.24,0.08,16.00,6879.70,-56.00,0.00,7.00
861687.00,2019-06-30 17:56:45.687,0.00,905.50,0.00,1.51,0.00,1.00,1.00,129.06,8.34,11.93,68.91,70.65,-38.70,38.58,-0.23,0.08,16.00,6879.70,-56.00,0.00,7.00
861787.00,2019-06-30 17:56:45.787,0.00,905.50,0.00,1.51,0.00,1.00,1.00,129.06,8.34,12.06,68.82,70.65,-38.70,38.58,-0.24,0.08,16.00,6879.70,-56.00,0.00,7.00
861887.00,2019-06-30 17:56:45.887,0.00,905.50,0.00,1.51,0.00,1.00,1.00,129.06,8.34,12.05,68.82,70.65,-38.75,38.58,-0.22,0.08,16.00,6879.70,-56.00,0.00,7.00
861987.00,2019-06-30 17:56:45.987,0.00,905.50,0.00,1.51,0.00,1.00,1.00,129.06,8.34,11.94,68.94,70.70,-38.75,38.65,-0.25,0.09,16.00,6879.70,-56.00,0.00,7.00
862087.00,2019-06-30 17:56:46.087,0.00,905.50,0.00,1.51,0.00,1.00,1.00,129.06,8.34,12.04,68.94,70.70,-38.75,38.65,-0.23,0.08,16.00,6879.70,-56.00,0.00,7.00
862187.00,2019-06-30 17:56:46.187,0.00,905.50,0.00,1.51,0.00,1.00,1.00,129.06,8.34,11.92,68.94,70.62,-38.65,38.65,-0.23,0.08,16.00,6879.70,-56.00,0.00,7.00
862287.00,2019-06-30 17:56:46.287,0.00,905.50,0.00,1.51,0.00,1.00,1.00,129.06,8.34,12.07,68.88,70.62,-38.65,38.65,-0.24,0.08,16.00,6879.70,-56.00,0.00,7.00
862387.00,2019-06-30 17:56:46.387,0.00,905.50,0.00,1.51,0.00,1.00,1.00,129.06,8.34,12.04,68.88,70.62,-38.52,38.60,-0.22,0.08,16.00,6879.70,-56.00,0.00,7.00
862487.00,2019-06-30 17:56:46.487,0.00,905.50,0.00,1.51,0.00,1.00,1.00,129.06,8.34,11.94,68.88,70.62,-38.52,38.60,-0.24,0.08,16.00,6879.70,-56.00,0.00,7.00
862587.00,2019-06-30 17:56:46.587,0.00,905.50,0.00,1.51,0.00,1.00,1.00,129.06,8.34,12.05,68.91,70.62,-38.52,38.60,-0.24,0.08,16.00,6879.70,-56.00,0.00,7.00
862687.00,2019-06-30 17:56:46.687,0.00,905.50,0.00,1.51,0.00,1.00,1.00,129.06,8.34,12.05,68.91,70.67,-38.45,38.60,-0.23,0.08,16.00,6879.70,-56.00,0.00,7.00
862787.00,2019-06-30 17:56:46.787,0.00,905.50,0.00,1.51,0.00,1.00,1.00,129.06,8.34,11.91,68.91,70.67,-38.45,38.60,-0.23,0.09,16.00,6879.70,-56.00,0.00,7.00
862887.00,2019-06-30 17:56:46.887,0.00,905.50,0.00,1.51,0.00,1.00,1.00,129.06,8.34,12.05,68.91,70.67,-38.44,38.60,-0.23,0.08,16.00,6879.70,-56.00,0.00,7.00
862987.00,2019-06-30 17:56:46.987,0.00,905.50,0.00,1.51,0.00,1.00,1.00,129.06,8.34,11.94,68.91,70.55,-38.44,38.60,-0.23,0.09,16.00,6879.70,-56.00,0.00,7.00
863087.00,2019-06-30 17:56:47.087,0.00,905.50,0.00,1.51,0.00,1.00,1.00,129.06,8.34,12.05,68.95,70.55,-38.44,38.60,-0.23,0.09,16.00,6879.70,-56.00,0.00,7.00
863187.00,2019-06-30 17:56:47.187,0.00,905.50,0.00,1.51,0.00,1.00,1.00,129.06,8.34,11.91,68.95,70.57,-38.52,38.62,-0.25,0.09,16.00,6879.70,-56.00,0.00,7.00
863287.00,2019-06-30 17:56:47.287,0.00,905.50,0.00,1.51,0.00,1.00,1.00,129.06,8.34,11.90,68.96,70.57,-38.52,38.62,-0.24,0.08,16.00,6879.70,-56.00,0.00,7.00
863387.00,2019-06-30 17:56:47.387,0.00,905.50,0.00,1.51,0.00,1.00,1.00,129.06,8.34,12.07,68.96,70.57,-38.52,38.62,-0.23,0.08,16.00,6879.70,-56.00,0.00,7.00
863487.00,2019-06-30 17:56:47.487,0.00,905.50,0.00,1.51,0.00,1.00,1.00,129.06,8.34,12.05,68.96,70.60,-38.41,38.62,-0.24,0.08,16.00,6879.70,-56.00,0.00,7.00
863587.00,2019-06-30 17:56:47.587,0.00,905.50,0.00,1.51,0.00,1.00,1.00,129.06,8.34,12.06,68.93,70.60,-38.41,38.64,-0.22,0.08,16.00,6879.70,-56.00,0.00,7.00
863687.00,2019-06-30 17:56:47.687,0.00,905.50,0.00,1.51,0.00,1.00,1.00,129.06,8.34,12.07,68.93,70.65,-38.30,38.64,-0.24,0.08,16.00,6879.70,-56.00,0.00,7.00
863787.00,2019-06-30 17:56:47.787,0.00,905.50,0.00,1.51,0.00,1.00,1.00,129.06,8.34,12.04,68.93,70.65,-38.30,38.64,-0.23,0.08,16.00,6879.70,-56.00,0.00,7.00
863887.00,2019-06-30 17:56:47.887,0.00,905.50,0.00,1.51,0.00,1.00,1.00,129.06,8.34,11.93,68.91,70.65,-38.30,38.64,-0.26,0.08,16.00,6879.70,-56.00,0.00,7.00
863987.00,2019-06-30 17:56:47.987,0.00,905.50,0.00,1.51,0.00,1.00,1.00,129.06,8.34,12.07,68.91,70.63,-38.18,38.62,-0.24,0.09,16.00,6879.70,-56.00,0.00,7.00
864087.00,2019-06-30 17:56:48.087,0.00,905.50,0.00,1.51,0.00,1.00,1.00,129.06,8.34,11.91,68.91,70.63,-38.18,38.62,-0.24,0.08,16.00,6879.70,-56.00,0.00,7.00
864187.00,2019-06-30 17:56:48.187,0.00,905.50,0.00,1.51,0.00,1.00,1.00,129.06,8.34,12.06,68.91,70.58,-38.21,38.62,-0.24,0.09,16.00,6879.70,-56.00,0.00,7.00
864287.00,2019-06-30 17:56:48.287,0.00,905.50,0.00,1.51,0.00,1.00,1.00,129.06,8.34,12.04,68.91,70.58,-38.21,38.62,-0.22,0.08,16.00,6879.70,-56.00,0.00,7.00
864387.00,2019-06-30 17:56:48.387,0.00,905.50,0.00,1.51,0.00,1.00,1.00,129.06,8.34,11.94,68.91,70.58,-38.21,38.65,-0.25,0.08,16.00,6879.70,-56.00,0.00,7.00
864487.00,2019-06-30 17:56:48.487,0.00,905.50,0.00,1.51,0.00,1.00,1.00,129.06,8.34,12.04,68.91,70.63,-38.10,38.65,-0.24,0.09,16.00,6879.70,-56.00,0.00,7.00
864587.00,2019-06-30 17:56:48.587,0.00,905.50,0.00,1.51,0.00,1.00,1.00,129.06,8.34,12.07,68.96,70.63,-38.10,38.65,-0.24,0.09,16.00,6879.70,-56.00,0.00,7.00
864687.00,2019-06-30 17:56:48.687,0.00,905.50,0.00,1.51,0.00,1.00,1.00,129.06,8.34,11.92,68.96,70.53,-38.10,38.65,-0.22,0.09,16.00,6879.70,-56.00,0.00,7.00
864787.00,2019-06-30 17:56:48.787,0.00,905.50,0.00,1.51,0.00,1.00,1.00,129.06,8.34,12.06,68.96,70.53,-38.14,38.64,-0.23,0.08,16.00,6879.70,-56.00,0.00,7.00
864887.00,2019-06-30 17:56:48.887,0.00,905.50,0.00,1.51,0.00,1.00,1.00,129.06,8.34,12.07,68.96,70.53,-38.14,38.64,-0.25,0.09,16.00,6879.70,-56.00,0.00,7.00
864987.00,2019-06-30 17:56:48.987,0.00,905.50,0.00,1.51,0.00,1.00,1.00,129.06,8.34,11.90,68.96,70.57,-38.02,38.64,-0.22,0.08,16.00,6879.70,-56.00,0.00,7.00
865087.00,2019-06-30 17:56:49.087,0.00,905.50,0.00,1.51,0.00,1.00,1.00,129.06,8.34,12.07,69.01,70.57,-38.02,38.64,-0.26,0.08,16.00,6879.70,-56.00,0.00,7.00
865187.00,2019-06-30 17:56:49.187,0.00,905.50,0.00,1.51,0.00,1.00,1.00,129.06,8.34,11.94,69.01,70.62,-38.02,38.63,-0.24,0.08,16.00,6879.70,-56.00,0.00,7.00
865287.00,2019-06-30 17:56:49.287,0.00,905.50,0.00,1.51,0.00,1.00,1.00,129.06,8.34,12.07,69.01,70.62,-37.97,38.63,-0.22,0.08,16.00,6879.70,-56.00,0.00,7.00
865387.00,2019-06-30 17:56:49.387,0.00,905.50,0.00,1.51,0.00,1.00,1.00,129.06,8.34,12.06,68.95,70.62,-37.97,38.63,-0.24,0.08,16.00,6879.70,-56.00,0.00,7.00
865487.00,2019-06-30 17:56:49.487,0.00,905.50,0.00,1.51,0.00,1.00,1.00,129.06,8.34,11.92,68.95,70.51,-37.97,38.63,-0.22,0.08,16.00,6879.70,-56.00,0.00,7.00
865587.00,2019-06-30 17:56:49.587,0.00,905.50,0.00,1.51,0.00,1.00,1.00,129.06,8.34,12.07,68.95,70.51,-37.97,38.56,-0.25,0.08,16.00,6879.70,-56.00,0.00,7.00
865687.00,2019-06-30 17:56:49.687,0.00,905.50,0.00,1.51,0.00,1.00,1.00,129.06,8.34,12.04,68.96,70.48,-37.97,38.56,-0.24,0.08,16.00,6879.70,-56.00,0.00,7.00
865787.00,2019-06-30 17:56:49.787,0.00,905.50,0.00,1.51,0.00,1.00,1.00,129.06,8.34,11.93,68.96,70.48,-37.84,38.56,-0.23,0.08,16.00,6879.70,-56.00,0.00,7.00
865887.00,2019-06-30 17:56:49.887,0.00,905.50,0.00,1.51,0.00,1.00,1.00,129.06,8.34,12.05,68.93,70.48,-37.84,38.56,-0.24,0.08,16.00,6879.70,-56.00,0.00,7.00
865987.00,2019-06-30 17:56:49.987,0.00,905.50,0.00,1.51,0.00,1.00,1.00,129.06,8.34,11.90,68.93,70.50,-37.84,38.69,-0.23,0.08,16.00,6879.70,-56.00,0.00,7.00
866087.00,2019-06-30 17:56:50.087,0.00,905.50,0.00,1.51,0.00,1.00,1.00,129.06,8.34,12.07,68.93,70.50,-37.79,38.69,-0.25,0.08,16.00,6879.70,-56.00,0.00,7.00
866187.00,2019-06-30 17:56:50.187,0.00,905.50,0.00,1.51,0.00,1.00,1.00,129.06,8.34,12.04,68.91,70.45,-37.79,38.69,-0.21,0.08,16.00,6879.70,-56.00,0.00,7.00
866287.00,2019-06-30 17:56:50.287,0.00,905.50,0.00,1.51,0.00,1.00,1.00,129.06,8.34,11.94,68.91,70.45,-37.73,38.69,-0.26,0.08,16.00,6879.70,-56.00,0.00,7.00
866387.00,2019-06-30 17:56:50.387,0.00,905.50,0.00,1.51,0.00,1.00,1.00,129.06,8.34,12.07,68.94,70.45,-37.73,38.64,-0.25,0.09,16.00,6879.70,-56.00,0.00,7.00
866487.00,2019-06-30 17:56:50.487,0.00,905.50,0.00,1.51,0.00,1.00,1.00,129.06,8.34,12.07,68.94,70.44,-37.73,38.64,-0.23,0.09,16.00,6879.70,-56.00,0.00,7.00
866587.00,2019-06-30 17:56:50.587,0.00,905.50,0.00,1.51,0.00,1.00,1.00,129.06,8.34,12.07,68.94,70.44,-37.68,38.64,-0.24,0.08,16.00,6879.70,-56.00,0.00,7.00
866687.00,2019-06-30 17:56:50.687,0.00,905.50,0.00,1.51,0.00,1.00,1.00,129.06,8.34,12.04,68.96,70.41,-37.68,38.64,-0.22,0.08,16.00,6879.70,-56.00,0.00,7.00
866787.00,2019-06-30 17:56:50.787,0.00,905.50,0.00,1.51,0.00,1.00,1.00,129.06,8.34,11.93,68.96,70.41,-37.56,38.60,-0.26,0.08,16.00,6879.70,-56.00,0.00,7.00
866887.00,2019-06-30 17:56:50.887,0.00,905.50,0.00,1.51,0.00,1.00,1.00,129.06,8.34,12.06,68.96,70.41,-37.56,38.60,-0.24,0.08,16.00,6879.70,-56.00,0.00,7.00
866987.00,2019-06-30 17:56:50.987,0.00,905.50,0.00,1.51,0.00,1.00,1.00,129.06,8.34,12.05,68.95,70.48,-37.56,38.60,-0.24,0.08,16.00,6879.70,-56.00,0.00,7.00
867087.00,2019-06-30 17:56:51.087,0.00,905.50,0.00,1.51,0.00,1.00,1.00,129.06,8.34,11.92,68.95,70.48,-37.51,38.60,-0.24,0.08,16.00,6879.70,-56.00,0.00,7.00
867187.00,2019-06-30 17:56:51.187,0.00,905.50,0.00,1.51,0.00,1.00,1.00,129.06,8.34,12.06,68.98,70.51,-37.51,38.66,-0.23,0.08,16.00,6879.70,-56.00,0.00,7.00
867287.00,2019-06-30 17:56:51.287,0.00,905.50,0.00,1.51,0.00,1.00,1.00,129.06,8.34,12.07,68.98,70.51,-37.51,38.66,-0.25,0.09,16.00,6879.70,-56.00,0.00,7.00
867387.00,2019-06-30 17:56:51.387,0.00,905.50,0.00,1.51,0.00,1.00,1.00,129.06,8.34,12.05,68.98,70.51,-37.58,38.66,-0.22,0.08,16.00,6879.70,-56.00,0.00,7.00
867487.00,2019-06-30 17:56:51.487,0.00,905.50,0.00,1.51,0.00,1.00,1.00,129.06,8.34,12.05,68.98,70.41,-37.58,38.66,-0.25,0.08,16.00,6879.70,-56.00,0.00,7.00
867587.00,2019-06-30 17:56:51.587,0.00,905.50,0.00,1.51,0.00,1.00,1.00,129.06,8.34,12.04,68.98,70.41,-37.48,38.60,-0.24,0.09,16.00,6879.70,-56.00,0.00,7.00
867687.00,2019-06-30 17:56:51.687,0.00,905.50,0.00,1.51,0.00,1.00,1.00,129.06,8.34,12.06,68.94,70.46,-37.48,38.60,-0.22,0.08,16.00,6879.70,-56.00,0.00,7.00
867787.00,2019-06-30 17:56:51.787,0.00,905.50,0.00,1.51,0.00,1.00,1.00,129.06,8.34,11.93,68.94,70.46,-37.48,38.60,-0.24,0.08,16.00,6879.70,-56.00,0.00,7.00
867887.00,2019-06-30 17:56:51.887,0.00,905.50,0.00,1.51,0.00,1.00,1.00,129.06,8.34,12.05,68.94,70.46,-37.32,38.60,-0.22,0.09,16.00,6879.70,-56.00,0.00,7.00
867987.00,2019-06-30 17:56:51.987,0.00,905.50,0.00,1.51,0.00,1.00,1.00,129.06,8.34,11.93,69.02,70.43,-37.32,38.65,-0.25,0.08,16.00,6879.70,-56.00,0.00,7.00
868087.00,2019-06-30 17:56:52.087,0.00,905.50,0.00,1.51,0.00,1.00,1.00,129.06,8.34,12.07,69.02,70.43,-37.38,38.65,-0.23,0.08,16.00,6879.70,-56.00,0.00,7.00
868187.00,2019-06-30 17:56:52.187,0.00,905.50,0.00,1.51,0.00,1.00,1.00,129.06,8.34,12.07,69.02,70.45,-37.38,38.65,-0.23,0.09,16.00,6879.70,-56.00,0.00,7.00
868287.00,2019-06-30 17:56:52.287,0.00,905.50,0.00,1.51,0.00,1.00,1.00,129.06,8.34,11.92,69.08,70.45,-37.38,38.65,-0.23,0.08,16.00,6879.70,-56.00,0.00,7.00
868387.00,2019-06-30 17:56:52.387,0.00,905.50,0.00,1.51,0.00,1.00,1.00,129.06,8.34,12.06,69.08,70.45,-37.34,38.66,-0.23,0.09,16.00,6879.70,-56.00,0.00,7.00
868487.00,2019-06-30 17:56:52.487,0.00,905.50,0.00,1.51,0.00,1.00,1.00,129.06,8.34,12.07,68.98,70.43,-37.34,38.66,-0.24,0.09,16.00,6879.70,-56.00,0.00,7.00
868587.00,2019-06-30 17:56:52.587,0.00,905.50,0.00,1.51,0.00,1.00,1.00,129.06,8.34,12.07,68.98,70.43,-37.34,38.66,-0.22,0.08,16.00,6879.70,-56.00,0.00,7.00
868687.00,2019-06-30 17:56:52.687,0.00,905.50,0.00,1.51,0.00,1.00,1.00,129.06,8.34,12.07,68.98,70.44,-37.15,38.66,-0.25,0.08,16.00,6879.70,-56.00,0.00,7.00
868787.00,2019-06-30 17:56:52.787,0.00,905.50,0.00,1.51,0.00,1.00,1.00,129.06,8.34,11.94,69.05,70.44,-37.15,38.65,-0.23,0.08,16.00,6879.70,-56.00,0.00,7.00
868887.00,2019-06-30 17:56:52.887,0.00,905.50,0.00,1.51,0.00,1.00,1.00,129.06,8.34,12.05,69.05,70.44,-37.06,38.65,-0.24,0.08,16.00,6879.70,-56.00,0.00,7.00
868987.00,2019-06-30 17:56:52.987,0.00,905.50,0.00,1.51,0.00,1.00,1.00,129.06,8.34,12.06,69.07,70.52,-37.06,38.65,-0.24,0.08,16.00,6879.70,-56.00,0.00,7.00
869087.00,2019-06-30 17:56:53.087,0.00,905.50,0.00,1.51,0.00,1.00,1.00,129.06,8.34,12.05,69.07,70.52,-37.06,38.65,-0.21,0.08,16.00,6879.70,-56.00,0.00,7.00
869187.00,2019-06-30 17:56:53.187,0.00,905.50,0.00,1.51,0.00,1.00,1.00,129.06,8.34,11.94,69.07,70.41,-37.05,38.66,-0.24,0.08,16.00,6879.70,-56.00,0.00,7.00
869287.00,2019-06-30 17:56:53.287,0.00,905.50,0.00,1.51,0.00,1.00,1.00,129.06,8.34,12.04,69.02,70.41,-37.05,38.66,-0.23,0.08,16.00,6879.70,-56.00,0.00,7.00
869387.00,2019-06-30 17:56:53.387,0.00,905.50,0.00,1.51,0.00,1.00,1.00,129.06,8.34,12.07,69.02,70.41,-36.96,38.66,-0.22,0.08,16.00,6879.70,-56.00,0.00,7.00
869487.00,2019-06-30 17:56:53.487,0.00,905.50,0.00,1.51,0.00,1.00,1.00,129.06,8.34,11.91,69.00,70.41,-36.96,38.66,-0.23,0.08,16.00,6879.70,-56.00,0.00,7.00
869587.00,2019-06-30 17:56:53.587,0.00,905.50,0.00,1.51,0.00,1.00,1.00,129.06,8.34,12.04,69.00,70.41,-36.96,38.59,-0.23,0.08,16.00,6879.70,-56.00,0.00,7.00
869687.00,2019-06-30 17:56:53.687,0.00,905.50,0.00,1.51,0.00,1.00,1.00,129.06,8.34,11.94,69.00,70.46,-36.95,38.59,-0.24,0.08,16.00,6879.70,-56.00,0.00,7.00
869787.00,2019-06-30 17:56:53.787,0.00,905.50,0.00,1.51,0.00,1.00,1.00,129.06,8.34,12.05,68.98,70.46,-36.95,38.59,-0.23,0.08,16.00,6879.70,-56.00,0.00,7.00
869887.00,2019-06-30 17:56:53.887,0.00,905.50,0.00,1.51,0.00,1.00,1.00,129.06,8.34,12.06,68.98,70.46,-36.95,38.59,-0.25,0.09,16.00,6879.70,-56.00,0.00,7.00
869987.00,2019-06-30 17:56:53.987,0.00,905.50,0.00,1.51,0.00,1.00,1.00,129.06,8.34,11.94,68.98,70.41,-36.90,38.64,-0.23,0.09,16.00,6879.70,-56.00,0.00,7.00
870087.00,2019-06-30 17:56:54.087,0.00,905.50,0.00,1.51,0.00,1.00,1.00,129.06,8.34,12.04,69.03,70.41,-36.90,38.64,-0.23,0.08,16.00,6879.70,-56.00,0.00,7.00
870187.00,2019-06-30 17:56:54.187,0.00,905.50,0.00,1.51,0.00,1.00,1.00,129.06,8.34,12.07,69.03,70.41,-36.78,38.64,-0.24,0.08,16.00,6879.70,-56.00,0.00,7.00
870287.00,2019-06-30 17:56:54.287,0.00,905.50,0.00,1.51,0.00,1.00,1.00,129.06,8.34,12.07,69.05,70.41,-36.78,38.64,-0.23,0.08,16.00,6879.70,-56.00,0.00,7.00
870387.00,2019-06-30 17:56:54.387,0.00,905.50,0.00,1.51,0.00,1.00,1.00,129.06,8.34,12.07,69.05,70.41,-36.78,38.62,-0.25,0.08,16.00,6879.70,-56.00,0.00,7.00
870487.00,2019-06-30 17:56:54.487,0.00,905.50,0.00,1.51,0.00,1.00,1.00,129.06,8.34,11.94,69.05,70.34,-36.77,38.62,-0.23,0.08,16.00,6879.70,-56.00,0.00,7.00
870587.00,2019-06-30 17:56:54.587,0.00,905.50,0.00,1.51,0.00,1.00,1.00,129.06,8.34,11.94,69.10,70.34,-36.77,38.62,-0.23,0.08,16.00,6879.70,-56.00,0.00,7.00
870687.00,2019-06-30 17:56:54.687,0.00,905.50,0.00,1.51,0.00,1.00,1.00,129.06,8.34,12.07,69.10,70.41,-36.69,38.62,-0.24,0.08,16.00,6879.70,-56.00,0.00,7.00
870787.00,2019-06-30 17:56:54.787,0.00,905.50,0.00,1.51,0.00,1.00,1.00,129.06,8.34,11.91,69.05,70.41,-36.69,38.71,-0.23,0.09,16.00,6879.70,-56.00,0.00,7.00
870887.00,2019-06-30 17:56:54.887,0.00,905.50,0.00,1.51,0.00,1.00,1.00,129.06,8.34,12.07,69.05,70.41,-36.69,38.71,-0.24,0.09,16.00,6879.70,-56.00,0.00,7.00
870987.00,2019-06-30 17:56:54.987,0.00,905.50,0.00,1.51,0.00,1.00,1.00,129.06,8.34,12.05,69.05,70.36,-36.63,38.71,-0.22,0.08,16.00,6879.70,-56.00,0.00,7.00
871087.00,2019-06-30 17:56:55.087,0.00,905.50,0.00,1.51,0.00,1.00,1.00,129.06,8.34,11.93,69.13,70.36,-36.63,38.71,-0.26,0.08,16.00,6879.70,-56.00,0.00,7.00
871187.00,2019-06-30 17:56:55.187,0.00,905.50,0.00,1.51,0.00,1.00,1.00,129.06,8.34,12.07,69.13,70.39,-36.63,38.70,-0.23,0.08,16.00,6879.70,-56.00,0.00,7.00
871287.00,2019-06-30 17:56:55.287,0.00,905.50,0.00,1.51,0.00,1.00,1.00,129.06,8.34,11.92,69.13,70.39,-36.64,38.70,-0.22,0.08,16.00,6879.70,-56.00,0.00,7.00
871387.00,2019-06-30 17:56:55.387,0.00,905.50,0.00,1.51,0.00,1.00,1.00,129.06,8.34,11.93,69.03,70.39,-36.64,38.70,-0.24,0.08,16.00,6879.70,-56.00,0.00,7.00
871487.00,2019-06-30 17:56:55.487,0.00,905.50,0.00,1.51,0.00,1.00,1.00,129.06,8.34,12.05,69.03,70.41,-36.61,38.70,-0.22,0.09,16.00,6879.70,-56.00,0.00,7.00
871587.00,2019-06-30 17:56:55.587,0.00,905.50,0.00,1.51,0.00,1.00,1.00,129.06,8.34,12.07,69.12,70.41,-36.61,38.77,-0.25,0.08,16.00,6879.70,-56.00,0.00,7.00
871687.00,2019-06-30 17:56:55.687,0.00,905.50,0.00,1.51,0.00,1.00,1.00,129.06,8.34,11.91,69.12,70.41,-36.61,38.77,-0.23,0.08,16.00,6879.70,-56.00,0.00,7.00
871787.00,2019-06-30 17:56:55.787,0.00,905.50,0.00,1.51,0.00,1.00,1.00,129.06,8.34,12.05,69.12,70.41,-36.53,38.77,-0.23,0.08,16.00,6879.70,-56.00,0.00,7.00
871887.00,2019-06-30 17:56:55.887,0.00,905.50,0.00,1.51,0.00,1.00,1.00,129.06,8.34,11.94,69.14,70.41,-36.53,38.77,-0.23,0.08,16.00,6879.70,-56.00,0.00,7.00
871987.00,2019-06-30 17:56:55.987,0.00,905.50,0.00,1.51,0.00,1.00,1.00,129.06,8.34,12.04,69.14,70.37,-36.56,38.74,-0.22,0.08,16.00,6879.70,-56.00,0.00,7.00
872087.00,2019-06-30 17:56:56.087,0.00,905.50,0.00,1.51,0.00,1.00,1.00,129.06,8.34,12.07,69.13,70.37,-36.56,38.74,-0.24,0.09,16.00,6879.70,-56.00,0.00,7.00
872187.00,2019-06-30 17:56:56.187,0.00,905.50,0.00,1.51,0.00,1.00,1.00,129.06,8.34,11.92,69.13,70.34,-36.56,38.74,-0.23,0.08,16.00,6879.70,-56.00,0.00,7.00
872287.00,2019-06-30 17:56:56.287,0.00,905.50,0.00,1.51,0.00,1.00,1.00,129.06,8.34,12.06,69.13,70.34,-36.41,38.74,-0.26,0.09,16.00,6879.70,-56.00,0.00,7.00
872387.00,2019-06-30 17:56:56.387,0.00,905.50,0.00,1.51,0.00,1.00,1.00,129.06,8.34,12.07,69.07,70.34,-36.41,38.72,-0.24,0.09,16.00,6879.70,-56.00,0.00,7.00
872487.00,2019-06-30 17:56:56.487,0.00,905.50,0.00,1.51,0.00,1.00,1.00,129.06,8.34,11.91,69.07,70.34,-36.41,38.72,-0.23,0.08,16.00,6879.70,-56.00,0.00,7.00
872587.00,2019-06-30 17:56:56.587,0.00,905.50,0.00,1.51,0.00,1.00,1.00,129.06,8.34,12.06,69.15,70.34,-36.42,38.72,-0.23,0.09,16.00,6879.70,-56.00,0.00,7.00
872687.00,2019-06-30 17:56:56.687,0.00,905.50,0.00,1.51,0.00,1.00,1.00,129.06,8.34,12.05,69.15,70.32,-36.42,38.72,-0.23,0.08,16.00,6879.70,-56.00,0.00,7.00
872787.00,2019-06-30 17:56:56.787,0.00,905.50,0.00,1.51,0.00,1.00,1.00,129.06,8.34,11.94,69.15,70.32,-36.42,38.66,-0.25,0.09,16.00,6879.70,-56.00,0.00,7.00
872887.00,2019-06-30 17:56:56.887,0.00,905.50,0.00,1.51,0.00,1.00,1.00,129.06,8.34,12.07,69.09,70.32,-36.42,38.66,-0.23,0.09,16.00,6879.70,-56.00,0.00,7.00
872987.00,2019-06-30 17:56:56.987,0.00,905.50,0.00,1.51,0.00,1.00,1.00,129.06,8.34,12.06,69.09,70.36,-36.42,38.66,-0.24,0.09,16.00,6879.70,-56.00,0.00,7.00
873087.00,2019-06-30 17:56:57.087,0.00,905.50,0.00,1.51,0.00,1.00,1.00,129.06,8.34,11.92,69.09,70.36,-36.41,38.66,-0.24,0.09,16.00,6879.70,-56.00,0.00,7.00
873187.00,2019-06-30 17:56:57.187,0.00,905.50,0.00,1.51,0.00,1.00,1.00,129.06,8.34,12.06,69.09,70.30,-36.41,38.70,-0.23,0.09,16.00,6879.70,-56.00,0.00,7.00
873287.00,2019-06-30 17:56:57.287,0.00,905.50,0.00,1.51,0.00,1.00,1.00,129.06,8.34,12.07,69.09,70.30,-36.23,38.70,-0.25,0.09,16.00,6879.70,-56.00,0.00,7.00
873387.00,2019-06-30 17:56:57.387,0.00,905.50,0.00,1.51,0.00,1.00,1.00,129.06,8.34,11.91,69.14,70.30,-36.23,38.70,-0.22,0.08,16.00,6879.70,-56.00,0.00,7.00
873487.00,2019-06-30 17:56:57.487,0.00,905.50,0.00,1.51,0.00,1.00,1.00,129.06,8.34,12.07,69.14,70.27,-36.23,38.70,-0.27,0.09,16.00,6879.70,-56.00,0.00,7.00
873587.00,2019-06-30 17:56:57.587,0.00,905.50,0.00,1.51,0.00,1.00,1.00,129.06,8.34,12.05,69.14,70.27,-36.23,38.66,-0.24,0.08,16.00,6879.70,-56.00,0.00,7.00
873687.00,2019-06-30 17:56:57.687,0.00,905.50,0.00,1.51,0.00,1.00,1.00,129.06,8.34,12.04,69.10,70.27,-36.23,38.66,-0.23,0.08,16.00,6879.70,-56.00,0.00,7.00
873787.00,2019-06-30 17:56:57.787,0.00,905.50,0.00,1.51,0.00,1.00,1.00,129.06,8.34,12.07,69.10,70.27,-36.23,38.66,-0.24,0.08,16.00,6879.70,-56.00,0.00,7.00
873887.00,2019-06-30 17:56:57.887,0.00,905.50,0.00,1.51,0.00,1.00,1.00,129.06,8.34,11.91,69.09,70.27,-36.20,38.66,-0.22,0.09,16.00,6879.70,-56.00,0.00,7.00
873987.00,2019-06-30 17:56:57.987,0.00,905.50,0.00,1.51,0.00,1.00,1.00,129.06,8.34,12.06,69.09,70.30,-36.20,38.76,-0.25,0.08,16.00,6879.70,-56.00,0.00,7.00
874087.00,2019-06-30 17:56:58.087,0.00,905.50,0.00,1.51,0.00,1.00,1.00,129.06,8.34,12.04,69.09,70.30,-36.23,38.76,-0.25,0.08,16.00,6879.70,-56.00,0.00,7.00
874187.00,2019-06-30 17:56:58.187,0.00,905.50,0.00,1.51,0.00,1.00,1.00,129.06,8.34,12.04,69.15,70.29,-36.23,38.76,-0.23,0.09,16.00,6879.70,-56.00,0.00,7.00
874287.00,2019-06-30 17:56:58.287,0.00,905.50,0.00,1.51,0.00,1.00,1.00,129.06,8.34,12.07,69.15,70.29,-36.23,38.76,-0.23,0.08,16.00,6879.70,-56.00,0.00,7.00
874387.00,2019-06-30 17:56:58.387,0.00,905.50,0.00,1.51,0.00,1.00,1.00,129.06,8.34,12.06,69.15,70.29,-36.08,38.70,-0.22,0.08,16.00,6879.70,-56.00,0.00,7.00
874487.00,2019-06-30 17:56:58.487,0.00,905.50,0.00,1.51,0.00,1.00,1.00,129.06,8.34,12.05,69.09,70.32,-36.08,38.70,-0.25,0.08,16.00,6879.70,-56.00,0.00,7.00
874587.00,2019-06-30 17:56:58.587,0.00,905.50,0.00,1.51,0.00,1.00,1.00,129.06,8.34,12.04,69.09,70.32,-35.98,38.70,-0.21,0.08,16.00,6879.70,-56.00,0.00,7.00
874687.00,2019-06-30 17:56:58.687,0.00,905.50,0.00,1.51,0.00,1.00,1.00,129.06,8.34,11.94,69.12,70.22,-35.98,38.70,-0.25,0.09,16.00,6879.70,-56.00,0.00,7.00
874787.00,2019-06-30 17:56:58.787,0.00,905.50,0.00,1.51,0.00,1.00,1.00,129.06,8.34,12.04,69.12,70.22,-35.98,38.72,-0.24,0.09,16.00,6879.70,-56.00,0.00,7.00
874887.00,2019-06-30 17:56:58.887,0.00,905.50,0.00,1.51,0.00,1.00,1.00,129.06,8.34,12.06,69.12,70.22,-35.94,38.72,-0.22,0.08,16.00,6879.70,-56.00,0.00,7.00
874987.00,2019-06-30 17:56:58.987,0.00,905.50,0.00,1.51,0.00,1.00,1.00,129.06,8.34,11.93,69.22,70.23,-35.94,38.72,-0.24,0.08,16.00,6879.70,-56.00,0.00,7.00
875087.00,2019-06-30 17:56:59.087,0.00,905.50,0.00,1.51,0.00,1.00,1.00,129.06,8.34,12.07,69.22,70.23,-35.94,38.72,-0.22,0.09,16.00,6879.70,-56.00,0.00,7.00
875187.00,2019-06-30 17:56:59.187,0.00,905.50,0.00,1.51,0.00,1.00,1.00,129.06,8.34,12.07,69.16,70.22,-35.94,38.72,-0.25,0.08,16.00,6879.70,-56.00,0.00,7.00
875287.00,2019-06-30 17:56:59.287,0.00,905.50,0.00,1.51,0.00,1.00,1.00,129.06,8.34,11.91,69.16,70.22,-35.94,38.72,-0.24,0.08,16.00,6879.70,-56.00,0.00,7.00
875387.00,2019-06-30 17:56:59.387,0.00,905.50,0.00,1.51,0.00,1.00,1.00,129.06,8.34,12.07,69.16,70.22,-35.80,38.72,-0.23,0.08,16.00,6879.70,-56.00,0.00,7.00
875487.00,2019-06-30 17:56:59.487,0.00,905.50,0.00,1.51,0.00,1.00,1.00,129.06,8.34,11.93,69.10,70.18,-35.80,38.72,-0.24,0.08,16.00,6879.70,-56.00,0.00,7.00
875587.00,2019-06-30 17:56:59.587,0.00,905.50,0.00,1.51,0.00,1.00,1.00,129.06,8.34,11.92,69.10,70.18,-35.80,38.73,-0.24,0.08,16.00,6879.70,-56.00,0.00,7.00
875687.00,2019-06-30 17:56:59.687,0.00,905.50,0.00,1.51,0.00,1.00,1.00,129.06,8.34,12.07,69.10,70.24,-35.79,38.73,-0.25,0.08,16.00,6879.70,-56.00,0.00,7.00
875787.00,2019-06-30 17:56:59.787,0.00,905.50,0.00,1.51,0.00,1.00,1.00,129.06,8.34,11.94,69.10,70.24,-35.79,38.73,-0.23,0.08,16.00,6879.70,-56.00,0.00,7.00
875887.00,2019-06-30 17:56:59.887,0.00,905.50,0.00,1.51,0.00,1.00,1.00,129.06,8.34,11.93,69.10,70.24,-35.82,38.73,-0.26,0.09,16.00,6879.70,-56.00,0.00,7.00
875987.00,2019-06-30 17:56:59.987,0.00,905.50,0.00,1.51,0.00,1.00,1.00,129.06,8.34,12.04,69.10,70.27,-35.82,38.78,-0.25,0.09,16.00,6879.70,-56.00,0.00,7.00
876087.00,2019-06-30 17:57:00.087,0.00,905.50,0.00,1.51,0.00,1.00,1.00,129.06,8.34,12.06,69.10,70.27,-35.82,38.78,-0.24,0.09,16.00,6879.70,-56.00,0.00,7.00
876187.00,2019-06-30 17:57:00.187,0.00,905.50,0.00,1.51,0.00,1.00,1.00,129.06,8.34,11.93,69.10,70.17,-35.64,38.78,-0.24,0.08,16.00,6879.70,-56.00,0.00,7.00
876287.00,2019-06-30 17:57:00.287,0.00,905.50,0.00,1.51,0.00,1.00,1.00,129.06,8.34,12.04,69.16,70.17,-35.64,38.78,-0.21,0.09,16.00,6879.70,-56.00,0.00,7.00
876387.00,2019-06-30 17:57:00.387,0.00,905.50,0.00,1.51,0.00,1.00,1.00,129.06,8.34,12.07,69.16,70.17,-35.64,38.78,-0.23,0.09,16.00,6879.70,-56.00,0.00,7.00
876487.00,2019-06-30 17:57:00.487,0.00,905.50,0.00,1.51,0.00,1.00,1.00,129.06,8.34,11.91,69.12,70.18,-35.59,38.78,-0.24,0.09,16.00,6879.70,-56.00,0.00,7.00
876587.00,2019-06-30 17:57:00.587,0.00,905.50,0.00,1.51,0.00,1.00,1.00,129.06,8.34,12.04,69.12,70.18,-35.59,38.78,-0.23,0.08,16.00,6879.70,-56.00,0.00,7.00
876687.00,2019-06-30 17:57:00.687,0.00,905.50,0.00,1.51,0.00,1.00,1.00,129.06,8.34,12.05,69.12,70.09,-35.64,38.78,-0.24,0.08,16.00,6879.70,-56.00,0.00,7.00
876787.00,2019-06-30 17:57:00.787,0.00,905.50,0.00,1.51,0.00,1.00,1.00,129.06,8.34,12.04,69.13,70.09,-35.64,38.82,-0.23,0.09,16.00,6879.70,-56.00,0.00,7.00
876887.00,2019-06-30 17:57:00.887,0.00,905.50,0.00,1.51,0.00,1.00,1.00,129.06,8.34,12.07,69.13,70.09,-35.64,38.82,-0.25,0.09,16.00,6879.70,-56.00,0.00,7.00
876987.00,2019-06-30 17:57:00.987,0.00,905.50,0.00,1.51,0.00,1.00,1.00,129.06,8.34,11.92,69.16,70.17,-35.57,38.82,-0.20,0.09,16.00,6879.70,-56.00,0.00,7.00
877087.00,2019-06-30 17:57:01.087,0.00,905.50,0.00,1.51,0.00,1.00,1.00,129.06,8.34,12.06,69.16,70.17,-35.57,38.82,-0.25,0.09,16.00,6879.70,-56.00,0.00,7.00
877187.00,2019-06-30 17:57:01.187,0.00,905.50,0.00,1.51,0.00,1.00,1.00,129.06,8.34,12.07,69.16,70.13,-35.48,38.78,-0.23,0.09,16.00,6879.70,-56.00,0.00,7.00
877287.00,2019-06-30 17:57:01.287,0.00,905.50,0.00,1.51,0.00,1.00,1.00,129.06,8.34,11.90,69.19,70.13,-35.48,38.78,-0.23,0.08,16.00,6879.70,-56.00,0.00,7.00
877387.00,2019-06-30 17:57:01.387,0.00,905.50,0.00,1.51,0.00,1.00,1.00,129.06,8.34,12.07,69.19,70.13,-35.48,38.78,-0.23,0.08,16.00,6879.70,-56.00,0.00,7.00
877487.00,2019-06-30 17:57:01.487,0.00,905.50,0.00,1.51,0.00,1.00,1.00,129.06,8.34,12.05,69.19,70.15,-35.48,38.78,-0.22,0.08,16.00,6879.70,-56.00,0.00,7.00
877587.00,2019-06-30 17:57:01.587,0.00,905.50,0.00,1.51,0.00,1.00,1.00,129.06,8.34,11.90,69.12,70.15,-35.48,38.78,-0.25,0.08,16.00,6879.70,-56.00,0.00,7.00
877687.00,2019-06-30 17:57:01.687,0.00,905.50,0.00,1.51,0.00,1.00,1.00,129.06,8.34,12.07,69.12,70.17,-35.48,38.78,-0.24,0.08,16.00,6879.70,-56.00,0.00,7.00
877787.00,2019-06-30 17:57:01.787,0.00,905.50,0.00,1.51,0.00,1.00,1.00,129.06,8.34,12.04,69.20,70.17,-35.41,38.78,-0.24,0.08,16.00,6879.70,-56.00,0.00,7.00
877887.00,2019-06-30 17:57:01.887,0.00,905.50,0.00,1.51,0.00,1.00,1.00,129.06,8.34,11.94,69.20,70.17,-35.41,38.78,-0.24,0.09,16.00,6879.70,-56.00,0.00,7.00
877987.00,2019-06-30 17:57:01.987,0.00,905.50,0.00,1.51,0.00,1.00,1.00,129.06,8.34,12.04,69.20,70.18,-35.31,38.78,-0.23,0.09,16.00,6879.70,-56.00,0.00,7.00
878087.00,2019-06-30 17:57:02.087,0.00,905.50,0.00,1.51,0.00,1.00,1.00,129.06,8.34,12.07,69.19,70.18,-35.31,38.78,-0.24,0.08,16.00,6879.70,-56.00,0.00,7.00
878187.00,2019-06-30 17:57:02.187,0.00,905.50,0.00,1.51,0.00,1.00,1.00,129.06,8.34,11.92,69.19,70.16,-35.31,38.78,-0.22,0.09,16.00,6879.70,-56.00,0.00,7.00
878287.00,2019-06-30 17:57:02.287,0.00,905.50,0.00,1.51,0.00,1.00,1.00,129.06,8.34,12.06,69.16,70.16,-35.29,38.78,-0.26,0.09,16.00,6879.70,-56.00,0.00,7.00
878387.00,2019-06-30 17:57:02.387,0.00,905.50,0.00,1.51,0.00,1.00,1.00,129.06,8.34,12.07,69.16,70.16,-35.29,38.73,-0.23,0.08,16.00,6879.70,-56.00,0.00,7.00
878487.00,2019-06-30 17:57:02.487,0.00,905.50,0.00,1.51,0.00,1.00,1.00,129.06,8.34,11.90,69.16,70.10,-35.20,38.73,-0.23,0.09,16.00,6879.70,-56.00,0.00,7.00
878587.00,2019-06-30 17:57:02.587,0.00,905.50,0.00,1.51,0.00,1.00,1.00,129.06,8.34,12.07,69.21,70.10,-35.20,38.73,-0.24,0.09,16.00,6879.70,-56.00,0.00,7.00
878687.00,2019-06-30 17:57:02.687,0.00,905.50,0.00,1.51,0.00,1.00,1.00,129.06,8.34,12.04,69.21,70.15,-35.20,38.73,-0.23,0.08,16.00,6879.70,-56.00,0.00,7.00
878787.00,2019-06-30 17:57:02.787,0.00,905.50,0.00,1.51,0.00,1.00,1.00,129.06,8.34,11.93,69.16,70.15,-35.15,38.80,-0.24,0.08,16.00,6879.70,-56.00,0.00,7.00
878887.00,2019-06-30 17:57:02.887,0.00,905.50,0.00,1.51,0.00,1.00,1.00,129.06,8.34,12.06,69.16,70.15,-35.15,38.80,-0.24,0.08,16.00,6879.70,-56.00,0.00,7.00
878987.00,2019-06-30 17:57:02.987,0.00,905.50,0.00,1.51,0.00,1.00,1.00,129.06,8.34,12.04,69.16,70.15,-35.15,38.80,-0.25,0.08,16.00,6879.70,-56.00,0.00,7.00
879087.00,2019-06-30 17:57:03.087,0.00,905.50,0.00,1.51,0.00,1.00,1.00,129.06,8.34,11.94,69.21,70.15,-35.12,38.80,-0.23,0.08,16.00,6879.70,-56.00,0.00,7.00
879187.00,2019-06-30 17:57:03.187,0.00,905.50,0.00,1.51,0.00,1.00,1.00,129.06,8.34,12.04,69.21,70.16,-35.12,38.80,-0.23,0.09,16.00,6879.70,-56.00,0.00,7.00
879287.00,2019-06-30 17:57:03.287,0.00,905.50,0.00,1.51,0.00,1.00,1.00,129.06,8.34,12.07,69.21,70.16,-35.02,38.80,-0.23,0.09,16.00,6879.70,-56.00,0.00,7.00
879387.00,2019-06-30 17:57:03.387,0.00,905.50,0.00,1.51,0.00,1.00,1.00,129.06,8.34,11.92,69.14,70.16,-35.02,38.80,-0.22,0.09,16.00,6879.70,-56.00,0.00,7.00
879487.00,2019-06-30 17:57:03.487,0.00,905.50,0.00,1.51,0.00,1.00,1.00,129.06,8.34,12.04,69.14,70.18,-35.02,38.80,-0.26,0.08,16.00,6879.70,-56.00,0.00,7.00
879587.00,2019-06-30 17:57:03.587,0.00,905.50,0.00,1.51,0.00,1.00,1.00,129.06,8.34,12.05,69.22,70.18,-35.02,38.84,-0.23,0.09,16.00,6879.70,-56.00,0.00,7.00
879687.00,2019-06-30 17:57:03.687,0.00,905.50,0.00,1.51,0.00,1.00,1.00,129.06,8.34,11.92,69.22,70.06,-35.02,38.84,-0.22,0.08,16.00,6879.70,-56.00,0.00,7.00
879787.00,2019-06-30 17:57:03.787,0.00,905.50,0.00,1.51,0.00,1.00,1.00,129.06,8.34,12.07,69.22,70.06,-34.98,38.84,-0.24,0.09,16.00,6879.70,-56.00,0.00,7.00
879887.00,2019-06-30 17:57:03.887,0.00,905.50,0.00,1.51,0.00,1.00,1.00,129.06,8.34,11.91,69.19,70.06,-34.98,38.84,-0.22,0.09,16.00,6879.70,-56.00,0.00,7.00
879987.00,2019-06-30 17:57:03.987,0.00,905.50,0.00,1.51,0.00,1.00,1.00,129.06,8.34,12.07,69.19,69.98,-34.98,38.83,-0.25,0.08,16.00,6879.70,-56.00,0.00,7.00
880087.00,2019-06-30 17:57:04.087,0.00,905.50,0.00,1.51,0.00,1.00,1.00,129.06,8.34,12.04,69.28,69.98,-34.94,38.83,-0.24,0.08,16.00,6879.70,-56.00,0.00,7.00
880187.00,2019-06-30 17:57:04.187,0.00,905.50,0.00,1.51,0.00,1.00,1.00,129.06,8.34,11.93,69.28,70.13,-34.94,38.83,-0.23,0.08,16.00,6879.70,-56.00,0.00,7.00
880287.00,2019-06-30 17:57:04.287,0.00,905.50,0.00,1.51,0.00,1.00,1.00,129.06,8.34,12.06,69.28,70.13,-34.94,38.83,-0.24,0.09,16.00,6879.70,-56.00,0.00,7.00
880387.00,2019-06-30 17:57:04.387,0.00,905.50,0.00,1.51,0.00,1.00,1.00,129.06,8.34,12.05,69.16,70.13,-34.80,38.87,-0.22,0.09,16.00,6879.70,-56.00,0.00,7.00
880487.00,2019-06-30 17:57:04.487,0.00,905.50,0.00,1.51,0.00,1.00,1.00,129.06,8.34,11.94,69.16,70.01,-34.80,38.87,-0.23,0.08,16.00,6879.70,-56.00,0.00,7.00
880587.00,2019-06-30 17:57:04.587,0.00,905.50,0.00,1.51,0.00,1.00,1.00,129.06,8.34,12.04,69.16,70.01,-34.88,38.87,-0.20,0.09,16.00,6879.70,-56.00,0.00,7.00
880687.00,2019-06-30 17:57:04.687,0.00,905.50,0.00,1.51,0.00,1.00,1.00,129.06,8.34,12.07,69.20,70.05,-34.88,38.87,-0.26,0.09,16.00,6879.70,-56.00,0.00,7.00
880787.00,2019-06-30 17:57:04.787,0.00,905.50,0.00,1.51,0.00,1.00,1.00,129.06,8.34,11.91,69.20,70.05,-34.88,38.77,-0.24,0.09,16.00,6879.70,-56.00,0.00,7.00
880887.00,2019-06-30 17:57:04.887,0.00,905.50,0.00,1.51,0.00,1.00,1.00,129.06,8.34,12.05,69.23,70.05,-34.71,38.77,-0.23,0.09,16.00,6879.70,-56.00,0.00,7.00
880987.00,2019-06-30 17:57:04.987,0.00,905.50,0.00,1.51,0.00,1.00,1.00,129.06,8.34,12.06,69.23,69.97,-34.71,38.77,-0.24,0.08,16.00,6879.70,-56.00,0.00,7.00
881087.00,2019-06-30 17:57:05.087,0.00,905.50,0.00,1.51,0.00,1.00,1.00,129.06,8.34,11.92,69.23,69.97,-34.71,38.77,-0.22,0.08,16.00,6879.70,-56.00,0.00,7.00
881187.00,2019-06-30 17:57:05.187,0.00,905.50,0.00,1.51,0.00,1.00,1.00,129.06,8.34,12.04,69.22,70.08,-34.71,38.83,-0.25,0.08,16.00,6879.70,-56.00,0.00,7.00
881287.00,2019-06-30 17:57:05.287,0.00,905.50,0.00,1.51,0.00,1.00,1.00,129.06,8.34,11.94,69.22,70.08,-34.71,38.83,-0.23,0.08,16.00,6879.70,-56.00,0.00,7.00
881387.00,2019-06-30 17:57:05.387,0.00,905.50,0.00,1.51,0.00,1.00,1.00,129.06,8.34,11.93,69.16,70.08,-34.65,38.83,-0.23,0.08,16.00,6879.70,-56.00,0.00,7.00
881487.00,2019-06-30 17:57:05.487,0.00,905.50,0.00,1.51,0.00,1.00,1.00,129.06,8.34,12.05,69.16,69.98,-34.65,38.83,-0.25,0.09,16.00,6879.70,-56.00,0.00,7.00
881587.00,2019-06-30 17:57:05.587,0.00,905.50,0.00,1.51,0.00,1.00,1.00,129.06,8.34,12.05,69.16,69.98,-34.65,38.84,-0.23,0.08,16.00,6879.70,-56.00,0.00,7.00
881687.00,2019-06-30 17:57:05.687,0.00,905.50,0.00,1.51,0.00,1.00,1.00,129.06,8.34,11.94,69.24,70.01,-34.61,38.84,-0.23,0.08,16.00,6879.70,-56.00,0.00,7.00
881787.00,2019-06-30 17:57:05.787,0.00,905.50,0.00,1.51,0.00,1.00,1.00,129.06,8.34,12.03,69.24,70.01,-34.61,38.84,-0.22,0.09,16.00,6879.70,-56.00,0.00,7.00
881887.00,2019-06-30 17:57:05.887,0.00,905.50,0.00,1.51,0.00,1.00,1.00,129.06,8.34,12.07,69.26,70.01,-34.46,38.84,-0.24,0.08,16.00,6879.70,-56.00,0.00,7.00
881987.00,2019-06-30 17:57:05.987,0.00,905.50,0.00,1.51,0.00,1.00,1.00,129.06,8.34,11.91,69.26,69.99,-34.46,38.83,-0.23,0.09,16.00,6879.70,-56.00,0.00,7.00
882087.00,2019-06-30 17:57:06.087,0.00,905.50,0.00,1.51,0.00,1.00,1.00,129.06,8.34,12.05,69.26,69.99,-34.46,38.83,-0.22,0.08,16.00,6879.70,-56.00,0.00,7.00
882187.00,2019-06-30 17:57:06.187,0.00,905.50,0.00,1.51,0.00,1.00,1.00,129.06,8.34,11.92,69.22,70.03,-34.54,38.83,-0.24,0.08,16.00,6879.70,-56.00,0.00,7.00
882287.00,2019-06-30 17:57:06.287,0.00,905.50,0.00,1.51,0.00,1.00,1.00,129.06,8.34,12.07,69.22,70.03,-34.54,38.83,-0.23,0.08,16.00,6879.70,-56.00,0.00,7.00
882387.00,2019-06-30 17:57:06.387,0.00,905.50,0.00,1.51,0.00,1.00,1.00,129.06,8.34,12.06,69.22,70.03,-34.47,38.87,-0.24,0.09,16.00,6879.70,-56.00,0.00,7.00
882487.00,2019-06-30 17:57:06.487,0.00,905.50,0.00,1.51,0.00,1.00,1.00,129.06,8.34,11.92,69.23,69.99,-34.47,38.87,-0.23,0.09,16.00,6879.70,-56.00,0.00,7.00
882587.00,2019-06-30 17:57:06.587,0.00,905.50,0.00,1.51,0.00,1.00,1.00,129.06,8.34,12.04,69.23,69.99,-34.47,38.87,-0.23,0.09,16.00,6879.70,-56.00,0.00,7.00
882687.00,2019-06-30 17:57:06.687,0.00,905.50,0.00,1.51,0.00,1.00,1.00,129.06,8.34,12.07,69.22,69.99,-34.38,38.87,-0.23,0.08,16.00,6879.70,-56.00,0.00,7.00
882787.00,2019-06-30 17:57:06.787,0.00,905.50,0.00,1.51,0.00,1.00,1.00,129.06,8.34,11.90,69.22,69.99,-34.38,38.83,-0.23,0.08,16.00,6879.70,-56.00,0.00,7.00
882887.00,2019-06-30 17:57:06.887,0.00,905.50,0.00,1.51,0.00,1.00,1.00,129.06,8.34,12.07,69.22,69.99,-34.38,38.83,-0.23,0.09,16.00,6879.70,-56.00,0.00,7.00
882987.00,2019-06-30 17:57:06.987,0.00,905.50,0.00,1.51,0.00,1.00,1.00,129.06,8.34,12.05,69.20,69.98,-34.27,38.83,-0.22,0.08,16.00,6879.70,-56.00,0.00,7.00
883087.00,2019-06-30 17:57:07.087,0.00,905.50,0.00,1.51,0.00,1.00,1.00,129.06,8.34,11.92,69.20,69.98,-34.27,38.83,-0.26,0.08,16.00,6879.70,-56.00,0.00,7.00
883187.00,2019-06-30 17:57:07.187,0.00,905.50,0.00,1.51,0.00,1.00,1.00,129.06,8.34,12.07,69.28,69.94,-34.29,38.83,-0.23,0.08,16.00,6879.70,-56.00,0.00,7.00
883287.00,2019-06-30 17:57:07.287,0.00,905.50,0.00,1.51,0.00,1.00,1.00,129.06,8.34,12.04,69.28,69.94,-34.29,38.83,-0.23,0.08,16.00,6879.70,-56.00,0.00,7.00
883387.00,2019-06-30 17:57:07.387,0.00,905.50,0.00,1.51,0.00,1.00,1.00,129.06,8.34,11.94,69.28,69.94,-34.29,38.83,-0.24,0.09,16.00,6879.70,-56.00,0.00,7.00
883487.00,2019-06-30 17:57:07.487,0.00,905.50,0.00,1.51,0.00,1.00,1.00,129.06,8.34,12.04,69.20,70.01,-34.23,38.83,-0.22,0.08,16.00,6879.70,-56.00,0.00,7.00
883587.00,2019-06-30 17:57:07.587,0.00,905.50,0.00,1.51,0.00,1.00,1.00,129.06,8.34,12.06,69.20,70.01,-34.23,38.94,-0.24,0.09,16.00,6879.70,-56.00,0.00,7.00
883687.00,2019-06-30 17:57:07.687,0.00,905.50,0.00,1.51,0.00,1.00,1.00,129.06,8.34,11.93,69.20,70.01,-34.16,38.94,-0.22,0.08,16.00,6879.70,-56.00,0.00,7.00
883787.00,2019-06-30 17:57:07.787,0.00,905.50,0.00,1.51,0.00,1.00,1.00,129.06,8.34,12.05,69.29,70.01,-34.16,38.94,-0.23,0.09,16.00,6879.70,-56.00,0.00,7.00
883887.00,2019-06-30 17:57:07.887,0.00,905.50,0.00,1.51,0.00,1.00,1.00,129.06,8.34,12.07,69.29,70.01,-34.16,38.94,-0.23,0.08,16.00,6879.70,-56.00,0.00,7.00
883987.00,2019-06-30 17:57:07.987,0.00,905.50,0.00,1.51,0.00,1.00,1.00,129.06,8.34,11.90,69.23,69.96,-34.20,38.90,-0.23,0.09,16.00,6879.70,-56.00,0.00,7.00
884087.00,2019-06-30 17:57:08.087,0.00,905.50,0.00,1.51,0.00,1.00,1.00,129.06,8.34,12.07,69.23,69.96,-34.20,38.90,-0.25,0.09,16.00,6879.70,-56.00,0.00,7.00
884187.00,2019-06-30 17:57:08.187,0.00,905.50,0.00,1.51,0.00,1.00,1.00,129.06,8.34,12.05,69.23,69.98,-34.20,38.90,-0.22,0.08,16.00,6879.70,-56.00,0.00,7.00
884287.00,2019-06-30 17:57:08.287,0.00,905.50,0.00,1.51,0.00,1.00,1.00,129.06,8.34,11.93,69.28,69.98,-34.08,38.90,-0.25,0.09,16.00,6879.70,-56.00,0.00,7.00
884387.00,2019-06-30 17:57:08.387,0.00,905.50,0.00,1.51,0.00,1.00,1.00,129.06,8.34,12.07,69.28,69.98,-34.08,38.89,-0.23,0.09,16.00,6879.70,-56.00,0.00,7.00
884487.00,2019-06-30 17:57:08.487,0.00,905.50,0.00,1.51,0.00,1.00,1.00,129.06,8.34,12.04,69.33,69.94,-33.98,38.89,-0.24,0.08,16.00,6879.70,-56.00,0.00,7.00
884587.00,2019-06-30 17:57:08.587,0.00,905.50,0.00,1.51,0.00,1.00,1.00,129.06,8.34,11.94,69.33,69.94,-33.98,38.89,-0.23,0.09,16.00,6879.70,-56.00,0.00,7.00
884687.00,2019-06-30 17:57:08.687,0.00,905.50,0.00,1.51,0.00,1.00,1.00,129.06,8.34,12.04,69.33,69.93,-33.98,38.89,-0.23,0.09,16.00,6879.70,-56.00,0.00,7.00
884787.00,2019-06-30 17:57:08.787,0.00,905.50,0.00,1.51,0.00,1.00,1.00,129.06,8.34,12.06,69.24,69.93,-33.92,38.89,-0.25,0.08,16.00,6879.70,-56.00,0.00,7.00
884887.00,2019-06-30 17:57:08.887,0.00,905.50,0.00,1.51,0.00,1.00,1.00,129.06,8.34,12.07,69.24,69.93,-33.92,38.89,-0.24,0.09,16.00,6879.70,-56.00,0.00,7.00
884987.00,2019-06-30 17:57:08.987,0.00,905.50,0.00,1.51,0.00,1.00,1.00,129.06,8.34,12.06,69.24,69.99,-33.98,38.89,-0.24,0.08,16.00,6879.70,-56.00,0.00,7.00
885087.00,2019-06-30 17:57:09.087,0.00,905.50,0.00,1.51,0.00,1.00,1.00,129.06,8.34,12.05,69.24,69.99,-33.98,38.89,-0.23,0.08,16.00,6879.70,-56.00,0.00,7.00
885187.00,2019-06-30 17:57:09.187,0.00,905.50,0.00,1.51,0.00,1.00,1.00,129.06,8.34,11.92,69.24,70.01,-33.98,38.84,-0.22,0.08,16.00,6879.70,-56.00,0.00,7.00
885287.00,2019-06-30 17:57:09.287,0.00,905.50,0.00,1.51,0.00,1.00,1.00,129.06,8.34,12.07,69.30,70.01,-33.92,38.84,-0.25,0.08,16.00,6879.70,-56.00,0.00,7.00
885387.00,2019-06-30 17:57:09.387,0.00,905.50,0.00,1.51,0.00,1.00,1.00,129.06,8.34,11.94,69.30,70.01,-33.92,38.84,-0.21,0.09,16.00,6879.70,-56.00,0.00,7.00
885487.00,2019-06-30 17:57:09.487,0.00,905.50,0.00,1.51,0.00,1.00,1.00,129.06,8.34,12.05,69.30,69.91,-33.92,38.84,-0.25,0.09,16.00,6879.70,-56.00,0.00,7.00
885587.00,2019-06-30 17:57:09.587,0.00,905.50,0.00,1.51,0.00,1.00,1.00,129.06,8.34,12.07,69.27,69.91,-33.77,38.91,-0.24,0.09,16.00,6879.70,-56.00,0.00,7.00
885687.00,2019-06-30 17:57:09.687,0.00,905.50,0.00,1.51,0.00,1.00,1.00,129.06,8.34,11.90,69.27,69.93,-33.77,38.91,-0.23,0.08,16.00,6879.70,-56.00,0.00,7.00
885787.00,2019-06-30 17:57:09.787,0.00,905.50,0.00,1.51,0.00,1.00,1.00,129.06,8.34,12.07,69.29,69.93,-33.80,38.91,-0.24,0.09,16.00,6879.70,-56.00,0.00,7.00
885887.00,2019-06-30 17:57:09.887,0.00,905.50,0.00,1.51,0.00,1.00,1.00,129.06,8.34,12.04,69.29,69.93,-33.80,38.91,-0.24,0.08,16.00,6879.70,-56.00,0.00,7.00
885987.00,2019-06-30 17:57:09.987,0.00,905.50,0.00,1.51,0.00,1.00,1.00,129.06,8.34,11.93,69.29,69.96,-33.80,38.87,-0.25,0.08,16.00,6879.70,-56.00,0.00,7.00
886087.00,2019-06-30 17:57:10.087,0.00,905.50,0.00,1.51,0.00,1.00,1.00,129.06,8.34,12.06,69.27,69.96,-33.69,38.87,-0.23,0.08,16.00,6879.70,-56.00,0.00,7.00
886187.00,2019-06-30 17:57:10.187,0.00,905.50,0.00,1.51,0.00,1.00,1.00,129.06,8.34,12.05,69.27,69.95,-33.69,38.87,-0.23,0.08,16.00,6879.70,-56.00,0.00,7.00
886287.00,2019-06-30 17:57:10.287,0.00,905.50,0.00,1.51,0.00,1.00,1.00,129.06,8.34,11.94,69.30,69.95,-33.66,38.87,-0.23,0.08,16.00,6879.70,-56.00,0.00,7.00
886387.00,2019-06-30 17:57:10.387,0.00,905.50,0.00,1.51,0.00,1.00,1.00,129.06,8.34,12.04,69.30,69.95,-33.66,38.85,-0.23,0.08,16.00,6879.70,-56.00,0.00,7.00
886487.00,2019-06-30 17:57:10.487,0.00,905.50,0.00,1.51,0.00,1.00,1.00,129.06,8.34,12.07,69.30,69.91,-33.66,38.85,-0.24,0.09,16.00,6879.70,-56.00,0.00,7.00
886587.00,2019-06-30 17:57:10.587,0.00,905.50,0.00,1.51,0.00,1.00,1.00,129.06,8.34,11.90,69.27,69.91,-33.59,38.85,-0.22,0.08,16.00,6879.70,-56.00,0.00,7.00
886687.00,2019-06-30 17:57:10.687,0.00,905.50,0.00,1.51,0.00,1.00,1.00,129.06,8.34,12.04,69.27,69.89,-33.59,38.85,-0.25,0.08,16.00,6879.70,-56.00,0.00,7.00
886787.00,2019-06-30 17:57:10.787,0.00,905.50,0.00,1.51,0.00,1.00,1.00,129.06,8.34,12.05,69.27,69.89,-33.59,38.91,-0.22,0.08,16.00,6879.70,-56.00,0.00,7.00
886887.00,2019-06-30 17:57:10.887,0.00,905.50,0.00,1.51,0.00,1.00,1.00,129.06,8.34,11.93,69.27,69.89,-33.50,38.91,-0.22,0.08,16.00,6879.70,-56.00,0.00,7.00
886987.00,2019-06-30 17:57:10.987,0.00,905.50,0.00,1.51,0.00,1.00,1.00,129.06,8.34,12.05,69.27,69.95,-33.50,38.91,-0.24,0.08,16.00,6879.70,-56.00,0.00,7.00
887087.00,2019-06-30 17:57:11.087,0.00,905.50,0.00,1.51,0.00,1.00,1.00,129.06,8.34,11.91,69.22,69.95,-33.56,38.91,-0.22,0.09,16.00,6879.70,-56.00,0.00,7.00
887187.00,2019-06-30 17:57:11.187,0.00,905.50,0.00,1.51,0.00,1.00,1.00,129.06,8.34,12.06,69.22,69.93,-33.56,38.91,-0.24,0.08,16.00,6879.70,-56.00,0.00,7.00
887287.00,2019-06-30 17:57:11.287,0.00,905.50,0.00,1.51,0.00,1.00,1.00,129.06,8.34,12.06,69.22,69.93,-33.56,38.91,-0.24,0.09,16.00,6879.70,-56.00,0.00,7.00
887387.00,2019-06-30 17:57:11.387,0.00,905.50,0.00,1.51,0.00,1.00,1.00,129.06,8.34,11.91,69.28,69.93,-33.52,38.91,-0.22,0.08,16.00,6879.70,-56.00,0.00,7.00
887487.00,2019-06-30 17:57:11.487,0.00,905.50,0.00,1.51,0.00,1.00,1.00,129.06,8.34,12.07,69.28,69.84,-33.52,38.91,-0.23,0.08,16.00,6879.70,-56.00,0.00,7.00
887587.00,2019-06-30 17:57:11.587,0.00,905.50,0.00,1.51,0.00,1.00,1.00,129.06,8.34,11.92,69.24,69.84,-33.44,38.98,-0.23,0.08,16.00,6879.70,-56.00,0.00,7.00
887687.00,2019-06-30 17:57:11.687,0.00,905.50,0.00,1.51,0.00,1.00,1.00,129.06,8.34,12.06,69.24,69.86,-33.44,38.98,-0.25,0.08,16.00,6879.70,-56.00,0.00,7.00
887787.00,2019-06-30 17:57:11.787,0.00,905.50,0.00,1.51,0.00,1.00,1.00,129.06,8.34,12.07,69.24,69.86,-33.44,38.98,-0.21,0.08,16.00,6879.70,-56.00,0.00,7.00
887887.00,2019-06-30 17:57:11.887,0.00,905.50,0.00,1.51,0.00,1.00,1.00,129.06,8.34,12.07,69.33,69.86,-33.36,38.98,-0.25,0.08,16.00,6879.70,-56.00,0.00,7.00
887987.00,2019-06-30 17:57:11.987,0.00,905.50,0.00,1.51,0.00,1.00,1.00,129.06,8.34,12.04,69.33,69.82,-33.36,38.98,-0.23,0.08,16.00,6879.70,-56.00,0.00,7.00
888087.00,2019-06-30 17:57:12.087,0.00,905.50,0.00,1.51,0.00,1.00,1.00,129.06,8.34,11.93,69.33,69.82,-33.36,38.98,-0.23,0.08,16.00,6879.70,-56.00,0.00,7.00
888187.00,2019-06-30 17:57:12.187,0.00,905.50,0.00,1.51,0.00,1.00,1.00,129.06,8.34,12.06,69.35,69.84,-33.38,38.98,-0.24,0.08,16.00,6879.70,-56.00,0.00,7.00
888287.00,2019-06-30 17:57:12.287,0.00,905.50,0.00,1.51,0.00,1.00,1.00,129.06,8.34,12.04,69.35,69.84,-33.38,38.98,-0.22,0.08,16.00,6879.70,-56.00,0.00,7.00
888387.00,2019-06-30 17:57:12.387,0.00,905.50,0.00,1.51,0.00,1.00,1.00,129.06,8.34,11.94,69.29,69.84,-33.30,38.98,-0.25,0.09,16.00,6879.70,-56.00,0.00,7.00
888487.00,2019-06-30 17:57:12.487,0.00,905.50,0.00,1.51,0.00,1.00,1.00,129.06,8.34,12.04,69.29,69.88,-33.30,38.98,-0.23,0.09,16.00,6879.70,-56.00,0.00,7.00
888587.00,2019-06-30 17:57:12.587,0.00,905.50,0.00,1.51,0.00,1.00,1.00,129.06,8.34,12.07,69.29,69.88,-33.30,38.98,-0.23,0.09,16.00,6879.70,-56.00,0.00,7.00
888687.00,2019-06-30 17:57:12.687,0.00,905.50,0.00,1.51,0.00,1.00,1.00,129.06,8.34,11.92,69.38,69.77,-33.26,38.98,-0.22,0.08,16.00,6879.70,-56.00,0.00,7.00
888787.00,2019-06-30 17:57:12.787,0.00,905.50,0.00,1.51,0.00,1.00,1.00,129.06,8.34,12.06,69.38,69.77,-33.26,38.94,-0.23,0.09,16.00,6879.70,-56.00,0.00,7.00
888887.00,2019-06-30 17:57:12.887,0.00,905.50,0.00,1.51,0.00,1.00,1.00,129.06,8.34,12.07,69.35,69.77,-33.13,38.94,-0.23,0.09,16.00,6879.70,-56.00,0.00,7.00
888987.00,2019-06-30 17:57:12.987,0.00,905.50,0.00,1.51,0.00,1.00,1.00,129.06,8.34,11.90,69.35,69.77,-33.13,38.94,-0.22,0.08,16.00,6879.70,-56.00,0.00,7.00
889087.00,2019-06-30 17:57:13.087,0.00,905.50,0.00,1.51,0.00,1.00,1.00,129.06,8.34,12.07,69.35,69.77,-33.13,38.94,-0.25,0.08,16.00,6879.70,-56.00,0.00,7.00
889187.00,2019-06-30 17:57:13.187,0.00,905.50,0.00,1.51,0.00,1.00,1.00,129.06,8.34,11.93,69.23,69.74,-33.13,38.98,-0.24,0.08,16.00,6879.70,-56.00,0.00,7.00
889287.00,2019-06-30 17:57:13.287,0.00,905.50,0.00,1.51,0.00,1.00,1.00,129.06,8.34,11.93,69.23,69.74,-33.13,38.98,-0.23,0.08,16.00,6879.70,-56.00,0.00,7.00
889387.00,2019-06-30 17:57:13.387,0.00,905.50,0.00,1.51,0.00,1.00,1.00,129.06,8.34,12.06,69.30,69.74,-33.13,38.98,-0.25,0.08,16.00,6879.70,-56.00,0.00,7.00
889487.00,2019-06-30 17:57:13.487,0.00,905.50,0.00,1.51,0.00,1.00,1.00,129.06,8.34,12.04,69.30,69.80,-33.09,38.98,-0.21,0.08,16.00,6879.70,-56.00,0.00,7.00
889587.00,2019-06-30 17:57:13.587,0.00,905.50,0.00,1.51,0.00,1.00,1.00,129.06,8.34,11.94,69.30,69.80,-33.09,38.98,-0.25,0.09,16.00,6879.70,-56.00,0.00,7.00
889687.00,2019-06-30 17:57:13.687,0.00,905.50,0.00,1.51,0.00,1.00,1.00,129.06,8.34,12.04,69.35,69.77,-33.01,38.98,-0.24,0.09,16.00,6879.70,-56.00,0.00,7.00
889787.00,2019-06-30 17:57:13.787,0.00,905.50,0.00,1.51,0.00,1.00,1.00,129.06,8.34,12.06,69.35,69.77,-33.01,38.98,-0.23,0.08,16.00,6879.70,-56.00,0.00,7.00
889887.00,2019-06-30 17:57:13.887,0.00,905.50,0.00,1.51,0.00,1.00,1.00,129.06,8.34,11.91,69.35,69.77,-33.01,38.98,-0.23,0.09,16.00,6879.70,-56.00,0.00,7.00
889987.00,2019-06-30 17:57:13.987,0.00,905.50,0.00,1.51,0.00,1.00,1.00,129.06,8.34,12.05,69.43,69.79,-32.93,39.01,-0.22,0.08,16.00,6879.70,-56.00,0.00,7.00
890087.00,2019-06-30 17:57:14.087,0.00,905.50,0.00,1.51,0.00,1.00,1.00,129.06,8.34,11.94,69.43,69.79,-32.93,39.01,-0.25,0.08,16.00,6879.70,-56.00,0.00,7.00
890187.00,2019-06-30 17:57:14.187,0.00,905.50,0.00,1.51,0.00,1.00,1.00,129.06,8.34,12.05,69.33,69.84,-32.93,39.01,-0.21,0.08,16.00,6879.70,-56.00,0.00,7.00
890287.00,2019-06-30 17:57:14.287,0.00,905.50,0.00,1.51,0.00,1.00,1.00,129.06,8.34,12.05,69.33,69.84,-32.93,39.01,-0.25,0.08,16.00,6879.70,-56.00,0.00,7.00
890387.00,2019-06-30 17:57:14.387,0.00,905.50,0.00,1.51,0.00,1.00,1.00,129.06,8.34,11.91,69.33,69.84,-32.93,38.96,-0.23,0.09,16.00,6879.70,-56.00,0.00,7.00
890487.00,2019-06-30 17:57:14.487,0.00,905.50,0.00,1.51,0.00,1.00,1.00,129.06,8.34,12.05,69.36,69.74,-32.80,38.96,-0.23,0.09,16.00,6879.70,-56.00,0.00,7.00
890587.00,2019-06-30 17:57:14.587,0.00,905.50,0.00,1.51,0.00,1.00,1.00,129.06,8.34,12.06,69.36,69.74,-32.80,38.96,-0.23,0.09,16.00,6879.70,-56.00,0.00,7.00
890687.00,2019-06-30 17:57:14.687,0.00,905.50,0.00,1.51,0.00,1.00,1.00,129.06,8.34,12.04,69.35,69.72,-32.80,38.96,-0.23,0.08,16.00,6879.70,-56.00,0.00,7.00
890787.00,2019-06-30 17:57:14.787,0.00,905.50,0.00,1.51,0.00,1.00,1.00,129.06,8.34,12.06,69.35,69.72,-32.83,38.98,-0.24,0.09,16.00,6879.70,-56.00,0.00,7.00
890887.00,2019-06-30 17:57:14.887,0.00,905.50,0.00,1.51,0.00,1.00,1.00,129.06,8.34,11.93,69.35,69.72,-32.83,38.98,-0.22,0.09,16.00,6879.70,-56.00,0.00,7.00
890987.00,2019-06-30 17:57:14.987,0.00,905.50,0.00,1.51,0.00,1.00,1.00,129.06,8.34,12.06,69.35,69.75,-32.73,38.98,-0.24,0.08,16.00,6879.70,-56.00,0.00,7.00
891087.00,2019-06-30 17:57:15.087,0.00,905.50,0.00,1.51,0.00,1.00,1.00,129.06,8.34,12.05,69.35,69.75,-32.73,38.98,-0.23,0.08,16.00,6879.70,-56.00,0.00,7.00
891187.00,2019-06-30 17:57:15.187,0.00,905.50,0.00,1.51,0.00,1.00,1.00,129.06,8.34,11.92,69.35,69.75,-32.73,39.02,-0.23,0.08,16.00,6879.70,-56.00,0.00,7.00
891287.00,2019-06-30 17:57:15.287,0.00,905.50,0.00,1.51,0.00,1.00,1.00,129.06,8.34,12.06,69.30,69.75,-32.72,39.02,-0.24,0.08,16.00,6879.70,-56.00,0.00,7.00
891387.00,2019-06-30 17:57:15.387,0.00,905.50,0.00,1.51,0.00,1.00,1.00,129.06,8.34,11.91,69.30,69.75,-32.72,39.02,-0.22,0.09,16.00,6879.70,-56.00,0.00,7.00
891487.00,2019-06-30 17:57:15.487,0.00,905.50,0.00,1.51,0.00,1.00,1.00,129.06,8.34,12.05,69.34,69.72,-32.73,39.02,-0.26,0.09,16.00,6879.70,-56.00,0.00,7.00
891587.00,2019-06-30 17:57:15.587,0.00,905.50,0.00,1.51,0.00,1.00,1.00,129.06,8.34,12.07,69.34,69.72,-32.73,39.05,-0.24,0.08,16.00,6879.70,-56.00,0.00,7.00
891687.00,2019-06-30 17:57:15.687,0.00,905.50,0.00,1.51,0.00,1.00,1.00,129.06,8.34,11.90,69.34,69.70,-32.73,39.05,-0.23,0.08,16.00,6879.70,-56.00,0.00,7.00
891787.00,2019-06-30 17:57:15.787,0.00,905.50,0.00,1.51,0.00,1.00,1.00,129.06,8.34,12.07,69.36,69.70,-32.55,39.05,-0.24,0.09,16.00,6879.70,-56.00,0.00,7.00
891887.00,2019-06-30 17:57:15.887,0.00,905.50,0.00,1.51,0.00,1.00,1.00,129.06,8.34,12.05,69.36,69.70,-32.55,39.05,-0.24,0.09,16.00,6879.70,-56.00,0.00,7.00
891987.00,2019-06-30 17:57:15.987,0.00,905.50,0.00,1.51,0.00,1.00,1.00,129.06,8.34,11.92,69.33,69.73,-32.55,38.98,-0.25,0.08,16.00,6879.70,-56.00,0.00,7.00
892087.00,2019-06-30 17:57:16.087,0.00,905.50,0.00,1.51,0.00,1.00,1.00,129.06,8.34,12.06,69.33,69.73,-32.53,38.98,-0.22,0.09,16.00,6879.70,-56.00,0.00,7.00
892187.00,2019-06-30 17:57:16.187,0.00,905.50,0.00,1.51,0.00,1.00,1.00,129.06,8.34,12.05,69.33,69.72,-32.53,38.98,-0.22,0.08,16.00,6879.70,-56.00,0.00,7.00
892287.00,2019-06-30 17:57:16.287,0.00,905.50,0.00,1.51,0.00,1.00,1.00,129.06,8.34,11.94,69.33,69.72,-32.61,38.98,-0.24,0.09,16.00,6879.70,-56.00,0.00,7.00
892387.00,2019-06-30 17:57:16.387,0.00,905.50,0.00,1.51,0.00,1.00,1.00,129.06,8.34,12.04,69.33,69.72,-32.61,39.03,-0.23,0.08,16.00,6879.70,-56.00,0.00,7.00
892487.00,2019-06-30 17:57:16.487,0.00,905.50,0.00,1.51,0.00,1.00,1.00,129.06,8.34,12.07,69.30,69.70,-32.61,39.03,-0.24,0.08,16.00,6879.70,-56.00,0.00,7.00
892587.00,2019-06-30 17:57:16.587,0.00,905.50,0.00,1.51,0.00,1.00,1.00,129.06,8.34,11.92,69.30,69.70,-32.52,39.03,-0.21,0.08,16.00,6879.70,-56.00,0.00,7.00
892687.00,2019-06-30 17:57:16.687,0.00,905.50,0.00,1.51,0.00,1.00,1.00,129.06,8.34,12.06,69.30,69.73,-32.52,39.03,-0.25,0.09,16.00,6879.70,-56.00,0.00,7.00
892787.00,2019-06-30 17:57:16.787,0.00,905.50,0.00,1.51,0.00,1.00,1.00,129.06,8.34,12.07,69.34,69.73,-32.38,39.05,-0.23,0.09,16.00,6879.70,-56.00,0.00,7.00
892887.00,2019-06-30 17:57:16.887,0.00,905.50,0.00,1.51,0.00,1.00,1.00,129.06,8.34,11.91,69.34,69.73,-32.38,39.05,-0.22,0.09,16.00,6879.70,-56.00,0.00,7.00
892987.00,2019-06-30 17:57:16.987,0.00,905.50,0.00,1.51,0.00,1.00,1.00,129.06,8.34,12.07,69.34,69.70,-32.38,39.05,-0.24,0.08,16.00,6879.70,-56.00,0.00,7.00
893087.00,2019-06-30 17:57:17.087,0.00,905.50,0.00,1.51,0.00,1.00,1.00,129.06,8.34,12.05,69.34,69.70,-32.32,39.05,-0.22,0.08,16.00,6879.70,-56.00,0.00,7.00
893187.00,2019-06-30 17:57:17.187,0.00,905.50,0.00,1.51,0.00,1.00,1.00,129.06,8.34,11.93,69.34,69.63,-32.32,39.00,-0.23,0.08,16.00,6879.70,-56.00,0.00,7.00
893287.00,2019-06-30 17:57:17.287,0.00,905.50,0.00,1.51,0.00,1.00,1.00,129.06,8.34,12.06,69.34,69.63,-32.32,39.00,-0.23,0.08,16.00,6879.70,-56.00,0.00,7.00
893387.00,2019-06-30 17:57:17.387,0.00,905.50,0.00,1.51,0.00,1.00,1.00,129.06,8.34,12.04,69.34,69.63,-32.40,39.00,-0.23,0.08,16.00,6879.70,-56.00,0.00,7.00
893487.00,2019-06-30 17:57:17.487,0.00,905.50,0.00,1.51,0.00,1.00,1.00,129.06,8.34,11.94,69.34,69.74,-32.40,39.00,-0.23,0.09,16.00,6879.70,-56.00,0.00,7.00
893587.00,2019-06-30 17:57:17.587,0.00,905.50,0.00,1.51,0.00,1.00,1.00,129.06,8.34,12.04,69.29,69.74,-32.22,39.05,-0.23,0.08,16.00,6879.70,-56.00,0.00,7.00
893687.00,2019-06-30 17:57:17.687,0.00,905.50,0.00,1.51,0.00,1.00,1.00,129.06,8.34,12.07,69.29,69.70,-32.22,39.05,-0.23,0.09,16.00,6879.70,-56.00,0.00,7.00
893787.00,2019-06-30 17:57:17.787,0.00,905.50,0.00,1.51,0.00,1.00,1.00,129.06,8.34,12.07,69.40,69.70,-32.22,39.05,-0.20,0.08,16.00,6879.70,-56.00,0.00,7.00
893887.00,2019-06-30 17:57:17.887,0.00,905.50,0.00,1.51,0.00,1.00,1.00,129.06,8.34,12.07,69.40,69.70,-32.20,39.05,-0.25,0.08,16.00,6879.70,-56.00,0.00,7.00
893987.00,2019-06-30 17:57:17.987,0.00,905.50,0.00,1.51,0.00,1.00,1.00,129.06,8.34,12.05,69.40,69.70,-32.20,39.05,-0.23,0.08,16.00,6879.70,-56.00,0.00,7.00
894087.00,2019-06-30 17:57:18.087,0.00,905.50,0.00,1.51,0.00,1.00,1.00,129.06,8.34,12.05,69.41,69.70,-32.16,39.05,-0.23,0.08,16.00,6879.70,-56.00,0.00,7.00
894187.00,2019-06-30 17:57:18.187,0.00,905.50,0.00,1.51,0.00,1.00,1.00,129.06,8.34,12.05,69.41,69.70,-32.16,39.05,-0.23,0.09,16.00,6879.70,-56.00,0.00,7.00
894287.00,2019-06-30 17:57:18.287,0.00,905.50,0.00,1.51,0.00,1.00,1.00,129.06,8.34,12.04,69.41,69.70,-32.16,39.05,-0.23,0.08,16.00,6879.70,-56.00,0.00,7.00
894387.00,2019-06-30 17:57:18.387,0.00,905.50,0.00,1.51,0.00,1.00,1.00,129.06,8.34,11.94,69.38,69.70,-32.13,39.03,-0.23,0.09,16.00,6879.70,-56.00,0.00,7.00
894487.00,2019-06-30 17:57:18.487,0.00,905.50,0.00,1.51,0.00,1.00,1.00,129.06,8.34,12.04,69.38,69.68,-32.13,39.03,-0.24,0.09,16.00,6879.70,-56.00,0.00,7.00
894587.00,2019-06-30 17:57:18.587,0.00,905.50,0.00,1.51,0.00,1.00,1.00,129.06,8.34,12.07,69.45,69.68,-32.13,39.03,-0.22,0.09,16.00,6879.70,-56.00,0.00,7.00
894687.00,2019-06-30 17:57:18.687,0.00,905.50,0.00,1.51,0.00,1.00,1.00,129.06,8.34,12.06,69.45,69.65,-32.02,39.03,-0.23,0.08,16.00,6879.70,-56.00,0.00,7.00
894787.00,2019-06-30 17:57:18.787,0.00,905.50,0.00,1.51,0.00,1.00,1.00,129.06,8.34,12.04,69.45,69.65,-32.02,39.03,-0.23,0.08,16.00,6879.70,-56.00,0.00,7.00
894887.00,2019-06-30 17:57:18.887,0.00,905.50,0.00,1.51,0.00,1.00,1.00,129.06,8.34,11.94,69.38,69.65,-32.05,39.03,-0.24,0.09,16.00,6879.70,-56.00,0.00,7.00
894987.00,2019-06-30 17:57:18.987,0.00,905.50,0.00,1.51,0.00,1.00,1.00,129.06,8.34,12.04,69.38,69.61,-32.05,39.03,-0.21,0.09,16.00,6879.70,-56.00,0.00,7.00
895087.00,2019-06-30 17:57:19.087,0.00,905.50,0.00,1.51,0.00,1.00,1.00,129.06,8.34,12.07,69.45,69.61,-32.05,39.03,-0.26,0.09,16.00,6879.70,-56.00,0.00,7.00
895187.00,2019-06-30 17:57:19.187,0.00,905.50,0.00,1.51,0.00,1.00,1.00,129.06,8.34,11.91,69.45,69.65,-31.94,39.05,-0.23,0.09,16.00,6879.70,-56.00,0.00,7.00
895287.00,2019-06-30 17:57:19.287,0.00,905.50,0.00,1.51,0.00,1.00,1.00,129.06,8.34,12.06,69.45,69.65,-31.94,39.05,-0.23,0.09,16.00,6879.70,-56.00,0.00,7.00
895387.00,2019-06-30 17:57:19.387,0.00,905.50,0.00,1.51,0.00,1.00,1.00,129.06,8.34,12.06,69.41,69.65,-31.93,39.05,-0.23,0.09,16.00,6879.70,-56.00,0.00,7.00
895487.00,2019-06-30 17:57:19.487,0.00,905.50,0.00,1.51,0.00,1.00,1.00,129.06,8.34,12.07,69.41,69.65,-31.93,39.05,-0.23,0.09,16.00,6879.70,-56.00,0.00,7.00
895587.00,2019-06-30 17:57:19.587,0.00,905.50,0.00,1.51,0.00,1.00,1.00,129.06,8.34,12.07,69.38,69.65,-31.93,39.06,-0.25,0.08,16.00,6879.70,-56.00,0.00,7.00
895687.00,2019-06-30 17:57:19.687,0.00,905.50,0.00,1.51,0.00,1.00,1.00,129.06,8.34,11.94,69.38,69.61,-31.85,39.06,-0.25,0.08,16.00,6879.70,-56.00,0.00,7.00
895787.00,2019-06-30 17:57:19.787,0.00,905.50,0.00,1.51,0.00,1.00,1.00,129.06,8.34,11.93,69.38,69.61,-31.85,39.06,-0.23,0.08,16.00,6879.70,-56.00,0.00,7.00
895887.00,2019-06-30 17:57:19.887,0.00,905.50,0.00,1.51,0.00,1.00,1.00,129.06,8.34,12.05,69.42,69.61,-31.85,39.06,-0.24,0.09,16.00,6879.70,-56.00,0.00,7.00
895987.00,2019-06-30 17:57:19.987,0.00,905.50,0.00,1.51,0.00,1.00,1.00,129.06,8.34,12.05,69.42,69.72,-31.88,39.03,-0.22,0.08,16.00,6879.70,-56.00,0.00,7.00
896087.00,2019-06-30 17:57:20.087,0.00,905.50,0.00,1.51,0.00,1.00,1.00,129.06,8.34,12.07,69.42,69.72,-31.88,39.03,-0.24,0.09,16.00,6879.70,-56.00,0.00,7.00
896187.00,2019-06-30 17:57:20.187,0.00,905.50,0.00,1.51,0.00,1.00,1.00,129.06,8.34,12.05,69.35,69.56,-31.85,39.03,-0.22,0.09,16.00,6879.70,-56.00,0.00,7.00
896287.00,2019-06-30 17:57:20.287,0.00,905.50,0.00,1.51,0.00,1.00,1.00,129.06,8.34,11.92,69.35,69.56,-31.85,39.03,-0.25,0.09,16.00,6879.70,-56.00,0.00,7.00
896387.00,2019-06-30 17:57:20.387,0.00,905.50,0.00,1.51,0.00,1.00,1.00,129.06,8.34,12.07,69.43,69.56,-31.85,39.01,-0.23,0.09,16.00,6879.70,-56.00,0.00,7.00
896487.00,2019-06-30 17:57:20.487,0.00,905.50,0.00,1.51,0.00,1.00,1.00,129.06,8.34,12.03,69.43,69.65,-31.78,39.01,-0.23,0.08,16.00,6879.70,-56.00,0.00,7.00
896587.00,2019-06-30 17:57:20.587,0.00,905.50,0.00,1.51,0.00,1.00,1.00,129.06,8.34,11.93,69.43,69.65,-31.78,39.01,-0.24,0.09,16.00,6879.70,-56.00,0.00,7.00
896687.00,2019-06-30 17:57:20.687,0.00,905.50,0.00,1.51,0.00,1.00,1.00,129.06,8.34,12.05,69.35,69.65,-31.71,39.01,-0.23,0.08,16.00,6879.70,-56.00,0.00,7.00
896787.00,2019-06-30 17:57:20.787,0.00,905.50,0.00,1.51,0.00,1.00,1.00,129.06,8.34,12.06,69.35,69.65,-31.71,38.98,-0.25,0.08,16.00,6879.70,-56.00,0.00,7.00
896887.00,2019-06-30 17:57:20.887,0.00,905.50,0.00,1.51,0.00,1.00,1.00,129.06,8.34,11.91,69.47,69.65,-31.71,38.98,-0.24,0.09,16.00,6879.70,-56.00,0.00,7.00
896987.00,2019-06-30 17:57:20.987,0.00,905.50,0.00,1.51,0.00,1.00,1.00,129.06,8.34,12.04,69.47,69.54,-31.71,38.98,-0.23,0.09,16.00,6879.70,-56.00,0.00,7.00
897087.00,2019-06-30 17:57:21.087,0.00,905.50,0.00,1.51,0.00,1.00,1.00,129.06,8.34,11.94,69.47,69.54,-31.71,38.98,-0.24,0.08,16.00,6879.70,-56.00,0.00,7.00
897187.00,2019-06-30 17:57:21.187,0.00,905.50,0.00,1.51,0.00,1.00,1.00,129.06,8.34,12.04,69.36,69.56,-31.71,38.98,-0.21,0.09,16.00,6879.70,-56.00,0.00,7.00
897287.00,2019-06-30 17:57:21.287,0.00,905.50,0.00,1.51,0.00,1.00,1.00,129.06,8.34,12.06,69.36,69.56,-31.68,38.98,-0.24,0.09,16.00,6879.70,-56.00,0.00,7.00
897387.00,2019-06-30 17:57:21.387,0.00,905.50,0.00,1.51,0.00,1.00,1.00,129.06,8.34,11.92,69.36,69.56,-31.68,38.98,-0.23,0.08,16.00,6879.70,-56.00,0.00,7.00
897487.00,2019-06-30 17:57:21.487,0.00,905.50,0.00,1.51,0.00,1.00,1.00,129.06,8.34,12.05,69.36,69.57,-31.60,38.98,-0.26,0.09,16.00,6879.70,-56.00,0.00,7.00
897587.00,2019-06-30 17:57:21.587,0.00,905.50,0.00,1.51,0.00,1.00,1.00,129.06,8.34,12.05,69.36,69.57,-31.60,38.98,-0.23,0.09,16.00,6879.70,-56.00,0.00,7.00
897687.00,2019-06-30 17:57:21.687,0.00,905.50,0.00,1.51,0.00,1.00,1.00,129.06,8.34,12.06,69.38,69.61,-31.60,38.98,-0.23,0.08,16.00,6879.70,-56.00,0.00,7.00
897787.00,2019-06-30 17:57:21.787,0.00,905.50,0.00,1.51,0.00,1.00,1.00,129.06,8.34,12.07,69.38,69.61,-31.45,38.98,-0.24,0.09,16.00,6879.70,-56.00,0.00,7.00
897887.00,2019-06-30 17:57:21.887,0.00,905.50,0.00,1.51,0.00,1.00,1.00,129.06,8.34,12.05,69.38,69.61,-31.45,38.98,-0.22,0.09,16.00,6879.70,-56.00,0.00,7.00
897987.00,2019-06-30 17:57:21.987,0.00,905.50,0.00,1.51,0.00,1.00,1.00,129.06,8.34,11.93,69.34,69.55,-31.45,39.05,-0.24,0.08,16.00,6879.70,-56.00,0.00,7.00
898087.00,2019-06-30 17:57:22.087,0.00,905.50,0.00,1.51,0.00,1.00,1.00,129.06,8.34,12.06,69.34,69.55,-31.45,39.05,-0.23,0.09,16.00,6879.70,-56.00,0.00,7.00
898187.00,2019-06-30 17:57:22.187,0.00,905.50,0.00,1.51,0.00,1.00,1.00,129.06,8.34,12.04,69.40,69.54,-31.45,39.05,-0.22,0.08,16.00,6879.70,-56.00,0.00,7.00
898287.00,2019-06-30 17:57:22.287,0.00,905.50,0.00,1.51,0.00,1.00,1.00,129.06,8.34,11.94,69.40,69.54,-31.30,39.05,-0.25,0.09,16.00,6879.70,-56.00,0.00,7.00
898387.00,2019-06-30 17:57:22.387,0.00,905.50,0.00,1.51,0.00,1.00,1.00,129.06,8.34,12.04,69.40,69.54,-31.30,38.88,-0.23,0.09,16.00,6879.70,-56.00,0.00,7.00
898487.00,2019-06-30 17:57:22.487,0.00,905.50,0.00,1.51,0.00,1.00,1.00,129.06,8.34,12.06,69.38,69.50,-31.30,38.88,-0.25,0.09,16.00,6879.70,-56.00,0.00,7.00
898587.00,2019-06-30 17:57:22.587,0.00,905.50,0.00,1.51,0.00,1.00,1.00,129.06,8.34,11.92,69.38,69.50,-31.34,38.88,-0.21,0.09,16.00,6879.70,-56.00,0.00,7.00
898687.00,2019-06-30 17:57:22.687,0.00,905.50,0.00,1.51,0.00,1.00,1.00,129.06,8.34,12.05,69.41,69.55,-31.34,38.88,-0.26,0.09,16.00,6879.70,-56.00,0.00,7.00
898787.00,2019-06-30 17:57:22.787,0.00,905.50,0.00,1.51,0.00,1.00,1.00,129.06,8.34,12.07,69.41,69.55,-31.35,38.96,-0.23,0.08,16.00,6879.70,-56.00,0.00,7.00
898887.00,2019-06-30 17:57:22.887,0.00,905.50,0.00,1.51,0.00,1.00,1.00,129.06,8.34,11.90,69.41,69.55,-31.35,38.96,-0.23,0.09,16.00,6879.70,-56.00,0.00,7.00
898987.00,2019-06-30 17:57:22.987,0.00,905.50,0.00,1.51,0.00,1.00,1.00,129.06,8.34,12.07,69.42,69.57,-31.35,38.96,-0.23,0.09,16.00,6879.70,-56.00,0.00,7.00
899087.00,2019-06-30 17:57:23.087,1.89,905.62,0.00,1.51,0.00,1.00,1.00,129.08,8.34,12.04,69.42,69.57,-31.33,38.96,-0.23,0.08,16.00,6879.70,-56.00,0.00,7.00
899187.00,2019-06-30 17:57:23.187,1.89,905.62,0.00,1.51,0.00,1.00,1.00,129.08,8.34,11.92,69.42,69.56,-31.33,39.01,-0.24,0.09,16.00,6879.70,-56.00,0.00,7.00
899287.00,2019-06-30 17:57:23.287,1.89,905.62,0.00,1.51,0.00,1.00,1.00,129.08,8.34,12.04,69.45,69.56,-31.23,39.01,-0.23,0.09,16.00,6879.70,-56.00,0.00,7.00
899387.00,2019-06-30 17:57:23.387,1.89,905.62,0.00,1.51,0.00,1.00,1.00,129.08,8.34,11.90,69.45,69.56,-31.23,39.01,-0.22,0.09,16.00,6879.70,-56.00,0.00,7.00
899487.00,2019-06-30 17:57:23.487,0.00,905.62,0.00,1.51,0.00,1.00,1.00,129.08,8.34,12.06,69.47,69.52,-31.23,39.01,-0.24,0.09,16.00,6879.70,-56.00,0.00,7.00
899587.00,2019-06-30 17:57:23.587,0.00,905.62,0.00,1.51,0.00,1.00,1.00,129.08,8.34,12.04,69.47,69.52,-31.13,39.02,-0.24,0.08,16.00,6879.70,-56.00,0.00,7.00
899687.00,2019-06-30 17:57:23.687,1.47,905.62,0.00,1.51,0.00,1.00,1.00,129.08,8.34,12.04,69.47,69.49,-31.13,39.02,-0.25,0.08,16.00,6879.70,-56.00,0.00,7.00
899787.00,2019-06-30 17:57:23.787,1.47,905.62,0.00,1.51,0.00,1.00,1.00,129.08,8.34,12.03,69.43,69.49,-31.13,39.02,-0.21,0.08,16.00,6879.70,-56.00,0.00,7.00
899887.00,2019-06-30 17:57:23.887,1.47,905.62,0.00,1.51,0.00,1.00,1.00,129.08,8.34,11.92,69.43,69.49,-31.08,39.02,-0.27,0.08,16.00,6879.70,-56.00,0.00,7.00
899987.00,2019-06-30 17:57:23.987,1.47,905.62,0.00,1.51,0.00,1.00,1.00,129.08,8.34,12.07,69.42,69.45,-31.08,38.98,-0.22,0.08,16.00,6879.70,-56.00,0.00,7.00
900087.00,2019-06-30 17:57:24.087,0.00,905.62,0.00,1.51,0.00,1.00,1.00,129.08,8.34,12.03,69.42,69.45,-31.02,38.98,-0.22,0.08,16.00,6879.70,-56.00,0.00,7.00
900187.00,2019-06-30 17:57:24.187,0.00,905.62,0.00,1.51,0.00,1.00,1.00,129.08,8.34,11.93,69.42,69.48,-31.02,38.98,-0.24,0.08,16.00,6879.70,-56.00,0.00,7.00
900287.00,2019-06-30 17:57:24.287,-0.00,905.62,0.00,1.51,0.00,1.00,1.00,129.08,8.34,12.03,69.38,69.48,-31.02,38.98,-0.22,0.09,16.00,6879.70,-56.00,0.00,7.00
900387.00,2019-06-30 17:57:24.387,-0.00,905.62,0.00,1.51,0.00,1.00,1.00,129.08,8.34,12.06,69.38,69.48,-31.06,38.96,-0.25,0.09,16.00,6879.70,-56.00,0.00,7.00
900487.00,2019-06-30 17:57:24.487,0.00,905.62,0.00,1.51,0.00,1.00,1.00,129.08,8.34,12.06,69.38,69.41,-31.06,38.96,-0.23,0.08,16.00,6879.70,-56.00,0.00,7.00
900587.00,2019-06-30 17:57:24.587,0.00,905.62,0.00,1.51,0.00,1.00,1.00,129.08,8.34,12.04,69.40,69.41,-30.93,38.96,-0.23,0.08,16.00,6879.70,-56.00,0.00,7.00
900687.00,2019-06-30 17:57:24.687,0.00,905.62,0.00,1.51,0.00,1.00,1.00,129.08,8.34,12.06,69.40,69.38,-30.93,38.96,-0.24,0.09,16.00,6879.70,-56.00,0.00,7.00
900787.00,2019-06-30 17:57:24.787,0.00,905.62,0.00,1.51,0.00,1.00,1.00,129.08,8.34,12.05,69.41,69.38,-30.93,39.03,-0.23,0.09,16.00,6879.70,-56.00,0.00,7.00
900887.00,2019-06-30 17:57:24.887,0.00,905.62,0.00,1.51,0.00,1.00,1.00,129.08,8.34,12.07,69.41,69.38,-30.90,39.03,-0.25,0.09,16.00,6879.70,-56.00,0.00,7.00
900987.00,2019-06-30 17:57:24.987,0.00,905.62,0.00,1.51,0.00,1.00,1.00,129.08,8.34,11.90,69.41,69.38,-30.90,39.03,-0.21,0.09,16.00,6879.70,-56.00,0.00,7.00
901087.00,2019-06-30 17:57:25.087,-0.00,905.62,0.00,1.51,0.00,1.00,1.00,129.08,8.34,12.06,69.45,69.38,-30.90,39.03,-0.26,0.08,16.00,6879.70,-56.00,0.00,7.00
901187.00,2019-06-30 17:57:25.187,-0.00,905.62,0.00,1.51,0.00,1.00,1.00,129.08,8.34,12.04,69.45,69.41,-30.84,38.98,-0.24,0.09,16.00,6879.70,-56.00,0.00,7.00
901287.00,2019-06-30 17:57:25.287,0.00,905.62,0.00,1.51,0.00,1.00,1.00,129.08,8.34,12.05,69.48,69.41,-30.84,38.98,-0.23,0.08,16.00,6879.70,-56.00,0.00,7.00
901387.00,2019-06-30 17:57:25.387,0.00,905.62,0.00,1.51,0.00,1.00,1.00,129.08,8.34,12.05,69.48,69.41,-30.69,38.98,-0.24,0.08,16.00,6879.70,-56.00,0.00,7.00
901487.00,2019-06-30 17:57:25.487,0.00,905.62,0.00,1.51,0.00,1.00,1.00,129.08,8.34,12.03,69.48,69.40,-30.69,38.98,-0.22,0.08,16.00,6879.70,-56.00,0.00,7.00
901587.00,2019-06-30 17:57:25.587,0.00,905.62,0.00,1.51,0.00,1.00,1.00,129.08,8.34,11.94,69.52,69.40,-30.69,39.06,-0.24,0.09,16.00,6879.70,-56.00,0.00,7.00
901687.00,2019-06-30 17:57:25.687,0.00,905.62,0.00,1.51,0.00,1.00,1.00,129.08,8.34,12.04,69.52,69.41,-30.73,39.06,-0.23,0.08,16.00,6879.70,-56.00,0.00,7.00
901787.00,2019-06-30 17:57:25.787,0.00,905.62,0.00,1.51,0.00,1.00,1.00,129.08,8.34,12.06,69.48,69.41,-30.73,39.06,-0.24,0.08,16.00,6879.70,-56.00,0.00,7.00
901887.00,2019-06-30 17:57:25.887,-0.00,905.62,0.00,1.51,0.00,1.00,1.00,129.08,8.34,11.92,69.48,69.41,-30.65,39.06,-0.23,0.08,16.00,6879.70,-56.00,0.00,7.00
901987.00,2019-06-30 17:57:25.987,-0.00,905.62,0.00,1.51,0.00,1.00,1.00,129.08,8.34,12.04,69.48,69.38,-30.65,39.05,-0.23,0.09,16.00,6879.70,-56.00,0.00,7.00
902087.00,2019-06-30 17:57:26.087,0.00,905.62,0.00,1.51,0.00,1.00,1.00,129.08,8.34,11.93,69.52,69.38,-30.65,39.05,-0.25,0.08,16.00,6879.70,-56.00,0.00,7.00
902187.00,2019-06-30 17:57:26.187,0.00,905.62,0.00,1.51,0.00,1.00,1.00,129.08,8.34,12.05,69.52,69.43,-30.64,39.05,-0.22,0.08,16.00,6879.70,-56.00,0.00,7.00
902287.00,2019-06-30 17:57:26.287,0.00,905.62,0.00,1.51,0.00,1.00,1.00,129.08,8.34,12.05,69.52,69.43,-30.64,39.05,-0.26,0.08,16.00,6879.70,-56.00,0.00,7.00
902387.00,2019-06-30 17:57:26.387,0.00,905.62,0.00,1.51,0.00,1.00,1.00,129.08,8.34,11.93,69.42,69.43,-30.64,38.98,-0.23,0.09,16.00,6879.70,-56.00,0.00,7.00
902487.00,2019-06-30 17:57:26.487,0.00,905.62,0.00,1.51,0.00,1.00,1.00,129.08,8.34,12.03,69.42,69.42,-30.63,38.98,-0.23,0.08,16.00,6879.70,-56.00,0.00,7.00
902587.00,2019-06-30 17:57:26.587,0.00,905.62,0.00,1.51,0.00,1.00,1.00,129.08,8.34,12.06,69.48,69.42,-30.63,38.98,-0.24,0.08,16.00,6879.70,-56.00,0.00,7.00
902687.00,2019-06-30 17:57:26.687,-0.00,905.62,0.00,1.51,0.00,1.00,1.00,129.08,8.34,11.91,69.48,69.40,-30.63,38.98,-0.21,0.08,16.00,6879.70,-56.00,0.00,7.00
902787.00,2019-06-30 17:57:26.787,-0.00,905.62,0.00,1.51,0.00,1.00,1.00,129.08,8.34,12.05,69.48,69.40,-30.63,39.05,-0.24,0.08,16.00,6879.70,-56.00,0.00,7.00
902887.00,2019-06-30 17:57:26.887,0.00,905.62,0.00,1.51,0.00,1.00,1.00,129.08,8.34,11.93,69.47,69.40,-30.63,39.05,-0.25,0.08,16.00,6879.70,-56.00,0.00,7.00
902987.00,2019-06-30 17:57:26.987,0.00,905.62,0.00,1.51,0.00,1.00,1.00,129.08,8.34,12.04,69.47,69.36,-30.52,39.05,-0.23,0.09,16.00,6879.70,-56.00,0.00,7.00
903087.00,2019-06-30 17:57:27.087,0.00,905.62,0.00,1.51,0.00,1.00,1.00,129.08,8.34,11.92,69.50,69.36,-30.52,39.05,-0.23,0.08,16.00,6879.70,-56.00,0.00,7.00
903187.00,2019-06-30 17:57:27.187,0.00,905.62,0.00,1.51,0.00,1.00,1.00,129.08,8.34,11.92,69.50,69.40,-30.43,39.05,-0.23,0.08,16.00,6879.70,-56.00,0.00,7.00
903287.00,2019-06-30 17:57:27.287,0.00,905.62,0.00,1.51,0.00,1.00,1.00,129.08,8.34,12.07,69.50,69.40,-30.43,39.05,-0.25,0.08,16.00,6879.70,-56.00,0.00,7.00
903387.00,2019-06-30 17:57:27.387,0.00,905.62,0.00,1.51,0.00,1.00,1.00,129.08,8.34,11.93,69.38,69.40,-30.43,39.05,-0.21,0.08,16.00,6879.70,-56.00,0.00,7.00
903487.00,2019-06-30 17:57:27.487,-0.00,905.62,0.00,1.51,0.00,1.00,1.00,129.08,8.34,11.93,69.38,69.29,-30.35,39.05,-0.26,0.08,16.00,6879.70,-56.00,0.00,7.00
903587.00,2019-06-30 17:57:27.587,-0.00,905.62,0.00,1.51,0.00,1.00,1.00,129.08,8.34,12.04,69.38,69.29,-30.35,39.06,-0.24,0.08,16.00,6879.70,-56.00,0.00,7.00
903687.00,2019-06-30 17:57:27.687,0.00,905.62,0.00,1.51,0.00,1.00,1.00,129.08,8.34,12.06,69.45,69.30,-30.35,39.06,-0.23,0.09,16.00,6879.70,-56.00,0.00,7.00
903787.00,2019-06-30 17:57:27.787,0.00,905.62,0.00,1.51,0.00,1.00,1.00,129.08,8.34,11.93,69.45,69.30,-30.36,39.06,-0.24,0.08,16.00,6879.70,-56.00,0.00,7.00
903887.00,2019-06-30 17:57:27.887,0.00,905.62,0.00,1.51,0.00,1.00,1.00,129.08,8.34,12.04,69.40,69.30,-30.36,39.06,-0.22,0.08,16.00,6879.70,-56.00,0.00,7.00
903987.00,2019-06-30 17:57:27.987,0.00,905.62,0.00,1.51,0.00,1.00,1.00,129.08,8.34,11.92,69.40,69.33,-30.28,39.05,-0.24,0.08,16.00,6879.70,-56.00,0.00,7.00
904087.00,2019-06-30 17:57:28.087,0.00,905.62,0.00,1.51,0.00,1.00,1.00,129.08,8.34,12.06,69.40,69.33,-30.28,39.05,-0.23,0.08,16.00,6879.70,-56.00,0.00,7.00
904187.00,2019-06-30 17:57:28.187,0.00,905.62,0.00,1.51,0.00,1.00,1.00,129.08,8.34,12.04,69.48,69.35,-30.28,39.05,-0.22,0.08,16.00,6879.70,-56.00,0.00,7.00
904287.00,2019-06-30 17:57:28.287,-0.00,905.62,0.00,1.51,0.00,1.00,1.00,129.08,8.34,11.93,69.48,69.35,-30.23,39.05,-0.23,0.08,16.00,6879.70,-56.00,0.00,7.00
904387.00,2019-06-30 17:57:28.387,-0.00,905.62,0.00,1.51,0.00,1.00,1.00,129.08,8.34,12.04,69.45,69.35,-30.23,39.05,-0.23,0.08,16.00,6879.70,-56.00,0.00,7.00
904487.00,2019-06-30 17:57:28.487,0.00,905.62,0.00,1.51,0.00,1.00,1.00,129.08,8.34,12.06,69.45,69.33,-30.15,39.05,-0.24,0.08,16.00,6879.70,-56.00,0.00,7.00
904587.00,2019-06-30 17:57:28.587,0.00,905.62,0.00,1.51,0.00,1.00,1.00,129.08,8.34,11.92,69.45,69.33,-30.15,39.05,-0.21,0.09,16.00,6879.70,-56.00,0.00,7.00
904687.00,2019-06-30 17:57:28.687,0.00,905.62,0.00,1.51,0.00,1.00,1.00,129.08,8.34,12.04,69.45,69.33,-30.15,39.05,-0.23,0.09,16.00,6879.70,-56.00,0.00,7.00
904787.00,2019-06-30 17:57:28.787,0.00,905.62,0.00,1.51,0.00,1.00,1.00,129.08,8.34,12.07,69.45,69.33,-30.09,39.08,-0.22,0.08,16.00,6879.70,-56.00,0.00,7.00
904887.00,2019-06-30 17:57:28.887,0.00,905.62,0.00,1.51,0.00,1.00,1.00,129.08,8.34,11.92,69.47,69.33,-30.09,39.08,-0.22,0.08,16.00,6879.70,-56.00,0.00,7.00
904987.00,2019-06-30 17:57:28.987,0.00,905.62,0.00,1.51,0.00,1.00,1.00,129.08,8.34,12.06,69.47,69.34,-30.09,39.08,-0.24,0.08,16.00,6879.70,-56.00,0.00,7.00
905087.00,2019-06-30 17:57:29.087,-0.00,905.62,0.00,1.51,0.00,1.00,1.00,129.08,8.34,11.91,69.47,69.34,-30.06,39.08,-0.23,0.08,16.00,6879.70,-56.00,0.00,7.00
905187.00,2019-06-30 17:57:29.187,-0.00,905.62,0.00,1.51,0.00,1.00,1.00,129.08,8.34,12.05,69.40,69.24,-30.06,39.06,-0.24,0.08,16.00,6879.70,-56.00,0.00,7.00
905287.00,2019-06-30 17:57:29.287,0.00,905.62,0.00,1.51,0.00,1.00,1.00,129.08,8.34,12.06,69.40,69.24,-30.01,39.06,-0.24,0.09,16.00,6879.70,-56.00,0.00,7.00
905387.00,2019-06-30 17:57:29.387,0.00,905.62,0.00,1.51,0.00,1.00,1.00,129.08,8.34,11.90,69.40,69.24,-30.01,39.06,-0.23,0.08,16.00,6879.70,-56.00,0.00,7.00
905487.00,2019-06-30 17:57:29.487,0.00,905.62,0.00,1.51,0.00,1.00,1.00,129.08,8.34,12.07,69.48,69.27,-30.01,39.06,-0.24,0.08,16.00,6879.70,-56.00,0.00,7.00
905587.00,2019-06-30 17:57:29.587,0.00,905.62,0.00,1.51,0.00,1.00,1.00,129.08,8.34,12.04,69.48,69.27,-29.98,39.05,-0.24,0.08,16.00,6879.70,-56.00,0.00,7.00
905687.00,2019-06-30 17:57:29.687,0.00,905.62,0.00,1.51,0.00,1.00,1.00,129.08,8.34,11.93,69.47,69.31,-29.98,39.05,-0.24,0.08,16.00,6879.70,-56.00,0.00,7.00
905787.00,2019-06-30 17:57:29.787,0.00,905.62,0.00,1.51,0.00,1.00,1.00,129.08,8.34,12.05,69.47,69.31,-29.89,39.05,-0.21,0.08,16.00,6879.70,-56.00,0.00,7.00
905887.00,2019-06-30 17:57:29.887,0.00,905.62,0.00,1.51,0.00,1.00,1.00,129.08,8.34,12.04,69.47,69.31,-29.89,39.05,-0.26,0.08,16.00,6879.70,-56.00,0.00,7.00
905987.00,2019-06-30 17:57:29.987,0.00,905.62,0.00,1.51,0.00,1.00,1.00,129.08,8.34,11.93,69.47,69.28,-29.89,39.08,-0.22,0.08,16.00,6879.70,-56.00,0.00,7.00
906087.00,2019-06-30 17:57:30.087,0.00,905.62,0.00,1.51,0.00,1.00,1.00,129.08,8.34,12.03,69.47,69.28,-29.97,39.08,-0.23,0.09,16.00,6879.70,-56.00,0.00,7.00
906187.00,2019-06-30 17:57:30.187,0.00,905.62,0.00,1.51,0.00,1.00,1.00,129.08,8.34,12.06,69.38,69.26,-29.97,39.08,-0.24,0.08,16.00,6879.70,-56.00,0.00,7.00
906287.00,2019-06-30 17:57:30.287,0.00,905.62,0.00,1.51,0.00,1.00,1.00,129.08,8.34,11.91,69.38,69.26,-29.97,39.08,-0.22,0.08,16.00,6879.70,-56.00,0.00,7.00
906387.00,2019-06-30 17:57:30.387,0.00,905.62,0.00,1.51,0.00,1.00,1.00,129.08,8.34,12.07,69.38,69.26,-29.81,39.10,-0.24,0.08,16.00,6879.70,-56.00,0.00,7.00
906487.00,2019-06-30 17:57:30.487,0.00,905.62,0.00,1.51,0.00,1.00,1.00,129.08,8.34,12.04,69.43,69.22,-29.81,39.10,-0.24,0.08,16.00,6879.70,-56.00,0.00,7.00
906587.00,2019-06-30 17:57:30.587,0.00,905.62,0.00,1.51,0.00,1.00,1.00,129.08,8.34,12.03,69.43,69.22,-29.79,39.10,-0.22,0.08,16.00,6879.70,-56.00,0.00,7.00
906687.00,2019-06-30 17:57:30.687,0.00,905.62,0.00,1.51,0.00,1.00,1.00,129.08,8.34,12.06,69.43,69.20,-29.79,39.10,-0.24,0.08,16.00,6879.70,-56.00,0.00,7.00
906787.00,2019-06-30 17:57:30.787,0.00,905.62,0.00,1.51,0.00,1.00,1.00,129.08,8.34,11.90,69.49,69.20,-29.79,39.12,-0.23,0.09,16.00,6879.70,-56.00,0.00,7.00
906887.00,2019-06-30 17:57:30.887,0.00,905.62,0.00,1.51,0.00,1.00,1.00,129.08,8.34,12.06,69.49,69.20,-29.71,39.12,-0.26,0.09,16.00,6879.70,-56.00,0.00,7.00
906987.00,2019-06-30 17:57:30.987,0.00,905.62,0.00,1.51,0.00,1.00,1.00,129.08,8.34,12.05,69.56,69.19,-29.71,39.12,-0.21,0.08,16.00,6879.70,-56.00,0.00,7.00
907087.00,2019-06-30 17:57:31.087,0.00,905.62,0.00,1.51,0.00,1.00,1.00,129.08,8.34,11.91,69.56,69.19,-29.80,39.12,-0.26,0.08,16.00,6879.70,-56.00,0.00,7.00
907187.00,2019-06-30 17:57:31.187,0.00,905.62,0.00,1.51,0.00,1.00,1.00,129.08,8.34,12.07,69.56,69.20,-29.80,39.08,-0.24,0.08,16.00,6879.70,-56.00,0.00,7.00
907287.00,2019-06-30 17:57:31.287,0.00,905.62,0.00,1.51,0.00,1.00,1.00,129.08,8.34,12.03,69.50,69.20,-29.80,39.08,-0.23,0.08,16.00,6879.70,-56.00,0.00,7.00
907387.00,2019-06-30 17:57:31.387,0.00,905.62,0.00,1.51,0.00,1.00,1.00,129.08,8.34,11.93,69.50,69.20,-29.63,39.08,-0.24,0.08,16.00,6879.70,-56.00,0.00,7.00
907487.00,2019-06-30 17:57:31.487,0.00,905.62,0.00,1.51,0.00,1.00,1.00,129.08,8.34,12.04,69.59,69.17,-29.63,39.08,-0.23,0.08,16.00,6879.70,-56.00,0.00,7.00
907587.00,2019-06-30 17:57:31.587,0.00,905.62,0.00,1.51,0.00,1.00,1.00,129.08,8.34,12.03,69.59,69.17,-29.63,39.12,-0.24,0.08,16.00,6879.70,-56.00,0.00,7.00
907687.00,2019-06-30 17:57:31.687,0.00,905.62,0.00,1.51,0.00,1.00,1.00,129.08,8.34,12.04,69.59,69.23,-29.55,39.12,-0.23,0.08,16.00,6879.70,-56.00,0.00,7.00
907787.00,2019-06-30 17:57:31.787,0.00,905.62,0.00,1.51,0.00,1.00,1.00,129.08,8.34,11.90,69.52,69.23,-29.55,39.12,-0.23,0.08,16.00,6879.70,-56.00,0.00,7.00
907887.00,2019-06-30 17:57:31.887,0.00,905.62,0.00,1.51,0.00,1.00,1.00,129.08,8.34,12.07,69.52,69.23,-29.54,39.12,-0.23,0.08,16.00,6879.70,-56.00,0.00,7.00
907987.00,2019-06-30 17:57:31.987,0.00,905.62,0.00,1.51,0.00,1.00,1.00,129.08,8.34,12.04,69.52,69.13,-29.54,39.09,-0.25,0.08,16.00,6879.70,-56.00,0.00,7.00
908087.00,2019-06-30 17:57:32.087,0.00,905.62,0.00,1.51,0.00,1.00,1.00,129.08,8.34,11.94,69.41,69.13,-29.54,39.09,-0.24,0.08,16.00,6879.70,-56.00,0.00,7.00
908187.00,2019-06-30 17:57:32.187,0.00,905.62,0.00,1.51,0.00,1.00,1.00,129.08,8.34,12.07,69.41,69.16,-29.45,39.09,-0.21,0.08,16.00,6879.70,-56.00,0.00,7.00
908287.00,2019-06-30 17:57:32.287,0.00,905.62,0.00,1.51,0.00,1.00,1.00,129.08,8.34,12.06,69.47,69.16,-29.45,39.09,-0.25,0.08,16.00,6879.70,-56.00,0.00,7.00
908387.00,2019-06-30 17:57:32.387,0.00,905.62,0.00,1.51,0.00,1.00,1.00,129.08,8.34,12.06,69.47,69.16,-29.45,39.05,-0.23,0.09,16.00,6879.70,-56.00,0.00,7.00
908487.00,2019-06-30 17:57:32.487,0.00,905.62,0.00,1.51,0.00,1.00,1.00,129.08,8.34,12.05,69.47,69.13,-29.50,39.05,-0.22,0.09,16.00,6879.70,-56.00,0.00,7.00
908587.00,2019-06-30 17:57:32.587,0.00,905.62,0.00,1.51,0.00,1.00,1.00,129.08,8.34,11.91,69.57,69.13,-29.50,39.05,-0.24,0.08,16.00,6879.70,-56.00,0.00,7.00
908687.00,2019-06-30 17:57:32.687,0.00,905.62,0.00,1.51,0.00,1.00,1.00,129.08,8.34,11.90,69.57,69.15,-29.42,39.05,-0.21,0.08,16.00,6879.70,-56.00,0.00,7.00
908787.00,2019-06-30 17:57:32.787,0.00,905.62,0.00,1.51,0.00,1.00,1.00,129.08,8.34,12.07,69.45,69.15,-29.42,39.13,-0.25,0.08,16.00,6879.70,-56.00,0.00,7.00
908887.00,2019-06-30 17:57:32.887,0.00,905.62,0.00,1.51,0.00,1.00,1.00,129.08,8.34,11.93,69.45,69.15,-29.42,39.13,-0.23,0.09,16.00,6879.70,-56.00,0.00,7.00
908987.00,2019-06-30 17:57:32.987,0.00,905.62,0.00,1.51,0.00,1.00,1.00,129.08,8.34,12.04,69.45,69.23,-29.42,39.13,-0.23,0.09,16.00,6879.70,-56.00,0.00,7.00
909087.00,2019-06-30 17:57:33.087,0.00,905.62,0.00,1.51,0.00,1.00,1.00,129.08,8.34,12.07,69.59,69.23,-29.42,39.13,-0.24,0.08,16.00,6879.70,-56.00,0.00,7.00
909187.00,2019-06-30 17:57:33.187,0.00,905.62,0.00,1.51,0.00,1.00,1.00,129.08,8.34,11.91,69.59,69.15,-29.34,39.12,-0.22,0.08,16.00,6879.70,-56.00,0.00,7.00
909287.00,2019-06-30 17:57:33.287,0.00,905.62,0.00,1.51,0.00,1.00,1.00,129.08,8.34,12.04,69.59,69.15,-29.34,39.12,-0.24,0.08,16.00,6879.70,-56.00,0.00,7.00
909387.00,2019-06-30 17:57:33.387,0.00,905.62,0.00,1.51,0.00,1.00,1.00,129.08,8.34,12.03,69.59,69.15,-29.34,39.12,-0.20,0.08,16.00,6879.70,-56.00,0.00,7.00
909487.00,2019-06-30 17:57:33.487,0.00,905.62,0.00,1.51,0.00,1.00,1.00,129.08,8.34,12.04,69.59,69.14,-29.30,39.12,-0.26,0.08,16.00,6879.70,-56.00,0.00,7.00
909587.00,2019-06-30 17:57:33.587,0.00,905.62,0.00,1.51,0.00,1.00,1.00,129.08,8.34,12.04,69.57,69.14,-29.30,39.12,-0.24,0.09,16.00,6879.70,-56.00,0.00,7.00
909687.00,2019-06-30 17:57:33.687,0.00,905.62,0.00,1.51,0.00,1.00,1.00,129.08,8.34,12.05,69.57,69.16,-29.30,39.12,-0.23,0.08,16.00,6879.70,-56.00,0.00,7.00
909787.00,2019-06-30 17:57:33.787,0.00,905.62,0.00,1.51,0.00,1.00,1.00,129.08,8.34,11.93,69.57,69.16,-29.27,39.12,-0.25,0.09,16.00,6879.70,-56.00,0.00,7.00
909887.00,2019-06-30 17:57:33.887,0.00,905.62,0.00,1.51,0.00,1.00,1.00,129.08,8.34,12.03,69.50,69.16,-29.27,39.12,-0.22,0.08,16.00,6879.70,-56.00,0.00,7.00
909987.00,2019-06-30 17:57:33.987,0.00,905.62,0.00,1.51,0.00,1.00,1.00,129.08,8.34,12.06,69.50,69.13,-29.21,39.08,-0.24,0.09,16.00,6879.70,-56.00,0.00,7.00
910087.00,2019-06-30 17:57:34.087,0.00,905.62,0.00,1.51,0.00,1.00,1.00,129.08,8.34,11.90,69.59,69.13,-29.21,39.08,-0.23,0.09,16.00,6879.70,-56.00,0.00,7.00
910187.00,2019-06-30 17:57:34.187,0.00,905.62,0.00,1.51,0.00,1.00,1.00,129.08,8.34,12.04,69.59,69.20,-29.21,39.08,-0.23,0.08,16.00,6879.70,-56.00,0.00,7.00
910287.00,2019-06-30 17:57:34.287,0.00,905.62,0.00,1.51,0.00,1.00,1.00,129.08,8.34,11.92,69.59,69.20,-29.19,39.08,-0.23,0.08,16.00,6879.70,-56.00,0.00,7.00
910387.00,2019-06-30 17:57:34.387,0.00,905.62,0.00,1.51,0.00,1.00,1.00,129.08,8.34,12.05,69.52,69.20,-29.19,39.19,-0.23,0.09,16.00,6879.70,-56.00,0.00,7.00
910487.00,2019-06-30 17:57:34.487,0.00,905.62,0.00,1.51,0.00,1.00,1.00,129.08,8.34,12.07,69.52,69.17,-29.02,39.19,-0.23,0.09,16.00,6879.70,-56.00,0.00,7.00
910587.00,2019-06-30 17:57:34.587,0.00,905.62,0.00,1.51,0.00,1.00,1.00,129.08,8.34,11.90,69.55,69.17,-29.02,39.19,-0.21,0.09,16.00,6879.70,-56.00,0.00,7.00
910687.00,2019-06-30 17:57:34.687,0.00,905.62,0.00,1.51,0.00,1.00,1.00,129.08,8.34,12.06,69.55,69.19,-29.02,39.19,-0.26,0.08,16.00,6879.70,-56.00,0.00,7.00
910787.00,2019-06-30 17:57:34.787,0.00,905.62,0.00,1.51,0.00,1.00,1.00,129.08,8.34,12.04,69.55,69.19,-29.02,39.09,-0.22,0.08,16.00,6879.70,-56.00,0.00,7.00
910887.00,2019-06-30 17:57:34.887,0.00,905.62,0.00,1.51,0.00,1.00,1.00,129.08,8.34,12.05,69.48,69.19,-29.02,39.09,-0.23,0.08,16.00,6879.70,-56.00,0.00,7.00
910987.00,2019-06-30 17:57:34.987,0.00,905.62,0.00,1.51,0.00,1.00,1.00,129.08,8.34,12.06,69.48,69.16,-29.02,39.09,-0.23,0.08,16.00,6879.70,-56.00,0.00,7.00
911087.00,2019-06-30 17:57:35.087,0.00,905.62,0.00,1.51,0.00,1.00,1.00,129.08,8.34,11.91,69.48,69.16,-28.95,39.09,-0.23,0.09,16.00,6879.70,-56.00,0.00,7.00
911187.00,2019-06-30 17:57:35.187,0.00,905.62,0.00,1.51,0.00,1.00,1.00,129.08,8.34,12.06,69.52,69.13,-28.95,39.08,-0.25,0.09,16.00,6879.70,-56.00,0.00,7.00
911287.00,2019-06-30 17:57:35.287,0.00,905.62,0.00,1.51,0.00,1.00,1.00,129.08,8.34,12.06,69.52,69.13,-28.88,39.08,-0.23,0.09,16.00,6879.70,-56.00,0.00,7.00
911387.00,2019-06-30 17:57:35.387,0.00,905.62,0.00,1.51,0.00,1.00,1.00,129.08,8.34,11.90,69.52,69.13,-28.88,39.08,-0.24,0.08,16.00,6879.70,-56.00,0.00,7.00
911487.00,2019-06-30 17:57:35.487,0.00,905.62,0.00,1.51,0.00,1.00,1.00,129.08,8.34,12.07,69.52,69.10,-28.88,39.08,-0.23,0.09,16.00,6879.70,-56.00,0.00,7.00
911587.00,2019-06-30 17:57:35.587,0.00,905.62,0.00,1.51,0.00,1.00,1.00,129.08,8.34,12.04,69.52,69.10,-28.88,39.16,-0.22,0.08,16.00,6879.70,-56.00,0.00,7.00
911687.00,2019-06-30 17:57:35.687,0.00,905.62,0.00,1.51,0.00,1.00,1.00,129.08,8.34,11.93,69.59,69.13,-28.88,39.16,-0.24,0.08,16.00,6879.70,-56.00,0.00,7.00
911787.00,2019-06-30 17:57:35.787,0.00,905.62,0.00,1.51,0.00,1.00,1.00,129.08,8.34,12.05,69.59,69.13,-28.80,39.16,-0.21,0.08,16.00,6879.70,-56.00,0.00,7.00
911887.00,2019-06-30 17:57:35.887,0.00,905.62,0.00,1.51,0.00,1.00,1.00,129.08,8.34,12.04,69.54,69.13,-28.80,39.16,-0.25,0.08,16.00,6879.70,-56.00,0.00,7.00
911987.00,2019-06-30 17:57:35.987,0.00,905.62,0.00,1.51,0.00,1.00,1.00,129.08,8.34,11.93,69.54,69.08,-28.80,39.13,-0.23,0.08,16.00,6879.70,-56.00,0.00,7.00
912087.00,2019-06-30 17:57:36.087,0.00,905.62,0.00,1.51,0.00,1.00,1.00,129.08,8.34,12.03,69.54,69.08,-28.79,39.13,-0.24,0.09,16.00,6879.70,-56.00,0.00,7.00
912187.00,2019-06-30 17:57:36.187,0.00,905.62,0.00,1.51,0.00,1.00,1.00,129.08,8.34,12.06,69.56,69.16,-28.79,39.13,-0.24,0.09,16.00,6879.70,-56.00,0.00,7.00
912287.00,2019-06-30 17:57:36.287,0.00,905.62,0.00,1.51,0.00,1.00,1.00,129.08,8.34,11.91,69.56,69.16,-28.79,39.13,-0.22,0.09,16.00,6879.70,-56.00,0.00,7.00
912387.00,2019-06-30 17:57:36.387,0.00,905.62,0.00,1.51,0.00,1.00,1.00,129.08,8.34,12.07,69.59,69.16,-28.79,39.06,-0.24,0.08,16.00,6879.70,-56.00,0.00,7.00
912487.00,2019-06-30 17:57:36.487,0.00,905.62,0.00,1.51,0.00,1.00,1.00,129.08,8.34,11.93,69.59,69.07,-28.79,39.06,-0.22,0.08,16.00,6879.70,-56.00,0.00,7.00
912587.00,2019-06-30 17:57:36.587,0.00,905.62,0.00,1.51,0.00,1.00,1.00,129.08,8.34,11.93,69.59,69.07,-28.67,39.06,-0.23,0.08,16.00,6879.70,-56.00,0.00,7.00
912687.00,2019-06-30 17:57:36.687,0.00,905.62,0.00,1.51,0.00,1.00,1.00,129.08,8.34,12.05,69.50,69.10,-28.67,39.06,-0.23,0.08,16.00,6879.70,-56.00,0.00,7.00
912787.00,2019-06-30 17:57:36.787,0.00,905.62,0.00,1.51,0.00,1.00,1.00,129.08,8.34,12.04,69.50,69.10,-28.67,39.17,-0.23,0.08,16.00,6879.70,-56.00,0.00,7.00
912887.00,2019-06-30 17:57:36.887,0.00,905.62,0.00,1.51,0.00,1.00,1.00,129.08,8.34,12.05,69.50,69.10,-28.55,39.17,-0.24,0.08,16.00,6879.70,-56.00,0.00,7.00
912987.00,2019-06-30 17:57:36.987,0.00,905.62,0.00,1.51,0.00,1.00,1.00,129.08,8.34,12.05,69.59,69.05,-28.55,39.17,-0.22,0.08,16.00,6879.70,-56.00,0.00,7.00
913087.00,2019-06-30 17:57:37.087,0.00,905.62,0.00,1.51,0.00,1.00,1.00,129.08,8.34,11.91,69.59,69.05,-28.70,39.17,-0.26,0.08,16.00,6879.70,-56.00,0.00,7.00
913187.00,2019-06-30 17:57:37.187,0.00,905.62,0.00,1.51,0.00,1.00,1.00,129.08,8.34,12.07,69.61,69.08,-28.70,39.10,-0.24,0.08,16.00,6879.70,-56.00,0.00,7.00
913287.00,2019-06-30 17:57:37.287,0.00,905.62,0.00,1.51,0.00,1.00,1.00,129.08,8.34,12.03,69.61,69.08,-28.70,39.10,-0.22,0.08,16.00,6879.70,-56.00,0.00,7.00
913387.00,2019-06-30 17:57:37.387,0.00,905.62,0.00,1.51,0.00,1.00,1.00,129.08,8.34,11.93,69.61,69.08,-28.59,39.10,-0.24,0.09,16.00,6879.70,-56.00,0.00,7.00
913487.00,2019-06-30 17:57:37.487,0.00,905.62,0.00,1.51,0.00,1.00,1.00,129.08,8.34,12.04,69.56,69.05,-28.59,39.10,-0.22,0.09,16.00,6879.70,-56.00,0.00,7.00
913587.00,2019-06-30 17:57:37.587,0.00,905.62,0.00,1.51,0.00,1.00,1.00,129.08,8.34,12.05,69.56,69.05,-28.59,39.14,-0.23,0.08,16.00,6879.70,-56.00,0.00,7.00
913687.00,2019-06-30 17:57:37.687,0.00,905.62,0.00,1.51,0.00,1.00,1.00,129.08,8.34,11.93,69.55,69.09,-28.58,39.14,-0.22,0.09,16.00,6879.70,-56.00,0.00,7.00
913787.00,2019-06-30 17:57:37.787,0.00,905.62,0.00,1.51,0.00,1.00,1.00,129.08,8.34,12.03,69.55,69.09,-28.58,39.14,-0.23,0.08,16.00,6879.70,-56.00,0.00,7.00
913887.00,2019-06-30 17:57:37.887,0.00,905.62,0.00,1.51,0.00,1.00,1.00,129.08,8.34,12.07,69.55,69.09,-28.48,39.14,-0.24,0.09,16.00,6879.70,-56.00,0.00,7.00
913987.00,2019-06-30 17:57:37.987,0.00,905.62,0.00,1.51,0.00,1.00,1.00,129.08,8.34,11.90,69.57,69.07,-28.48,39.16,-0.24,0.09,16.00,6879.70,-56.00,0.00,7.00
914087.00,2019-06-30 17:57:38.087,0.00,905.62,0.00,1.51,0.00,1.00,1.00,129.08,8.34,12.06,69.57,69.07,-28.48,39.16,-0.24,0.09,16.00,6879.70,-56.00,0.00,7.00
914187.00,2019-06-30 17:57:38.187,0.00,905.62,0.00,1.51,0.00,1.00,1.00,129.08,8.34,12.03,69.57,69.03,-28.48,39.16,-0.20,0.08,16.00,6879.70,-56.00,0.00,7.00
914287.00,2019-06-30 17:57:38.287,0.00,905.62,0.00,1.51,0.00,1.00,1.00,129.08,8.34,11.93,69.65,69.03,-28.48,39.16,-0.26,0.08,16.00,6879.70,-56.00,0.00,7.00
914387.00,2019-06-30 17:57:38.387,0.00,905.62,0.00,1.51,0.00,1.00,1.00,129.08,8.34,12.06,69.65,69.03,-28.33,39.23,-0.24,0.08,16.00,6879.70,-56.00,0.00,7.00
914487.00,2019-06-30 17:57:38.487,0.00,905.62,0.00,1.51,0.00,1.00,1.00,129.08,8.34,12.05,69.59,68.98,-28.33,39.23,-0.23,0.09,16.00,6879.70,-56.00,0.00,7.00
914587.00,2019-06-30 17:57:38.587,0.00,905.62,0.00,1.51,0.00,1.00,1.00,129.08,8.34,11.93,69.59,68.98,-28.33,39.23,-0.24,0.09,16.00,6879.70,-56.00,0.00,7.00
914687.00,2019-06-30 17:57:38.687,0.00,905.62,0.00,1.51,0.00,1.00,1.00,129.08,8.34,12.03,69.59,69.05,-28.30,39.23,-0.22,0.08,16.00,6879.70,-56.00,0.00,7.00
914787.00,2019-06-30 17:57:38.787,0.00,905.62,0.00,1.51,0.00,1.00,1.00,129.08,8.34,12.06,69.63,69.05,-28.30,39.27,-0.25,0.09,16.00,6879.70,-56.00,0.00,7.00
914887.00,2019-06-30 17:57:38.887,0.00,905.62,0.00,1.51,0.00,1.00,1.00,129.08,8.34,11.90,69.63,69.05,-28.30,39.27,-0.24,0.09,16.00,6879.70,-56.00,0.00,7.00
914987.00,2019-06-30 17:57:38.987,0.00,905.62,0.00,1.51,0.00,1.00,1.00,129.08,8.34,12.06,69.63,69.07,-28.27,39.27,-0.24,0.08,16.00,6879.70,-56.00,0.00,7.00
915087.00,2019-06-30 17:57:39.087,0.00,905.62,0.00,1.51,0.00,1.00,1.00,129.08,8.34,11.92,69.63,69.07,-28.27,39.27,-0.24,0.08,16.00,6879.70,-56.00,0.00,7.00
915187.00,2019-06-30 17:57:39.187,0.00,905.62,0.00,1.51,0.00,1.00,1.00,129.08,8.34,11.91,69.63,68.98,-28.19,39.22,-0.22,0.08,16.00,6879.70,-56.00,0.00,7.00
915287.00,2019-06-30 17:57:39.287,0.00,905.62,0.00,1.51,0.00,1.00,1.00,129.08,8.34,12.06,69.59,68.98,-28.19,39.22,-0.24,0.08,16.00,6879.70,-56.00,0.00,7.00
915387.00,2019-06-30 17:57:39.387,0.00,905.62,0.00,1.51,0.00,1.00,1.00,129.08,8.34,11.92,69.59,68.98,-28.19,39.22,-0.21,0.09,16.00,6879.70,-56.00,0.00,7.00
915487.00,2019-06-30 17:57:39.487,0.00,905.62,0.00,1.51,0.00,1.00,1.00,129.08,8.34,12.04,69.61,69.05,-28.21,39.22,-0.26,0.09,16.00,6879.70,-56.00,0.00,7.00
915587.00,2019-06-30 17:57:39.587,0.00,905.62,0.00,1.51,0.00,1.00,1.00,129.08,8.34,12.07,69.61,69.05,-28.21,39.22,-0.23,0.08,16.00,6879.70,-56.00,0.00,7.00
915687.00,2019-06-30 17:57:39.687,0.00,905.62,0.00,1.51,0.00,1.00,1.00,129.08,8.34,11.90,69.61,69.02,-28.13,39.22,-0.22,0.08,16.00,6879.70,-56.00,0.00,7.00
915787.00,2019-06-30 17:57:39.787,0.00,905.62,0.00,1.51,0.00,1.00,1.00,129.08,8.34,12.06,69.48,69.02,-28.13,39.22,-0.23,0.09,16.00,6879.70,-56.00,0.00,7.00
915887.00,2019-06-30 17:57:39.887,0.00,905.62,0.00,1.51,0.00,1.00,1.00,129.08,8.34,12.04,69.48,69.02,-28.13,39.22,-0.23,0.08,16.00,6879.70,-56.00,0.00,7.00
915987.00,2019-06-30 17:57:39.987,0.00,905.62,0.00,1.51,0.00,1.00,1.00,129.08,8.34,11.92,69.48,69.03,-28.06,39.17,-0.24,0.08,16.00,6879.70,-56.00,0.00,7.00
916087.00,2019-06-30 17:57:40.087,0.00,905.62,0.00,1.51,0.00,1.00,1.00,129.08,8.34,12.06,69.55,69.03,-28.06,39.17,-0.22,0.08,16.00,6879.70,-56.00,0.00,7.00
916187.00,2019-06-30 17:57:40.187,0.00,905.62,0.00,1.51,0.00,1.00,1.00,129.08,8.34,12.03,69.55,69.05,-28.06,39.17,-0.23,0.08,16.00,6879.70,-56.00,0.00,7.00
916287.00,2019-06-30 17:57:40.287,0.00,905.62,0.00,1.51,0.00,1.00,1.00,129.08,8.34,11.93,69.61,69.05,-28.05,39.17,-0.24,0.08,16.00,6879.70,-56.00,0.00,7.00
916387.00,2019-06-30 17:57:40.387,0.00,905.62,0.00,1.51,0.00,1.00,1.00,129.08,8.34,12.04,69.61,69.05,-28.05,39.21,-0.23,0.08,16.00,6879.70,-56.00,0.00,7.00
916487.00,2019-06-30 17:57:40.487,0.00,905.62,0.00,1.51,0.00,1.00,1.00,129.08,8.34,12.06,69.61,69.05,-28.05,39.21,-0.24,0.08,16.00,6879.70,-56.00,0.00,7.00
916587.00,2019-06-30 17:57:40.587,0.00,905.62,0.00,1.51,0.00,1.00,1.00,129.08,8.34,11.92,69.62,69.05,-28.05,39.21,-0.21,0.08,16.00,6879.70,-56.00,0.00,7.00
916687.00,2019-06-30 17:57:40.687,0.00,905.62,0.00,1.51,0.00,1.00,1.00,129.08,8.34,12.04,69.62,68.96,-28.05,39.21,-0.26,0.08,16.00,6879.70,-56.00,0.00,7.00
916787.00,2019-06-30 17:57:40.787,0.00,905.62,0.00,1.51,0.00,1.00,1.00,129.08,8.34,12.07,69.56,68.96,-27.90,39.17,-0.23,0.08,16.00,6879.70,-56.00,0.00,7.00
916887.00,2019-06-30 17:57:40.887,0.00,905.62,0.00,1.51,0.00,1.00,1.00,129.08,8.34,11.90,69.56,68.96,-27.90,39.17,-0.24,0.08,16.00,6879.70,-56.00,0.00,7.00
916987.00,2019-06-30 17:57:40.987,0.00,905.62,0.00,1.51,0.00,1.00,1.00,129.08,8.34,12.06,69.56,69.00,-27.88,39.17,-0.24,0.09,16.00,6879.70,-56.00,0.00,7.00
917087.00,2019-06-30 17:57:41.087,0.00,905.62,0.00,1.51,0.00,1.00,1.00,129.08,8.34,12.03,69.59,69.00,-27.88,39.17,-0.23,0.08,16.00,6879.70,-56.00,0.00,7.00
917187.00,2019-06-30 17:57:41.187,0.00,905.62,0.00,1.51,0.00,1.00,1.00,129.08,8.34,11.93,69.59,68.98,-27.88,39.19,-0.25,0.08,16.00,6879.70,-56.00,0.00,7.00
917287.00,2019-06-30 17:57:41.287,0.00,905.62,0.00,1.51,0.00,1.00,1.00,129.08,8.34,12.04,69.59,68.98,-27.88,39.19,-0.21,0.08,16.00,6879.70,-56.00,0.00,7.00
917387.00,2019-06-30 17:57:41.387,0.00,905.62,0.00,1.51,0.00,1.00,1.00,129.08,8.34,12.05,69.59,68.98,-27.88,39.19,-0.23,0.09,16.00,6879.70,-56.00,0.00,7.00
917487.00,2019-06-30 17:57:41.487,0.00,905.62,0.00,1.51,0.00,1.00,1.00,129.08,8.34,11.92,69.59,68.98,-27.88,39.19,-0.24,0.08,16.00,6879.70,-56.00,0.00,7.00
917587.00,2019-06-30 17:57:41.587,0.00,905.62,0.00,1.51,0.00,1.00,1.00,129.08,8.34,12.05,69.68,68.98,-27.88,39.23,-0.23,0.08,16.00,6879.70,-56.00,0.00,7.00
917687.00,2019-06-30 17:57:41.687,0.00,905.62,0.00,1.51,0.00,1.00,1.00,129.08,8.34,12.07,69.68,69.00,-27.88,39.23,-0.24,0.08,16.00,6879.70,-56.00,0.00,7.00
917787.00,2019-06-30 17:57:41.787,0.00,905.62,0.00,1.51,0.00,1.00,1.00,129.08,8.34,12.06,69.68,69.00,-27.79,39.23,-0.21,0.08,16.00,6879.70,-56.00,0.00,7.00
917887.00,2019-06-30 17:57:41.887,0.00,905.62,0.00,1.51,0.00,1.00,1.00,129.08,8.34,12.06,69.56,69.00,-27.79,39.23,-0.26,0.08,16.00,6879.70,-56.00,0.00,7.00
917987.00,2019-06-30 17:57:41.987,0.00,905.62,0.00,1.51,0.00,1.00,1.00,129.08,8.34,12.04,69.56,68.96,-27.79,39.28,-0.24,0.08,16.00,6879.70,-56.00,0.00,7.00
918087.00,2019-06-30 17:57:42.087,0.00,905.62,0.00,1.51,0.00,1.00,1.00,129.08,8.34,12.03,69.56,68.96,-27.63,39.28,-0.24,0.08,16.00,6879.70,-56.00,0.00,7.00
918187.00,2019-06-30 17:57:42.187,0.00,905.62,0.00,1.51,0.00,1.00,1.00,129.08,8.34,12.06,69.56,68.91,-27.63,39.28,-0.24,0.08,16.00,6879.70,-56.00,0.00,7.00
918287.00,2019-06-30 17:57:42.287,0.00,905.62,0.00,1.51,0.00,1.00,1.00,129.08,8.34,11.91,69.56,68.91,-27.66,39.28,-0.24,0.09,16.00,6879.70,-56.00,0.00,7.00
918387.00,2019-06-30 17:57:42.387,0.00,905.62,0.00,1.51,0.00,1.00,1.00,129.08,8.34,12.05,69.61,68.91,-27.66,39.16,-0.24,0.09,16.00,6879.70,-56.00,0.00,7.00
918487.00,2019-06-30 17:57:42.487,0.00,905.62,0.00,1.51,0.00,1.00,1.00,129.08,8.34,12.06,69.61,68.94,-27.66,39.16,-0.22,0.09,16.00,6879.70,-56.00,0.00,7.00
918587.00,2019-06-30 17:57:42.587,0.00,905.62,0.00,1.51,0.00,1.00,1.00,129.08,8.34,11.90,69.59,68.94,-27.63,39.16,-0.23,0.08,16.00,6879.70,-56.00,0.00,7.00
918687.00,2019-06-30 17:57:42.687,0.00,905.62,0.00,1.51,0.00,1.00,1.00,129.08,8.34,12.06,69.59,68.91,-27.63,39.16,-0.23,0.08,16.00,6879.70,-56.00,0.00,7.00
918787.00,2019-06-30 17:57:42.787,0.00,905.62,0.00,1.51,0.00,1.00,1.00,129.08,8.34,12.04,69.59,68.91,-27.63,39.19,-0.24,0.08,16.00,6879.70,-56.00,0.00,7.00
918887.00,2019-06-30 17:57:42.887,0.00,905.62,0.00,1.51,0.00,1.00,1.00,129.08,8.34,11.93,69.59,68.91,-27.53,39.19,-0.25,0.08,16.00,6879.70,-56.00,0.00,7.00
918987.00,2019-06-30 17:57:42.987,0.00,905.62,0.00,1.51,0.00,1.00,1.00,129.08,8.34,12.03,69.59,69.01,-27.53,39.19,-0.21,0.09,16.00,6879.70,-56.00,0.00,7.00
919087.00,2019-06-30 17:57:43.087,0.00,905.62,0.00,1.51,0.00,1.00,1.00,129.08,8.34,12.06,69.59,69.01,-27.53,39.19,-0.26,0.08,16.00,6879.70,-56.00,0.00,7.00
919187.00,2019-06-30 17:57:43.187,0.00,905.62,0.00,1.51,0.00,1.00,1.00,129.08,8.34,12.06,69.63,68.96,-27.53,39.24,-0.24,0.08,16.00,6879.70,-56.00,0.00,7.00
919287.00,2019-06-30 17:57:43.287,0.00,905.62,0.00,1.51,0.00,1.00,1.00,129.08,8.34,12.05,69.63,68.96,-27.53,39.24,-0.23,0.08,16.00,6879.70,-56.00,0.00,7.00
919387.00,2019-06-30 17:57:43.387,0.00,905.62,0.00,1.51,0.00,1.00,1.00,129.08,8.34,11.93,69.70,68.96,-27.45,39.24,-0.24,0.08,16.00,6879.70,-56.00,0.00,7.00
919487.00,2019-06-30 17:57:43.487,0.00,905.62,0.00,1.51,0.00,1.00,1.00,129.08,8.34,12.07,69.70,68.87,-27.45,39.24,-0.22,0.08,16.00,6879.70,-56.00,0.00,7.00
919587.00,2019-06-30 17:57:43.587,0.00,905.62,0.00,1.51,0.00,1.00,1.00,129.08,8.34,11.92,69.70,68.87,-27.48,39.32,-0.24,0.08,16.00,6879.70,-56.00,0.00,7.00
919687.00,2019-06-30 17:57:43.687,0.00,905.62,0.00,1.51,0.00,1.00,1.00,129.08,8.34,12.06,69.63,68.91,-27.48,39.32,-0.25,0.08,16.00,6879.70,-56.00,0.00,7.00
919787.00,2019-06-30 17:57:43.787,0.00,905.62,0.00,1.51,0.00,1.00,1.00,129.08,8.34,12.03,69.63,68.91,-27.48,39.32,-0.25,0.08,16.00,6879.70,-56.00,0.00,7.00
919887.00,2019-06-30 17:57:43.887,0.00,905.62,0.00,1.51,0.00,1.00,1.00,129.08,8.34,11.93,69.63,68.91,-27.35,39.32,-0.25,0.08,16.00,6879.70,-56.00,0.00,7.00
919987.00,2019-06-30 17:57:43.987,0.00,905.62,0.00,1.51,0.00,1.00,1.00,129.08,8.34,12.04,69.63,68.88,-27.35,39.26,-0.23,0.08,16.00,6879.70,-56.00,0.00,7.00
920087.00,2019-06-30 17:57:44.087,0.00,905.62,0.00,1.51,0.00,1.00,1.00,129.08,8.34,12.05,69.63,68.88,-27.35,39.26,-0.24,0.08,16.00,6879.70,-56.00,0.00,7.00
920187.00,2019-06-30 17:57:44.187,0.00,905.62,0.00,1.51,0.00,1.00,1.00,129.08,8.34,11.91,69.61,68.87,-27.38,39.26,-0.20,0.08,16.00,6879.70,-56.00,0.00,7.00
920287.00,2019-06-30 17:57:44.287,0.00,905.62,0.00,1.51,0.00,1.00,1.00,129.08,8.34,12.04,69.61,68.87,-27.38,39.26,-0.26,0.08,16.00,6879.70,-56.00,0.00,7.00
920387.00,2019-06-30 17:57:44.387,0.00,905.62,0.00,1.51,0.00,1.00,1.00,129.08,8.34,12.07,69.61,68.87,-27.24,39.30,-0.23,0.08,16.00,6879.70,-56.00,0.00,7.00
920487.00,2019-06-30 17:57:44.487,0.00,905.62,0.00,1.51,0.00,1.00,1.00,129.08,8.34,11.90,69.61,68.87,-27.24,39.30,-0.23,0.08,16.00,6879.70,-56.00,0.00,7.00
920587.00,2019-06-30 17:57:44.587,0.00,905.62,0.00,1.51,0.00,1.00,1.00,129.08,8.34,12.04,69.61,68.87,-27.24,39.30,-0.24,0.08,16.00,6879.70,-56.00,0.00,7.00
920687.00,2019-06-30 17:57:44.687,0.00,905.62,0.00,1.51,0.00,1.00,1.00,129.08,8.34,11.94,69.65,68.84,-27.26,39.30,-0.22,0.08,16.00,6879.70,-56.00,0.00,7.00
920787.00,2019-06-30 17:57:44.787,0.00,905.62,0.00,1.51,0.00,1.00,1.00,129.08,8.34,11.93,69.65,68.84,-27.26,39.23,-0.24,0.09,16.00,6879.70,-56.00,0.00,7.00
920887.00,2019-06-30 17:57:44.887,0.00,905.62,0.00,1.51,0.00,1.00,1.00,129.08,8.34,12.04,69.65,68.84,-27.14,39.23,-0.24,0.09,16.00,6879.70,-56.00,0.00,7.00
920987.00,2019-06-30 17:57:44.987,0.00,905.62,0.00,1.51,0.00,1.00,1.00,129.08,8.34,11.91,69.67,68.84,-27.14,39.23,-0.24,0.08,16.00,6879.70,-56.00,0.00,7.00
921087.00,2019-06-30 17:57:45.087,0.00,905.62,0.00,1.51,0.00,1.00,1.00,129.08,8.34,11.92,69.67,68.84,-27.14,39.23,-0.23,0.09,16.00,6879.70,-56.00,0.00,7.00
921187.00,2019-06-30 17:57:45.187,0.00,905.62,0.00,1.51,0.00,1.00,1.00,129.08,8.34,12.06,69.61,68.88,-27.08,39.21,-0.23,0.09,16.00,6879.70,-56.00,0.00,7.00
921287.00,2019-06-30 17:57:45.287,0.00,905.62,0.00,1.51,0.00,1.00,1.00,129.08,8.34,11.90,69.61,68.88,-27.08,39.21,-0.23,0.08,16.00,6879.70,-56.00,0.00,7.00
921387.00,2019-06-30 17:57:45.387,0.00,905.62,0.00,1.51,0.00,1.00,1.00,129.08,8.34,12.06,69.61,68.88,-27.08,39.21,-0.21,0.08,16.00,6879.70,-56.00,0.00,7.00
921487.00,2019-06-30 17:57:45.487,0.00,905.62,0.00,1.51,0.00,1.00,1.00,129.08,8.34,12.06,69.70,68.86,-27.12,39.21,-0.26,0.08,16.00,6879.70,-56.00,0.00,7.00
921587.00,2019-06-30 17:57:45.587,0.00,905.62,0.00,1.51,0.00,1.00,1.00,129.08,8.34,12.04,69.70,68.86,-27.12,39.26,-0.24,0.08,16.00,6879.70,-56.00,0.00,7.00
921687.00,2019-06-30 17:57:45.687,0.00,905.62,0.00,1.51,0.00,1.00,1.00,129.08,8.34,11.91,69.70,68.80,-27.02,39.26,-0.23,0.08,16.00,6879.70,-56.00,0.00,7.00
921787.00,2019-06-30 17:57:45.787,0.00,905.62,0.00,1.51,0.00,1.00,1.00,129.08,8.34,12.04,69.70,68.80,-27.02,39.26,-0.24,0.08,16.00,6879.70,-56.00,0.00,7.00
921887.00,2019-06-30 17:57:45.887,0.00,905.62,0.00,1.51,0.00,1.00,1.00,129.08,8.34,12.03,69.70,68.80,-27.02,39.26,-0.22,0.08,16.00,6879.70,-56.00,0.00,7.00
921987.00,2019-06-30 17:57:45.987,0.00,905.62,0.00,1.51,0.00,1.00,1.00,129.08,8.34,11.93,69.75,68.87,-27.04,39.24,-0.25,0.08,16.00,6879.70,-56.00,0.00,7.00
922087.00,2019-06-30 17:57:46.087,0.00,905.62,0.00,1.51,0.00,1.00,1.00,129.08,8.34,12.06,69.75,68.87,-27.04,39.24,-0.24,0.08,16.00,6879.70,-56.00,0.00,7.00
922187.00,2019-06-30 17:57:46.187,0.00,905.62,0.00,1.51,0.00,1.00,1.00,129.08,8.34,12.06,69.75,68.81,-26.96,39.24,-0.23,0.09,16.00,6879.70,-56.00,0.00,7.00
922287.00,2019-06-30 17:57:46.287,0.00,905.62,0.00,1.51,0.00,1.00,1.00,129.08,8.34,12.05,69.68,68.81,-26.96,39.24,-0.24,0.09,16.00,6879.70,-56.00,0.00,7.00
922387.00,2019-06-30 17:57:46.387,0.00,905.62,0.00,1.51,0.00,1.00,1.00,129.08,8.34,12.04,69.68,68.81,-26.96,39.24,-0.22,0.08,16.00,6879.70,-56.00,0.00,7.00
922487.00,2019-06-30 17:57:46.487,0.00,905.62,0.00,1.51,0.00,1.00,1.00,129.08,8.34,12.07,69.70,68.82,-26.96,39.24,-0.24,0.08,16.00,6879.70,-56.00,0.00,7.00
922587.00,2019-06-30 17:57:46.587,0.00,905.62,0.00,1.51,0.00,1.00,1.00,129.08,8.34,11.89,69.70,68.82,-26.96,39.24,-0.21,0.08,16.00,6879.70,-56.00,0.00,7.00
922687.00,2019-06-30 17:57:46.687,0.00,905.62,0.00,1.51,0.00,1.00,1.00,129.08,8.34,12.06,69.70,68.84,-26.96,39.24,-0.26,0.08,16.00,6879.70,-56.00,0.00,7.00
922787.00,2019-06-30 17:57:46.787,0.00,905.62,0.00,1.51,0.00,1.00,1.00,129.08,8.34,12.04,69.72,68.84,-26.89,39.23,-0.23,0.08,16.00,6879.70,-56.00,0.00,7.00
922887.00,2019-06-30 17:57:46.887,0.00,905.62,0.00,1.51,0.00,1.00,1.00,129.08,8.34,12.05,69.72,68.84,-26.89,39.23,-0.24,0.08,16.00,6879.70,-56.00,0.00,7.00
922987.00,2019-06-30 17:57:46.987,0.00,905.62,0.00,1.51,0.00,1.00,1.00,129.08,8.34,12.06,69.70,68.78,-26.87,39.23,-0.24,0.08,16.00,6879.70,-56.00,0.00,7.00
923087.00,2019-06-30 17:57:47.087,0.00,905.62,0.00,1.51,0.00,1.00,1.00,129.08,8.34,12.03,69.70,68.78,-26.87,39.23,-0.22,0.08,16.00,6879.70,-56.00,0.00,7.00
923187.00,2019-06-30 17:57:47.187,0.00,905.62,0.00,1.51,0.00,1.00,1.00,129.08,8.34,11.93,69.70,68.81,-26.87,39.30,-0.24,0.08,16.00,6879.70,-56.00,0.00,7.00
923287.00,2019-06-30 17:57:47.287,0.00,905.62,0.00,1.51,0.00,1.00,1.00,129.08,8.34,12.04,69.67,68.81,-26.85,39.30,-0.24,0.09,16.00,6879.70,-56.00,0.00,7.00
923387.00,2019-06-30 17:57:47.387,0.00,905.62,0.00,1.51,0.00,1.00,1.00,129.08,8.34,11.91,69.67,68.81,-26.85,39.30,-0.23,0.08,16.00,6879.70,-56.00,0.00,7.00
923487.00,2019-06-30 17:57:47.487,0.00,905.62,0.00,1.51,0.00,1.00,1.00,129.08,8.34,12.06,69.67,68.79,-26.74,39.30,-0.24,0.08,16.00,6879.70,-56.00,0.00,7.00
923587.00,2019-06-30 17:57:47.587,0.00,905.62,0.00,1.51,0.00,1.00,1.00,129.08,8.34,12.04,69.73,68.79,-26.74,39.38,-0.22,0.08,16.00,6879.70,-56.00,0.00,7.00
923687.00,2019-06-30 17:57:47.687,0.00,905.62,0.00,1.51,0.00,1.00,1.00,129.08,8.34,11.93,69.73,68.84,-26.74,39.38,-0.24,0.08,16.00,6879.70,-56.00,0.00,7.00
923787.00,2019-06-30 17:57:47.787,0.00,905.62,0.00,1.51,0.00,1.00,1.00,129.08,8.34,12.05,69.70,68.84,-26.74,39.38,-0.20,0.08,16.00,6879.70,-56.00,0.00,7.00
923887.00,2019-06-30 17:57:47.887,0.00,905.62,0.00,1.51,0.00,1.00,1.00,129.08,8.34,12.04,69.70,68.84,-26.74,39.38,-0.26,0.08,16.00,6879.70,-56.00,0.00,7.00
923987.00,2019-06-30 17:57:47.987,0.00,905.62,0.00,1.51,0.00,1.00,1.00,129.08,8.34,11.93,69.70,68.76,-26.74,39.28,-0.24,0.08,16.00,6879.70,-56.00,0.00,7.00
924087.00,2019-06-30 17:57:48.087,0.00,905.62,0.00,1.51,0.00,1.00,1.00,129.08,8.34,12.03,69.66,68.76,-26.67,39.28,-0.23,0.09,16.00,6879.70,-56.00,0.00,7.00
924187.00,2019-06-30 17:57:48.187,0.00,905.62,0.00,1.51,0.00,1.00,1.00,129.08,8.34,12.06,69.66,68.73,-26.67,39.28,-0.23,0.09,16.00,6879.70,-56.00,0.00,7.00
924287.00,2019-06-30 17:57:48.287,0.00,905.62,0.00,1.51,0.00,1.00,1.00,129.08,8.34,11.91,69.68,68.73,-26.61,39.28,-0.23,0.08,16.00,6879.70,-56.00,0.00,7.00
924387.00,2019-06-30 17:57:48.387,0.00,905.62,0.00,1.51,0.00,1.00,1.00,129.08,8.34,12.05,69.68,68.73,-26.61,39.32,-0.24,0.08,16.00,6879.70,-56.00,0.00,7.00
924487.00,2019-06-30 17:57:48.487,0.00,905.62,0.00,1.51,0.00,1.00,1.00,129.08,8.34,12.06,69.68,68.77,-26.61,39.32,-0.23,0.08,16.00,6879.70,-56.00,0.00,7.00
924587.00,2019-06-30 17:57:48.587,0.00,905.62,0.00,1.51,0.00,1.00,1.00,129.08,8.34,11.93,69.70,68.77,-26.57,39.32,-0.23,0.08,16.00,6879.70,-56.00,0.00,7.00
924687.00,2019-06-30 17:57:48.687,0.00,905.62,0.00,1.51,0.00,1.00,1.00,129.08,8.34,12.06,69.70,68.72,-26.57,39.32,-0.24,0.09,16.00,6879.70,-56.00,0.00,7.00
924787.00,2019-06-30 17:57:48.787,0.00,905.62,0.00,1.51,0.00,1.00,1.00,129.08,8.34,11.90,69.75,68.72,-26.59,39.30,-0.23,0.09,16.00,6879.70,-56.00,0.00,7.00
924887.00,2019-06-30 17:57:48.887,0.00,905.62,0.00,1.51,0.00,1.00,1.00,129.08,8.34,12.05,69.75,68.72,-26.59,39.30,-0.25,0.08,16.00,6879.70,-56.00,0.00,7.00
924987.00,2019-06-30 17:57:48.987,0.00,905.62,0.00,1.51,0.00,1.00,1.00,129.08,8.34,12.05,69.75,68.78,-26.59,39.30,-0.22,0.08,16.00,6879.70,-56.00,0.00,7.00
925087.00,2019-06-30 17:57:49.087,0.00,905.62,0.00,1.51,0.00,1.00,1.00,129.08,8.34,11.91,69.65,68.78,-26.47,39.30,-0.26,0.08,16.00,6879.70,-56.00,0.00,7.00
925187.00,2019-06-30 17:57:49.187,0.00,905.62,0.00,1.51,0.00,1.00,1.00,129.08,8.34,12.04,69.65,68.80,-26.47,39.27,-0.23,0.09,16.00,6879.70,-56.00,0.00,7.00
925287.00,2019-06-30 17:57:49.287,0.00,905.62,0.00,1.51,0.00,1.00,1.00,129.08,8.34,12.05,69.65,68.80,-26.47,39.27,-0.23,0.09,16.00,6879.70,-56.00,0.00,7.00
925387.00,2019-06-30 17:57:49.387,0.00,905.62,0.00,1.51,0.00,1.00,1.00,129.08,8.34,11.93,69.66,68.80,-26.51,39.27,-0.24,0.08,16.00,6879.70,-56.00,0.00,7.00
925487.00,2019-06-30 17:57:49.487,0.00,905.62,0.00,1.51,0.00,1.00,1.00,129.08,8.34,12.07,69.66,68.73,-26.51,39.27,-0.22,0.08,16.00,6879.70,-56.00,0.00,7.00
925587.00,2019-06-30 17:57:49.587,0.00,905.62,0.00,1.51,0.00,1.00,1.00,129.08,8.34,11.91,69.67,68.73,-26.41,39.35,-0.24,0.08,16.00,6879.70,-56.00,0.00,7.00
925687.00,2019-06-30 17:57:49.687,0.00,905.62,0.00,1.51,0.00,1.00,1.00,129.08,8.34,12.06,69.67,68.70,-26.41,39.35,-0.24,0.09,16.00,6879.70,-56.00,0.00,7.00
925787.00,2019-06-30 17:57:49.787,0.00,905.62,0.00,1.51,0.00,1.00,1.00,129.08,8.34,12.03,69.67,68.70,-26.41,39.35,-0.23,0.08,16.00,6879.70,-56.00,0.00,7.00
925887.00,2019-06-30 17:57:49.887,0.00,905.62,0.00,1.51,0.00,1.00,1.00,129.08,8.34,11.93,69.77,68.70,-26.38,39.35,-0.24,0.08,16.00,6879.70,-56.00,0.00,7.00
925987.00,2019-06-30 17:57:49.987,0.00,905.62,0.00,1.51,0.00,1.00,1.00,129.08,8.34,12.04,69.77,68.74,-26.38,39.35,-0.23,0.08,16.00,6879.70,-56.00,0.00,7.00
926087.00,2019-06-30 17:57:50.087,0.00,905.62,0.00,1.51,0.00,1.00,1.00,129.08,8.34,12.06,69.65,68.74,-26.38,39.35,-0.24,0.09,16.00,6879.70,-56.00,0.00,7.00
926187.00,2019-06-30 17:57:50.187,0.00,905.62,0.00,1.51,0.00,1.00,1.00,129.08,8.34,11.92,69.65,68.78,-26.38,39.35,-0.20,0.08,16.00,6879.70,-56.00,0.00,7.00
926287.00,2019-06-30 17:57:50.287,0.00,905.62,0.00,1.51,0.00,1.00,1.00,129.08,8.34,12.06,69.65,68.78,-26.38,39.35,-0.25,0.08,16.00,6879.70,-56.00,0.00,7.00
926387.00,2019-06-30 17:57:50.387,0.00,905.62,0.00,1.51,0.00,1.00,1.00,129.08,8.34,12.05,69.62,68.78,-26.28,39.32,-0.23,0.08,16.00,6879.70,-56.00,0.00,7.00
926487.00,2019-06-30 17:57:50.487,0.00,905.62,0.00,1.51,0.00,1.00,1.00,129.08,8.34,12.03,69.62,68.67,-26.28,39.32,-0.23,0.08,16.00,6879.70,-56.00,0.00,7.00
926587.00,2019-06-30 17:57:50.587,0.00,905.62,0.00,1.51,0.00,1.00,1.00,129.08,8.34,12.06,69.62,68.67,-26.28,39.32,-0.23,0.08,16.00,6879.70,-56.00,0.00,7.00
926687.00,2019-06-30 17:57:50.687,0.00,905.62,0.00,1.51,0.00,1.00,1.00,129.08,8.34,11.90,69.68,68.70,-26.20,39.32,-0.22,0.08,16.00,6879.70,-56.00,0.00,7.00
926787.00,2019-06-30 17:57:50.787,0.00,905.62,0.00,1.51,0.00,1.00,1.00,129.08,8.34,12.05,69.68,68.70,-26.20,39.28,-0.25,0.08,16.00,6879.70,-56.00,0.00,7.00
926887.00,2019-06-30 17:57:50.887,0.00,905.62,0.00,1.51,0.00,1.00,1.00,129.08,8.34,11.93,69.72,68.70,-26.20,39.28,-0.23,0.08,16.00,6879.70,-56.00,0.00,7.00
926987.00,2019-06-30 17:57:50.987,0.00,905.62,0.00,1.51,0.00,1.00,1.00,129.08,8.34,12.03,69.72,68.62,-26.20,39.28,-0.24,0.09,16.00,6879.70,-56.00,0.00,7.00
927087.00,2019-06-30 17:57:51.087,0.00,905.62,0.00,1.51,0.00,1.00,1.00,129.08,8.34,12.06,69.72,68.62,-26.20,39.28,-0.24,0.09,16.00,6879.70,-56.00,0.00,7.00
927187.00,2019-06-30 17:57:51.187,0.00,905.62,0.00,1.51,0.00,1.00,1.00,129.08,8.34,11.90,69.65,68.74,-26.14,39.32,-0.23,0.09,16.00,6879.70,-56.00,0.00,7.00
927287.00,2019-06-30 17:57:51.287,0.00,905.62,0.00,1.51,0.00,1.00,1.00,129.08,8.34,12.05,69.65,68.74,-26.14,39.32,-0.25,0.08,16.00,6879.70,-56.00,0.00,7.00
927387.00,2019-06-30 17:57:51.387,0.00,905.62,0.00,1.51,0.00,1.00,1.00,129.08,8.34,12.05,69.67,68.74,-26.10,39.32,-0.21,0.08,16.00,6879.70,-56.00,0.00,7.00
927487.00,2019-06-30 17:57:51.487,0.00,905.62,0.00,1.51,0.00,1.00,1.00,129.08,8.34,11.91,69.67,68.67,-26.10,39.32,-0.26,0.08,16.00,6879.70,-56.00,0.00,7.00
927587.00,2019-06-30 17:57:51.587,0.00,905.62,0.00,1.51,0.00,1.00,1.00,129.08,8.34,12.05,69.67,68.67,-26.10,39.35,-0.24,0.08,16.00,6879.70,-56.00,0.00,7.00
927687.00,2019-06-30 17:57:51.687,0.00,905.62,0.00,1.51,0.00,1.00,1.00,129.08,8.34,12.05,69.68,68.67,-26.04,39.35,-0.22,0.08,16.00,6879.70,-56.00,0.00,7.00
927787.00,2019-06-30 17:57:51.787,0.00,905.62,0.00,1.51,0.00,1.00,1.00,129.08,8.34,12.05,69.68,68.67,-26.04,39.35,-0.24,0.09,16.00,6879.70,-56.00,0.00,7.00
927887.00,2019-06-30 17:57:51.887,0.00,905.62,0.00,1.51,0.00,1.00,1.00,129.08,8.34,12.03,69.68,68.67,-26.04,39.35,-0.23,0.08,16.00,6879.70,-56.00,0.00,7.00
927987.00,2019-06-30 17:57:51.987,0.00,905.62,0.00,1.51,0.00,1.00,1.00,129.08,8.34,12.07,69.72,68.62,-26.04,39.34,-0.23,0.09,16.00,6879.70,-56.00,0.00,7.00
928087.00,2019-06-30 17:57:52.087,0.00,905.62,0.00,1.51,0.00,1.00,1.00,129.08,8.34,11.90,69.72,68.62,-26.04,39.34,-0.22,0.09,16.00,6879.70,-56.00,0.00,7.00
928187.00,2019-06-30 17:57:52.187,0.00,905.62,0.00,1.51,0.00,1.00,1.00,129.08,8.34,12.05,69.70,68.64,-25.95,39.34,-0.23,0.08,16.00,6879.70,-56.00,0.00,7.00
928287.00,2019-06-30 17:57:52.287,0.00,905.62,0.00,1.51,0.00,1.00,1.00,129.08,8.34,12.06,69.70,68.64,-25.95,39.34,-0.22,0.09,16.00,6879.70,-56.00,0.00,7.00
928387.00,2019-06-30 17:57:52.387,0.00,905.62,0.00,1.51,0.00,1.00,1.00,129.08,8.34,11.91,69.70,68.64,-25.95,39.33,-0.23,0.08,16.00,6879.70,-56.00,0.00,7.00
928487.00,2019-06-30 17:57:52.487,0.00,905.62,0.00,1.51,0.00,1.00,1.00,129.08,8.34,12.07,69.74,68.66,-25.95,39.33,-0.24,0.08,16.00,6879.70,-56.00,0.00,7.00
928587.00,2019-06-30 17:57:52.587,0.00,905.62,0.00,1.51,0.00,1.00,1.00,129.08,8.34,12.03,69.74,68.66,-25.95,39.33,-0.20,0.08,16.00,6879.70,-56.00,0.00,7.00
928687.00,2019-06-30 17:57:52.687,0.00,905.62,0.00,1.51,0.00,1.00,1.00,129.08,8.34,12.04,69.79,68.62,-25.86,39.33,-0.26,0.08,16.00,6879.70,-56.00,0.00,7.00
928787.00,2019-06-30 17:57:52.787,0.00,905.62,0.00,1.51,0.00,1.00,1.00,129.08,8.34,12.07,69.79,68.62,-25.86,39.39,-0.23,0.08,16.00,6879.70,-56.00,0.00,7.00
928887.00,2019-06-30 17:57:52.887,0.00,905.62,0.00,1.51,0.00,1.00,1.00,129.08,8.34,11.90,69.79,68.62,-25.86,39.39,-0.22,0.09,16.00,6879.70,-56.00,0.00,7.00
928987.00,2019-06-30 17:57:52.987,0.00,905.62,0.00,1.51,0.00,1.00,1.00,129.08,8.34,12.06,69.74,68.51,-25.78,39.39,-0.24,0.08,16.00,6879.70,-56.00,0.00,7.00
929087.00,2019-06-30 17:57:53.087,0.00,905.62,0.00,1.51,0.00,1.00,1.00,129.08,8.34,12.03,69.74,68.51,-25.78,39.39,-0.22,0.08,16.00,6879.70,-56.00,0.00,7.00
929187.00,2019-06-30 17:57:53.187,0.00,905.62,0.00,1.51,0.00,1.00,1.00,129.08,8.34,11.93,69.65,68.64,-25.78,39.35,-0.23,0.08,16.00,6879.70,-56.00,0.00,7.00
929287.00,2019-06-30 17:57:53.287,0.00,905.62,0.00,1.51,0.00,1.00,1.00,129.08,8.34,12.06,69.65,68.64,-25.78,39.35,-0.23,0.09,16.00,6879.70,-56.00,0.00,7.00
929387.00,2019-06-30 17:57:53.387,0.00,905.62,0.00,1.51,0.00,1.00,1.00,129.08,8.34,12.05,69.65,68.64,-25.78,39.35,-0.23,0.09,16.00,6879.70,-56.00,0.00,7.00
929487.00,2019-06-30 17:57:53.487,0.00,905.62,0.00,1.51,0.00,1.00,1.00,129.08,8.34,11.92,69.75,68.63,-25.80,39.35,-0.24,0.08,16.00,6879.70,-56.00,0.00,7.00
929587.00,2019-06-30 17:57:53.587,0.00,905.62,0.00,1.51,0.00,1.00,1.00,129.08,8.34,12.06,69.75,68.63,-25.80,39.28,-0.23,0.09,16.00,6879.70,-56.00,0.00,7.00
929687.00,2019-06-30 17:57:53.687,0.00,905.62,0.00,1.51,0.00,1.00,1.00,129.08,8.34,12.07,69.75,68.59,-25.80,39.28,-0.24,0.08,16.00,6879.70,-56.00,0.00,7.00
929787.00,2019-06-30 17:57:53.787,0.00,905.62,0.00,1.51,0.00,1.00,1.00,129.08,8.34,12.07,69.63,68.59,-25.77,39.28,-0.22,0.08,16.00,6879.70,-56.00,0.00,7.00
929887.00,2019-06-30 17:57:53.887,0.00,905.62,0.00,1.51,0.00,1.00,1.00,129.08,8.34,12.04,69.63,68.59,-25.77,39.28,-0.26,0.08,16.00,6879.70,-56.00,0.00,7.00
929987.00,2019-06-30 17:57:53.987,0.00,905.62,0.00,1.51,0.00,1.00,1.00,129.08,8.34,11.94,69.70,68.58,-25.64,39.34,-0.23,0.09,16.00,6879.70,-56.00,0.00,7.00
930087.00,2019-06-30 17:57:54.087,0.00,905.62,0.00,1.51,0.00,1.00,1.00,129.08,8.34,12.03,69.70,68.58,-25.64,39.34,-0.23,0.08,16.00,6879.70,-56.00,0.00,7.00
930187.00,2019-06-30 17:57:54.187,0.00,905.62,0.00,1.51,0.00,1.00,1.00,129.08,8.34,12.06,69.70,68.57,-25.64,39.34,-0.24,0.09,16.00,6879.70,-56.00,0.00,7.00
930287.00,2019-06-30 17:57:54.287,0.00,905.62,0.00,1.51,0.00,1.00,1.00,129.08,8.34,11.90,69.66,68.57,-25.59,39.34,-0.23,0.08,16.00,6879.70,-56.00,0.00,7.00
930387.00,2019-06-30 17:57:54.387,0.00,905.62,0.00,1.51,0.00,1.00,1.00,129.08,8.34,12.03,69.66,68.57,-25.59,39.37,-0.24,0.08,16.00,6879.70,-56.00,0.00,7.00
930487.00,2019-06-30 17:57:54.487,0.00,905.62,0.00,1.51,0.00,1.00,1.00,129.08,8.34,11.93,69.77,68.54,-25.59,39.37,-0.21,0.09,16.00,6879.70,-56.00,0.00,7.00
930587.00,2019-06-30 17:57:54.587,0.00,905.62,0.00,1.51,0.00,1.00,1.00,129.08,8.34,12.03,69.77,68.54,-25.55,39.37,-0.23,0.08,16.00,6879.70,-56.00,0.00,7.00
930687.00,2019-06-30 17:57:54.687,0.00,905.62,0.00,1.51,0.00,1.00,1.00,129.08,8.34,12.06,69.77,68.52,-25.55,39.37,-0.23,0.09,16.00,6879.70,-56.00,0.00,7.00
930787.00,2019-06-30 17:57:54.787,0.00,905.62,0.00,1.51,0.00,1.00,1.00,129.08,8.34,11.90,69.68,68.52,-25.51,39.32,-0.23,0.09,16.00,6879.70,-56.00,0.00,7.00
930887.00,2019-06-30 17:57:54.887,0.00,905.62,0.00,1.51,0.00,1.00,1.00,129.08,8.34,12.06,69.68,68.52,-25.51,39.32,-0.24,0.09,16.00,6879.70,-56.00,0.00,7.00
930987.00,2019-06-30 17:57:54.987,0.00,905.62,0.00,1.51,0.00,1.00,1.00,129.08,8.34,12.06,69.68,68.63,-25.51,39.32,-0.21,0.09,16.00,6879.70,-56.00,0.00,7.00
931087.00,2019-06-30 17:57:55.087,0.00,905.62,0.00,1.51,0.00,1.00,1.00,129.08,8.34,11.91,69.77,68.63,-25.47,39.32,-0.25,0.09,16.00,6879.70,-56.00,0.00,7.00
931187.00,2019-06-30 17:57:55.187,0.00,905.62,0.00,1.51,0.00,1.00,1.00,129.08,8.34,12.05,69.77,68.52,-25.47,39.32,-0.23,0.08,16.00,6879.70,-56.00,0.00,7.00
931287.00,2019-06-30 17:57:55.287,0.00,905.62,0.00,1.51,0.00,1.00,1.00,129.08,8.34,12.05,69.70,68.52,-25.49,39.32,-0.24,0.09,16.00,6879.70,-56.00,0.00,7.00
931387.00,2019-06-30 17:57:55.387,0.00,905.62,0.00,1.51,0.00,1.00,1.00,129.08,8.34,12.06,69.70,68.52,-25.49,39.32,-0.23,0.08,16.00,6879.70,-56.00,0.00,7.00
931487.00,2019-06-30 17:57:55.487,0.00,905.62,0.00,1.51,0.00,1.00,1.00,129.08,8.34,12.05,69.70,68.55,-25.49,39.32,-0.22,0.08,16.00,6879.70,-56.00,0.00,7.00
931587.00,2019-06-30 17:57:55.587,0.00,905.62,0.00,1.51,0.00,1.00,1.00,129.08,8.34,11.93,69.75,68.55,-25.45,39.42,-0.24,0.08,16.00,6879.70,-56.00,0.00,7.00
931687.00,2019-06-30 17:57:55.687,0.00,905.62,0.00,1.51,0.00,1.00,1.00,129.08,8.34,12.04,69.75,68.51,-25.45,39.42,-0.21,0.08,16.00,6879.70,-56.00,0.00,7.00
931787.00,2019-06-30 17:57:55.787,0.00,905.62,0.00,1.51,0.00,1.00,1.00,129.08,8.34,12.05,69.73,68.51,-25.45,39.42,-0.23,0.08,16.00,6879.70,-56.00,0.00,7.00
931887.00,2019-06-30 17:57:55.887,0.00,905.62,0.00,1.51,0.00,1.00,1.00,129.08,8.34,12.06,69.73,68.51,-25.33,39.42,-0.24,0.08,16.00,6879.70,-56.00,0.00,7.00
931987.00,2019-06-30 17:57:55.987,0.00,905.62,0.00,1.51,0.00,1.00,1.00,129.08,8.34,12.04,69.73,68.52,-25.33,39.46,-0.25,0.08,16.00,6879.70,-56.00,0.00,7.00
932087.00,2019-06-30 17:57:56.087,0.00,905.62,0.00,1.51,0.00,1.00,1.00,129.08,8.34,11.94,69.72,68.52,-25.27,39.46,-0.24,0.09,16.00,6879.70,-56.00,0.00,7.00
932187.00,2019-06-30 17:57:56.187,0.00,905.62,0.00,1.51,0.00,1.00,1.00,129.08,8.34,12.03,69.72,68.51,-25.27,39.46,-0.21,0.09,16.00,6879.70,-56.00,0.00,7.00
932287.00,2019-06-30 17:57:56.287,0.00,905.62,0.00,1.51,0.00,1.00,1.00,129.08,8.34,12.06,69.72,68.51,-25.27,39.46,-0.25,0.08,16.00,6879.70,-56.00,0.00,7.00
932387.00,2019-06-30 17:57:56.387,0.00,905.62,0.00,1.51,0.00,1.00,1.00,129.08,8.34,12.06,69.72,68.51,-25.27,39.46,-0.23,0.09,16.00,6879.70,-56.00,0.00,7.00
932487.00,2019-06-30 17:57:56.487,0.00,905.62,0.00,1.51,0.00,1.00,1.00,129.08,8.34,12.03,69.72,68.51,-25.27,39.46,-0.22,0.08,16.00,6879.70,-56.00,0.00,7.00
932587.00,2019-06-30 17:57:56.587,0.00,905.62,0.00,1.51,0.00,1.00,1.00,129.08,8.34,11.93,69.77,68.51,-25.15,39.46,-0.24,0.08,16.00,6879.70,-56.00,0.00,7.00
932687.00,2019-06-30 17:57:56.687,0.00,905.62,0.00,1.51,0.00,1.00,1.00,129.08,8.34,12.05,69.77,68.48,-25.15,39.46,-0.22,0.08,16.00,6879.70,-56.00,0.00,7.00
932787.00,2019-06-30 17:57:56.787,0.00,905.62,0.00,1.51,0.00,1.00,1.00,129.08,8.34,12.04,69.77,68.48,-25.15,39.40,-0.24,0.08,16.00,6879.70,-56.00,0.00,7.00
932887.00,2019-06-30 17:57:56.887,0.00,905.62,0.00,1.51,0.00,1.00,1.00,129.08,8.34,11.93,69.72,68.48,-25.13,39.40,-0.21,0.09,16.00,6879.70,-56.00,0.00,7.00
932987.00,2019-06-30 17:57:56.987,0.00,905.62,0.00,1.51,0.00,1.00,1.00,129.08,8.34,12.03,69.72,68.47,-25.13,39.40,-0.22,0.08,16.00,6879.70,-56.00,0.00,7.00
933087.00,2019-06-30 17:57:57.087,0.00,905.62,0.00,1.51,0.00,1.00,1.00,129.08,8.34,12.06,69.73,68.47,-25.13,39.40,-0.24,0.09,16.00,6879.70,-56.00,0.00,7.00
933187.00,2019-06-30 17:57:57.187,0.00,905.62,0.00,1.51,0.00,1.00,1.00,129.08,8.34,11.91,69.73,68.51,-25.02,39.37,-0.23,0.09,16.00,6879.70,-56.00,0.00,7.00
933287.00,2019-06-30 17:57:57.287,0.00,905.62,0.00,1.51,0.00,1.00,1.00,129.08,8.34,12.05,69.73,68.51,-25.02,39.37,-0.24,0.09,16.00,6879.70,-56.00,0.00,7.00
933387.00,2019-06-30 17:57:57.387,0.00,905.62,0.00,1.51,0.00,1.00,1.00,129.08,8.34,12.05,69.79,68.51,-25.09,39.37,-0.20,0.08,16.00,6879.70,-56.00,0.00,7.00
933487.00,2019-06-30 17:57:57.487,0.00,905.62,0.00,1.51,0.00,1.00,1.00,129.08,8.34,11.91,69.79,68.45,-25.09,39.37,-0.26,0.08,16.00,6879.70,-56.00,0.00,7.00
933587.00,2019-06-30 17:57:57.587,0.00,905.62,0.00,1.51,0.00,1.00,1.00,129.08,8.34,12.05,69.65,68.45,-25.09,39.37,-0.23,0.08,16.00,6879.70,-56.00,0.00,7.00
933687.00,2019-06-30 17:57:57.687,0.00,905.62,0.00,1.51,0.00,1.00,1.00,129.08,8.34,12.05,69.65,68.41,-25.09,39.37,-0.23,0.08,16.00,6879.70,-56.00,0.00,7.00
933787.00,2019-06-30 17:57:57.787,0.00,905.62,0.00,1.51,0.00,1.00,1.00,129.08,8.34,11.93,69.65,68.41,-25.09,39.37,-0.23,0.09,16.00,6879.70,-56.00,0.00,7.00
933887.00,2019-06-30 17:57:57.887,0.00,905.62,0.00,1.51,0.00,1.00,1.00,129.08,8.34,12.05,69.79,68.41,-24.94,39.37,-0.23,0.08,16.00,6879.70,-56.00,0.00,7.00
933987.00,2019-06-30 17:57:57.987,0.00,905.62,0.00,1.51,0.00,1.00,1.00,129.08,8.34,11.93,69.79,68.42,-24.94,39.46,-0.24,0.08,16.00,6879.70,-56.00,0.00,7.00
934087.00,2019-06-30 17:57:58.087,0.00,905.62,0.00,1.51,0.00,1.00,1.00,129.08,8.34,12.06,69.79,68.42,-24.94,39.46,-0.22,0.09,16.00,6879.70,-56.00,0.00,7.00
934187.00,2019-06-30 17:57:58.187,0.00,905.62,0.00,1.51,0.00,1.00,1.00,129.08,8.34,11.91,69.68,68.44,-24.98,39.46,-0.23,0.09,16.00,6879.70,-56.00,0.00,7.00
934287.00,2019-06-30 17:57:58.287,0.00,905.62,0.00,1.51,0.00,1.00,1.00,129.08,8.34,11.92,69.68,68.44,-24.98,39.46,-0.25,0.08,16.00,6879.70,-56.00,0.00,7.00
934387.00,2019-06-30 17:57:58.387,0.00,905.62,0.00,1.51,0.00,1.00,1.00,129.08,8.34,12.04,69.70,68.44,-24.98,39.42,-0.22,0.09,16.00,6879.70,-56.00,0.00,7.00
934487.00,2019-06-30 17:57:58.487,0.00,905.62,0.00,1.51,0.00,1.00,1.00,129.08,8.34,12.06,69.70,68.46,-24.88,39.42,-0.25,0.09,16.00,6879.70,-56.00,0.00,7.00
934587.00,2019-06-30 17:57:58.587,0.00,905.62,0.00,1.51,0.00,1.00,1.00,129.08,8.34,11.90,69.70,68.46,-24.88,39.42,-0.19,0.09,16.00,6879.70,-56.00,0.00,7.00
934687.00,2019-06-30 17:57:58.687,0.00,905.62,0.00,1.51,0.00,1.00,1.00,129.08,8.34,12.06,69.75,68.47,-24.90,39.42,-0.26,0.08,16.00,6879.70,-56.00,0.00,7.00
934787.00,2019-06-30 17:57:58.787,0.00,905.62,0.00,1.51,0.00,1.00,1.00,129.08,8.34,11.94,69.75,68.47,-24.90,39.40,-0.24,0.08,16.00,6879.70,-56.00,0.00,7.00
934887.00,2019-06-30 17:57:58.887,0.00,905.62,0.00,1.51,0.00,1.00,1.00,129.08,8.34,12.03,69.75,68.47,-24.90,39.40,-0.23,0.08,16.00,6879.70,-56.00,0.00,7.00
934987.00,2019-06-30 17:57:58.987,0.00,905.62,0.00,1.51,0.00,1.00,1.00,129.08,8.34,12.06,69.75,68.42,-24.85,39.40,-0.23,0.08,16.00,6879.70,-56.00,0.00,7.00
935087.00,2019-06-30 17:57:59.087,0.00,905.62,0.00,1.51,0.00,1.00,1.00,129.08,8.34,11.91,69.75,68.42,-24.85,39.40,-0.22,0.09,16.00,6879.70,-56.00,0.00,7.00
935187.00,2019-06-30 17:57:59.187,0.00,905.62,0.00,1.51,0.00,1.00,1.00,129.08,8.34,12.04,69.74,68.44,-24.80,39.32,-0.25,0.09,16.00,6879.70,-56.00,0.00,7.00
935287.00,2019-06-30 17:57:59.287,0.00,905.62,0.00,1.51,0.00,1.00,1.00,129.08,8.34,12.07,69.74,68.44,-24.80,39.32,-0.22,0.09,16.00,6879.70,-56.00,0.00,7.00
935387.00,2019-06-30 17:57:59.387,0.00,905.62,0.00,1.51,0.00,1.00,1.00,129.08,8.34,11.90,69.77,68.44,-24.80,39.32,-0.22,0.08,16.00,6879.70,-56.00,0.00,7.00
935487.00,2019-06-30 17:57:59.487,0.00,905.62,0.00,1.51,0.00,1.00,1.00,129.08,8.34,12.06,69.77,68.35,-24.78,39.32,-0.23,0.08,16.00,6879.70,-56.00,0.00,7.00
935587.00,2019-06-30 17:57:59.587,0.00,905.62,0.00,1.51,0.00,1.00,1.00,129.08,8.34,12.04,69.77,68.35,-24.78,39.40,-0.22,0.08,16.00,6879.70,-56.00,0.00,7.00
935687.00,2019-06-30 17:57:59.687,0.00,905.62,0.00,1.51,0.00,1.00,1.00,129.08,8.34,11.93,69.81,68.34,-24.78,39.40,-0.24,0.08,16.00,6879.70,-56.00,0.00,7.00
935787.00,2019-06-30 17:57:59.787,0.00,905.62,0.00,1.51,0.00,1.00,1.00,129.08,8.34,12.06,69.81,68.34,-24.66,39.40,-0.21,0.08,16.00,6879.70,-56.00,0.00,7.00
935887.00,2019-06-30 17:57:59.887,0.00,905.62,0.00,1.51,0.00,1.00,1.00,129.08,8.34,12.06,69.81,68.34,-24.66,39.40,-0.25,0.08,16.00,6879.70,-56.00,0.00,7.00
935987.00,2019-06-30 17:57:59.987,0.00,905.62,0.00,1.51,0.00,1.00,1.00,129.08,8.34,11.92,69.75,68.37,-24.66,39.45,-0.23,0.08,16.00,6879.70,-56.00,0.00,7.00
936087.00,2019-06-30 17:58:00.087,0.00,905.62,0.00,1.51,0.00,1.00,1.00,129.08,8.34,12.05,69.75,68.37,-24.66,39.45,-0.22,0.09,16.00,6879.70,-56.00,0.00,7.00
936187.00,2019-06-30 17:58:00.187,0.00,905.62,0.00,1.51,0.00,1.00,1.00,129.08,8.34,11.93,69.81,68.45,-24.66,39.45,-0.25,0.08,16.00,6879.70,-56.00,0.00,7.00
936287.00,2019-06-30 17:58:00.287,0.00,905.62,0.00,1.51,0.00,1.00,1.00,129.08,8.34,12.05,69.81,68.45,-24.66,39.45,-0.22,0.08,16.00,6879.70,-56.00,0.00,7.00
936387.00,2019-06-30 17:58:00.387,0.00,905.62,0.00,1.51,0.00,1.00,1.00,129.08,8.34,12.05,69.81,68.45,-24.66,39.38,-0.25,0.09,16.00,6879.70,-56.00,0.00,7.00
936487.00,2019-06-30 17:58:00.487,0.00,905.62,0.00,1.51,0.00,1.00,1.00,129.08,8.34,11.93,69.75,68.37,-24.56,39.38,-0.22,0.08,16.00,6879.70,-56.00,0.00,7.00
936587.00,2019-06-30 17:58:00.587,0.00,905.62,0.00,1.51,0.00,1.00,1.00,129.08,8.34,12.03,69.75,68.37,-24.56,39.38,-0.23,0.08,16.00,6879.70,-56.00,0.00,7.00
936687.00,2019-06-30 17:58:00.687,0.00,905.62,0.00,1.51,0.00,1.00,1.00,129.08,8.34,12.07,69.77,68.26,-24.56,39.38,-0.23,0.09,16.00,6879.70,-56.00,0.00,7.00
936787.00,2019-06-30 17:58:00.787,0.00,905.62,0.00,1.51,0.00,1.00,1.00,129.08,8.34,11.91,69.77,68.26,-24.55,39.46,-0.22,0.09,16.00,6879.70,-56.00,0.00,7.00
936887.00,2019-06-30 17:58:00.887,0.00,905.62,0.00,1.51,0.00,1.00,1.00,129.08,8.34,12.06,69.77,68.26,-24.55,39.46,-0.24,0.08,16.00,6879.70,-56.00,0.00,7.00
936987.00,2019-06-30 17:58:00.987,0.00,905.62,0.00,1.51,0.00,1.00,1.00,129.08,8.34,12.06,69.77,68.23,-24.55,39.46,-0.21,0.09,16.00,6879.70,-56.00,0.00,7.00
937087.00,2019-06-30 17:58:01.087,0.00,905.62,0.00,1.51,0.00,1.00,1.00,129.08,8.34,11.91,69.77,68.23,-24.46,39.46,-0.25,0.08,16.00,6879.70,-56.00,0.00,7.00
937187.00,2019-06-30 17:58:01.187,0.00,905.62,0.00,1.51,0.00,1.00,1.00,129.08,8.34,12.07,69.77,68.32,-24.46,39.48,-0.23,0.08,16.00,6879.70,-56.00,0.00,7.00
937287.00,2019-06-30 17:58:01.287,0.00,905.62,0.00,1.51,0.00,1.00,1.00,129.08,8.34,12.04,69.73,68.32,-24.45,39.48,-0.23,0.09,16.00,6879.70,-56.00,0.00,7.00
937387.00,2019-06-30 17:58:01.387,0.00,905.62,0.00,1.51,0.00,1.00,1.00,129.08,8.34,11.93,69.73,68.32,-24.45,39.48,-0.24,0.08,16.00,6879.70,-56.00,0.00,7.00
937487.00,2019-06-30 17:58:01.487,0.00,905.62,0.00,1.51,0.00,1.00,1.00,129.08,8.34,12.05,69.73,68.41,-24.45,39.48,-0.22,0.08,16.00,6879.70,-56.00,0.00,7.00
937587.00,2019-06-30 17:58:01.587,0.00,905.62,0.00,1.51,0.00,1.00,1.00,129.08,8.34,12.06,69.73,68.41,-24.33,39.45,-0.24,0.08,16.00,6879.70,-56.00,0.00,7.00
937687.00,2019-06-30 17:58:01.687,0.00,905.62,0.00,1.51,0.00,1.00,1.00,129.08,8.34,12.04,69.73,68.30,-24.33,39.45,-0.22,0.08,16.00,6879.70,-56.00,0.00,7.00
937787.00,2019-06-30 17:58:01.787,0.00,905.62,0.00,1.51,0.00,1.00,1.00,129.08,8.34,11.92,69.73,68.30,-24.33,39.45,-0.23,0.08,16.00,6879.70,-56.00,0.00,7.00
937887.00,2019-06-30 17:58:01.887,0.00,905.62,0.00,1.51,0.00,1.00,1.00,129.08,8.34,12.06,69.73,68.30,-24.41,39.45,-0.23,0.08,16.00,6879.70,-56.00,0.00,7.00
937987.00,2019-06-30 17:58:01.987,0.00,905.62,0.00,1.51,0.00,1.00,1.00,129.08,8.34,12.04,69.79,68.30,-24.41,39.44,-0.23,0.08,16.00,6879.70,-56.00,0.00,7.00
938087.00,2019-06-30 17:58:02.087,0.00,905.62,0.00,1.51,0.00,1.00,1.00,129.08,8.34,11.94,69.79,68.30,-24.32,39.44,-0.23,0.08,16.00,6879.70,-56.00,0.00,7.00
938187.00,2019-06-30 17:58:02.187,0.00,905.62,0.00,1.51,0.00,1.00,1.00,129.08,8.34,12.06,69.79,68.27,-24.32,39.44,-0.21,0.09,16.00,6879.70,-56.00,0.00,7.00
938287.00,2019-06-30 17:58:02.287,0.00,905.62,0.00,1.51,0.00,1.00,1.00,129.08,8.34,12.06,69.70,68.27,-24.32,39.44,-0.27,0.09,16.00,6879.70,-56.00,0.00,7.00
938387.00,2019-06-30 17:58:02.387,0.00,905.62,0.00,1.51,0.00,1.00,1.00,129.08,8.34,11.91,69.70,68.27,-24.23,39.48,-0.23,0.09,16.00,6879.70,-56.00,0.00,7.00
938487.00,2019-06-30 17:58:02.487,0.00,905.62,0.00,1.51,0.00,1.00,1.00,129.08,8.34,12.05,69.70,68.30,-24.23,39.48,-0.23,0.09,16.00,6879.70,-56.00,0.00,7.00
938587.00,2019-06-30 17:58:02.587,0.00,905.62,0.00,1.51,0.00,1.00,1.00,129.08,8.34,12.07,69.70,68.30,-24.28,39.48,-0.23,0.08,16.00,6879.70,-56.00,0.00,7.00
938687.00,2019-06-30 17:58:02.687,0.00,905.62,0.00,1.51,0.00,1.00,1.00,129.08,8.34,11.89,69.70,68.23,-24.28,39.48,-0.22,0.08,16.00,6879.70,-56.00,0.00,7.00
938787.00,2019-06-30 17:58:02.787,0.00,905.62,0.00,1.51,0.00,1.00,1.00,129.08,8.34,12.06,69.73,68.23,-24.28,39.46,-0.24,0.08,16.00,6879.70,-56.00,0.00,7.00
938887.00,2019-06-30 17:58:02.887,0.00,905.62,0.00,1.51,0.00,1.00,1.00,129.08,8.34,12.04,69.73,68.23,-24.16,39.46,-0.22,0.08,16.00,6879.70,-56.00,0.00,7.00
938987.00,2019-06-30 17:58:02.987,0.00,905.62,0.00,1.51,0.00,1.00,1.00,129.08,8.34,11.93,69.73,68.30,-24.16,39.46,-0.24,0.08,16.00,6879.70,-56.00,0.00,7.00
939087.00,2019-06-30 17:58:03.087,0.00,905.62,0.00,1.51,0.00,1.00,1.00,129.08,8.34,12.05,69.72,68.30,-24.16,39.46,-0.22,0.08,16.00,6879.70,-56.00,0.00,7.00
939187.00,2019-06-30 17:58:03.187,0.00,905.62,0.00,1.51,0.00,1.00,1.00,129.08,8.34,11.93,69.72,68.14,-24.10,39.57,-0.22,0.09,16.00,6879.70,-56.00,0.00,7.00
939287.00,2019-06-30 17:58:03.287,0.00,905.62,0.00,1.51,0.00,1.00,1.00,129.08,8.34,11.94,69.68,68.14,-24.10,39.57,-0.24,0.08,16.00,6879.70,-56.00,0.00,7.00
939387.00,2019-06-30 17:58:03.387,0.00,905.62,0.00,1.51,0.00,1.00,1.00,129.08,8.34,12.04,69.68,68.14,-24.05,39.57,-0.22,0.08,16.00,6879.70,-56.00,0.00,7.00
939487.00,2019-06-30 17:58:03.487,0.00,905.62,0.00,1.51,0.00,1.00,1.00,129.08,8.34,11.91,69.68,68.23,-24.05,39.57,-0.26,0.09,16.00,6879.70,-56.00,0.00,7.00
939587.00,2019-06-30 17:58:03.587,0.00,905.62,0.00,1.51,0.00,1.00,1.00,129.08,8.34,11.92,69.75,68.23,-24.05,39.50,-0.23,0.09,16.00,6879.70,-56.00,0.00,7.00
939687.00,2019-06-30 17:58:03.687,0.00,905.62,0.00,1.51,0.00,1.00,1.00,129.08,8.34,12.05,69.75,68.23,-24.06,39.50,-0.23,0.08,16.00,6879.70,-56.00,0.00,7.00
939787.00,2019-06-30 17:58:03.787,0.00,905.62,0.00,1.51,0.00,1.00,1.00,129.08,8.34,12.07,69.72,68.23,-24.06,39.50,-0.24,0.09,16.00,6879.70,-56.00,0.00,7.00
939887.00,2019-06-30 17:58:03.887,0.00,905.62,0.00,1.51,0.00,1.00,1.00,129.08,8.34,12.07,69.72,68.23,-23.97,39.50,-0.23,0.08,16.00,6879.70,-56.00,0.00,7.00
939987.00,2019-06-30 17:58:03.987,0.00,905.62,0.00,1.51,0.00,1.00,1.00,129.08,8.34,12.07,69.72,68.25,-23.97,39.57,-0.24,0.08,16.00,6879.70,-56.00,0.00,7.00
940087.00,2019-06-30 17:58:04.087,0.00,905.62,0.00,1.51,0.00,1.00,1.00,129.08,8.34,11.92,69.77,68.25,-23.97,39.57,-0.21,0.08,16.00,6879.70,-56.00,0.00,7.00
940187.00,2019-06-30 17:58:04.187,0.00,905.62,0.00,1.51,0.00,1.00,1.00,129.08,8.34,12.05,69.77,68.25,-23.95,39.57,-0.23,0.08,16.00,6879.70,-56.00,0.00,7.00
940287.00,2019-06-30 17:58:04.287,0.00,905.62,0.00,1.51,0.00,1.00,1.00,129.08,8.34,12.06,69.77,68.25,-23.95,39.57,-0.25,0.08,16.00,6879.70,-56.00,0.00,7.00
940387.00,2019-06-30 17:58:04.387,0.00,905.62,0.00,1.51,0.00,1.00,1.00,129.08,8.34,12.04,69.72,68.25,-23.95,39.50,-0.23,0.08,16.00,6879.70,-56.00,0.00,7.00
940487.00,2019-06-30 17:58:04.487,0.00,905.62,0.00,1.51,0.00,1.00,1.00,129.08,8.34,11.93,69.72,68.28,-23.95,39.50,-0.24,0.08,16.00,6879.70,-56.00,0.00,7.00
940587.00,2019-06-30 17:58:04.587,0.00,905.62,0.00,1.51,0.00,1.00,1.00,129.08,8.34,12.04,69.75,68.28,-23.95,39.50,-0.22,0.09,16.00,6879.70,-56.00,0.00,7.00
940687.00,2019-06-30 17:58:04.687,0.00,905.62,0.00,1.51,0.00,1.00,1.00,129.08,8.34,12.06,69.75,68.30,-23.87,39.50,-0.24,0.08,16.00,6879.70,-56.00,0.00,7.00
940787.00,2019-06-30 17:58:04.787,0.00,905.62,0.00,1.51,0.00,1.00,1.00,129.08,8.34,11.91,69.75,68.30,-23.87,39.55,-0.25,0.08,16.00,6879.70,-56.00,0.00,7.00
940887.00,2019-06-30 17:58:04.887,0.00,905.62,0.00,1.51,0.00,1.00,1.00,129.08,8.34,12.06,69.72,68.30,-23.87,39.55,-0.23,0.09,16.00,6879.70,-56.00,0.00,7.00
940987.00,2019-06-30 17:58:04.987,0.00,905.62,0.00,1.51,0.00,1.00,1.00,129.08,8.34,12.07,69.72,68.25,-23.81,39.55,-0.23,0.09,16.00,6879.70,-56.00,0.00,7.00
941087.00,2019-06-30 17:58:05.087,0.00,905.62,0.00,1.51,0.00,1.00,1.00,129.08,8.34,12.05,69.77,68.25,-23.81,39.55,-0.23,0.08,16.00,6879.70,-56.00,0.00,7.00
941187.00,2019-06-30 17:58:05.187,0.00,905.62,0.00,1.51,0.00,1.00,1.00,129.08,8.34,12.05,69.77,68.25,-23.87,39.50,-0.24,0.08,16.00,6879.70,-56.00,0.00,7.00
941287.00,2019-06-30 17:58:05.287,0.00,905.62,0.00,1.51,0.00,1.00,1.00,129.08,8.34,11.93,69.77,68.25,-23.87,39.50,-0.22,0.09,16.00,6879.70,-56.00,0.00,7.00
941387.00,2019-06-30 17:58:05.387,0.00,905.62,0.00,1.51,0.00,1.00,1.00,129.08,8.34,12.03,69.80,68.25,-23.87,39.50,-0.23,0.09,16.00,6879.70,-56.00,0.00,7.00
941487.00,2019-06-30 17:58:05.487,0.00,905.62,0.00,1.51,0.00,1.00,1.00,129.08,8.34,12.06,69.80,68.23,-23.77,39.50,-0.23,0.08,16.00,6879.70,-56.00,0.00,7.00
941587.00,2019-06-30 17:58:05.587,0.00,905.62,0.00,1.51,0.00,1.00,1.00,129.08,8.34,11.91,69.84,68.23,-23.77,39.57,-0.23,0.09,16.00,6879.70,-56.00,0.00,7.00
941687.00,2019-06-30 17:58:05.687,0.00,905.62,0.00,1.51,0.00,1.00,1.00,129.08,8.34,12.06,69.84,68.19,-23.77,39.57,-0.23,0.08,16.00,6879.70,-56.00,0.00,7.00
941787.00,2019-06-30 17:58:05.787,0.00,905.62,0.00,1.51,0.00,1.00,1.00,129.08,8.34,12.06,69.84,68.19,-23.66,39.57,-0.21,0.09,16.00,6879.70,-56.00,0.00,7.00
941887.00,2019-06-30 17:58:05.887,0.00,905.62,0.00,1.51,0.00,1.00,1.00,129.08,8.34,11.91,69.79,68.19,-23.66,39.57,-0.26,0.08,16.00,6879.70,-56.00,0.00,7.00
941987.00,2019-06-30 17:58:05.987,0.00,905.62,0.00,1.51,0.00,1.00,1.00,129.08,8.34,12.07,69.79,68.19,-23.63,39.52,-0.24,0.08,16.00,6879.70,-56.00,0.00,7.00
942087.00,2019-06-30 17:58:06.087,0.00,905.62,0.00,1.51,0.00,1.00,1.00,129.08,8.34,12.03,69.79,68.19,-23.63,39.52,-0.23,0.08,16.00,6879.70,-56.00,0.00,7.00
942187.00,2019-06-30 17:58:06.187,0.00,905.62,0.00,1.51,0.00,1.00,1.00,129.08,8.34,11.93,69.77,68.19,-23.63,39.52,-0.24,0.08,16.00,6879.70,-56.00,0.00,7.00
942287.00,2019-06-30 17:58:06.287,0.00,905.62,0.00,1.51,0.00,1.00,1.00,129.08,8.34,12.05,69.77,68.19,-23.65,39.52,-0.22,0.08,16.00,6879.70,-56.00,0.00,7.00
942387.00,2019-06-30 17:58:06.387,0.00,905.62,0.00,1.51,0.00,1.00,1.00,129.08,8.34,12.05,69.81,68.19,-23.65,39.55,-0.24,0.08,16.00,6879.70,-56.00,0.00,7.00
942487.00,2019-06-30 17:58:06.487,0.00,905.62,0.00,1.51,0.00,1.00,1.00,129.08,8.34,11.94,69.81,68.12,-23.63,39.55,-0.22,0.09,16.00,6879.70,-56.00,0.00,7.00
942587.00,2019-06-30 17:58:06.587,0.00,905.62,0.00,1.51,0.00,1.00,1.00,129.08,8.34,12.04,69.81,68.12,-23.63,39.55,-0.23,0.08,16.00,6879.70,-56.00,0.00,7.00
942687.00,2019-06-30 17:58:06.687,0.00,905.62,0.00,1.51,0.00,1.00,1.00,129.08,8.34,12.06,69.79,68.16,-23.63,39.55,-0.24,0.09,16.00,6879.70,-56.00,0.00,7.00
942787.00,2019-06-30 17:58:06.787,0.00,905.62,0.00,1.51,0.00,1.00,1.00,129.08,8.34,11.91,69.79,68.16,-23.57,39.53,-0.23,0.09,16.00,6879.70,-56.00,0.00,7.00
942887.00,2019-06-30 17:58:06.887,0.00,905.62,0.00,1.51,0.00,1.00,1.00,129.08,8.34,12.05,69.82,68.16,-23.57,39.53,-0.23,0.09,16.00,6879.70,-56.00,0.00,7.00
942987.00,2019-06-30 17:58:06.987,0.00,905.62,0.00,1.51,0.00,1.00,1.00,129.08,8.34,12.06,69.82,68.14,-23.57,39.53,-0.19,0.09,16.00,6879.70,-56.00,0.00,7.00
943087.00,2019-06-30 17:58:07.087,0.00,905.62,0.00,1.51,0.00,1.00,1.00,129.08,8.34,11.90,69.82,68.14,-23.51,39.53,-0.26,0.08,16.00,6879.70,-56.00,0.00,7.00
943187.00,2019-06-30 17:58:07.187,0.00,905.62,0.00,1.51,0.00,1.00,1.00,129.08,8.34,12.07,69.73,68.07,-23.51,39.58,-0.23,0.08,16.00,6879.70,-56.00,0.00,7.00
943287.00,2019-06-30 17:58:07.287,0.00,905.62,0.00,1.51,0.00,1.00,1.00,129.08,8.34,12.03,69.73,68.07,-23.55,39.58,-0.23,0.08,16.00,6879.70,-56.00,0.00,7.00
943387.00,2019-06-30 17:58:07.387,0.00,905.62,0.00,1.51,0.00,1.00,1.00,129.08,8.34,11.93,69.73,68.07,-23.55,39.58,-0.24,0.08,16.00,6879.70,-56.00,0.00,7.00
943487.00,2019-06-30 17:58:07.487,0.00,905.62,0.00,1.51,0.00,1.00,1.00,129.08,8.34,12.05,69.84,68.18,-23.55,39.58,-0.22,0.08,16.00,6879.70,-56.00,0.00,7.00
943587.00,2019-06-30 17:58:07.587,0.00,905.62,0.00,1.51,0.00,1.00,1.00,129.08,8.34,12.05,69.84,68.18,-23.40,39.42,-0.25,0.08,16.00,6879.70,-56.00,0.00,7.00
943687.00,2019-06-30 17:58:07.687,0.00,905.62,0.00,1.51,0.00,1.00,1.00,129.08,8.34,11.94,69.80,68.14,-23.40,39.42,-0.20,0.08,16.00,6879.70,-56.00,0.00,7.00
943787.00,2019-06-30 17:58:07.787,0.00,905.62,0.00,1.51,0.00,1.00,1.00,129.08,8.34,12.03,69.80,68.14,-23.30,39.42,-0.23,0.08,16.00,6879.70,-56.00,0.00,7.00
943887.00,2019-06-30 17:58:07.887,0.00,905.62,0.00,1.51,0.00,1.00,1.00,129.08,8.34,12.06,69.80,68.14,-23.30,39.42,-0.23,0.09,16.00,6879.70,-56.00,0.00,7.00
943987.00,2019-06-30 17:58:07.987,0.00,905.62,0.00,1.51,0.00,1.00,1.00,129.08,8.34,11.91,69.70,68.14,-23.30,39.51,-0.24,0.09,16.00,6879.70,-56.00,0.00,7.00
944087.00,2019-06-30 17:58:08.087,0.00,905.62,0.00,1.51,0.00,1.00,1.00,129.08,8.34,12.06,69.70,68.14,-23.38,39.51,-0.24,0.08,16.00,6879.70,-56.00,0.00,7.00
944187.00,2019-06-30 17:58:08.187,0.00,905.62,0.00,1.51,0.00,1.00,1.00,129.08,8.34,12.03,69.75,68.14,-23.38,39.51,-0.21,0.08,16.00,6879.70,-56.00,0.00,7.00
944287.00,2019-06-30 17:58:08.287,0.00,905.62,0.00,1.51,0.00,1.00,1.00,129.08,8.34,12.04,69.75,68.14,-23.38,39.51,-0.26,0.09,16.00,6879.70,-56.00,0.00,7.00
944387.00,2019-06-30 17:58:08.387,0.00,905.62,0.00,1.51,0.00,1.00,1.00,129.08,8.34,12.07,69.75,68.14,-23.37,39.48,-0.24,0.09,16.00,6879.70,-56.00,0.00,7.00
944487.00,2019-06-30 17:58:08.487,0.00,905.62,0.00,1.51,0.00,1.00,1.00,129.08,8.34,11.90,69.82,68.14,-23.37,39.48,-0.22,0.09,16.00,6879.70,-56.00,0.00,7.00
944587.00,2019-06-30 17:58:08.587,0.00,905.62,0.00,1.51,0.00,1.00,1.00,129.08,8.34,12.07,69.82,68.14,-23.30,39.48,-0.24,0.08,16.00,6879.70,-56.00,0.00,7.00
944687.00,2019-06-30 17:58:08.687,0.00,905.62,0.00,1.51,0.00,1.00,1.00,129.08,8.34,12.03,69.81,68.14,-23.30,39.48,-0.22,0.08,16.00,6879.70,-56.00,0.00,7.00
944787.00,2019-06-30 17:58:08.787,0.00,905.62,0.00,1.51,0.00,1.00,1.00,129.08,8.34,11.93,69.81,68.14,-23.30,39.53,-0.24,0.08,16.00,6879.70,-56.00,0.00,7.00
944887.00,2019-06-30 17:58:08.887,0.00,905.62,0.00,1.51,0.00,1.00,1.00,129.08,8.34,12.04,69.81,68.14,-23.16,39.53,-0.21,0.09,16.00,6879.70,-56.00,0.00,7.00
944987.00,2019-06-30 17:58:08.987,0.00,905.62,0.00,1.51,0.00,1.00,1.00,129.08,8.34,12.05,69.81,68.13,-23.16,39.53,-0.23,0.08,16.00,6879.70,-56.00,0.00,7.00
945087.00,2019-06-30 17:58:09.087,0.00,905.62,0.00,1.51,0.00,1.00,1.00,129.08,8.34,11.92,69.81,68.13,-23.17,39.53,-0.23,0.09,16.00,6879.70,-56.00,0.00,7.00
945187.00,2019-06-30 17:58:09.187,0.00,905.62,0.00,1.51,0.00,1.00,1.00,129.08,8.34,12.04,69.81,68.07,-23.17,39.55,-0.24,0.09,16.00,6879.70,-56.00,0.00,7.00
945287.00,2019-06-30 17:58:09.287,0.00,905.62,0.00,1.51,0.00,1.00,1.00,129.08,8.34,11.92,69.77,68.07,-23.17,39.55,-0.24,0.08,16.00,6879.70,-56.00,0.00,7.00
945387.00,2019-06-30 17:58:09.387,0.00,905.62,0.00,1.51,0.00,1.00,1.00,129.08,8.34,12.06,69.77,68.07,-23.13,39.55,-0.20,0.09,16.00,6879.70,-56.00,0.00,7.00
945487.00,2019-06-30 17:58:09.487,0.00,905.62,0.00,1.51,0.00,1.00,1.00,129.08,8.34,12.06,69.81,68.11,-23.13,39.55,-0.26,0.08,16.00,6879.70,-56.00,0.00,7.00
945587.00,2019-06-30 17:58:09.587,0.00,905.62,0.00,1.51,0.00,1.00,1.00,129.08,8.34,12.05,69.81,68.11,-23.13,39.63,-0.22,0.09,16.00,6879.70,-56.00,0.00,7.00
945687.00,2019-06-30 17:58:09.687,0.00,905.62,0.00,1.51,0.00,1.00,1.00,129.08,8.34,12.05,69.81,68.09,-23.13,39.63,-0.23,0.09,16.00,6879.70,-56.00,0.00,7.00
945787.00,2019-06-30 17:58:09.787,0.00,905.62,0.00,1.51,0.00,1.00,1.00,129.08,8.34,12.06,69.82,68.09,-23.13,39.63,-0.23,0.09,16.00,6879.70,-56.00,0.00,7.00
945887.00,2019-06-30 17:58:09.887,0.00,905.62,0.00,1.51,0.00,1.00,1.00,129.08,8.34,11.90,69.82,68.09,-23.12,39.63,-0.23,0.08,16.00,6879.70,-56.00,0.00,7.00
945987.00,2019-06-30 17:58:09.987,0.00,905.62,0.00,1.51,0.00,1.00,1.00,129.08,8.34,12.06,69.84,68.06,-23.12,39.60,-0.25,0.09,16.00,6879.70,-56.00,0.00,7.00
946087.00,2019-06-30 17:58:10.087,0.00,905.62,0.00,1.51,0.00,1.00,1.00,129.08,8.34,12.04,69.84,68.06,-23.12,39.60,-0.21,0.08,16.00,6879.70,-56.00,0.00,7.00
946187.00,2019-06-30 17:58:10.187,0.00,905.62,0.00,1.51,0.00,1.00,1.00,129.08,8.34,11.92,69.84,68.05,-23.02,39.60,-0.23,0.08,16.00,6879.70,-56.00,0.00,7.00
946287.00,2019-06-30 17:58:10.287,0.00,905.62,0.00,1.51,0.00,1.00,1.00,129.08,8.34,12.06,69.77,68.05,-23.02,39.60,-0.22,0.10,16.00,6879.70,-56.00,0.00,7.00
946387.00,2019-06-30 17:58:10.387,0.00,905.62,0.00,1.51,0.00,1.00,1.00,129.08,8.34,11.93,69.77,68.05,-22.90,39.51,-0.23,0.08,16.00,6879.70,-56.00,0.00,7.00
946487.00,2019-06-30 17:58:10.487,0.00,905.62,0.00,1.51,0.00,1.00,1.00,129.08,8.34,11.93,69.77,68.04,-22.90,39.51,-0.24,0.09,16.00,6879.70,-56.00,0.00,7.00
946587.00,2019-06-30 17:58:10.587,0.00,905.62,0.00,1.51,0.00,1.00,1.00,129.08,8.34,12.06,69.79,68.04,-22.90,39.51,-0.22,0.09,16.00,6879.70,-56.00,0.00,7.00
946687.00,2019-06-30 17:58:10.687,0.00,905.62,0.00,1.51,0.00,1.00,1.00,129.08,8.34,11.90,69.79,68.05,-22.95,39.51,-0.26,0.09,16.00,6879.70,-56.00,0.00,7.00
946787.00,2019-06-30 17:58:10.787,0.00,905.62,0.00,1.51,0.00,1.00,1.00,129.08,8.34,12.05,69.82,68.05,-22.95,39.59,-0.23,0.09,16.00,6879.70,-56.00,0.00,7.00
946887.00,2019-06-30 17:58:10.887,0.00,905.62,0.00,1.51,0.00,1.00,1.00,129.08,8.34,11.93,69.82,68.05,-22.95,39.59,-0.22,0.08,16.00,6879.70,-56.00,0.00,7.00
946987.00,2019-06-30 17:58:10.987,0.00,905.62,0.00,1.51,0.00,1.00,1.00,129.08,8.34,11.94,69.82,68.02,-22.88,39.59,-0.24,0.08,16.00,6879.70,-56.00,0.00,7.00
947087.00,2019-06-30 17:58:11.087,0.00,905.62,0.00,1.51,0.00,1.00,1.00,129.08,8.34,12.07,69.82,68.02,-22.88,39.59,-0.22,0.09,16.00,6879.70,-56.00,0.00,7.00
947187.00,2019-06-30 17:58:11.187,0.00,905.62,0.00,1.51,0.00,1.00,1.00,129.08,8.34,12.06,69.82,68.00,-22.88,39.62,-0.24,0.09,16.00,6879.70,-56.00,0.00,7.00
947287.00,2019-06-30 17:58:11.287,0.00,905.62,0.00,1.51,0.00,1.00,1.00,129.08,8.34,12.07,69.77,68.00,-22.88,39.62,-0.21,0.08,16.00,6879.70,-56.00,0.00,7.00
947387.00,2019-06-30 17:58:11.387,0.00,905.62,0.00,1.51,0.00,1.00,1.00,129.08,8.34,12.03,69.77,68.00,-22.88,39.62,-0.23,0.08,16.00,6879.70,-56.00,0.00,7.00
947487.00,2019-06-30 17:58:11.487,0.00,905.62,0.00,1.51,0.00,1.00,1.00,129.08,8.34,11.93,69.77,67.95,-22.76,39.62,-0.24,0.08,16.00,6879.70,-56.00,0.00,7.00
947587.00,2019-06-30 17:58:11.587,0.00,905.62,0.00,1.51,0.00,1.00,1.00,129.08,8.34,12.06,69.80,67.95,-22.76,39.66,-0.23,0.08,16.00,6879.70,-56.00,0.00,7.00
947687.00,2019-06-30 17:58:11.687,0.00,905.62,0.00,1.51,0.00,1.00,1.00,129.08,8.34,12.04,69.80,68.02,-22.94,39.66,-0.23,0.08,16.00,6879.70,-56.00,0.00,7.00
947787.00,2019-06-30 17:58:11.787,0.00,905.62,0.00,1.51,0.00,1.00,1.00,129.08,8.34,12.04,69.80,68.02,-22.94,39.66,-0.22,0.08,16.00,6879.70,-56.00,0.00,7.00
947887.00,2019-06-30 17:58:11.887,0.00,905.62,0.00,1.51,0.00,1.00,1.00,129.08,8.34,11.93,69.81,68.02,-22.94,39.66,-0.24,0.08,16.00,6879.70,-56.00,0.00,7.00
947987.00,2019-06-30 17:58:11.987,0.00,905.62,0.00,1.51,0.00,1.00,1.00,129.08,8.34,12.05,69.81,67.98,-22.70,39.60,-0.23,0.08,16.00,6879.70,-56.00,0.00,7.00
948087.00,2019-06-30 17:58:12.087,0.00,905.62,0.00,1.51,0.00,1.00,1.00,129.08,8.34,12.04,69.89,67.98,-22.70,39.60,-0.22,0.09,16.00,6879.70,-56.00,0.00,7.00
948187.00,2019-06-30 17:58:12.187,0.00,905.62,0.00,1.51,0.00,1.00,1.00,129.08,8.34,11.94,69.89,67.98,-22.70,39.60,-0.24,0.08,16.00,6879.70,-56.00,0.00,7.00
948287.00,2019-06-30 17:58:12.287,0.00,905.62,0.00,1.51,0.00,1.00,1.00,129.08,8.34,12.03,69.89,67.98,-22.73,39.60,-0.23,0.09,16.00,6879.70,-56.00,0.00,7.00
948387.00,2019-06-30 17:58:12.387,0.00,905.62,0.00,1.51,0.00,1.00,1.00,129.08,8.34,12.06,69.79,67.98,-22.73,39.57,-0.24,0.09,16.00,6879.70,-56.00,0.00,7.00
948487.00,2019-06-30 17:58:12.487,0.00,905.62,0.00,1.51,0.00,1.00,1.00,129.08,8.34,12.07,69.79,68.04,-22.66,39.57,-0.24,0.08,16.00,6879.70,-56.00,0.00,7.00
948587.00,2019-06-30 17:58:12.587,0.00,905.62,0.00,1.51,0.00,1.00,1.00,129.08,8.34,12.03,69.80,68.04,-22.66,39.57,-0.24,0.09,16.00,6879.70,-56.00,0.00,7.00
948687.00,2019-06-30 17:58:12.687,0.00,905.62,0.00,1.51,0.00,1.00,1.00,129.08,8.34,11.93,69.80,68.02,-22.66,39.57,-0.25,0.09,16.00,6879.70,-56.00,0.00,7.00
948787.00,2019-06-30 17:58:12.787,0.00,905.62,0.00,1.51,0.00,1.00,1.00,129.08,8.34,12.04,69.80,68.02,-22.62,39.60,-0.21,0.08,16.00,6879.70,-56.00,0.00,7.00
948887.00,2019-06-30 17:58:12.887,0.00,905.62,0.00,1.51,0.00,1.00,1.00,129.08,8.34,12.06,69.81,68.02,-22.62,39.60,-0.23,0.09,16.00,6879.70,-56.00,0.00,7.00
948987.00,2019-06-30 17:58:12.987,0.00,905.62,0.00,1.51,0.00,1.00,1.00,129.08,8.34,11.93,69.81,67.95,-22.52,39.60,-0.20,0.09,16.00,6879.70,-56.00,0.00,7.00
949087.00,2019-06-30 17:58:13.087,0.00,905.62,0.00,1.51,0.00,1.00,1.00,129.08,8.34,12.04,69.84,67.95,-22.52,39.60,-0.26,0.08,16.00,6879.70,-56.00,0.00,7.00
949187.00,2019-06-30 17:58:13.187,0.00,905.62,0.00,1.51,0.00,1.00,1.00,129.08,8.34,12.07,69.84,67.97,-22.52,39.59,-0.23,0.08,16.00,6879.70,-56.00,0.00,7.00
949287.00,2019-06-30 17:58:13.287,0.00,905.62,0.00,1.51,0.00,1.00,1.00,129.08,8.34,11.90,69.84,67.97,-22.46,39.59,-0.21,0.09,16.00,6879.70,-56.00,0.00,7.00
949387.00,2019-06-30 17:58:13.387,0.00,905.62,0.00,1.51,0.00,1.00,1.00,129.08,8.34,12.06,69.82,67.97,-22.46,39.59,-0.24,0.09,16.00,6879.70,-56.00,0.00,7.00
949487.00,2019-06-30 17:58:13.487,0.00,905.62,0.00,1.51,0.00,1.00,1.00,129.08,8.34,12.05,69.82,67.97,-22.46,39.59,-0.23,0.08,16.00,6879.70,-56.00,0.00,7.00
949587.00,2019-06-30 17:58:13.587,0.00,905.62,0.00,1.51,0.00,1.00,1.00,129.08,8.34,11.92,69.82,67.97,-22.46,39.51,-0.25,0.08,16.00,6879.70,-56.00,0.00,7.00
949687.00,2019-06-30 17:58:13.687,0.00,905.62,0.00,1.51,0.00,1.00,1.00,129.08,8.34,12.07,69.86,67.97,-22.46,39.51,-0.23,0.09,16.00,6879.70,-56.00,0.00,7.00
949787.00,2019-06-30 17:58:13.787,0.00,905.62,0.00,1.51,0.00,1.00,1.00,129.08,8.34,12.03,69.86,67.97,-22.48,39.51,-0.23,0.08,16.00,6879.70,-56.00,0.00,7.00
949887.00,2019-06-30 17:58:13.887,0.00,905.62,0.00,1.51,0.00,1.00,1.00,129.08,8.34,11.93,69.84,67.97,-22.48,39.51,-0.23,0.08,16.00,6879.70,-56.00,0.00,7.00
949987.00,2019-06-30 17:58:13.987,0.00,905.62,0.00,1.51,0.00,1.00,1.00,129.08,8.34,12.04,69.84,67.97,-22.48,39.51,-0.23,0.08,16.00,6879.70,-56.00,0.00,7.00
950087.00,2019-06-30 17:58:14.087,0.00,905.62,0.00,1.51,0.00,1.00,1.00,129.08,8.34,12.05,69.84,67.97,-22.44,39.51,-0.24,0.08,16.00,6879.70,-56.00,0.00,7.00
950187.00,2019-06-30 17:58:14.187,0.00,905.62,0.00,1.51,0.00,1.00,1.00,129.08,8.34,11.93,69.86,67.92,-22.44,39.51,-0.20,0.08,16.00,6879.70,-56.00,0.00,7.00
950287.00,2019-06-30 17:58:14.287,0.00,905.62,0.00,1.51,0.00,1.00,1.00,129.08,8.34,12.04,69.86,67.92,-22.42,39.51,-0.25,0.09,16.00,6879.70,-56.00,0.00,7.00
950387.00,2019-06-30 17:58:14.387,0.00,905.62,0.00,1.51,0.00,1.00,1.00,129.08,8.34,12.07,69.82,67.92,-22.42,39.59,-0.23,0.09,16.00,6879.70,-56.00,0.00,7.00
950487.00,2019-06-30 17:58:14.487,0.00,905.62,0.00,1.51,0.00,1.00,1.00,129.08,8.34,11.90,69.82,67.98,-22.42,39.59,-0.24,0.09,16.00,6879.70,-56.00,0.00,7.00
950587.00,2019-06-30 17:58:14.587,0.00,905.62,0.00,1.51,0.00,1.00,1.00,129.08,8.34,12.06,69.82,67.98,-22.34,39.59,-0.24,0.09,16.00,6879.70,-56.00,0.00,7.00
950687.00,2019-06-30 17:58:14.687,0.00,905.62,0.00,1.51,0.00,1.00,1.00,129.08,8.34,12.05,69.80,67.92,-22.34,39.59,-0.22,0.09,16.00,6879.70,-56.00,0.00,7.00
950787.00,2019-06-30 17:58:14.787,0.00,905.62,0.00,1.51,0.00,1.00,1.00,129.08,8.34,11.92,69.80,67.92,-22.34,39.57,-0.24,0.08,16.00,6879.70,-56.00,0.00,7.00
950887.00,2019-06-30 17:58:14.887,0.00,905.62,0.00,1.51,0.00,1.00,1.00,129.08,8.34,12.07,69.80,67.92,-22.30,39.57,-0.24,0.09,16.00,6879.70,-56.00,0.00,7.00
950987.00,2019-06-30 17:58:14.987,0.00,905.62,0.00,1.51,0.00,1.00,1.00,129.08,8.34,12.03,69.86,67.95,-22.30,39.57,-0.24,0.08,16.00,6879.70,-56.00,0.00,7.00
951087.00,2019-06-30 17:58:15.087,0.00,905.62,0.00,1.51,0.00,1.00,1.00,129.08,8.34,11.93,69.86,67.95,-22.30,39.57,-0.24,0.09,16.00,6879.70,-56.00,0.00,7.00
951187.00,2019-06-30 17:58:15.187,0.00,905.62,0.00,1.51,0.00,1.00,1.00,129.08,8.34,12.04,69.84,67.93,-22.30,39.52,-0.23,0.09,16.00,6879.70,-56.00,0.00,7.00
951287.00,2019-06-30 17:58:15.287,0.00,905.62,0.00,1.51,0.00,1.00,1.00,129.08,8.34,12.05,69.84,67.93,-22.30,39.52,-0.24,0.09,16.00,6879.70,-56.00,0.00,7.00
951387.00,2019-06-30 17:58:15.387,0.00,905.62,0.00,1.51,0.00,1.00,1.00,129.08,8.34,11.93,69.84,67.93,-22.26,39.52,-0.21,0.09,16.00,6879.70,-56.00,0.00,7.00
951487.00,2019-06-30 17:58:15.487,0.00,905.62,0.00,1.51,0.00,1.00,1.00,129.08,8.34,12.04,69.77,67.91,-22.26,39.52,-0.26,0.09,16.00,6879.70,-56.00,0.00,7.00
951587.00,2019-06-30 17:58:15.587,0.00,905.62,0.00,1.51,0.00,1.00,1.00,129.08,8.34,12.07,69.77,67.91,-22.18,39.50,-0.23,0.09,16.00,6879.70,-56.00,0.00,7.00
951687.00,2019-06-30 17:58:15.687,0.00,905.62,0.00,1.51,0.00,1.00,1.00,129.08,8.34,11.90,69.81,67.90,-22.18,39.50,-0.23,0.09,16.00,6879.70,-56.00,0.00,7.00
951787.00,2019-06-30 17:58:15.787,0.00,905.62,0.00,1.51,0.00,1.00,1.00,129.08,8.34,12.06,69.81,67.90,-22.18,39.50,-0.25,0.09,16.00,6879.70,-56.00,0.00,7.00
951887.00,2019-06-30 17:58:15.887,0.00,905.62,0.00,1.51,0.00,1.00,1.00,129.08,8.34,12.05,69.81,67.90,-22.18,39.50,-0.23,0.08,16.00,6879.70,-56.00,0.00,7.00
951987.00,2019-06-30 17:58:15.987,0.00,905.62,0.00,1.51,0.00,1.00,1.00,129.08,8.34,11.91,69.81,67.93,-22.18,39.53,-0.24,0.08,16.00,6879.70,-56.00,0.00,7.00
952087.00,2019-06-30 17:58:16.087,0.00,905.62,0.00,1.51,0.00,1.00,1.00,129.08,8.34,12.04,69.81,67.93,-22.18,39.53,-0.23,0.09,16.00,6879.70,-56.00,0.00,7.00
952187.00,2019-06-30 17:58:16.187,0.00,905.62,0.00,1.51,0.00,1.00,1.00,129.08,8.34,11.92,69.81,67.95,-22.13,39.53,-0.23,0.08,16.00,6879.70,-56.00,0.00,7.00
952287.00,2019-06-30 17:58:16.287,0.00,905.62,0.00,1.51,0.00,1.00,1.00,129.08,8.34,12.06,69.84,67.95,-22.13,39.53,-0.23,0.09,16.00,6879.70,-56.00,0.00,7.00
952387.00,2019-06-30 17:58:16.387,0.00,905.62,0.00,1.51,0.00,1.00,1.00,129.08,8.34,12.04,69.84,67.95,-22.14,39.66,-0.22,0.09,16.00,6879.70,-56.00,0.00,7.00
952487.00,2019-06-30 17:58:16.487,0.00,905.62,0.00,1.51,0.00,1.00,1.00,129.08,8.34,11.93,69.79,67.85,-22.14,39.66,-0.25,0.08,16.00,6879.70,-56.00,0.00,7.00
952587.00,2019-06-30 17:58:16.587,0.00,905.62,0.00,1.51,0.00,1.00,1.00,129.08,8.34,12.06,69.79,67.85,-22.14,39.66,-0.20,0.08,16.00,6879.70,-56.00,0.00,7.00
952687.00,2019-06-30 17:58:16.687,0.00,905.62,0.00,1.51,0.00,1.00,1.00,129.08,8.34,12.03,69.79,67.81,-22.05,39.66,-0.26,0.08,16.00,6879.70,-56.00,0.00,7.00
952787.00,2019-06-30 17:58:16.787,0.00,905.62,0.00,1.51,0.00,1.00,1.00,129.08,8.34,11.94,69.84,67.81,-22.05,39.57,-0.23,0.08,16.00,6879.70,-56.00,0.00,7.00
952887.00,2019-06-30 17:58:16.887,0.00,905.62,0.00,1.51,0.00,1.00,1.00,129.08,8.34,12.04,69.84,67.81,-22.00,39.57,-0.22,0.09,16.00,6879.70,-56.00,0.00,7.00
952987.00,2019-06-30 17:58:16.987,0.00,905.62,0.00,1.51,0.00,1.00,1.00,129.08,8.34,12.06,69.88,67.91,-22.00,39.57,-0.24,0.08,16.00,6879.70,-56.00,0.00,7.00
953087.00,2019-06-30 17:58:17.087,0.00,905.62,0.00,1.51,0.00,1.00,1.00,129.08,8.34,11.92,69.88,67.91,-22.00,39.57,-0.22,0.09,16.00,6879.70,-56.00,0.00,7.00
953187.00,2019-06-30 17:58:17.187,0.00,905.62,0.00,1.51,0.00,1.00,1.00,129.08,8.34,12.04,69.88,67.86,-21.87,39.55,-0.25,0.09,16.00,6879.70,-56.00,0.00,7.00
953287.00,2019-06-30 17:58:17.287,0.00,905.62,0.00,1.51,0.00,1.00,1.00,129.08,8.34,12.04,69.79,67.86,-21.87,39.55,-0.22,0.09,16.00,6879.70,-56.00,0.00,7.00
953387.00,2019-06-30 17:58:17.387,0.00,905.62,0.00,1.51,0.00,1.00,1.00,129.08,8.34,11.92,69.79,67.86,-21.87,39.55,-0.23,0.08,16.00,6879.70,-56.00,0.00,7.00
953487.00,2019-06-30 17:58:17.487,0.00,905.62,0.00,1.51,0.00,1.00,1.00,129.08,8.34,12.06,69.89,67.81,-21.90,39.55,-0.22,0.09,16.00,6879.70,-56.00,0.00,7.00
953587.00,2019-06-30 17:58:17.587,0.00,905.62,0.00,1.51,0.00,1.00,1.00,129.08,8.34,11.91,69.89,67.81,-21.90,39.55,-0.23,0.09,16.00,6879.70,-56.00,0.00,7.00
953687.00,2019-06-30 17:58:17.687,0.00,905.62,0.00,1.51,0.00,1.00,1.00,129.08,8.34,12.05,69.89,67.85,-21.86,39.55,-0.24,0.09,16.00,6879.70,-56.00,0.00,7.00
953787.00,2019-06-30 17:58:17.787,0.00,905.62,0.00,1.51,0.00,1.00,1.00,129.08,8.34,12.06,69.88,67.85,-21.86,39.55,-0.22,0.09,16.00,6879.70,-56.00,0.00,7.00
953887.00,2019-06-30 17:58:17.887,0.00,905.62,0.00,1.51,0.00,1.00,1.00,129.08,8.34,11.90,69.88,67.85,-21.86,39.55,-0.25,0.08,16.00,6879.70,-56.00,0.00,7.00
953987.00,2019-06-30 17:58:17.987,0.00,905.62,0.00,1.51,0.00,1.00,1.00,129.08,8.34,12.07,69.88,67.95,-21.83,39.59,-0.22,0.08,16.00,6879.70,-56.00,0.00,7.00
954087.00,2019-06-30 17:58:18.087,0.00,905.62,0.00,1.51,0.00,1.00,1.00,129.08,8.34,12.04,69.88,67.95,-21.83,39.59,-0.23,0.08,16.00,6879.70,-56.00,0.00,7.00
954187.00,2019-06-30 17:58:18.187,0.00,905.62,0.00,1.51,0.00,1.00,1.00,129.08,8.34,11.93,69.88,67.79,-21.82,39.59,-0.23,0.08,16.00,6879.70,-56.00,0.00,7.00
954287.00,2019-06-30 17:58:18.287,0.00,905.62,0.00,1.51,0.00,1.00,1.00,129.08,8.34,12.05,69.81,67.79,-21.82,39.59,-0.22,0.08,16.00,6879.70,-56.00,0.00,7.00
954387.00,2019-06-30 17:58:18.387,0.00,905.62,0.00,1.51,0.00,1.00,1.00,129.08,8.34,12.05,69.81,67.79,-21.82,39.59,-0.24,0.09,16.00,6879.70,-56.00,0.00,7.00
954487.00,2019-06-30 17:58:18.487,0.00,905.62,0.00,1.51,0.00,1.00,1.00,129.08,8.34,11.94,69.81,67.91,-21.73,39.59,-0.23,0.09,16.00,6879.70,-56.00,0.00,7.00
954587.00,2019-06-30 17:58:18.587,0.00,905.62,0.00,1.51,0.00,1.00,1.00,129.08,8.34,12.03,69.77,67.91,-21.73,39.59,-0.23,0.08,16.00,6879.70,-56.00,0.00,7.00
954687.00,2019-06-30 17:58:18.687,0.00,905.62,0.00,1.51,0.00,1.00,1.00,129.08,8.34,12.06,69.77,67.86,-21.73,39.59,-0.24,0.09,16.00,6879.70,-56.00,0.00,7.00
954787.00,2019-06-30 17:58:18.787,0.00,905.62,0.00,1.51,0.00,1.00,1.00,129.08,8.34,11.91,69.82,67.86,-21.74,39.58,-0.22,0.08,16.00,6879.70,-56.00,0.00,7.00
954887.00,2019-06-30 17:58:18.887,0.00,905.62,0.00,1.51,0.00,1.00,1.00,129.08,8.34,12.05,69.82,67.86,-21.74,39.58,-0.24,0.09,16.00,6879.70,-56.00,0.00,7.00
954987.00,2019-06-30 17:58:18.987,0.00,905.62,0.00,1.51,0.00,1.00,1.00,129.08,8.34,12.06,69.82,67.81,-21.69,39.58,-0.20,0.09,16.00,6879.70,-56.00,0.00,7.00
955087.00,2019-06-30 17:58:19.087,0.00,905.62,0.00,1.51,0.00,1.00,1.00,129.08,8.34,11.90,69.89,67.81,-21.69,39.58,-0.26,0.08,16.00,6879.70,-56.00,0.00,7.00
955187.00,2019-06-30 17:58:19.187,0.00,905.62,0.00,1.51,0.00,1.00,1.00,129.08,8.34,12.05,69.89,67.84,-21.69,39.53,-0.22,0.08,16.00,6879.70,-56.00,0.00,7.00
955287.00,2019-06-30 17:58:19.287,0.00,905.62,0.00,1.51,0.00,1.00,1.00,129.08,8.34,12.04,69.89,67.84,-21.55,39.53,-0.23,0.08,16.00,6879.70,-56.00,0.00,7.00
955387.00,2019-06-30 17:58:19.387,0.00,905.62,0.00,1.51,0.00,1.00,1.00,129.08,8.34,11.93,69.74,67.84,-21.55,39.53,-0.23,0.09,16.00,6879.70,-56.00,0.00,7.00
955487.00,2019-06-30 17:58:19.487,0.00,905.62,0.00,1.51,0.00,1.00,1.00,129.08,8.34,12.03,69.74,67.91,-21.60,39.53,-0.21,0.09,16.00,6879.70,-56.00,0.00,7.00
955587.00,2019-06-30 17:58:19.587,0.00,905.62,0.00,1.51,0.00,1.00,1.00,129.08,8.34,12.06,69.79,67.91,-21.60,39.60,-0.23,0.09,16.00,6879.70,-56.00,0.00,7.00
955687.00,2019-06-30 17:58:19.687,0.00,905.62,0.00,1.51,0.00,1.00,1.00,129.08,8.34,11.91,69.79,67.77,-21.60,39.60,-0.24,0.09,16.00,6879.70,-56.00,0.00,7.00
955787.00,2019-06-30 17:58:19.787,0.00,905.62,0.00,1.51,0.00,1.00,1.00,129.08,8.34,12.03,69.79,67.77,-21.48,39.60,-0.22,0.08,16.00,6879.70,-56.00,0.00,7.00
955887.00,2019-06-30 17:58:19.887,0.00,905.62,0.00,1.51,0.00,1.00,1.00,129.08,8.34,11.93,69.89,67.77,-21.48,39.60,-0.23,0.08,16.00,6879.70,-56.00,0.00,7.00
955987.00,2019-06-30 17:58:19.987,0.00,905.62,0.00,1.51,0.00,1.00,1.00,129.08,8.34,12.04,69.89,67.88,-21.48,39.48,-0.21,0.08,16.00,6879.70,-56.00,0.00,7.00
956087.00,2019-06-30 17:58:20.087,0.00,905.62,0.00,1.51,0.00,1.00,1.00,129.08,8.34,12.05,69.91,67.88,-21.47,39.48,-0.24,0.08,16.00,6879.70,-56.00,0.00,7.00
956187.00,2019-06-30 17:58:20.187,0.00,905.62,0.00,1.51,0.00,1.00,1.00,129.08,8.34,11.92,69.91,67.79,-21.47,39.48,-0.22,0.09,16.00,6879.70,-56.00,0.00,7.00
956287.00,2019-06-30 17:58:20.287,0.00,905.62,0.00,1.51,0.00,1.00,1.00,129.08,8.34,12.04,69.91,67.79,-21.48,39.48,-0.25,0.09,16.00,6879.70,-56.00,0.00,7.00
956387.00,2019-06-30 17:58:20.387,0.00,905.62,0.00,1.51,0.00,1.00,1.00,129.08,8.34,12.06,69.81,67.79,-21.48,39.63,-0.23,0.08,16.00,6879.70,-56.00,0.00,7.00
956487.00,2019-06-30 17:58:20.487,0.00,905.62,0.00,1.51,0.00,1.00,1.00,129.08,8.34,11.90,69.81,67.85,-21.48,39.63,-0.22,0.09,16.00,6879.70,-56.00,0.00,7.00
956587.00,2019-06-30 17:58:20.587,0.00,905.62,0.00,1.51,0.00,1.00,1.00,129.08,8.34,12.06,69.81,67.85,-21.50,39.63,-0.24,0.08,16.00,6879.70,-56.00,0.00,7.00
956687.00,2019-06-30 17:58:20.687,0.00,905.62,0.00,1.51,0.00,1.00,1.00,129.08,8.34,12.05,69.95,67.80,-21.50,39.63,-0.22,0.09,16.00,6879.70,-56.00,0.00,7.00
956787.00,2019-06-30 17:58:20.787,0.00,905.62,0.00,1.51,0.00,1.00,1.00,129.08,8.34,11.91,69.95,67.80,-21.39,39.68,-0.23,0.09,16.00,6879.70,-56.00,0.00,7.00
956887.00,2019-06-30 17:58:20.887,0.00,905.62,0.00,1.51,0.00,1.00,1.00,129.08,8.34,12.07,69.88,67.80,-21.39,39.68,-0.23,0.09,16.00,6879.70,-56.00,0.00,7.00
956987.00,2019-06-30 17:58:20.987,0.00,905.62,0.00,1.51,0.00,1.00,1.00,129.08,8.34,12.03,69.88,67.80,-21.39,39.68,-0.22,0.08,16.00,6879.70,-56.00,0.00,7.00
957087.00,2019-06-30 17:58:21.087,0.00,905.62,0.00,1.51,0.00,1.00,1.00,129.08,8.34,11.93,69.88,67.80,-21.36,39.68,-0.23,0.09,16.00,6879.70,-56.00,0.00,7.00
957187.00,2019-06-30 17:58:21.187,0.00,905.62,0.00,1.51,0.00,1.00,1.00,129.08,8.34,12.04,69.89,67.83,-21.36,39.57,-0.23,0.08,16.00,6879.70,-56.00,0.00,7.00
957287.00,2019-06-30 17:58:21.287,0.00,905.62,0.00,1.51,0.00,1.00,1.00,129.08,8.34,12.05,69.89,67.83,-21.36,39.57,-0.24,0.09,16.00,6879.70,-56.00,0.00,7.00
957387.00,2019-06-30 17:58:21.387,0.00,905.62,0.00,1.51,0.00,1.00,1.00,129.08,8.34,11.93,69.88,67.83,-21.38,39.57,-0.21,0.09,16.00,6879.70,-56.00,0.00,7.00
957487.00,2019-06-30 17:58:21.487,0.00,905.62,0.00,1.51,0.00,1.00,1.00,129.08,8.34,12.03,69.88,67.81,-21.38,39.57,-0.26,0.08,16.00,6879.70,-56.00,0.00,7.00
957587.00,2019-06-30 17:58:21.587,0.00,905.62,0.00,1.51,0.00,1.00,1.00,129.08,8.34,12.05,69.88,67.81,-21.23,39.66,-0.23,0.09,16.00,6879.70,-56.00,0.00,7.00
957687.00,2019-06-30 17:58:21.687,0.00,905.62,0.00,1.51,0.00,1.00,1.00,129.08,8.34,11.91,69.93,67.78,-21.23,39.66,-0.23,0.08,16.00,6879.70,-56.00,0.00,7.00
957787.00,2019-06-30 17:58:21.787,0.00,905.62,0.00,1.51,0.00,1.00,1.00,129.08,8.34,12.07,69.93,67.78,-21.23,39.66,-0.24,0.08,16.00,6879.70,-56.00,0.00,7.00
957887.00,2019-06-30 17:58:21.887,0.00,905.62,0.00,1.51,0.00,1.00,1.00,129.08,8.34,11.94,69.93,67.78,-21.27,39.66,-0.23,0.08,16.00,6879.70,-56.00,0.00,7.00
957987.00,2019-06-30 17:58:21.987,0.00,905.62,0.00,1.51,0.00,1.00,1.00,129.08,8.34,12.04,69.89,67.71,-21.27,39.66,-0.25,0.08,16.00,6879.70,-56.00,0.00,7.00
958087.00,2019-06-30 17:58:22.087,0.00,905.62,0.00,1.51,0.00,1.00,1.00,129.08,8.34,12.07,69.89,67.71,-21.21,39.66,-0.22,0.08,16.00,6879.70,-56.00,0.00,7.00
958187.00,2019-06-30 17:58:22.187,0.00,905.62,0.00,1.51,0.00,1.00,1.00,129.08,8.34,11.90,69.91,67.79,-21.21,39.66,-0.22,0.08,16.00,6879.70,-56.00,0.00,7.00
958287.00,2019-06-30 17:58:22.287,0.00,905.62,0.00,1.51,0.00,1.00,1.00,129.08,8.34,12.06,69.91,67.79,-21.21,39.66,-0.24,0.09,16.00,6879.70,-56.00,0.00,7.00
958387.00,2019-06-30 17:58:22.387,0.00,905.62,0.00,1.51,0.00,1.00,1.00,129.08,8.34,12.04,69.91,67.79,-21.13,39.71,-0.23,0.08,16.00,6879.70,-56.00,0.00,7.00
958487.00,2019-06-30 17:58:22.487,0.00,905.62,0.00,1.51,0.00,1.00,1.00,129.08,8.34,11.92,69.91,67.66,-21.13,39.71,-0.25,0.08,16.00,6879.70,-56.00,0.00,7.00
958587.00,2019-06-30 17:58:22.587,0.00,905.62,0.00,1.51,0.00,1.00,1.00,129.08,8.34,12.06,69.91,67.66,-21.13,39.71,-0.21,0.09,16.00,6879.70,-56.00,0.00,7.00
958687.00,2019-06-30 17:58:22.687,0.00,905.62,0.00,1.51,0.00,1.00,1.00,129.08,8.34,12.03,69.94,67.69,-21.10,39.71,-0.26,0.08,16.00,6879.70,-56.00,0.00,7.00
958787.00,2019-06-30 17:58:22.787,0.00,905.62,0.00,1.51,0.00,1.00,1.00,129.08,8.34,11.93,69.94,67.69,-21.10,39.66,-0.23,0.08,16.00,6879.70,-56.00,0.00,7.00
958887.00,2019-06-30 17:58:22.887,0.00,905.62,0.00,1.51,0.00,1.00,1.00,129.08,8.34,12.04,69.94,67.69,-21.13,39.66,-0.23,0.08,16.00,6879.70,-56.00,0.00,7.00
958987.00,2019-06-30 17:58:22.987,0.00,905.62,0.00,1.51,0.00,1.00,1.00,129.08,8.34,12.06,69.93,67.66,-21.13,39.66,-0.24,0.08,16.00,6879.70,-56.00,0.00,7.00
959087.00,2019-06-30 17:58:23.087,0.00,905.62,0.00,1.51,0.00,1.00,1.00,129.08,8.34,11.92,69.93,67.66,-21.13,39.66,-0.23,0.09,16.00,6879.70,-56.00,0.00,7.00
959187.00,2019-06-30 17:58:23.187,0.00,905.62,0.00,1.51,0.00,1.00,1.00,129.08,8.34,12.04,69.93,67.79,-21.10,39.66,-0.24,0.08,16.00,6879.70,-56.00,0.00,7.00
959287.00,2019-06-30 17:58:23.287,0.00,905.62,0.00,1.51,0.00,1.00,1.00,129.08,8.34,12.07,69.94,67.79,-21.10,39.66,-0.21,0.08,16.00,6879.70,-56.00,0.00,7.00
959387.00,2019-06-30 17:58:23.387,0.00,905.62,0.00,1.51,0.00,1.00,1.00,129.08,8.34,11.90,69.94,67.79,-20.92,39.66,-0.23,0.08,16.00,6879.70,-56.00,0.00,7.00
959487.00,2019-06-30 17:58:23.487,0.00,905.62,0.00,1.51,0.00,1.00,1.00,129.08,8.34,12.06,69.91,67.59,-20.92,39.66,-0.23,0.09,16.00,6879.70,-56.00,0.00,7.00
959587.00,2019-06-30 17:58:23.587,0.00,905.62,0.00,1.51,0.00,1.00,1.00,129.08,8.34,12.04,69.91,67.59,-20.92,39.73,-0.22,0.08,16.00,6879.70,-56.00,0.00,7.00
959687.00,2019-06-30 17:58:23.687,0.00,905.62,0.00,1.51,0.00,1.00,1.00,129.08,8.34,11.93,69.91,67.71,-21.02,39.73,-0.24,0.09,16.00,6879.70,-56.00,0.00,7.00
959787.00,2019-06-30 17:58:23.787,0.00,905.62,0.00,1.51,0.00,1.00,1.00,129.08,8.34,12.04,69.95,67.71,-21.02,39.73,-0.22,0.08,16.00,6879.70,-56.00,0.00,7.00
959887.00,2019-06-30 17:58:23.887,0.00,905.62,0.00,1.51,0.00,1.00,1.00,129.08,8.34,12.06,69.95,67.71,-21.02,39.73,-0.25,0.08,16.00,6879.70,-56.00,0.00,7.00
959987.00,2019-06-30 17:58:23.987,0.00,905.62,0.00,1.51,0.00,1.00,1.00,129.08,8.34,11.92,69.91,67.68,-20.93,39.63,-0.23,0.09,16.00,6879.70,-56.00,0.00,7.00
960087.00,2019-06-30 17:58:24.087,0.00,905.62,0.00,1.51,0.00,1.00,1.00,129.08,8.34,12.06,69.91,67.68,-20.93,39.63,-0.24,0.09,16.00,6879.70,-56.00,0.00,7.00
960187.00,2019-06-30 17:58:24.187,0.00,905.62,0.00,1.51,0.00,1.00,1.00,129.08,8.34,12.06,69.91,67.75,-20.84,39.63,-0.24,0.09,16.00,6879.70,-56.00,0.00,7.00
960287.00,2019-06-30 17:58:24.287,0.00,905.62,0.00,1.51,0.00,1.00,1.00,129.08,8.34,12.05,69.99,67.75,-20.84,39.63,-0.22,0.09,16.00,6879.70,-56.00,0.00,7.00
960387.00,2019-06-30 17:58:24.387,0.00,905.62,0.00,1.51,0.00,1.00,1.00,129.08,8.34,12.05,69.99,67.75,-20.84,39.73,-0.24,0.09,16.00,6879.70,-56.00,0.00,7.00
960487.00,2019-06-30 17:58:24.487,0.00,905.62,0.00,1.51,0.00,1.00,1.00,129.08,8.34,11.93,69.97,67.73,-20.80,39.73,-0.21,0.09,16.00,6879.70,-56.00,0.00,7.00
960587.00,2019-06-30 17:58:24.587,0.00,905.62,0.00,1.51,0.00,1.00,1.00,129.08,8.34,12.03,69.97,67.73,-20.80,39.73,-0.23,0.08,16.00,6879.70,-56.00,0.00,7.00
960687.00,2019-06-30 17:58:24.687,0.00,905.62,0.00,1.51,0.00,1.00,1.00,129.08,8.34,12.06,69.97,67.71,-20.80,39.73,-0.23,0.09,16.00,6879.70,-56.00,0.00,7.00
960787.00,2019-06-30 17:58:24.787,0.00,905.62,0.00,1.51,0.00,1.00,1.00,129.08,8.34,11.90,69.99,67.71,-20.80,39.66,-0.23,0.09,16.00,6879.70,-56.00,0.00,7.00
960887.00,2019-06-30 17:58:24.887,0.00,905.62,0.00,1.51,0.00,1.00,1.00,129.08,8.34,12.05,69.99,67.71,-20.80,39.66,-0.24,0.08,16.00,6879.70,-56.00,0.00,7.00
960987.00,2019-06-30 17:58:24.987,0.00,905.62,0.00,1.51,0.00,1.00,1.00,129.08,8.34,12.06,69.99,67.68,-20.73,39.66,-0.21,0.09,16.00,6879.70,-56.00,0.00,7.00
961087.00,2019-06-30 17:58:25.087,0.00,905.62,0.00,1.51,0.00,1.00,1.00,129.08,8.34,11.90,69.96,67.68,-20.73,39.66,-0.26,0.08,16.00,6879.70,-56.00,0.00,7.00
961187.00,2019-06-30 17:58:25.187,0.00,905.62,0.00,1.51,0.00,1.00,1.00,129.08,8.34,12.06,69.96,67.73,-20.73,39.75,-0.23,0.08,16.00,6879.70,-56.00,0.00,7.00
961287.00,2019-06-30 17:58:25.287,0.00,905.62,0.00,1.51,0.00,1.00,1.00,129.08,8.34,12.04,69.99,67.73,-20.66,39.75,-0.23,0.08,16.00,6879.70,-56.00,0.00,7.00
961387.00,2019-06-30 17:58:25.387,0.00,905.62,0.00,1.51,0.00,1.00,1.00,129.08,8.34,11.93,69.99,67.73,-20.66,39.75,-0.23,0.08,16.00,6879.70,-56.00,0.00,7.00
961487.00,2019-06-30 17:58:25.487,0.00,905.62,0.00,1.51,0.00,1.00,1.00,129.08,8.34,12.05,69.99,67.71,-20.71,39.75,-0.23,0.08,16.00,6879.70,-56.00,0.00,7.00
961587.00,2019-06-30 17:58:25.587,0.00,905.62,0.00,1.51,0.00,1.00,1.00,129.08,8.34,12.04,69.91,67.71,-20.71,39.70,-0.24,0.08,16.00,6879.70,-56.00,0.00,7.00
961687.00,2019-06-30 17:58:25.687,0.00,905.62,0.00,1.51,0.00,1.00,1.00,129.08,8.34,11.94,69.91,67.68,-20.71,39.70,-0.21,0.09,16.00,6879.70,-56.00,0.00,7.00
961787.00,2019-06-30 17:58:25.787,0.00,905.62,0.00,1.51,0.00,1.00,1.00,129.08,8.34,12.03,70.01,67.68,-20.65,39.70,-0.23,0.08,16.00,6879.70,-56.00,0.00,7.00
961887.00,2019-06-30 17:58:25.887,0.00,905.62,0.00,1.51,0.00,1.00,1.00,129.08,8.34,12.06,70.01,67.68,-20.65,39.70,-0.24,0.08,16.00,6879.70,-56.00,0.00,7.00
961987.00,2019-06-30 17:58:25.987,0.00,905.62,0.00,1.51,0.00,1.00,1.00,129.08,8.34,11.91,70.01,67.66,-20.61,39.77,-0.23,0.09,16.00,6879.70,-56.00,0.00,7.00
962087.00,2019-06-30 17:58:26.087,0.00,905.62,0.00,1.51,0.00,1.00,1.00,129.08,8.34,12.07,69.97,67.66,-20.61,39.77,-0.23,0.08,16.00,6879.70,-56.00,0.00,7.00
962187.00,2019-06-30 17:58:26.187,0.00,905.62,0.00,1.51,0.00,1.00,1.00,129.08,8.34,12.04,69.97,67.69,-20.61,39.77,-0.21,0.08,16.00,6879.70,-56.00,0.00,7.00
962287.00,2019-06-30 17:58:26.287,0.00,905.62,0.00,1.51,0.00,1.00,1.00,129.08,8.34,12.03,69.97,67.69,-20.55,39.77,-0.24,0.09,16.00,6879.70,-56.00,0.00,7.00
962387.00,2019-06-30 17:58:26.387,0.00,905.62,0.00,1.51,0.00,1.00,1.00,129.08,8.34,12.06,69.98,67.69,-20.55,39.66,-0.24,0.09,16.00,6879.70,-56.00,0.00,7.00
962487.00,2019-06-30 17:58:26.487,0.00,905.62,0.00,1.51,0.00,1.00,1.00,129.08,8.34,11.90,69.98,67.64,-20.55,39.66,-0.23,0.09,16.00,6879.70,-56.00,0.00,7.00
962587.00,2019-06-30 17:58:26.587,0.00,905.62,0.00,1.51,0.00,1.00,1.00,129.08,8.34,12.06,69.95,67.64,-20.59,39.66,-0.23,0.08,16.00,6879.70,-56.00,0.00,7.00
962687.00,2019-06-30 17:58:26.687,0.00,905.62,0.00,1.51,0.00,1.00,1.00,129.08,8.34,12.05,69.95,67.64,-20.59,39.66,-0.21,0.08,16.00,6879.70,-56.00,0.00,7.00
962787.00,2019-06-30 17:58:26.787,0.00,905.62,0.00,1.51,0.00,1.00,1.00,129.08,8.34,11.93,69.95,67.64,-20.56,39.71,-0.25,0.08,16.00,6879.70,-56.00,0.00,7.00
962887.00,2019-06-30 17:58:26.887,0.00,905.62,0.00,1.51,0.00,1.00,1.00,129.08,8.34,12.04,69.98,67.64,-20.56,39.71,-0.21,0.08,16.00,6879.70,-56.00,0.00,7.00
962987.00,2019-06-30 17:58:26.987,0.00,905.62,0.00,1.51,0.00,1.00,1.00,129.08,8.34,11.92,69.98,67.69,-20.56,39.71,-0.22,0.09,16.00,6879.70,-56.00,0.00,7.00
963087.00,2019-06-30 17:58:27.087,0.00,905.62,0.00,1.51,0.00,1.00,1.00,129.08,8.34,11.93,69.93,67.69,-20.50,39.71,-0.24,0.08,16.00,6879.70,-56.00,0.00,7.00
963187.00,2019-06-30 17:58:27.187,0.00,905.62,0.00,1.51,0.00,1.00,1.00,129.08,8.34,12.04,69.93,67.70,-20.50,39.71,-0.22,0.08,16.00,6879.70,-56.00,0.00,7.00
963287.00,2019-06-30 17:58:27.287,0.00,905.62,0.00,1.51,0.00,1.00,1.00,129.08,8.34,11.92,69.93,67.70,-20.47,39.71,-0.24,0.08,16.00,6879.70,-56.00,0.00,7.00
963387.00,2019-06-30 17:58:27.387,0.00,905.62,0.00,1.51,0.00,1.00,1.00,129.08,8.34,12.06,69.99,67.70,-20.47,39.71,-0.21,0.08,16.00,6879.70,-56.00,0.00,7.00
963487.00,2019-06-30 17:58:27.487,0.00,905.62,0.00,1.51,0.00,1.00,1.00,129.08,8.34,12.03,69.99,67.71,-20.47,39.71,-0.26,0.08,16.00,6879.70,-56.00,0.00,7.00
963587.00,2019-06-30 17:58:27.587,0.00,905.62,0.00,1.51,0.00,1.00,1.00,129.08,8.34,11.93,69.97,67.71,-20.43,39.73,-0.23,0.08,16.00,6879.70,-56.00,0.00,7.00
963687.00,2019-06-30 17:58:27.687,0.00,905.62,0.00,1.51,0.00,1.00,1.00,129.08,8.34,12.04,69.97,67.69,-20.43,39.73,-0.23,0.08,16.00,6879.70,-56.00,0.00,7.00
963787.00,2019-06-30 17:58:27.787,0.00,905.62,0.00,1.51,0.00,1.00,1.00,129.08,8.34,12.06,69.97,67.69,-20.43,39.73,-0.24,0.09,16.00,6879.70,-56.00,0.00,7.00
963887.00,2019-06-30 17:58:27.887,0.00,905.62,0.00,1.51,0.00,1.00,1.00,129.08,8.34,11.92,69.96,67.69,-20.39,39.73,-0.22,0.08,16.00,6879.70,-56.00,0.00,7.00
963987.00,2019-06-30 17:58:27.987,0.00,905.62,0.00,1.51,0.00,1.00,1.00,129.08,8.34,12.04,69.96,67.66,-20.39,39.66,-0.24,0.08,16.00,6879.70,-56.00,0.00,7.00
964087.00,2019-06-30 17:58:28.087,0.00,905.62,0.00,1.51,0.00,1.00,1.00,129.08,8.34,12.07,69.96,67.66,-20.30,39.66,-0.19,0.08,16.00,6879.70,-56.00,0.00,7.00
964187.00,2019-06-30 17:58:28.187,0.00,905.62,0.00,1.51,0.00,1.00,1.00,129.08,8.34,11.89,69.97,67.69,-20.30,39.66,-0.23,0.08,16.00,6879.70,-56.00,0.00,7.00
964287.00,2019-06-30 17:58:28.287,0.00,905.62,0.00,1.51,0.00,1.00,1.00,129.08,8.34,12.06,69.97,67.69,-20.30,39.66,-0.24,0.08,16.00,6879.70,-56.00,0.00,7.00
964387.00,2019-06-30 17:58:28.387,0.00,905.62,0.00,1.51,0.00,1.00,1.00,129.08,8.34,11.94,69.97,67.69,-20.25,39.70,-0.23,0.08,16.00,6879.70,-56.00,0.00,7.00
964487.00,2019-06-30 17:58:28.487,0.00,905.62,0.00,1.51,0.00,1.00,1.00,129.08,8.34,11.93,69.97,67.60,-20.25,39.70,-0.24,0.08,16.00,6879.70,-56.00,0.00,7.00
964587.00,2019-06-30 17:58:28.587,0.00,905.62,0.00,1.51,0.00,1.00,1.00,129.08,8.34,12.04,69.97,67.60,-20.25,39.70,-0.21,0.09,16.00,6879.70,-56.00,0.00,7.00
964687.00,2019-06-30 17:58:28.687,0.00,905.62,0.00,1.51,0.00,1.00,1.00,129.08,8.34,12.06,69.95,67.66,-20.25,39.70,-0.26,0.09,16.00,6879.70,-56.00,0.00,7.00
964787.00,2019-06-30 17:58:28.787,0.00,905.62,0.00,1.51,0.00,1.00,1.00,129.08,8.34,12.05,69.95,67.66,-20.25,39.80,-0.23,0.08,16.00,6879.70,-56.00,0.00,7.00
964887.00,2019-06-30 17:58:28.887,0.00,905.62,0.00,1.51,0.00,1.00,1.00,129.08,8.34,12.06,69.94,67.66,-20.29,39.80,-0.23,0.09,16.00,6879.70,-56.00,0.00,7.00
964987.00,2019-06-30 17:58:28.987,0.00,905.62,0.00,1.51,0.00,1.00,1.00,129.08,8.34,11.93,69.94,67.59,-20.29,39.80,-0.23,0.08,16.00,6879.70,-56.00,0.00,7.00
965087.00,2019-06-30 17:58:29.087,0.00,905.62,0.00,1.51,0.00,1.00,1.00,129.08,8.34,12.05,69.94,67.59,-20.29,39.80,-0.23,0.08,16.00,6879.70,-56.00,0.00,7.00
965187.00,2019-06-30 17:58:29.187,0.00,905.62,0.00,1.51,0.00,1.00,1.00,129.08,8.34,12.05,69.96,67.60,-20.21,39.77,-0.24,0.08,16.00,6879.70,-56.00,0.00,7.00
965287.00,2019-06-30 17:58:29.287,0.00,905.62,0.00,1.51,0.00,1.00,1.00,129.08,8.34,11.94,69.96,67.60,-20.21,39.77,-0.23,0.08,16.00,6879.70,-56.00,0.00,7.00
965387.00,2019-06-30 17:58:29.387,0.00,905.62,0.00,1.51,0.00,1.00,1.00,129.08,8.34,12.03,69.96,67.60,-20.15,39.77,-0.23,0.09,16.00,6879.70,-56.00,0.00,7.00
965487.00,2019-06-30 17:58:29.487,0.00,905.62,0.00,1.51,0.00,1.00,1.00,129.08,8.34,12.06,69.99,67.60,-20.15,39.77,-0.24,0.08,16.00,6879.70,-56.00,0.00,7.00
965587.00,2019-06-30 17:58:29.587,0.00,905.62,0.00,1.51,0.00,1.00,1.00,129.08,8.34,11.91,69.99,67.60,-20.15,39.75,-0.23,0.09,16.00,6879.70,-56.00,0.00,7.00
965687.00,2019-06-30 17:58:29.687,0.00,905.62,0.00,1.51,0.00,1.00,1.00,129.08,8.34,12.05,70.01,67.58,-20.05,39.75,-0.23,0.08,16.00,6879.70,-56.00,0.00,7.00
965787.00,2019-06-30 17:58:29.787,0.00,905.62,0.00,1.51,0.00,1.00,1.00,129.08,8.34,12.06,70.01,67.58,-20.05,39.75,-0.21,0.09,16.00,6879.70,-56.00,0.00,7.00
965887.00,2019-06-30 17:58:29.887,0.00,905.62,0.00,1.51,0.00,1.00,1.00,129.08,8.34,11.91,70.01,67.58,-20.07,39.75,-0.25,0.08,16.00,6879.70,-56.00,0.00,7.00
965987.00,2019-06-30 17:58:29.987,0.00,905.62,0.00,1.51,0.00,1.00,1.00,129.08,8.34,12.06,69.94,67.55,-20.07,39.70,-0.22,0.08,16.00,6879.70,-56.00,0.00,7.00
966087.00,2019-06-30 17:58:30.087,0.00,905.62,0.00,1.51,0.00,1.00,1.00,129.08,8.34,12.04,69.94,67.55,-20.07,39.70,-0.23,0.08,16.00,6879.70,-56.00,0.00,7.00
966187.00,2019-06-30 17:58:30.187,0.00,905.62,0.00,1.51,0.00,1.00,1.00,129.08,8.34,11.93,69.96,67.63,-20.07,39.70,-0.23,0.08,16.00,6879.70,-56.00,0.00,7.00
966287.00,2019-06-30 17:58:30.287,0.00,905.62,0.00,1.51,0.00,1.00,1.00,129.08,8.34,12.05,69.96,67.63,-20.07,39.70,-0.23,0.08,16.00,6879.70,-56.00,0.00,7.00
966387.00,2019-06-30 17:58:30.387,0.00,905.62,0.00,1.51,0.00,1.00,1.00,129.08,8.34,12.04,69.96,67.63,-20.07,39.77,-0.24,0.08,16.00,6879.70,-56.00,0.00,7.00
966487.00,2019-06-30 17:58:30.487,0.00,905.62,0.00,1.51,0.00,1.00,1.00,129.08,8.34,11.94,70.06,67.57,-19.98,39.77,-0.20,0.09,16.00,6879.70,-56.00,0.00,7.00
966587.00,2019-06-30 17:58:30.587,0.00,905.62,0.00,1.51,0.00,1.00,1.00,129.08,8.34,12.03,70.06,67.57,-19.98,39.77,-0.23,0.08,16.00,6879.70,-56.00,0.00,7.00
966687.00,2019-06-30 17:58:30.687,0.00,905.62,0.00,1.51,0.00,1.00,1.00,129.08,8.34,12.06,70.02,67.59,-19.98,39.77,-0.24,0.09,16.00,6879.70,-56.00,0.00,7.00
966787.00,2019-06-30 17:58:30.787,0.00,905.62,0.00,1.51,0.00,1.00,1.00,129.08,8.34,11.90,70.02,67.59,-19.98,39.75,-0.23,0.08,16.00,6879.70,-56.00,0.00,7.00
966887.00,2019-06-30 17:58:30.887,0.00,905.62,0.00,1.51,0.00,1.00,1.00,129.08,8.34,12.06,70.02,67.59,-19.98,39.75,-0.24,0.08,16.00,6879.70,-56.00,0.00,7.00
966987.00,2019-06-30 17:58:30.987,0.00,905.62,0.00,1.51,0.00,1.00,1.00,129.08,8.34,11.93,70.02,67.53,-19.95,39.75,-0.21,0.08,16.00,6879.70,-56.00,0.00,7.00
967087.00,2019-06-30 17:58:31.087,0.00,905.62,0.00,1.51,0.00,1.00,1.00,129.08,8.34,11.93,70.02,67.53,-19.95,39.75,-0.25,0.08,16.00,6879.70,-56.00,0.00,7.00
967187.00,2019-06-30 17:58:31.187,0.00,905.62,0.00,1.51,0.00,1.00,1.00,129.08,8.34,12.05,70.02,67.53,-19.88,39.80,-0.23,0.08,16.00,6879.70,-56.00,0.00,7.00
967287.00,2019-06-30 17:58:31.287,0.00,905.62,0.00,1.51,0.00,1.00,1.00,129.08,8.34,12.04,69.91,67.53,-19.88,39.80,-0.24,0.08,16.00,6879.70,-56.00,0.00,7.00
967387.00,2019-06-30 17:58:31.387,0.00,905.62,0.00,1.51,0.00,1.00,1.00,129.08,8.34,11.94,69.91,67.53,-19.88,39.80,-0.26,0.08,16.00,6879.70,-56.00,0.00,7.00
967487.00,2019-06-30 17:58:31.487,0.00,905.62,0.00,1.51,0.00,1.00,1.00,129.08,8.34,12.03,69.95,67.52,-19.88,39.80,-0.22,0.08,16.00,6879.70,-56.00,0.00,7.00
967587.00,2019-06-30 17:58:31.587,0.00,905.62,0.00,1.51,0.00,1.00,1.00,129.08,8.34,12.05,69.95,67.52,-19.88,39.71,-0.24,0.08,16.00,6879.70,-56.00,0.00,7.00
967687.00,2019-06-30 17:58:31.687,0.00,905.62,0.00,1.51,0.00,1.00,1.00,129.08,8.34,11.94,69.95,67.59,-19.88,39.71,-0.23,0.09,16.00,6879.70,-56.00,0.00,7.00
967787.00,2019-06-30 17:58:31.787,0.00,905.62,0.00,1.51,0.00,1.00,1.00,129.08,8.34,12.03,69.99,67.59,-19.82,39.71,-0.22,0.08,16.00,6879.70,-56.00,0.00,7.00
967887.00,2019-06-30 17:58:31.887,0.00,905.62,0.00,1.51,0.00,1.00,1.00,129.08,8.34,12.07,69.99,67.59,-19.82,39.71,-0.24,0.09,16.00,6879.70,-56.00,0.00,7.00
967987.00,2019-06-30 17:58:31.987,0.00,905.62,0.00,1.51,0.00,1.00,1.00,129.08,8.34,11.90,69.98,67.51,-19.84,39.77,-0.23,0.08,16.00,6879.70,-56.00,0.00,7.00
968087.00,2019-06-30 17:58:32.087,0.00,905.62,0.00,1.51,0.00,1.00,1.00,129.08,8.34,12.05,69.98,67.51,-19.84,39.77,-0.24,0.09,16.00,6879.70,-56.00,0.00,7.00
968187.00,2019-06-30 17:58:32.187,0.00,905.62,0.00,1.51,0.00,1.00,1.00,129.08,8.34,11.93,69.98,67.50,-19.84,39.77,-0.21,0.08,16.00,6879.70,-56.00,0.00,7.00
968287.00,2019-06-30 17:58:32.287,0.00,905.62,0.00,1.51,0.00,1.00,1.00,129.08,8.34,12.04,70.01,67.50,-19.86,39.77,-0.24,0.09,16.00,6879.70,-56.00,0.00,7.00
968387.00,2019-06-30 17:58:32.387,0.00,905.62,0.00,1.51,0.00,1.00,1.00,129.08,8.34,12.05,70.01,67.50,-19.86,39.80,-0.23,0.09,16.00,6879.70,-56.00,0.00,7.00
968487.00,2019-06-30 17:58:32.487,0.00,905.62,0.00,1.51,0.00,1.00,1.00,129.08,8.34,12.06,70.01,67.55,-19.71,39.80,-0.23,0.08,16.00,6879.70,-56.00,0.00,7.00
968587.00,2019-06-30 17:58:32.587,0.00,905.62,0.00,1.51,0.00,1.00,1.00,129.08,8.34,12.07,70.04,67.55,-19.71,39.80,-0.23,0.08,16.00,6879.70,-56.00,0.00,7.00
968687.00,2019-06-30 17:58:32.687,0.00,905.62,0.00,1.51,0.00,1.00,1.00,129.08,8.34,12.03,70.04,67.48,-19.71,39.80,-0.22,0.08,16.00,6879.70,-56.00,0.00,7.00
968787.00,2019-06-30 17:58:32.787,0.00,905.62,0.00,1.51,0.00,1.00,1.00,129.08,8.34,11.93,69.91,67.48,-19.66,39.68,-0.23,0.09,16.00,6879.70,-56.00,0.00,7.00
968887.00,2019-06-30 17:58:32.887,0.00,905.62,0.00,1.51,0.00,1.00,1.00,129.08,8.34,12.05,69.91,67.48,-19.66,39.68,-0.23,0.09,16.00,6879.70,-56.00,0.00,7.00
968987.00,2019-06-30 17:58:32.987,0.00,905.62,0.00,1.51,0.00,1.00,1.00,129.08,8.34,12.05,69.91,67.50,-19.66,39.68,-0.23,0.08,16.00,6879.70,-56.00,0.00,7.00
969087.00,2019-06-30 17:58:33.087,0.00,905.62,0.00,1.51,0.00,1.00,1.00,129.08,8.34,12.06,69.89,67.50,-19.59,39.68,-0.23,0.09,16.00,6879.70,-56.00,0.00,7.00
969187.00,2019-06-30 17:58:33.187,0.00,905.62,0.00,1.51,0.00,1.00,1.00,129.08,8.34,12.04,69.89,67.50,-19.59,39.73,-0.23,0.08,16.00,6879.70,-56.00,0.00,7.00
969287.00,2019-06-30 17:58:33.287,0.00,905.62,0.00,1.51,0.00,1.00,1.00,129.08,8.34,11.92,70.01,67.50,-19.67,39.73,-0.24,0.08,16.00,6879.70,-56.00,0.00,7.00
969387.00,2019-06-30 17:58:33.387,0.00,905.62,0.00,1.51,0.00,1.00,1.00,129.08,8.34,12.06,70.01,67.50,-19.67,39.73,-0.20,0.08,16.00,6879.70,-56.00,0.00,7.00
969487.00,2019-06-30 17:58:33.487,0.00,905.62,0.00,1.51,0.00,1.00,1.00,129.08,8.34,12.06,70.01,67.39,-19.67,39.73,-0.25,0.08,16.00,6879.70,-56.00,0.00,7.00
969587.00,2019-06-30 17:58:33.587,0.00,905.62,0.00,1.51,0.00,1.00,1.00,129.08,8.34,12.05,69.97,67.39,-19.50,39.70,-0.24,0.09,16.00,6879.70,-56.00,0.00,7.00
969687.00,2019-06-30 17:58:33.687,0.00,905.62,0.00,1.51,0.00,1.00,1.00,129.08,8.34,12.04,69.97,67.46,-19.50,39.70,-0.24,0.09,16.00,6879.70,-56.00,0.00,7.00
969787.00,2019-06-30 17:58:33.787,0.00,905.62,0.00,1.51,0.00,1.00,1.00,129.08,8.34,12.07,69.97,67.46,-19.42,39.70,-0.22,0.09,16.00,6879.70,-56.00,0.00,7.00
969887.00,2019-06-30 17:58:33.887,0.00,905.62,0.00,1.51,0.00,1.00,1.00,129.08,8.34,11.90,69.91,67.46,-19.42,39.70,-0.22,0.08,16.00,6879.70,-56.00,0.00,7.00
969987.00,2019-06-30 17:58:33.987,0.00,905.62,0.00,1.51,0.00,1.00,1.00,129.08,8.34,12.04,69.91,67.46,-19.42,39.68,-0.24,0.09,16.00,6879.70,-56.00,0.00,7.00
970087.00,2019-06-30 17:58:34.087,0.00,905.62,0.00,1.51,0.00,1.00,1.00,129.08,8.34,11.94,69.99,67.46,-19.50,39.68,-0.25,0.08,16.00,6879.70,-56.00,0.00,7.00
970187.00,2019-06-30 17:58:34.187,0.00,905.62,0.00,1.51,0.00,1.00,1.00,129.08,8.34,12.03,69.99,67.44,-19.50,39.68,-0.22,0.08,16.00,6879.70,-56.00,0.00,7.00
970287.00,2019-06-30 17:58:34.287,0.00,905.62,0.00,1.51,0.00,1.00,1.00,129.08,8.34,12.06,69.99,67.44,-19.50,39.68,-0.23,0.09,16.00,6879.70,-56.00,0.00,7.00
970387.00,2019-06-30 17:58:34.387,0.00,905.62,0.00,1.51,0.00,1.00,1.00,129.08,8.34,11.91,69.93,67.44,-19.46,39.68,-0.23,0.08,16.00,6879.70,-56.00,0.00,7.00
970487.00,2019-06-30 17:58:34.487,0.00,905.62,0.00,1.51,0.00,1.00,1.00,129.08,8.34,12.06,69.93,67.43,-19.46,39.68,-0.23,0.09,16.00,6879.70,-56.00,0.00,7.00
970587.00,2019-06-30 17:58:34.587,0.00,905.62,0.00,1.51,0.00,1.00,1.00,129.08,8.34,12.04,69.98,67.43,-19.46,39.68,-0.21,0.08,16.00,6879.70,-56.00,0.00,7.00
970687.00,2019-06-30 17:58:34.687,0.00,905.62,0.00,1.51,0.00,1.00,1.00,129.08,8.34,12.04,69.98,67.39,-19.46,39.68,-0.27,0.08,16.00,6879.70,-56.00,0.00,7.00
970787.00,2019-06-30 17:58:34.787,0.00,905.62,0.00,1.51,0.00,1.00,1.00,129.08,8.34,12.05,69.98,67.39,-19.46,39.59,-0.22,0.09,16.00,6879.70,-56.00,0.00,7.00
970887.00,2019-06-30 17:58:34.887,0.00,905.62,0.00,1.51,0.00,1.00,1.00,129.08,8.34,11.91,69.93,67.39,-19.43,39.59,-0.23,0.09,16.00,6879.70,-56.00,0.00,7.00
970987.00,2019-06-30 17:58:34.987,0.00,905.62,0.00,1.51,0.00,1.00,1.00,129.08,8.34,12.06,69.93,67.41,-19.43,39.59,-0.23,0.09,16.00,6879.70,-56.00,0.00,7.00
971087.00,2019-06-30 17:58:35.087,0.00,905.62,0.00,1.51,0.00,1.00,1.00,129.08,8.34,12.03,69.95,67.41,-19.33,39.59,-0.23,0.08,16.00,6879.70,-56.00,0.00,7.00
971187.00,2019-06-30 17:58:35.187,0.00,905.62,0.00,1.51,0.00,1.00,1.00,129.08,8.34,11.93,69.95,67.37,-19.33,39.71,-0.25,0.08,16.00,6879.70,-56.00,0.00,7.00
971287.00,2019-06-30 17:58:35.287,0.00,905.62,0.00,1.51,0.00,1.00,1.00,129.08,8.34,12.05,69.95,67.37,-19.33,39.71,-0.23,0.09,16.00,6879.70,-56.00,0.00,7.00
971387.00,2019-06-30 17:58:35.387,0.00,905.62,0.00,1.51,0.00,1.00,1.00,129.08,8.34,11.92,69.96,67.37,-19.28,39.71,-0.23,0.08,16.00,6879.70,-56.00,0.00,7.00
971487.00,2019-06-30 17:58:35.487,0.00,905.62,0.00,1.51,0.00,1.00,1.00,129.08,8.34,12.04,69.96,67.44,-19.28,39.71,-0.25,0.08,16.00,6879.70,-56.00,0.00,7.00
971587.00,2019-06-30 17:58:35.587,0.00,905.62,0.00,1.51,0.00,1.00,1.00,129.08,8.34,12.03,69.96,67.44,-19.28,39.70,-0.23,0.09,16.00,6879.70,-56.00,0.00,7.00
971687.00,2019-06-30 17:58:35.687,0.00,905.62,0.00,1.51,0.00,1.00,1.00,129.08,8.34,12.06,69.98,67.44,-19.26,39.70,-0.24,0.09,16.00,6879.70,-56.00,0.00,7.00
971787.00,2019-06-30 17:58:35.787,0.00,905.62,0.00,1.51,0.00,1.00,1.00,129.08,8.34,12.07,69.98,67.44,-19.26,39.70,-0.21,0.08,16.00,6879.70,-56.00,0.00,7.00
971887.00,2019-06-30 17:58:35.887,0.00,905.62,0.00,1.51,0.00,1.00,1.00,129.08,8.34,12.03,70.04,67.44,-19.19,39.70,-0.25,0.08,16.00,6879.70,-56.00,0.00,7.00
971987.00,2019-06-30 17:58:35.987,0.00,905.62,0.00,1.51,0.00,1.00,1.00,129.08,8.34,11.93,70.04,67.41,-19.19,39.73,-0.23,0.08,16.00,6879.70,-56.00,0.00,7.00
972087.00,2019-06-30 17:58:36.087,0.00,905.62,0.00,1.51,0.00,1.00,1.00,129.08,8.34,12.04,70.04,67.41,-19.19,39.73,-0.23,0.08,16.00,6879.70,-56.00,0.00,7.00
972187.00,2019-06-30 17:58:36.187,0.00,905.62,0.00,1.51,0.00,1.00,1.00,129.08,8.34,12.06,70.02,67.39,-19.23,39.73,-0.23,0.08,16.00,6879.70,-56.00,0.00,7.00
972287.00,2019-06-30 17:58:36.287,0.00,905.62,0.00,1.51,0.00,1.00,1.00,129.08,8.34,11.90,70.02,67.39,-19.23,39.73,-0.23,0.08,16.00,6879.70,-56.00,0.00,7.00
972387.00,2019-06-30 17:58:36.387,0.00,905.62,0.00,1.51,0.00,1.00,1.00,129.08,8.34,12.06,69.96,67.39,-19.16,39.66,-0.25,0.08,16.00,6879.70,-56.00,0.00,7.00
972487.00,2019-06-30 17:58:36.487,0.00,905.62,0.00,1.51,0.00,1.00,1.00,129.08,8.34,12.05,69.96,67.41,-19.16,39.66,-0.23,0.08,16.00,6879.70,-56.00,0.00,7.00
972587.00,2019-06-30 17:58:36.587,0.00,905.62,0.00,1.51,0.00,1.00,1.00,129.08,8.34,11.92,69.96,67.41,-19.16,39.66,-0.21,0.08,16.00,6879.70,-56.00,0.00,7.00
972687.00,2019-06-30 17:58:36.687,0.00,905.62,0.00,1.51,0.00,1.00,1.00,129.08,8.34,12.06,70.02,67.32,-19.06,39.66,-0.24,0.08,16.00,6879.70,-56.00,0.00,7.00
972787.00,2019-06-30 17:58:36.787,0.00,905.62,0.00,1.51,0.00,1.00,1.00,129.08,8.34,12.03,70.02,67.32,-19.06,39.77,-0.23,0.08,16.00,6879.70,-56.00,0.00,7.00
972887.00,2019-06-30 17:58:36.887,0.00,905.62,0.00,1.51,0.00,1.00,1.00,129.08,8.34,11.94,70.02,67.32,-19.06,39.77,-0.25,0.09,16.00,6879.70,-56.00,0.00,7.00
972987.00,2019-06-30 17:58:36.987,0.00,905.62,0.00,1.51,0.00,1.00,1.00,129.08,8.34,12.04,69.96,67.38,-19.10,39.77,-0.20,0.09,16.00,6879.70,-56.00,0.00,7.00
973087.00,2019-06-30 17:58:37.087,0.00,905.62,0.00,1.51,0.00,1.00,1.00,129.08,8.34,12.06,69.96,67.38,-19.10,39.77,-0.24,0.08,16.00,6879.70,-56.00,0.00,7.00
973187.00,2019-06-30 17:58:37.187,0.00,905.62,0.00,1.51,0.00,1.00,1.00,129.08,8.34,11.92,69.98,67.36,-19.05,39.75,-0.25,0.09,16.00,6879.70,-56.00,0.00,7.00
973287.00,2019-06-30 17:58:37.287,0.00,905.62,0.00,1.51,0.00,1.00,1.00,129.08,8.34,12.04,69.98,67.36,-19.05,39.75,-0.23,0.09,16.00,6879.70,-56.00,0.00,7.00
973387.00,2019-06-30 17:58:37.387,0.00,905.62,0.00,1.51,0.00,1.00,1.00,129.08,8.34,12.07,69.98,67.36,-19.05,39.75,-0.23,0.08,16.00,6879.70,-56.00,0.00,7.00
973487.00,2019-06-30 17:58:37.487,0.00,905.62,0.00,1.51,0.00,1.00,1.00,129.08,8.34,11.90,69.95,67.41,-18.92,39.75,-0.22,0.08,16.00,6879.70,-56.00,0.00,7.00
973587.00,2019-06-30 17:58:37.587,0.00,905.62,0.00,1.51,0.00,1.00,1.00,129.08,8.34,12.06,69.95,67.41,-18.92,39.76,-0.24,0.08,16.00,6879.70,-56.00,0.00,7.00
973687.00,2019-06-30 17:58:37.687,0.00,905.62,0.00,1.51,0.00,1.00,1.00,129.08,8.34,12.04,70.01,67.41,-18.92,39.76,-0.23,0.08,16.00,6879.70,-56.00,0.00,7.00
973787.00,2019-06-30 17:58:37.787,0.00,905.62,0.00,1.51,0.00,1.00,1.00,129.08,8.34,12.05,70.01,67.41,-18.92,39.76,-0.23,0.08,16.00,6879.70,-56.00,0.00,7.00
973887.00,2019-06-30 17:58:37.887,0.00,905.62,0.00,1.51,0.00,1.00,1.00,129.08,8.34,12.06,70.01,67.41,-18.92,39.76,-0.23,0.09,16.00,6879.70,-56.00,0.00,7.00
973987.00,2019-06-30 17:58:37.987,0.00,905.62,0.00,1.51,0.00,1.00,1.00,129.08,8.34,11.91,69.94,67.34,-18.87,39.73,-0.22,0.09,16.00,6879.70,-56.00,0.00,7.00
974087.00,2019-06-30 17:58:38.087,0.00,905.62,0.00,1.51,0.00,1.00,1.00,129.08,8.34,12.05,69.94,67.34,-18.87,39.73,-0.24,0.09,16.00,6879.70,-56.00,0.00,7.00
974187.00,2019-06-30 17:58:38.187,0.00,905.62,0.00,1.51,0.00,1.00,1.00,129.08,8.34,12.07,69.94,67.43,-18.87,39.73,-0.20,0.09,16.00,6879.70,-56.00,0.00,7.00
974287.00,2019-06-30 17:58:38.287,0.00,905.62,0.00,1.51,0.00,1.00,1.00,129.08,8.34,11.90,70.06,67.43,-18.83,39.73,-0.25,0.08,16.00,6879.70,-56.00,0.00,7.00
974387.00,2019-06-30 17:58:38.387,0.00,905.62,0.00,1.51,0.00,1.00,1.00,129.08,8.34,12.06,70.06,67.43,-18.83,39.73,-0.24,0.08,16.00,6879.70,-56.00,0.00,7.00
974487.00,2019-06-30 17:58:38.487,0.00,905.62,0.00,1.51,0.00,1.00,1.00,129.08,8.34,12.04,69.97,67.41,-18.80,39.73,-0.23,0.08,16.00,6879.70,-56.00,0.00,7.00
974587.00,2019-06-30 17:58:38.587,0.00,905.62,0.00,1.51,0.00,1.00,1.00,129.08,8.34,11.92,69.97,67.41,-18.80,39.73,-0.24,0.08,16.00,6879.70,-56.00,0.00,7.00
974687.00,2019-06-30 17:58:38.687,0.00,905.62,0.00,1.51,0.00,1.00,1.00,129.08,8.34,12.06,69.97,67.25,-18.80,39.73,-0.23,0.08,16.00,6879.70,-56.00,0.00,7.00
974787.00,2019-06-30 17:58:38.787,0.00,905.62,0.00,1.51,0.00,1.00,1.00,129.08,8.34,12.04,70.03,67.25,-18.78,39.78,-0.24,0.08,16.00,6879.70,-56.00,0.00,7.00
974887.00,2019-06-30 17:58:38.887,0.00,905.62,0.00,1.51,0.00,1.00,1.00,129.08,8.34,11.91,70.03,67.25,-18.78,39.78,-0.23,0.08,16.00,6879.70,-56.00,0.00,7.00
974987.00,2019-06-30 17:58:38.987,0.00,905.62,0.00,1.51,0.00,1.00,1.00,129.08,8.34,12.05,69.99,67.32,-18.77,39.78,-0.24,0.08,16.00,6879.70,-56.00,0.00,7.00
975087.00,2019-06-30 17:58:39.087,0.00,905.62,0.00,1.51,0.00,1.00,1.00,129.08,8.34,12.06,69.99,67.32,-18.77,39.78,-0.23,0.09,16.00,6879.70,-56.00,0.00,7.00
975187.00,2019-06-30 17:58:39.187,0.00,905.62,0.00,1.51,0.00,1.00,1.00,129.08,8.34,11.89,69.99,67.31,-18.77,39.75,-0.22,0.08,16.00,6879.70,-56.00,0.00,7.00
975287.00,2019-06-30 17:58:39.287,0.00,905.62,0.00,1.51,0.00,1.00,1.00,129.08,8.34,12.06,70.05,67.31,-18.72,39.75,-0.24,0.08,16.00,6879.70,-56.00,0.00,7.00
975387.00,2019-06-30 17:58:39.387,0.00,905.62,0.00,1.51,0.00,1.00,1.00,129.08,8.34,12.04,70.05,67.31,-18.72,39.75,-0.21,0.08,16.00,6879.70,-56.00,0.00,7.00
975487.00,2019-06-30 17:58:39.487,0.00,905.62,0.00,1.51,0.00,1.00,1.00,129.08,8.34,12.04,70.08,67.30,-18.72,39.75,-0.26,0.08,16.00,6879.70,-56.00,0.00,7.00
975587.00,2019-06-30 17:58:39.587,0.00,905.62,0.00,1.51,0.00,1.00,1.00,129.08,8.34,12.05,70.08,67.30,-18.62,39.84,-0.23,0.08,16.00,6879.70,-56.00,0.00,7.00
975687.00,2019-06-30 17:58:39.687,0.00,905.62,0.00,1.51,0.00,1.00,1.00,129.08,8.34,11.90,70.08,67.31,-18.62,39.84,-0.24,0.09,16.00,6879.70,-56.00,0.00,7.00
975787.00,2019-06-30 17:58:39.787,0.00,905.62,0.00,1.51,0.00,1.00,1.00,129.08,8.34,12.05,70.05,67.31,-18.59,39.84,-0.24,0.08,16.00,6879.70,-56.00,0.00,7.00
975887.00,2019-06-30 17:58:39.887,0.00,905.62,0.00,1.51,0.00,1.00,1.00,129.08,8.34,12.03,70.05,67.31,-18.59,39.84,-0.21,0.08,16.00,6879.70,-56.00,0.00,7.00
975987.00,2019-06-30 17:58:39.987,0.00,905.62,0.00,1.51,0.00,1.00,1.00,129.08,8.34,11.93,70.05,67.30,-18.59,39.76,-0.24,0.08,16.00,6879.70,-56.00,0.00,7.00
976087.00,2019-06-30 17:58:40.087,0.00,905.62,0.00,1.51,0.00,1.00,1.00,129.08,8.34,12.05,70.03,67.30,-18.60,39.76,-0.24,0.08,16.00,6879.70,-56.00,0.00,7.00
976187.00,2019-06-30 17:58:40.187,0.00,905.62,0.00,1.51,0.00,1.00,1.00,129.08,8.34,11.90,70.03,67.27,-18.60,39.76,-0.23,0.08,16.00,6879.70,-56.00,0.00,7.00
976287.00,2019-06-30 17:58:40.287,0.00,905.62,0.00,1.51,0.00,1.00,1.00,129.08,8.34,12.06,70.04,67.27,-18.50,39.76,-0.24,0.09,16.00,6879.70,-56.00,0.00,7.00
976387.00,2019-06-30 17:58:40.387,0.00,905.62,0.00,1.51,0.00,1.00,1.00,129.08,8.34,12.04,70.04,67.27,-18.50,39.80,-0.23,0.08,16.00,6879.70,-56.00,0.00,7.00
976487.00,2019-06-30 17:58:40.487,0.00,905.62,0.00,1.51,0.00,1.00,1.00,129.08,8.34,11.92,70.04,67.27,-18.50,39.80,-0.24,0.08,16.00,6879.70,-56.00,0.00,7.00
976587.00,2019-06-30 17:58:40.587,0.00,905.62,0.00,1.51,0.00,1.00,1.00,129.08,8.34,12.07,70.01,67.27,-18.48,39.80,-0.22,0.08,16.00,6879.70,-56.00,0.00,7.00
976687.00,2019-06-30 17:58:40.687,0.00,905.62,0.00,1.51,0.00,1.00,1.00,129.08,8.34,12.03,70.01,67.31,-18.48,39.80,-0.25,0.08,16.00,6879.70,-56.00,0.00,7.00
976787.00,2019-06-30 17:58:40.787,0.00,905.62,0.00,1.51,0.00,1.00,1.00,129.08,8.34,11.93,70.10,67.31,-18.48,39.84,-0.22,0.08,16.00,6879.70,-56.00,0.00,7.00
976887.00,2019-06-30 17:58:40.887,0.00,905.62,0.00,1.51,0.00,1.00,1.00,129.08,8.34,12.04,70.10,67.31,-18.38,39.84,-0.23,0.08,16.00,6879.70,-56.00,0.00,7.00
976987.00,2019-06-30 17:58:40.987,0.00,905.62,0.00,1.51,0.00,1.00,1.00,129.08,8.34,12.05,70.10,67.31,-18.38,39.84,-0.24,0.08,16.00,6879.70,-56.00,0.00,7.00
977087.00,2019-06-30 17:58:41.087,0.00,905.62,0.00,1.51,0.00,1.00,1.00,129.08,8.34,11.92,69.95,67.31,-18.37,39.84,-0.21,0.08,16.00,6879.70,-56.00,0.00,7.00
977187.00,2019-06-30 17:58:41.187,0.00,905.62,0.00,1.51,0.00,1.00,1.00,129.08,8.34,12.04,69.95,67.20,-18.37,39.77,-0.23,0.08,16.00,6879.70,-56.00,0.00,7.00
977287.00,2019-06-30 17:58:41.287,0.00,905.62,0.00,1.51,0.00,1.00,1.00,129.08,8.34,12.07,69.95,67.20,-18.37,39.77,-0.23,0.08,16.00,6879.70,-56.00,0.00,7.00
977387.00,2019-06-30 17:58:41.387,0.00,905.62,0.00,1.51,0.00,1.00,1.00,129.08,8.34,11.90,69.96,67.20,-18.38,39.77,-0.23,0.09,16.00,6879.70,-56.00,0.00,7.00
977487.00,2019-06-30 17:58:41.487,0.00,905.62,0.00,1.51,0.00,1.00,1.00,129.08,8.34,12.06,69.96,67.27,-18.38,39.77,-0.23,0.08,16.00,6879.70,-56.00,0.00,7.00
977587.00,2019-06-30 17:58:41.587,0.00,905.62,0.00,1.51,0.00,1.00,1.00,129.08,8.34,11.91,69.96,67.27,-18.33,39.76,-0.23,0.08,16.00,6879.70,-56.00,0.00,7.00
977687.00,2019-06-30 17:58:41.687,0.00,905.62,0.00,1.51,0.00,1.00,1.00,129.08,8.34,12.05,69.96,67.18,-18.33,39.76,-0.23,0.08,16.00,6879.70,-56.00,0.00,7.00
977787.00,2019-06-30 17:58:41.787,0.00,905.62,0.00,1.51,0.00,1.00,1.00,129.08,8.34,12.04,69.96,67.18,-18.33,39.76,-0.20,0.08,16.00,6879.70,-56.00,0.00,7.00
977887.00,2019-06-30 17:58:41.887,0.00,905.62,0.00,1.51,0.00,1.00,1.00,129.08,8.34,11.93,70.01,67.18,-18.34,39.76,-0.24,0.08,16.00,6879.70,-56.00,0.00,7.00
977987.00,2019-06-30 17:58:41.987,0.00,905.62,0.00,1.51,0.00,1.00,1.00,129.08,8.34,12.05,70.01,67.15,-18.34,39.76,-0.23,0.09,16.00,6879.70,-56.00,0.00,7.00
978087.00,2019-06-30 17:58:42.087,0.00,905.62,0.00,1.51,0.00,1.00,1.00,129.08,8.34,11.90,70.06,67.15,-18.34,39.76,-0.22,0.09,16.00,6879.70,-56.00,0.00,7.00
978187.00,2019-06-30 17:58:42.187,0.00,905.62,0.00,1.51,0.00,1.00,1.00,129.08,8.34,12.05,70.06,67.15,-18.20,39.76,-0.24,0.08,16.00,6879.70,-56.00,0.00,7.00
978287.00,2019-06-30 17:58:42.287,0.00,905.62,0.00,1.51,0.00,1.00,1.00,129.08,8.34,12.05,70.06,67.15,-18.20,39.76,-0.22,0.08,16.00,6879.70,-56.00,0.00,7.00
978387.00,2019-06-30 17:58:42.387,0.00,905.62,0.00,1.51,0.00,1.00,1.00,129.08,8.34,11.91,69.98,67.15,-18.23,39.71,-0.24,0.08,16.00,6879.70,-56.00,0.00,7.00
978487.00,2019-06-30 17:58:42.487,0.00,905.62,0.00,1.51,0.00,1.00,1.00,129.08,8.34,12.07,69.98,67.15,-18.23,39.71,-0.21,0.08,16.00,6879.70,-56.00,0.00,7.00
978587.00,2019-06-30 17:58:42.587,0.00,905.62,0.00,1.51,0.00,1.00,1.00,129.08,8.34,12.03,69.98,67.15,-18.23,39.71,-0.23,0.08,16.00,6879.70,-56.00,0.00,7.00
978687.00,2019-06-30 17:58:42.687,0.00,905.62,0.00,1.51,0.00,1.00,1.00,129.08,8.34,11.93,70.03,67.18,-18.20,39.71,-0.24,0.08,16.00,6879.70,-56.00,0.00,7.00
978787.00,2019-06-30 17:58:42.787,0.00,905.62,0.00,1.51,0.00,1.00,1.00,129.08,8.34,12.07,70.03,67.18,-18.20,39.76,-0.23,0.08,16.00,6879.70,-56.00,0.00,7.00
978887.00,2019-06-30 17:58:42.887,0.00,905.62,0.00,1.51,0.00,1.00,1.00,129.08,8.34,12.06,70.01,67.18,-18.23,39.76,-0.24,0.08,16.00,6879.70,-56.00,0.00,7.00
978987.00,2019-06-30 17:58:42.987,0.00,905.62,0.00,1.51,0.00,1.00,1.00,129.08,8.34,12.06,70.01,67.15,-18.23,39.76,-0.21,0.09,16.00,6879.70,-56.00,0.00,7.00
979087.00,2019-06-30 17:58:43.087,0.00,905.62,0.00,1.51,0.00,1.00,1.00,129.08,8.34,12.05,70.01,67.15,-18.23,39.76,-0.25,0.08,16.00,6879.70,-56.00,0.00,7.00
979187.00,2019-06-30 17:58:43.187,0.00,905.62,0.00,1.51,0.00,1.00,1.00,129.08,8.34,12.06,70.05,67.15,-18.20,39.75,-0.23,0.08,16.00,6879.70,-56.00,0.00,7.00
979287.00,2019-06-30 17:58:43.287,0.00,905.62,0.00,1.51,0.00,1.00,1.00,129.08,8.34,11.91,70.05,67.15,-18.20,39.75,-0.23,0.08,16.00,6879.70,-56.00,0.00,7.00
979387.00,2019-06-30 17:58:43.387,0.00,905.62,0.00,1.51,0.00,1.00,1.00,129.08,8.34,12.06,70.04,67.15,-18.20,39.75,-0.26,0.08,16.00,6879.70,-56.00,0.00,7.00
979487.00,2019-06-30 17:58:43.487,0.00,905.62,0.00,1.51,0.00,1.00,1.00,129.08,8.34,11.92,70.04,67.18,-18.09,39.75,-0.22,0.08,16.00,6879.70,-56.00,0.00,7.00
979587.00,2019-06-30 17:58:43.587,0.00,905.62,0.00,1.51,0.00,1.00,1.00,129.08,8.34,12.06,70.04,67.18,-18.09,39.80,-0.24,0.08,16.00,6879.70,-56.00,0.00,7.00
979687.00,2019-06-30 17:58:43.687,0.00,905.62,0.00,1.51,0.00,1.00,1.00,129.08,8.34,11.94,69.99,67.22,-18.05,39.80,-0.20,0.08,16.00,6879.70,-56.00,0.00,7.00
979787.00,2019-06-30 17:58:43.787,0.00,905.62,0.00,1.51,0.00,1.00,1.00,129.08,8.34,12.03,69.99,67.22,-18.05,39.80,-0.22,0.08,16.00,6879.70,-56.00,0.00,7.00
979887.00,2019-06-30 17:58:43.887,0.00,905.62,0.00,1.51,0.00,1.00,1.00,129.08,8.34,12.06,69.99,67.22,-18.05,39.80,-0.23,0.09,16.00,6879.70,-56.00,0.00,7.00
979987.00,2019-06-30 17:58:43.987,0.00,905.62,0.00,1.51,0.00,1.00,1.00,129.08,8.34,11.91,70.06,67.23,-18.02,39.76,-0.23,0.08,16.00,6879.70,-56.00,0.00,7.00
980087.00,2019-06-30 17:58:44.087,0.00,905.62,0.00,1.51,0.00,1.00,1.00,129.08,8.34,12.05,70.06,67.23,-18.02,39.76,-0.24,0.08,16.00,6879.70,-56.00,0.00,7.00
980187.00,2019-06-30 17:58:44.187,0.00,905.62,0.00,1.51,0.00,1.00,1.00,129.08,8.34,12.06,70.06,67.22,-18.02,39.76,-0.21,0.09,16.00,6879.70,-56.00,0.00,7.00
980287.00,2019-06-30 17:58:44.287,0.00,905.62,0.00,1.51,0.00,1.00,1.00,129.08,8.34,11.90,70.06,67.22,-18.02,39.76,-0.24,0.08,16.00,6879.70,-56.00,0.00,7.00
980387.00,2019-06-30 17:58:44.387,0.00,905.62,0.00,1.51,0.00,1.00,1.00,129.08,8.34,12.06,70.06,67.22,-18.02,39.77,-0.24,0.08,16.00,6879.70,-56.00,0.00,7.00
980487.00,2019-06-30 17:58:44.487,0.00,905.62,0.00,1.51,0.00,1.00,1.00,129.08,8.34,12.04,70.06,67.18,-17.98,39.77,-0.23,0.08,16.00,6879.70,-56.00,0.00,7.00
980587.00,2019-06-30 17:58:44.587,0.00,905.62,0.00,1.51,0.00,1.00,1.00,129.08,8.34,11.92,70.06,67.18,-17.98,39.77,-0.24,0.08,16.00,6879.70,-56.00,0.00,7.00
980687.00,2019-06-30 17:58:44.687,0.00,905.62,0.00,1.51,0.00,1.00,1.00,129.08,8.34,12.05,70.08,67.15,-17.98,39.77,-0.23,0.08,16.00,6879.70,-56.00,0.00,7.00
980787.00,2019-06-30 17:58:44.787,0.00,905.62,0.00,1.51,0.00,1.00,1.00,129.08,8.34,12.04,70.08,67.15,-17.88,39.80,-0.24,0.08,16.00,6879.70,-56.00,0.00,7.00
980887.00,2019-06-30 17:58:44.887,0.00,905.62,0.00,1.51,0.00,1.00,1.00,129.08,8.34,11.94,70.08,67.15,-17.88,39.80,-0.21,0.08,16.00,6879.70,-56.00,0.00,7.00
980987.00,2019-06-30 17:58:44.987,0.00,905.62,0.00,1.51,0.00,1.00,1.00,129.08,8.34,12.05,70.13,67.20,-17.82,39.80,-0.23,0.08,16.00,6879.70,-56.00,0.00,7.00
981087.00,2019-06-30 17:58:45.087,0.00,905.62,0.00,1.51,0.00,1.00,1.00,129.08,8.34,12.07,70.13,67.20,-17.82,39.80,-0.23,0.09,16.00,6879.70,-56.00,0.00,7.00
981187.00,2019-06-30 17:58:45.187,0.00,905.62,0.00,1.51,0.00,1.00,1.00,129.08,8.34,11.90,70.13,67.15,-17.82,39.80,-0.22,0.08,16.00,6879.70,-56.00,0.00,7.00
981287.00,2019-06-30 17:58:45.287,0.00,905.62,0.00,1.51,0.00,1.00,1.00,129.08,8.34,12.05,70.13,67.15,-17.76,39.80,-0.24,0.08,16.00,6879.70,-56.00,0.00,7.00
981387.00,2019-06-30 17:58:45.387,0.00,905.62,0.00,1.51,0.00,1.00,1.00,129.08,8.34,11.93,70.13,67.15,-17.76,39.80,-0.21,0.08,16.00,6879.70,-56.00,0.00,7.00
981487.00,2019-06-30 17:58:45.487,0.00,905.62,0.00,1.51,0.00,1.00,1.00,129.08,8.34,12.03,70.08,67.15,-17.81,39.80,-0.25,0.08,16.00,6879.70,-56.00,0.00,7.00
981587.00,2019-06-30 17:58:45.587,0.00,905.62,0.00,1.51,0.00,1.00,1.00,129.08,8.34,12.06,70.08,67.15,-17.81,39.80,-0.23,0.08,16.00,6879.70,-56.00,0.00,7.00
981687.00,2019-06-30 17:58:45.687,0.00,905.62,0.00,1.51,0.00,1.00,1.00,129.08,8.34,11.90,70.08,67.13,-17.81,39.80,-0.22,0.09,16.00,6879.70,-56.00,0.00,7.00
981787.00,2019-06-30 17:58:45.787,0.00,905.62,0.00,1.51,0.00,1.00,1.00,129.08,8.34,12.06,70.09,67.13,-17.77,39.80,-0.23,0.08,16.00,6879.70,-56.00,0.00,7.00
981887.00,2019-06-30 17:58:45.887,0.00,905.62,0.00,1.51,0.00,1.00,1.00,129.08,8.34,12.05,70.09,67.13,-17.77,39.80,-0.22,0.08,16.00,6879.70,-56.00,0.00,7.00
981987.00,2019-06-30 17:58:45.987,0.00,905.62,0.00,1.51,0.00,1.00,1.00,129.08,8.34,11.90,70.11,67.18,-17.77,39.80,-0.24,0.08,16.00,6879.70,-56.00,0.00,7.00
982087.00,2019-06-30 17:58:46.087,0.00,905.62,0.00,1.51,0.00,1.00,1.00,129.08,8.34,12.06,70.11,67.18,-17.72,39.80,-0.21,0.08,16.00,6879.70,-56.00,0.00,7.00
982187.00,2019-06-30 17:58:46.187,0.00,905.62,0.00,1.51,0.00,1.00,1.00,129.08,8.34,12.05,70.11,67.15,-17.72,39.80,-0.23,0.09,16.00,6879.70,-56.00,0.00,7.00
982287.00,2019-06-30 17:58:46.287,0.00,905.62,0.00,1.51,0.00,1.00,1.00,129.08,8.34,12.04,70.06,67.15,-17.70,39.80,-0.22,0.08,16.00,6879.70,-56.00,0.00,7.00
982387.00,2019-06-30 17:58:46.387,0.00,905.62,0.00,1.51,0.00,1.00,1.00,129.08,8.34,12.03,70.06,67.15,-17.70,39.78,-0.23,0.09,16.00,6879.70,-56.00,0.00,7.00
982487.00,2019-06-30 17:58:46.487,0.00,905.62,0.00,1.51,0.00,1.00,1.00,129.08,8.34,12.06,70.01,67.09,-17.70,39.78,-0.23,0.08,16.00,6879.70,-56.00,0.00,7.00
982587.00,2019-06-30 17:58:46.587,0.00,905.62,0.00,1.51,0.00,1.00,1.00,129.08,8.34,12.06,70.01,67.09,-17.63,39.78,-0.21,0.08,16.00,6879.70,-56.00,0.00,7.00
982687.00,2019-06-30 17:58:46.687,0.00,905.62,0.00,1.51,0.00,1.00,1.00,129.08,8.34,12.03,70.01,67.18,-17.63,39.78,-0.25,0.07,16.00,6879.70,-56.00,0.00,7.00
982787.00,2019-06-30 17:58:46.787,0.00,905.62,0.00,1.51,0.00,1.00,1.00,129.08,8.34,11.93,70.06,67.18,-17.57,39.82,-0.24,0.08,16.00,6879.70,-56.00,0.00,7.00
982887.00,2019-06-30 17:58:46.887,0.00,905.62,0.00,1.51,0.00,1.00,1.00,129.08,8.34,12.04,70.06,67.18,-17.57,39.82,-0.23,0.08,16.00,6879.70,-56.00,0.00,7.00
982987.00,2019-06-30 17:58:46.987,0.00,905.62,0.00,1.51,0.00,1.00,1.00,129.08,8.34,12.07,70.06,67.10,-17.57,39.82,-0.22,0.08,16.00,6879.70,-56.00,0.00,7.00
983087.00,2019-06-30 17:58:47.087,0.00,905.62,0.00,1.51,0.00,1.00,1.00,129.08,8.34,11.90,69.98,67.10,-17.53,39.82,-0.21,0.09,16.00,6879.70,-56.00,0.00,7.00
983187.00,2019-06-30 17:58:47.187,0.00,905.62,0.00,1.51,0.00,1.00,1.00,129.08,8.34,12.04,69.98,67.10,-17.53,39.80,-0.24,0.08,16.00,6879.70,-56.00,0.00,7.00
983287.00,2019-06-30 17:58:47.287,0.00,905.62,0.00,1.51,0.00,1.00,1.00,129.08,8.34,11.94,69.99,67.10,-17.53,39.80,-0.21,0.08,16.00,6879.70,-56.00,0.00,7.00
983387.00,2019-06-30 17:58:47.387,0.00,905.62,0.00,1.51,0.00,1.00,1.00,129.08,8.34,12.03,69.99,67.10,-17.49,39.80,-0.23,0.08,16.00,6879.70,-56.00,0.00,7.00
983487.00,2019-06-30 17:58:47.487,0.00,905.62,0.00,1.51,0.00,1.00,1.00,129.08,8.34,12.06,69.99,67.13,-17.49,39.80,-0.24,0.08,16.00,6879.70,-56.00,0.00,7.00
983587.00,2019-06-30 17:58:47.587,0.00,905.62,0.00,1.51,0.00,1.00,1.00,129.08,8.34,11.91,69.99,67.13,-17.44,39.85,-0.22,0.08,16.00,6879.70,-56.00,0.00,7.00
983687.00,2019-06-30 17:58:47.687,0.00,905.62,0.00,1.51,0.00,1.00,1.00,129.08,8.34,12.05,69.99,67.17,-17.44,39.85,-0.24,0.08,16.00,6879.70,-56.00,0.00,7.00
983787.00,2019-06-30 17:58:47.787,0.00,905.62,0.00,1.51,0.00,1.00,1.00,129.08,8.34,12.07,70.16,67.17,-17.44,39.85,-0.21,0.08,16.00,6879.70,-56.00,0.00,7.00
983887.00,2019-06-30 17:58:47.887,0.00,905.62,0.00,1.51,0.00,1.00,1.00,129.08,8.34,11.90,70.16,67.17,-17.39,39.85,-0.25,0.08,16.00,6879.70,-56.00,0.00,7.00
983987.00,2019-06-30 17:58:47.987,0.00,905.62,0.00,1.51,0.00,1.00,1.00,129.08,8.34,12.06,70.16,67.13,-17.39,39.80,-0.23,0.09,16.00,6879.70,-56.00,0.00,7.00
984087.00,2019-06-30 17:58:48.087,0.00,905.62,0.00,1.51,0.00,1.00,1.00,129.08,8.34,12.04,70.05,67.13,-17.35,39.80,-0.23,0.08,16.00,6879.70,-56.00,0.00,7.00
984187.00,2019-06-30 17:58:48.187,0.00,905.62,0.00,1.51,0.00,1.00,1.00,129.08,8.34,11.92,70.05,67.09,-17.35,39.80,-0.23,0.08,16.00,6879.70,-56.00,0.00,7.00
984287.00,2019-06-30 17:58:48.287,0.00,905.62,0.00,1.51,0.00,1.00,1.00,129.08,8.34,12.06,70.06,67.09,-17.35,39.80,-0.22,0.08,16.00,6879.70,-56.00,0.00,7.00
984387.00,2019-06-30 17:58:48.387,0.00,905.62,0.00,1.51,0.00,1.00,1.00,129.08,8.34,12.04,70.06,67.09,-17.25,39.90,-0.24,0.08,16.00,6879.70,-56.00,0.00,7.00
984487.00,2019-06-30 17:58:48.487,0.00,905.62,0.00,1.51,0.00,1.00,1.00,129.08,8.34,11.93,70.06,67.13,-17.25,39.90,-0.21,0.08,16.00,6879.70,-56.00,0.00,7.00
984587.00,2019-06-30 17:58:48.587,0.00,905.62,0.00,1.51,0.00,1.00,1.00,129.08,8.34,12.03,70.17,67.13,-17.25,39.90,-0.23,0.09,16.00,6879.70,-56.00,0.00,7.00
984687.00,2019-06-30 17:58:48.687,0.00,905.62,0.00,1.51,0.00,1.00,1.00,129.08,8.34,12.06,70.17,67.20,-17.26,39.90,-0.24,0.08,16.00,6879.70,-56.00,0.00,7.00
984787.00,2019-06-30 17:58:48.787,0.00,905.62,0.00,1.51,0.00,1.00,1.00,129.08,8.34,11.91,70.17,67.20,-17.26,39.89,-0.23,0.08,16.00,6879.70,-56.00,0.00,7.00
984887.00,2019-06-30 17:58:48.887,0.00,905.62,0.00,1.51,0.00,1.00,1.00,129.08,8.34,12.05,70.10,67.20,-17.23,39.89,-0.24,0.08,16.00,6879.70,-56.00,0.00,7.00
984987.00,2019-06-30 17:58:48.987,0.00,905.62,0.00,1.51,0.00,1.00,1.00,129.08,8.34,12.06,70.10,67.17,-17.23,39.89,-0.21,0.08,16.00,6879.70,-56.00,0.00,7.00
985087.00,2019-06-30 17:58:49.087,0.00,905.62,0.00,1.51,0.00,1.00,1.00,129.08,8.34,11.90,70.11,67.17,-17.23,39.89,-0.25,0.09,16.00,6879.70,-56.00,0.00,7.00
985187.00,2019-06-30 17:58:49.187,0.00,905.62,0.00,1.51,0.00,1.00,1.00,129.08,8.34,12.06,70.11,67.05,-17.17,39.90,-0.24,0.09,16.00,6879.70,-56.00,0.00,7.00
985287.00,2019-06-30 17:58:49.287,0.00,905.62,0.00,1.51,0.00,1.00,1.00,129.08,8.34,12.04,70.11,67.05,-17.17,39.90,-0.23,0.08,16.00,6879.70,-56.00,0.00,7.00
985387.00,2019-06-30 17:58:49.387,0.00,905.62,0.00,1.51,0.00,1.00,1.00,129.08,8.34,11.92,70.11,67.05,-17.16,39.90,-0.24,0.08,16.00,6879.70,-56.00,0.00,7.00
985487.00,2019-06-30 17:58:49.487,0.00,905.62,0.00,1.51,0.00,1.00,1.00,129.08,8.34,12.05,70.11,67.09,-17.16,39.90,-0.22,0.08,16.00,6879.70,-56.00,0.00,7.00
985587.00,2019-06-30 17:58:49.587,0.00,905.62,0.00,1.51,0.00,1.00,1.00,129.08,8.34,12.06,70.15,67.09,-17.16,39.85,-0.24,0.08,16.00,6879.70,-56.00,0.00,7.00
985687.00,2019-06-30 17:58:49.687,0.00,905.62,0.00,1.51,0.00,1.00,1.00,129.08,8.34,11.91,70.15,67.11,-16.99,39.85,-0.21,0.08,16.00,6879.70,-56.00,0.00,7.00
985787.00,2019-06-30 17:58:49.787,0.00,905.62,0.00,1.51,0.00,1.00,1.00,129.08,8.34,12.05,70.15,67.11,-16.99,39.85,-0.22,0.08,16.00,6879.70,-56.00,0.00,7.00
985887.00,2019-06-30 17:58:49.887,0.00,905.62,0.00,1.51,0.00,1.00,1.00,129.08,8.34,12.07,70.08,67.11,-16.99,39.85,-0.22,0.08,16.00,6879.70,-56.00,0.00,7.00
985987.00,2019-06-30 17:58:49.987,0.00,905.62,0.00,1.51,0.00,1.00,1.00,129.08,8.34,11.90,70.08,67.15,-17.07,39.84,-0.23,0.08,16.00,6879.70,-56.00,0.00,7.00
986087.00,2019-06-30 17:58:50.087,0.00,905.62,0.00,1.51,0.00,1.00,1.00,129.08,8.34,12.06,70.08,67.15,-17.07,39.84,-0.24,0.08,16.00,6879.70,-56.00,0.00,7.00
986187.00,2019-06-30 17:58:50.187,0.00,905.62,0.00,1.51,0.00,1.00,1.00,129.08,8.34,12.04,70.18,67.05,-16.95,39.84,-0.22,0.08,16.00,6879.70,-56.00,0.00,7.00
986287.00,2019-06-30 17:58:50.287,0.00,905.62,0.00,1.51,0.00,1.00,1.00,129.08,8.34,11.92,70.18,67.05,-16.95,39.84,-0.25,0.08,16.00,6879.70,-56.00,0.00,7.00
986387.00,2019-06-30 17:58:50.387,0.00,905.62,0.00,1.51,0.00,1.00,1.00,129.08,8.34,12.06,70.06,67.05,-16.95,39.82,-0.23,0.08,16.00,6879.70,-56.00,0.00,7.00
986487.00,2019-06-30 17:58:50.487,0.00,905.62,0.00,1.51,0.00,1.00,1.00,129.08,8.34,12.04,70.06,67.03,-16.97,39.82,-0.22,0.08,16.00,6879.70,-56.00,0.00,7.00
986587.00,2019-06-30 17:58:50.587,0.00,905.62,0.00,1.51,0.00,1.00,1.00,129.08,8.34,11.93,70.06,67.03,-16.97,39.82,-0.23,0.08,16.00,6879.70,-56.00,0.00,7.00
986687.00,2019-06-30 17:58:50.687,0.00,905.62,0.00,1.51,0.00,1.00,1.00,129.08,8.34,12.06,70.09,67.05,-16.95,39.82,-0.22,0.08,16.00,6879.70,-56.00,0.00,7.00
986787.00,2019-06-30 17:58:50.787,0.00,905.62,0.00,1.51,0.00,1.00,1.00,129.08,8.34,12.06,70.09,67.05,-16.95,39.84,-0.24,0.08,16.00,6879.70,-56.00,0.00,7.00
986887.00,2019-06-30 17:58:50.887,0.00,905.62,0.00,1.51,0.00,1.00,1.00,129.08,8.34,11.91,70.13,67.05,-16.95,39.84,-0.20,0.08,16.00,6879.70,-56.00,0.00,7.00
986987.00,2019-06-30 17:58:50.987,0.00,905.62,0.00,1.51,0.00,1.00,1.00,129.08,8.34,12.05,70.13,67.09,-16.95,39.84,-0.23,0.08,16.00,6879.70,-56.00,0.00,7.00
987087.00,2019-06-30 17:58:51.087,0.00,905.62,0.00,1.51,0.00,1.00,1.00,129.08,8.34,12.07,70.13,67.09,-16.95,39.84,-0.24,0.09,16.00,6879.70,-56.00,0.00,7.00
987187.00,2019-06-30 17:58:51.187,0.00,905.62,0.00,1.51,0.00,1.00,1.00,129.08,8.34,11.89,70.13,66.97,-16.95,39.89,-0.23,0.08,16.00,6879.70,-56.00,0.00,7.00
987287.00,2019-06-30 17:58:51.287,0.00,905.62,0.00,1.51,0.00,1.00,1.00,129.08,8.34,12.06,70.13,66.97,-16.87,39.89,-0.24,0.08,16.00,6879.70,-56.00,0.00,7.00
987387.00,2019-06-30 17:58:51.387,0.00,905.62,0.00,1.51,0.00,1.00,1.00,129.08,8.34,11.93,70.13,66.97,-16.87,39.89,-0.20,0.08,16.00,6879.70,-56.00,0.00,7.00
987487.00,2019-06-30 17:58:51.487,0.00,905.62,0.00,1.51,0.00,1.00,1.00,129.08,8.34,12.05,70.13,66.98,-16.91,39.89,-0.25,0.08,16.00,6879.70,-56.00,0.00,7.00
987587.00,2019-06-30 17:58:51.587,0.00,905.62,0.00,1.51,0.00,1.00,1.00,129.08,8.34,12.06,70.13,66.98,-16.91,39.84,-0.23,0.08,16.00,6879.70,-56.00,0.00,7.00
987687.00,2019-06-30 17:58:51.687,0.00,905.62,0.00,1.51,0.00,1.00,1.00,129.08,8.34,12.04,70.13,67.06,-16.91,39.84,-0.23,0.08,16.00,6879.70,-56.00,0.00,7.00
987787.00,2019-06-30 17:58:51.787,0.00,905.62,0.00,1.51,0.00,1.00,1.00,129.08,8.34,11.93,70.13,67.06,-16.87,39.84,-0.23,0.08,16.00,6879.70,-56.00,0.00,7.00
987887.00,2019-06-30 17:58:51.887,0.00,905.62,0.00,1.51,0.00,1.00,1.00,129.08,8.34,12.06,70.13,67.06,-16.87,39.84,-0.23,0.08,16.00,6879.70,-56.00,0.00,7.00
987987.00,2019-06-30 17:58:51.987,0.00,905.62,0.00,1.51,0.00,1.00,1.00,129.08,8.34,12.04,70.13,67.04,-16.81,39.84,-0.24,0.08,16.00,6879.70,-56.00,0.00,7.00
988087.00,2019-06-30 17:58:52.087,0.00,905.62,0.00,1.51,0.00,1.00,1.00,129.08,8.34,11.94,70.13,67.04,-16.81,39.84,-0.24,0.08,16.00,6879.70,-56.00,0.00,7.00
988187.00,2019-06-30 17:58:52.187,0.00,905.62,0.00,1.51,0.00,1.00,1.00,129.08,8.34,12.03,70.15,66.99,-16.81,39.84,-0.23,0.08,16.00,6879.70,-56.00,0.00,7.00
988287.00,2019-06-30 17:58:52.287,0.00,905.62,0.00,1.51,0.00,1.00,1.00,129.08,8.34,12.06,70.15,66.99,-16.79,39.84,-0.22,0.08,16.00,6879.70,-56.00,0.00,7.00
988387.00,2019-06-30 17:58:52.387,0.00,905.62,0.00,1.51,0.00,1.00,1.00,129.08,8.34,11.91,70.15,66.99,-16.79,39.76,-0.22,0.08,16.00,6879.70,-56.00,0.00,7.00
988487.00,2019-06-30 17:58:52.487,0.00,905.62,0.00,1.51,0.00,1.00,1.00,129.08,8.34,12.05,70.15,67.13,-16.79,39.76,-0.24,0.08,16.00,6879.70,-56.00,0.00,7.00
988587.00,2019-06-30 17:58:52.587,0.00,905.62,0.00,1.51,0.00,1.00,1.00,129.08,8.34,12.06,70.15,67.13,-16.71,39.76,-0.21,0.09,16.00,6879.70,-56.00,0.00,7.00
988687.00,2019-06-30 17:58:52.687,0.00,905.62,0.00,1.51,0.00,1.00,1.00,129.08,8.34,11.90,70.13,67.03,-16.71,39.76,-0.25,0.08,16.00,6879.70,-56.00,0.00,7.00
988787.00,2019-06-30 17:58:52.787,0.00,905.62,0.00,1.51,0.00,1.00,1.00,129.08,8.34,12.05,70.13,67.03,-16.80,39.80,-0.24,0.08,16.00,6879.70,-56.00,0.00,7.00
988887.00,2019-06-30 17:58:52.887,0.00,905.62,0.00,1.51,0.00,1.00,1.00,129.08,8.34,12.04,70.13,67.03,-16.80,39.80,-0.23,0.08,16.00,6879.70,-56.00,0.00,7.00
988987.00,2019-06-30 17:58:52.987,0.00,905.62,0.00,1.51,0.00,1.00,1.00,129.08,8.34,11.93,70.15,67.05,-16.80,39.80,-0.23,0.08,16.00,6879.70,-56.00,0.00,7.00
989087.00,2019-06-30 17:58:53.087,0.00,905.62,0.00,1.51,0.00,1.00,1.00,129.08,8.34,12.04,70.15,67.05,-16.75,39.80,-0.23,0.08,16.00,6879.70,-56.00,0.00,7.00
989187.00,2019-06-30 17:58:53.187,0.00,905.62,0.00,1.51,0.00,1.00,1.00,129.08,8.34,11.90,70.15,67.01,-16.75,39.76,-0.25,0.09,16.00,6879.70,-56.00,0.00,7.00
989287.00,2019-06-30 17:58:53.287,0.00,905.62,0.00,1.51,0.00,1.00,1.00,129.08,8.34,11.91,70.13,67.01,-16.69,39.76,-0.23,0.09,16.00,6879.70,-56.00,0.00,7.00
989387.00,2019-06-30 17:58:53.387,0.00,905.62,0.00,1.51,0.00,1.00,1.00,129.08,8.34,12.05,70.13,67.01,-16.69,39.76,-0.24,0.09,16.00,6879.70,-56.00,0.00,7.00
989487.00,2019-06-30 17:58:53.487,0.00,905.62,0.00,1.51,0.00,1.00,1.00,129.08,8.34,12.07,70.10,66.94,-16.69,39.76,-0.23,0.08,16.00,6879.70,-56.00,0.00,7.00
989587.00,2019-06-30 17:58:53.587,0.00,905.62,0.00,1.51,0.00,1.00,1.00,129.08,8.34,12.06,70.10,66.94,-16.66,39.87,-0.22,0.08,16.00,6879.70,-56.00,0.00,7.00
989687.00,2019-06-30 17:58:53.687,0.00,905.62,0.00,1.51,0.00,1.00,1.00,129.08,8.34,12.06,70.10,67.01,-16.66,39.87,-0.25,0.08,16.00,6879.70,-56.00,0.00,7.00
989787.00,2019-06-30 17:58:53.787,0.00,905.62,0.00,1.51,0.00,1.00,1.00,129.08,8.34,12.04,70.13,67.01,-16.66,39.87,-0.22,0.08,16.00,6879.70,-56.00,0.00,7.00
989887.00,2019-06-30 17:58:53.887,0.00,905.62,0.00,1.51,0.00,1.00,1.00,129.08,8.34,11.93,70.13,67.01,-16.60,39.87,-0.25,0.08,16.00,6879.70,-56.00,0.00,7.00
989987.00,2019-06-30 17:58:53.987,0.00,905.62,0.00,1.51,0.00,1.00,1.00,129.08,8.34,12.06,70.15,67.04,-16.60,39.85,-0.23,0.08,16.00,6879.70,-56.00,0.00,7.00
990087.00,2019-06-30 17:58:54.087,0.00,905.62,0.00,1.51,0.00,1.00,1.00,129.08,8.34,12.04,70.15,67.04,-16.60,39.85,-0.23,0.08,16.00,6879.70,-56.00,0.00,7.00
990187.00,2019-06-30 17:58:54.187,0.00,905.62,0.00,1.51,0.00,1.00,1.00,129.08,8.34,12.05,70.15,67.01,-16.60,39.85,-0.23,0.09,16.00,6879.70,-56.00,0.00,7.00
990287.00,2019-06-30 17:58:54.287,0.00,905.62,0.00,1.51,0.00,1.00,1.00,129.08,8.34,11.93,70.10,67.01,-16.60,39.85,-0.22,0.08,16.00,6879.70,-56.00,0.00,7.00
990387.00,2019-06-30 17:58:54.387,0.00,905.62,0.00,1.51,0.00,1.00,1.00,129.08,8.34,11.93,70.10,67.01,-16.56,39.84,-0.24,0.08,16.00,6879.70,-56.00,0.00,7.00
990487.00,2019-06-30 17:58:54.487,0.00,905.62,0.00,1.51,0.00,1.00,1.00,129.08,8.34,12.06,70.10,67.01,-16.56,39.84,-0.24,0.08,16.00,6879.70,-56.00,0.00,7.00
990587.00,2019-06-30 17:58:54.587,0.00,905.62,0.00,1.51,0.00,1.00,1.00,129.08,8.34,11.90,70.11,67.01,-16.48,39.84,-0.24,0.08,16.00,6879.70,-56.00,0.00,7.00
990687.00,2019-06-30 17:58:54.687,0.00,905.62,0.00,1.51,0.00,1.00,1.00,129.08,8.34,12.06,70.11,66.92,-16.48,39.84,-0.24,0.08,16.00,6879.70,-56.00,0.00,7.00
990787.00,2019-06-30 17:58:54.787,0.00,905.62,0.00,1.51,0.00,1.00,1.00,129.08,8.34,12.05,70.03,66.92,-16.48,39.84,-0.23,0.08,16.00,6879.70,-56.00,0.00,7.00
990887.00,2019-06-30 17:58:54.887,0.00,905.62,0.00,1.51,0.00,1.00,1.00,129.08,8.34,11.91,70.03,66.92,-16.42,39.84,-0.24,0.08,16.00,6879.70,-56.00,0.00,7.00
990987.00,2019-06-30 17:58:54.987,0.00,905.62,0.00,1.51,0.00,1.00,1.00,129.08,8.34,12.07,70.03,66.87,-16.42,39.84,-0.21,0.08,16.00,6879.70,-56.00,0.00,7.00
991087.00,2019-06-30 17:58:55.087,0.00,905.62,0.00,1.51,0.00,1.00,1.00,129.08,8.34,12.03,70.13,66.87,-16.42,39.84,-0.25,0.08,16.00,6879.70,-56.00,0.00,7.00
991187.00,2019-06-30 17:58:55.187,0.00,905.62,0.00,1.51,0.00,1.00,1.00,129.08,8.34,11.93,70.13,66.92,-16.34,39.85,-0.23,0.08,16.00,6879.70,-56.00,0.00,7.00
991287.00,2019-06-30 17:58:55.287,0.00,905.62,0.00,1.51,0.00,1.00,1.00,129.08,8.34,12.04,70.13,66.92,-16.34,39.85,-0.23,0.08,16.00,6879.70,-56.00,0.00,7.00
991387.00,2019-06-30 17:58:55.387,0.00,905.62,0.00,1.51,0.00,1.00,1.00,129.08,8.34,12.06,70.13,66.92,-16.34,39.85,-0.23,0.09,16.00,6879.70,-56.00,0.00,7.00
991487.00,2019-06-30 17:58:55.487,0.00,905.62,0.00,1.51,0.00,1.00,1.00,129.08,8.34,11.90,70.13,66.91,-16.34,39.85,-0.24,0.08,16.00,6879.70,-56.00,0.00,7.00
991587.00,2019-06-30 17:58:55.587,0.00,905.62,0.00,1.51,0.00,1.00,1.00,129.08,8.34,12.06,70.13,66.91,-16.34,39.80,-0.24,0.08,16.00,6879.70,-56.00,0.00,7.00
991687.00,2019-06-30 17:58:55.687,0.00,905.62,0.00,1.51,0.00,1.00,1.00,129.08,8.34,12.05,70.13,66.95,-16.28,39.80,-0.24,0.08,16.00,6879.70,-56.00,0.00,7.00
991787.00,2019-06-30 17:58:55.787,0.00,905.62,0.00,1.51,0.00,1.00,1.00,129.08,8.34,12.06,70.13,66.95,-16.28,39.80,-0.23,0.08,16.00,6879.70,-56.00,0.00,7.00
991887.00,2019-06-30 17:58:55.887,0.00,905.62,0.00,1.51,0.00,1.00,1.00,129.08,8.34,12.06,70.08,66.95,-16.30,39.80,-0.24,0.08,16.00,6879.70,-56.00,0.00,7.00
991987.00,2019-06-30 17:58:55.987,0.00,905.62,0.00,1.51,0.00,1.00,1.00,129.08,8.34,11.91,70.08,66.91,-16.30,39.84,-0.23,0.08,16.00,6879.70,-56.00,0.00,7.00
992087.00,2019-06-30 17:58:56.087,0.00,905.62,0.00,1.51,0.00,1.00,1.00,129.08,8.34,12.05,70.16,66.91,-16.30,39.84,-0.23,0.09,16.00,6879.70,-56.00,0.00,7.00
992187.00,2019-06-30 17:58:56.187,0.00,905.62,0.00,1.51,0.00,1.00,1.00,129.08,8.34,12.07,70.16,66.91,-16.16,39.84,-0.20,0.09,16.00,6879.70,-56.00,0.00,7.00
992287.00,2019-06-30 17:58:56.287,0.00,905.62,0.00,1.51,0.00,1.00,1.00,129.08,8.34,11.92,70.16,66.91,-16.16,39.84,-0.26,0.08,16.00,6879.70,-56.00,0.00,7.00
992387.00,2019-06-30 17:58:56.387,0.00,905.62,0.00,1.51,0.00,1.00,1.00,129.08,8.34,12.06,70.13,66.91,-16.16,39.89,-0.23,0.08,16.00,6879.70,-56.00,0.00,7.00
992487.00,2019-06-30 17:58:56.487,0.00,905.62,0.00,1.51,0.00,1.00,1.00,129.08,8.34,11.91,70.13,66.92,-16.13,39.89,-0.23,0.08,16.00,6879.70,-56.00,0.00,7.00
992587.00,2019-06-30 17:58:56.587,0.00,905.62,0.00,1.51,0.00,1.00,1.00,129.08,8.34,12.06,70.22,66.92,-16.13,39.89,-0.24,0.08,16.00,6879.70,-56.00,0.00,7.00
992687.00,2019-06-30 17:58:56.687,0.00,905.62,0.00,1.51,0.00,1.00,1.00,129.08,8.34,12.06,70.22,66.94,-16.14,39.89,-0.22,0.08,16.00,6879.70,-56.00,0.00,7.00
992787.00,2019-06-30 17:58:56.787,0.00,905.62,0.00,1.51,0.00,1.00,1.00,129.08,8.34,11.89,70.22,66.94,-16.14,39.84,-0.25,0.08,16.00,6879.70,-56.00,0.00,7.00
992887.00,2019-06-30 17:58:56.887,0.00,905.62,0.00,1.51,0.00,1.00,1.00,129.08,8.34,12.06,70.15,66.94,-16.14,39.84,-0.23,0.08,16.00,6879.70,-56.00,0.00,7.00
992987.00,2019-06-30 17:58:56.987,0.00,905.62,0.00,1.51,0.00,1.00,1.00,129.08,8.34,12.04,70.15,66.84,-16.13,39.84,-0.24,0.08,16.00,6879.70,-56.00,0.00,7.00
993087.00,2019-06-30 17:58:57.087,0.00,905.62,0.00,1.51,0.00,1.00,1.00,129.08,8.34,11.94,70.15,66.84,-16.13,39.84,-0.23,0.08,16.00,6879.70,-56.00,0.00,7.00
993187.00,2019-06-30 17:58:57.187,0.00,905.62,0.00,1.51,0.00,1.00,1.00,129.08,8.34,12.03,70.16,66.87,-16.08,39.87,-0.24,0.08,16.00,6879.70,-56.00,0.00,7.00
993287.00,2019-06-30 17:58:57.287,0.00,905.62,0.00,1.51,0.00,1.00,1.00,129.08,8.34,12.06,70.16,66.87,-16.08,39.87,-0.24,0.08,16.00,6879.70,-56.00,0.00,7.00
993387.00,2019-06-30 17:58:57.387,0.00,905.62,0.00,1.51,0.00,1.00,1.00,129.08,8.34,11.91,70.08,66.87,-16.08,39.87,-0.20,0.09,16.00,6879.70,-56.00,0.00,7.00
993487.00,2019-06-30 17:58:57.487,0.00,905.62,0.00,1.51,0.00,1.00,1.00,129.08,8.34,12.05,70.08,66.84,-16.02,39.87,-0.25,0.08,16.00,6879.70,-56.00,0.00,7.00
993587.00,2019-06-30 17:58:57.587,0.00,905.62,0.00,1.51,0.00,1.00,1.00,129.08,8.34,12.06,70.08,66.84,-16.02,39.89,-0.23,0.09,16.00,6879.70,-56.00,0.00,7.00
993687.00,2019-06-30 17:58:57.687,0.00,905.62,0.00,1.51,0.00,1.00,1.00,129.08,8.34,12.04,70.10,66.92,-16.02,39.89,-0.22,0.08,16.00,6879.70,-56.00,0.00,7.00
993787.00,2019-06-30 17:58:57.787,0.00,905.62,0.00,1.51,0.00,1.00,1.00,129.08,8.34,12.05,70.10,66.92,-15.94,39.89,-0.24,0.08,16.00,6879.70,-56.00,0.00,7.00
993887.00,2019-06-30 17:58:57.887,0.00,905.62,0.00,1.51,0.00,1.00,1.00,129.08,8.34,11.92,70.15,66.92,-15.94,39.89,-0.22,0.08,16.00,6879.70,-56.00,0.00,7.00
993987.00,2019-06-30 17:58:57.987,0.00,905.62,0.00,1.51,0.00,1.00,1.00,129.08,8.34,12.04,70.15,66.88,-15.85,39.87,-0.24,0.08,16.00,6879.70,-56.00,0.00,7.00
994087.00,2019-06-30 17:58:58.087,0.00,905.62,0.00,1.51,0.00,1.00,1.00,129.08,8.34,12.07,70.15,66.88,-15.85,39.87,-0.23,0.08,16.00,6879.70,-56.00,0.00,7.00
994187.00,2019-06-30 17:58:58.187,0.00,905.62,0.00,1.51,0.00,1.00,1.00,129.08,8.34,11.90,70.13,66.83,-15.85,39.87,-0.23,0.08,16.00,6879.70,-56.00,0.00,7.00
994287.00,2019-06-30 17:58:58.287,0.00,905.62,0.00,1.51,0.00,1.00,1.00,129.08,8.34,12.06,70.13,66.83,-15.94,39.87,-0.24,0.08,16.00,6879.70,-56.00,0.00,7.00
994387.00,2019-06-30 17:58:58.387,0.00,905.62,0.00,1.51,0.00,1.00,1.00,129.08,8.34,12.05,70.13,66.83,-15.94,39.89,-0.24,0.08,16.00,6879.70,-56.00,0.00,7.00
994487.00,2019-06-30 17:58:58.487,0.00,905.62,0.00,1.51,0.00,1.00,1.00,129.08,8.34,11.93,70.11,66.89,-15.83,39.89,-0.24,0.08,16.00,6879.70,-56.00,0.00,7.00
994587.00,2019-06-30 17:58:58.587,0.00,905.62,0.00,1.51,0.00,1.00,1.00,129.08,8.34,12.04,70.11,66.89,-15.83,39.89,-0.20,0.09,16.00,6879.70,-56.00,0.00,7.00
994687.00,2019-06-30 17:58:58.687,0.00,905.62,0.00,1.51,0.00,1.00,1.00,129.08,8.34,11.91,70.13,66.84,-15.83,39.89,-0.25,0.08,16.00,6879.70,-56.00,0.00,7.00
994787.00,2019-06-30 17:58:58.787,0.00,905.62,0.00,1.51,0.00,1.00,1.00,129.08,8.34,11.93,70.13,66.84,-15.85,39.98,-0.23,0.08,16.00,6879.70,-56.00,0.00,7.00
994887.00,2019-06-30 17:58:58.887,0.00,905.62,0.00,1.51,0.00,1.00,1.00,129.08,8.34,12.04,70.13,66.84,-15.85,39.98,-0.23,0.09,16.00,6879.70,-56.00,0.00,7.00
994987.00,2019-06-30 17:58:58.987,0.00,905.62,0.00,1.51,0.00,1.00,1.00,129.08,8.34,12.06,70.16,66.90,-15.85,39.98,-0.23,0.08,16.00,6879.70,-56.00,0.00,7.00
995087.00,2019-06-30 17:58:59.087,0.00,905.62,0.00,1.51,0.00,1.00,1.00,129.08,8.34,12.06,70.16,66.90,-15.81,39.98,-0.22,0.09,16.00,6879.70,-56.00,0.00,7.00
995187.00,2019-06-30 17:58:59.187,0.00,905.62,0.00,1.51,0.00,1.00,1.00,129.08,8.34,12.06,70.16,66.80,-15.81,39.89,-0.24,0.08,16.00,6879.70,-56.00,0.00,7.00
995287.00,2019-06-30 17:58:59.287,0.00,905.62,0.00,1.51,0.00,1.00,1.00,129.08,8.34,12.05,70.16,66.80,-15.79,39.89,-0.23,0.08,16.00,6879.70,-56.00,0.00,7.00
995387.00,2019-06-30 17:58:59.387,0.00,905.62,0.00,1.51,0.00,1.00,1.00,129.08,8.34,12.06,70.16,66.80,-15.79,39.89,-0.23,0.08,16.00,6879.70,-56.00,0.00,7.00
995487.00,2019-06-30 17:58:59.487,0.00,905.62,0.00,1.51,0.00,1.00,1.00,129.08,8.34,12.04,70.13,66.78,-15.79,39.89,-0.23,0.08,16.00,6879.70,-56.00,0.00,7.00
995587.00,2019-06-30 17:58:59.587,0.00,905.62,0.00,1.51,0.00,1.00,1.00,129.08,8.34,12.03,70.13,66.78,-15.71,39.85,-0.23,0.08,16.00,6879.70,-56.00,0.00,7.00
995687.00,2019-06-30 17:58:59.687,0.00,905.62,0.00,1.51,0.00,1.00,1.00,129.08,8.34,11.93,70.13,66.77,-15.71,39.85,-0.25,0.08,16.00,6879.70,-56.00,0.00,7.00
995787.00,2019-06-30 17:58:59.787,0.00,905.62,0.00,1.51,0.00,1.00,1.00,129.08,8.34,12.04,70.15,66.77,-15.70,39.85,-0.22,0.08,16.00,6879.70,-56.00,0.00,7.00
995887.00,2019-06-30 17:58:59.887,0.00,905.62,0.00,1.51,0.00,1.00,1.00,129.08,8.34,12.05,70.15,66.77,-15.70,39.85,-0.24,0.08,16.00,6879.70,-56.00,0.00,7.00
995987.00,2019-06-30 17:58:59.987,0.00,905.62,0.00,1.51,0.00,1.00,1.00,129.08,8.34,11.93,70.06,66.75,-15.70,39.87,-0.23,0.08,16.00,6879.70,-56.00,0.00,7.00
996087.00,2019-06-30 17:59:00.087,0.00,905.62,0.00,1.51,0.00,1.00,1.00,129.08,8.34,12.04,70.06,66.75,-15.66,39.87,-0.22,0.08,16.00,6879.70,-56.00,0.00,7.00
996187.00,2019-06-30 17:59:00.187,0.00,905.62,0.00,1.51,0.00,1.00,1.00,129.08,8.34,12.06,70.06,66.73,-15.66,39.87,-0.24,0.09,16.00,6879.70,-56.00,0.00,7.00
996287.00,2019-06-30 17:59:00.287,0.00,905.62,0.00,1.51,0.00,1.00,1.00,129.08,8.34,11.90,70.16,66.73,-15.66,39.87,-0.23,0.08,16.00,6879.70,-56.00,0.00,7.00
996387.00,2019-06-30 17:59:00.387,0.00,905.62,0.00,1.51,0.00,1.00,1.00,129.08,8.34,12.03,70.16,66.73,-15.61,39.85,-0.24,0.08,16.00,6879.70,-56.00,0.00,7.00
996487.00,2019-06-30 17:59:00.487,0.00,905.62,0.00,1.51,0.00,1.00,1.00,129.08,8.34,11.93,70.13,66.73,-15.61,39.85,-0.23,0.08,16.00,6879.70,-56.00,0.00,7.00
996587.00,2019-06-30 17:59:00.587,0.00,905.62,0.00,1.51,0.00,1.00,1.00,129.08,8.34,12.03,70.13,66.73,-15.63,39.85,-0.23,0.08,16.00,6879.70,-56.00,0.00,7.00
996687.00,2019-06-30 17:59:00.687,0.00,905.62,0.00,1.51,0.00,1.00,1.00,129.08,8.34,12.06,70.13,66.77,-15.63,39.85,-0.22,0.08,16.00,6879.70,-56.00,0.00,7.00
996787.00,2019-06-30 17:59:00.787,0.00,905.62,0.00,1.51,0.00,1.00,1.00,129.08,8.34,11.91,70.15,66.77,-15.63,39.84,-0.23,0.08,16.00,6879.70,-56.00,0.00,7.00
996887.00,2019-06-30 17:59:00.887,0.00,905.62,0.00,1.51,0.00,1.00,1.00,129.08,8.34,12.05,70.15,66.77,-15.61,39.84,-0.24,0.09,16.00,6879.70,-56.00,0.00,7.00
996987.00,2019-06-30 17:59:00.987,0.00,905.62,0.00,1.51,0.00,1.00,1.00,129.08,8.34,11.93,70.15,66.73,-15.61,39.84,-0.22,0.08,16.00,6879.70,-56.00,0.00,7.00
997087.00,2019-06-30 17:59:01.087,0.00,905.62,0.00,1.51,0.00,1.00,1.00,129.08,8.34,11.92,70.16,66.73,-15.45,39.84,-0.26,0.08,16.00,6879.70,-56.00,0.00,7.00
997187.00,2019-06-30 17:59:01.187,0.00,905.62,0.00,1.51,0.00,1.00,1.00,129.08,8.34,12.06,70.16,66.66,-15.45,39.85,-0.23,0.08,16.00,6879.70,-56.00,0.00,7.00
997287.00,2019-06-30 17:59:01.287,0.00,905.62,0.00,1.51,0.00,1.00,1.00,129.08,8.34,11.91,70.15,66.66,-15.45,39.85,-0.23,0.08,16.00,6879.70,-56.00,0.00,7.00
997387.00,2019-06-30 17:59:01.387,0.00,905.62,0.00,1.51,0.00,1.00,1.00,129.08,8.34,12.06,70.15,66.66,-15.53,39.85,-0.25,0.08,16.00,6879.70,-56.00,0.00,7.00
997487.00,2019-06-30 17:59:01.487,0.00,905.62,0.00,1.51,0.00,1.00,1.00,129.08,8.34,12.06,70.15,66.77,-15.53,39.85,-0.23,0.09,16.00,6879.70,-56.00,0.00,7.00
997587.00,2019-06-30 17:59:01.587,0.00,905.62,0.00,1.51,0.00,1.00,1.00,129.08,8.34,12.04,70.20,66.77,-15.53,39.95,-0.25,0.08,16.00,6879.70,-56.00,0.00,7.00
997687.00,2019-06-30 17:59:01.687,0.00,905.62,0.00,1.51,0.00,1.00,1.00,129.08,8.34,12.06,70.20,66.77,-15.41,39.95,-0.22,0.08,16.00,6879.70,-56.00,0.00,7.00
997787.00,2019-06-30 17:59:01.787,0.00,905.62,0.00,1.51,0.00,1.00,1.00,129.08,8.34,11.90,70.20,66.77,-15.41,39.95,-0.23,0.08,16.00,6879.70,-56.00,0.00,7.00
997887.00,2019-06-30 17:59:01.887,0.00,905.62,0.00,1.51,0.00,1.00,1.00,129.08,8.34,12.06,70.06,66.77,-15.39,39.95,-0.24,0.08,16.00,6879.70,-56.00,0.00,7.00
997987.00,2019-06-30 17:59:01.987,0.00,905.62,0.00,1.51,0.00,1.00,1.00,129.08,8.34,12.05,70.06,66.73,-15.39,39.96,-0.25,0.08,16.00,6879.70,-56.00,0.00,7.00
998087.00,2019-06-30 17:59:02.087,0.00,905.62,0.00,1.51,0.00,1.00,1.00,129.08,8.34,11.91,70.16,66.73,-15.39,39.96,-0.23,0.08,16.00,6879.70,-56.00,0.00,7.00
998187.00,2019-06-30 17:59:02.187,0.00,905.62,0.00,1.51,0.00,1.00,1.00,129.08,8.34,12.07,70.16,66.73,-15.41,39.96,-0.21,0.08,16.00,6879.70,-56.00,0.00,7.00
998287.00,2019-06-30 17:59:02.287,0.00,905.62,0.00,1.51,0.00,1.00,1.00,129.08,8.34,12.03,70.16,66.73,-15.41,39.96,-0.25,0.08,16.00,6879.70,-56.00,0.00,7.00
998387.00,2019-06-30 17:59:02.387,0.00,905.62,0.00,1.51,0.00,1.00,1.00,129.08,8.34,11.93,70.11,66.73,-15.41,39.90,-0.24,0.08,16.00,6879.70,-56.00,0.00,7.00
998487.00,2019-06-30 17:59:02.487,0.00,905.62,0.00,1.51,0.00,1.00,1.00,129.08,8.34,12.04,70.11,66.80,-15.35,39.90,-0.25,0.08,16.00,6879.70,-56.00,0.00,7.00
998587.00,2019-06-30 17:59:02.587,0.00,905.62,0.00,1.51,0.00,1.00,1.00,129.08,8.34,12.05,70.18,66.80,-15.35,39.90,-0.23,0.08,16.00,6879.70,-56.00,0.00,7.00
998687.00,2019-06-30 17:59:02.687,0.00,905.62,0.00,1.51,0.00,1.00,1.00,129.08,8.34,11.93,70.18,66.80,-15.29,39.90,-0.22,0.08,16.00,6879.70,-56.00,0.00,7.00
998787.00,2019-06-30 17:59:02.787,0.00,905.62,0.00,1.51,0.00,1.00,1.00,129.08,8.34,12.03,70.18,66.80,-15.29,39.85,-0.24,0.08,16.00,6879.70,-56.00,0.00,7.00
998887.00,2019-06-30 17:59:02.887,0.00,905.62,0.00,1.51,0.00,1.00,1.00,129.08,8.34,12.06,70.16,66.80,-15.29,39.85,-0.21,0.08,16.00,6879.70,-56.00,0.00,7.00
998987.00,2019-06-30 17:59:02.987,0.00,905.62,0.00,1.51,0.00,1.00,1.00,129.08,8.34,11.90,70.16,66.73,-15.25,39.85,-0.23,0.08,16.00,6879.70,-56.00,0.00,7.00
999087.00,2019-06-30 17:59:03.087,0.00,905.62,0.00,1.51,0.00,1.00,1.00,129.08,8.34,12.06,70.15,66.73,-15.25,39.85,-0.23,0.08,16.00,6879.70,-56.00,0.00,7.00
999187.00,2019-06-30 17:59:03.187,0.00,905.62,0.00,1.51,0.00,1.00,1.00,129.08,8.34,12.05,70.15,66.80,-15.15,39.91,-0.23,0.08,16.00,6879.70,-56.00,0.00,7.00
999287.00,2019-06-30 17:59:03.287,0.00,905.62,0.00,1.51,0.00,1.00,1.00,129.08,8.34,11.91,70.15,66.80,-15.15,39.91,-0.24,0.08,16.00,6879.70,-56.00,0.00,7.00
999387.00,2019-06-30 17:59:03.387,0.00,905.62,0.00,1.51,0.00,1.00,1.00,129.08,8.34,12.06,70.15,66.80,-15.15,39.91,-0.21,0.08,16.00,6879.70,-56.00,0.00,7.00
999487.00,2019-06-30 17:59:03.487,0.00,905.62,0.00,1.51,0.00,1.00,1.00,129.08,8.34,12.03,70.15,66.71,-15.09,39.91,-0.25,0.08,16.00,6879.70,-56.00,0.00,7.00
999587.00,2019-06-30 17:59:03.587,0.00,905.62,0.00,1.51,0.00,1.00,1.00,129.08,8.34,11.93,70.15,66.71,-15.09,39.91,-0.23,0.08,16.00,6879.70,-56.00,0.00,7.00
999687.00,2019-06-30 17:59:03.687,0.00,905.62,0.00,1.51,0.00,1.00,1.00,129.08,8.34,12.04,70.25,66.80,-15.09,39.91,-0.23,0.08,16.00,6879.70,-56.00,0.00,7.00
999787.00,2019-06-30 17:59:03.787,0.00,905.62,0.00,1.51,0.00,1.00,1.00,129.08,8.34,12.05,70.25,66.80,-15.20,39.91,-0.24,0.08,16.00,6879.70,-56.00,0.00,7.00
999887.00,2019-06-30 17:59:03.887,0.00,905.62,0.00,1.51,0.00,1.00,1.00,129.08,8.34,11.90,70.17,66.80,-15.20,39.91,-0.21,0.08,16.00,6879.70,-56.00,0.00,7.00
999987.00,2019-06-30 17:59:03.987,0.00,905.62,0.00,1.51,0.00,1.00,1.00,129.08,8.34,12.06,70.17,66.66,-14.91,39.92,-0.25,0.08,16.00,6879.70,-56.00,0.00,7.00
1000087.00,2019-06-30 17:59:04.087,0.00,905.62,0.00,1.51,0.00,1.00,1.00,129.08,8.34,12.05,70.17,66.66,-14.91,39.92,-0.22,0.08,16.00,6879.70,-56.00,0.00,7.00
1000187.00,2019-06-30 17:59:04.187,0.00,905.62,0.00,1.51,0.00,1.00,1.00,129.08,8.34,12.04,70.13,66.70,-14.91,39.92,-0.26,0.08,16.00,6879.70,-56.00,0.00,7.00
1000287.00,2019-06-30 17:59:04.287,0.00,905.62,0.00,1.51,0.00,1.00,1.00,129.08,8.34,12.06,70.13,66.70,-14.98,39.92,-0.22,0.08,16.00,6879.70,-56.00,0.00,7.00
1000387.00,2019-06-30 17:59:04.387,0.00,905.62,0.00,1.51,0.00,1.00,1.00,129.08,8.34,11.92,70.13,66.70,-14.98,39.85,-0.23,0.08,16.00,6879.70,-56.00,0.00,7.00
1000487.00,2019-06-30 17:59:04.487,0.00,905.62,0.00,1.51,0.00,1.00,1.00,129.08,8.34,12.04,70.13,66.73,-15.00,39.85,-0.24,0.08,16.00,6879.70,-56.00,0.00,7.00
1000587.00,2019-06-30 17:59:04.587,0.00,905.62,0.00,1.51,0.00,1.00,1.00,129.08,8.34,12.06,70.13,66.73,-15.00,39.85,-0.22,0.09,16.00,6879.70,-56.00,0.00,7.00
1000687.00,2019-06-30 17:59:04.687,0.00,905.62,0.00,1.51,0.00,1.00,1.00,129.08,8.34,11.89,70.17,66.62,-15.00,39.85,-0.25,0.08,16.00,6879.70,-56.00,0.00,7.00
1000787.00,2019-06-30 17:59:04.787,0.00,905.62,0.00,1.51,0.00,1.00,1.00,129.08,8.34,12.06,70.17,66.62,-14.95,39.90,-0.23,0.08,16.00,6879.70,-56.00,0.00,7.00
1000887.00,2019-06-30 17:59:04.887,0.00,905.62,0.00,1.51,0.00,1.00,1.00,129.08,8.34,12.04,70.17,66.62,-14.95,39.90,-0.25,0.08,16.00,6879.70,-56.00,0.00,7.00
1000987.00,2019-06-30 17:59:04.987,0.00,905.62,0.00,1.51,0.00,1.00,1.00,129.08,8.34,11.92,70.13,66.64,-14.95,39.90,-0.24,0.07,16.00,6879.70,-56.00,0.00,7.00
1001087.00,2019-06-30 17:59:05.087,0.00,905.62,0.00,1.51,0.00,1.00,1.00,129.08,8.34,12.06,70.13,66.64,-15.00,39.90,-0.23,0.08,16.00,6879.70,-56.00,0.00,7.00
1001187.00,2019-06-30 17:59:05.187,0.00,905.62,0.00,1.51,0.00,1.00,1.00,129.08,8.34,12.04,70.15,66.66,-15.00,39.88,-0.23,0.08,16.00,6879.70,-56.00,0.00,7.00
1001287.00,2019-06-30 17:59:05.287,0.00,905.62,0.00,1.51,0.00,1.00,1.00,129.08,8.34,11.93,70.15,66.66,-14.97,39.88,-0.21,0.08,16.00,6879.70,-56.00,0.00,7.00
1001387.00,2019-06-30 17:59:05.387,0.00,905.62,0.00,1.51,0.00,1.00,1.00,129.08,8.34,12.03,70.15,66.66,-14.97,39.88,-0.23,0.08,16.00,6879.70,-56.00,0.00,7.00
1001487.00,2019-06-30 17:59:05.487,0.00,905.62,0.00,1.51,0.00,1.00,1.00,129.08,8.34,12.06,70.20,66.69,-14.97,39.88,-0.24,0.08,16.00,6879.70,-56.00,0.00,7.00
1001587.00,2019-06-30 17:59:05.587,0.00,905.62,0.00,1.51,0.00,1.00,1.00,129.08,8.34,11.92,70.20,66.69,-14.96,39.85,-0.24,0.08,16.00,6879.70,-56.00,0.00,7.00
1001687.00,2019-06-30 17:59:05.687,0.00,905.62,0.00,1.51,0.00,1.00,1.00,129.08,8.34,12.05,70.15,66.71,-14.96,39.85,-0.25,0.08,16.00,6879.70,-56.00,0.00,7.00
1001787.00,2019-06-30 17:59:05.787,0.00,905.62,0.00,1.51,0.00,1.00,1.00,129.08,8.34,12.07,70.15,66.71,-14.84,39.85,-0.20,0.08,16.00,6879.70,-56.00,0.00,7.00
1001887.00,2019-06-30 17:59:05.887,0.00,905.62,0.00,1.51,0.00,1.00,1.00,129.08,8.34,11.90,70.15,66.71,-14.84,39.85,-0.26,0.08,16.00,6879.70,-56.00,0.00,7.00
1001987.00,2019-06-30 17:59:05.987,0.00,905.62,0.00,1.51,0.00,1.00,1.00,129.08,8.34,12.06,70.13,66.68,-14.84,39.77,-0.23,0.08,16.00,6879.70,-56.00,0.00,7.00
1002087.00,2019-06-30 17:59:06.087,0.00,905.62,0.00,1.51,0.00,1.00,1.00,129.08,8.34,12.03,70.13,66.68,-14.84,39.77,-0.23,0.08,16.00,6879.70,-56.00,0.00,7.00
1002187.00,2019-06-30 17:59:06.187,0.00,905.62,0.00,1.51,0.00,1.00,1.00,129.08,8.34,12.03,70.09,66.54,-14.84,39.77,-0.24,0.08,16.00,6879.70,-56.00,0.00,7.00
1002287.00,2019-06-30 17:59:06.287,0.00,905.62,0.00,1.51,0.00,1.00,1.00,129.08,8.34,12.04,70.09,66.54,-14.84,39.77,-0.21,0.08,16.00,6879.70,-56.00,0.00,7.00
1002387.00,2019-06-30 17:59:06.387,0.00,905.62,0.00,1.51,0.00,1.00,1.00,129.08,8.34,11.90,70.09,66.54,-14.70,39.84,-0.24,0.08,16.00,6879.70,-56.00,0.00,7.00
1002487.00,2019-06-30 17:59:06.487,0.00,905.62,0.00,1.51,0.00,1.00,1.00,129.08,8.34,12.06,70.15,66.68,-14.70,39.84,-0.23,0.08,16.00,6879.70,-56.00,0.00,7.00
1002587.00,2019-06-30 17:59:06.587,0.00,905.62,0.00,1.51,0.00,1.00,1.00,129.08,8.34,12.03,70.15,66.68,-14.72,39.84,-0.22,0.08,16.00,6879.70,-56.00,0.00,7.00
1002687.00,2019-06-30 17:59:06.687,0.00,905.62,0.00,1.51,0.00,1.00,1.00,129.08,8.34,11.93,70.15,66.59,-14.72,39.84,-0.23,0.08,16.00,6879.70,-56.00,0.00,7.00
1002787.00,2019-06-30 17:59:06.787,0.00,905.62,0.00,1.51,0.00,1.00,1.00,129.08,8.34,12.03,70.09,66.59,-14.72,39.88,-0.23,0.08,16.00,6879.70,-56.00,0.00,7.00
1002887.00,2019-06-30 17:59:06.887,0.00,905.62,0.00,1.51,0.00,1.00,1.00,129.08,8.34,12.06,70.09,66.59,-14.77,39.88,-0.24,0.08,16.00,6879.70,-56.00,0.00,7.00
1002987.00,2019-06-30 17:59:06.987,0.00,905.62,0.00,1.51,0.00,1.00,1.00,129.08,8.34,11.91,70.15,66.54,-14.77,39.88,-0.21,0.08,16.00,6879.70,-56.00,0.00,7.00
1003087.00,2019-06-30 17:59:07.087,0.00,905.62,0.00,1.51,0.00,1.00,1.00,129.08,8.34,12.05,70.15,66.54,-14.76,39.88,-0.25,0.08,16.00,6879.70,-56.00,0.00,7.00
1003187.00,2019-06-30 17:59:07.187,0.00,905.62,0.00,1.51,0.00,1.00,1.00,129.08,8.34,12.06,70.15,66.59,-14.76,39.91,-0.23,0.09,16.00,6879.70,-56.00,0.00,7.00
1003287.00,2019-06-30 17:59:07.287,0.00,905.62,0.00,1.51,0.00,1.00,1.00,129.08,8.34,11.90,70.16,66.59,-14.76,39.91,-0.24,0.08,16.00,6879.70,-56.00,0.00,7.00
1003387.00,2019-06-30 17:59:07.387,0.00,905.62,0.00,1.51,0.00,1.00,1.00,129.08,8.34,12.06,70.16,66.59,-14.66,39.91,-0.24,0.08,16.00,6879.70,-56.00,0.00,7.00
1003487.00,2019-06-30 17:59:07.487,0.00,905.62,0.00,1.51,0.00,1.00,1.00,129.08,8.34,12.04,70.13,66.62,-14.66,39.91,-0.22,0.08,16.00,6879.70,-56.00,0.00,7.00
1003587.00,2019-06-30 17:59:07.587,0.00,905.62,0.00,1.51,0.00,1.00,1.00,129.08,8.34,11.92,70.13,66.62,-14.66,39.90,-0.24,0.08,16.00,6879.70,-56.00,0.00,7.00
1003687.00,2019-06-30 17:59:07.687,0.00,905.62,0.00,1.51,0.00,1.00,1.00,129.08,8.34,12.05,70.13,66.57,-14.66,39.90,-0.21,0.08,16.00,6879.70,-56.00,0.00,7.00
1003787.00,2019-06-30 17:59:07.787,0.00,905.62,0.00,1.51,0.00,1.00,1.00,129.08,8.34,12.04,70.13,66.57,-14.66,39.90,-0.23,0.08,16.00,6879.70,-56.00,0.00,7.00
1003887.00,2019-06-30 17:59:07.887,0.00,905.62,0.00,1.51,0.00,1.00,1.00,129.08,8.34,11.93,70.13,66.57,-14.58,39.90,-0.24,0.08,16.00,6879.70,-56.00,0.00,7.00
1003987.00,2019-06-30 17:59:07.987,0.00,905.62,0.00,1.51,0.00,1.00,1.00,129.08,8.34,12.05,70.13,66.59,-14.58,39.87,-0.22,0.08,16.00,6879.70,-56.00,0.00,7.00
1004087.00,2019-06-30 17:59:08.087,0.00,905.62,0.00,1.51,0.00,1.00,1.00,129.08,8.34,11.93,70.10,66.59,-14.58,39.87,-0.23,0.08,16.00,6879.70,-56.00,0.00,7.00
1004187.00,2019-06-30 17:59:08.187,0.00,905.62,0.00,1.51,0.00,1.00,1.00,129.08,8.34,12.06,70.10,66.63,-14.58,39.87,-0.21,0.08,16.00,6879.70,-56.00,0.00,7.00
1004287.00,2019-06-30 17:59:08.287,0.00,905.62,0.00,1.51,0.00,1.00,1.00,129.08,8.34,12.05,70.17,66.63,-14.58,39.87,-0.25,0.08,16.00,6879.70,-56.00,0.00,7.00
1004387.00,2019-06-30 17:59:08.387,0.00,905.62,0.00,1.51,0.00,1.00,1.00,129.08,8.34,11.93,70.17,66.63,-14.52,39.84,-0.23,0.08,16.00,6879.70,-56.00,0.00,7.00
1004487.00,2019-06-30 17:59:08.487,0.00,905.62,0.00,1.51,0.00,1.00,1.00,129.08,8.34,12.03,70.17,66.54,-14.52,39.84,-0.23,0.08,16.00,6879.70,-56.00,0.00,7.00
1004587.00,2019-06-30 17:59:08.587,0.00,905.62,0.00,1.51,0.00,1.00,1.00,129.08,8.34,12.06,70.16,66.54,-14.52,39.84,-0.24,0.08,16.00,6879.70,-56.00,0.00,7.00
1004687.00,2019-06-30 17:59:08.687,0.00,905.62,0.00,1.51,0.00,1.00,1.00,129.08,8.34,12.06,70.16,66.54,-14.50,39.84,-0.22,0.08,16.00,6879.70,-56.00,0.00,7.00
1004787.00,2019-06-30 17:59:08.787,0.00,905.62,0.00,1.51,0.00,1.00,1.00,129.08,8.34,12.03,70.20,66.54,-14.50,39.94,-0.23,0.08,16.00,6879.70,-56.00,0.00,7.00
1004887.00,2019-06-30 17:59:08.887,0.00,905.62,0.00,1.51,0.00,1.00,1.00,129.08,8.34,11.92,70.20,66.54,-14.50,39.94,-0.21,0.08,16.00,6879.70,-56.00,0.00,7.00
1004987.00,2019-06-30 17:59:08.987,0.00,905.62,0.00,1.51,0.00,1.00,1.00,129.08,8.34,12.05,70.20,66.49,-14.50,39.94,-0.22,0.09,16.00,6879.70,-56.00,0.00,7.00
1005087.00,2019-06-30 17:59:09.087,0.00,905.62,0.00,1.51,0.00,1.00,1.00,129.08,8.34,12.07,70.16,66.49,-14.50,39.94,-0.24,0.08,16.00,6879.70,-56.00,0.00,7.00
1005187.00,2019-06-30 17:59:09.187,0.00,905.62,0.00,1.51,0.00,1.00,1.00,129.08,8.34,11.90,70.16,66.55,-14.47,39.88,-0.22,0.08,16.00,6879.70,-56.00,0.00,7.00
1005287.00,2019-06-30 17:59:09.287,0.00,905.62,0.00,1.51,0.00,1.00,1.00,129.08,8.34,12.06,70.09,66.55,-14.47,39.88,-0.24,0.08,16.00,6879.70,-56.00,0.00,7.00
1005387.00,2019-06-30 17:59:09.387,0.00,905.62,0.00,1.51,0.00,1.00,1.00,129.08,8.34,12.04,70.09,66.55,-14.47,39.88,-0.21,0.08,16.00,6879.70,-56.00,0.00,7.00
1005487.00,2019-06-30 17:59:09.487,0.00,905.62,0.00,1.51,0.00,1.00,1.00,129.08,8.34,11.92,70.09,66.50,-14.41,39.88,-0.24,0.08,16.00,6879.70,-56.00,0.00,7.00
1005587.00,2019-06-30 17:59:09.587,0.00,905.62,0.00,1.51,0.00,1.00,1.00,129.08,8.34,12.06,70.15,66.50,-14.41,39.85,-0.24,0.08,16.00,6879.70,-56.00,0.00,7.00
1005687.00,2019-06-30 17:59:09.687,0.00,905.62,0.00,1.51,0.00,1.00,1.00,129.08,8.34,11.93,70.15,66.43,-14.31,39.85,-0.23,0.08,16.00,6879.70,-56.00,0.00,7.00
1005787.00,2019-06-30 17:59:09.787,0.00,905.62,0.00,1.51,0.00,1.00,1.00,129.08,8.34,11.93,70.15,66.43,-14.31,39.85,-0.24,0.08,16.00,6879.70,-56.00,0.00,7.00
1005887.00,2019-06-30 17:59:09.887,0.00,905.62,0.00,1.51,0.00,1.00,1.00,129.08,8.34,12.04,70.13,66.43,-14.31,39.85,-0.23,0.08,16.00,6879.70,-56.00,0.00,7.00
1005987.00,2019-06-30 17:59:09.987,0.00,905.62,0.00,1.51,0.00,1.00,1.00,129.08,8.34,11.91,70.13,66.48,-14.32,39.80,-0.22,0.08,16.00,6879.70,-56.00,0.00,7.00
1006087.00,2019-06-30 17:59:10.087,0.00,905.62,0.00,1.51,0.00,1.00,1.00,129.08,8.34,12.05,70.16,66.48,-14.32,39.80,-0.22,0.08,16.00,6879.70,-56.00,0.00,7.00
1006187.00,2019-06-30 17:59:10.187,0.00,905.62,0.00,1.51,0.00,1.00,1.00,129.08,8.34,12.05,70.16,66.52,-14.32,39.80,-0.26,0.09,16.00,6879.70,-56.00,0.00,7.00
1006287.00,2019-06-30 17:59:10.287,0.00,905.62,0.00,1.51,0.00,1.00,1.00,129.08,8.34,12.07,70.16,66.52,-14.32,39.80,-0.23,0.08,16.00,6879.70,-56.00,0.00,7.00
1006387.00,2019-06-30 17:59:10.387,0.00,905.62,0.00,1.51,0.00,1.00,1.00,129.08,8.34,12.07,70.13,66.52,-14.32,39.80,-0.24,0.08,16.00,6879.70,-56.00,0.00,7.00
1006487.00,2019-06-30 17:59:10.487,0.00,905.62,0.00,1.51,0.00,1.00,1.00,129.08,8.34,12.06,70.13,66.43,-14.16,39.80,-0.25,0.08,16.00,6879.70,-56.00,0.00,7.00
1006587.00,2019-06-30 17:59:10.587,0.00,905.62,0.00,1.51,0.00,1.00,1.00,129.08,8.34,12.04,70.11,66.43,-14.16,39.80,-0.21,0.08,16.00,6879.70,-56.00,0.00,7.00
1006687.00,2019-06-30 17:59:10.687,0.00,905.62,0.00,1.51,0.00,1.00,1.00,129.08,8.34,11.92,70.11,66.48,-14.16,39.80,-0.26,0.08,16.00,6879.70,-56.00,0.00,7.00
1006787.00,2019-06-30 17:59:10.787,0.00,905.62,0.00,1.51,0.00,1.00,1.00,129.08,8.34,12.06,70.11,66.48,-14.20,39.84,-0.24,0.08,16.00,6879.70,-56.00,0.00,7.00
1006887.00,2019-06-30 17:59:10.887,0.00,905.62,0.00,1.51,0.00,1.00,1.00,129.08,8.34,11.91,70.11,66.48,-14.20,39.84,-0.23,0.08,16.00,6879.70,-56.00,0.00,7.00
1006987.00,2019-06-30 17:59:10.987,0.00,905.62,0.00,1.51,0.00,1.00,1.00,129.08,8.34,12.05,70.11,66.48,-14.20,39.84,-0.23,0.08,16.00,6879.70,-56.00,0.00,7.00
1007087.00,2019-06-30 17:59:11.087,0.00,905.62,0.00,1.51,0.00,1.00,1.00,129.08,8.34,12.06,70.11,66.48,-14.20,39.84,-0.23,0.09,16.00,6879.70,-56.00,0.00,7.00
1007187.00,2019-06-30 17:59:11.187,0.00,905.62,0.00,1.51,0.00,1.00,1.00,129.08,8.34,11.90,70.13,66.43,-14.20,39.94,-0.25,0.08,16.00,6879.70,-56.00,0.00,7.00
1007287.00,2019-06-30 17:59:11.287,0.00,905.62,0.00,1.51,0.00,1.00,1.00,129.08,8.34,12.06,70.13,66.43,-14.20,39.94,-0.20,0.08,16.00,6879.70,-56.00,0.00,7.00
1007387.00,2019-06-30 17:59:11.387,0.00,905.62,0.00,1.51,0.00,1.00,1.00,129.08,8.34,12.03,70.13,66.43,-14.20,39.94,-0.23,0.08,16.00,6879.70,-56.00,0.00,7.00
1007487.00,2019-06-30 17:59:11.487,0.00,905.62,0.00,1.51,0.00,1.00,1.00,129.08,8.34,11.94,70.13,66.42,-14.20,39.94,-0.24,0.08,16.00,6879.70,-56.00,0.00,7.00
1007587.00,2019-06-30 17:59:11.587,0.00,905.62,0.00,1.51,0.00,1.00,1.00,129.08,8.34,12.03,70.13,66.42,-14.13,39.92,-0.22,0.08,16.00,6879.70,-56.00,0.00,7.00
1007687.00,2019-06-30 17:59:11.687,0.00,905.62,0.00,1.51,0.00,1.00,1.00,129.08,8.34,12.06,70.18,66.29,-14.13,39.92,-0.24,0.08,16.00,6879.70,-56.00,0.00,7.00
1007787.00,2019-06-30 17:59:11.787,0.00,905.62,0.00,1.51,0.00,1.00,1.00,129.08,8.34,12.06,70.18,66.29,-14.11,39.92,-0.21,0.08,16.00,6879.70,-56.00,0.00,7.00
1007887.00,2019-06-30 17:59:11.887,0.00,905.62,0.00,1.51,0.00,1.00,1.00,129.08,8.34,12.05,70.10,66.29,-14.11,39.92,-0.27,0.08,16.00,6879.70,-56.00,0.00,7.00
1007987.00,2019-06-30 17:59:11.987,0.00,905.62,0.00,1.51,0.00,1.00,1.00,129.08,8.34,12.06,70.10,66.43,-14.11,39.92,-0.24,0.08,16.00,6879.70,-56.00,0.00,7.00
1008087.00,2019-06-30 17:59:12.087,0.00,905.62,0.00,1.51,0.00,1.00,1.00,129.08,8.34,12.04,70.10,66.43,-14.03,39.92,-0.22,0.08,16.00,6879.70,-56.00,0.00,7.00
1008187.00,2019-06-30 17:59:12.187,0.00,905.62,0.00,1.51,0.00,1.00,1.00,129.08,8.34,12.05,70.10,66.45,-14.03,39.92,-0.24,0.08,16.00,6879.70,-56.00,0.00,7.00
1008287.00,2019-06-30 17:59:12.287,0.00,905.62,0.00,1.51,0.00,1.00,1.00,129.08,8.34,11.93,70.10,66.45,-13.98,39.92,-0.23,0.08,16.00,6879.70,-56.00,0.00,7.00
1008387.00,2019-06-30 17:59:12.387,0.00,905.62,0.00,1.51,0.00,1.00,1.00,129.08,8.34,12.03,70.10,66.45,-13.98,39.90,-0.24,0.08,16.00,6879.70,-56.00,0.00,7.00
1008487.00,2019-06-30 17:59:12.487,0.00,905.62,0.00,1.51,0.00,1.00,1.00,129.08,8.34,12.06,70.05,66.36,-13.98,39.90,-0.23,0.08,16.00,6879.70,-56.00,0.00,7.00
1008587.00,2019-06-30 17:59:12.587,0.00,905.62,0.00,1.51,0.00,1.00,1.00,129.08,8.34,11.90,70.05,66.36,-13.97,39.90,-0.24,0.09,16.00,6879.70,-56.00,0.00,7.00
1008687.00,2019-06-30 17:59:12.687,0.00,905.62,0.00,1.51,0.00,1.00,1.00,129.08,8.34,12.06,70.06,66.42,-13.97,39.90,-0.24,0.08,16.00,6879.70,-56.00,0.00,7.00
1008787.00,2019-06-30 17:59:12.787,0.00,905.62,0.00,1.51,0.00,1.00,1.00,129.08,8.34,12.05,70.06,66.42,-13.97,39.91,-0.23,0.08,16.00,6879.70,-56.00,0.00,7.00
1008887.00,2019-06-30 17:59:12.887,0.00,905.62,0.00,1.51,0.00,1.00,1.00,129.08,8.34,11.91,70.06,66.42,-13.92,39.91,-0.25,0.08,16.00,6879.70,-56.00,0.00,7.00
1008987.00,2019-06-30 17:59:12.987,0.00,905.62,0.00,1.51,0.00,1.00,1.00,129.08,8.34,12.04,70.11,66.38,-13.92,39.91,-0.20,0.08,16.00,6879.70,-56.00,0.00,7.00
1009087.00,2019-06-30 17:59:13.087,0.00,905.62,0.00,1.51,0.00,1.00,1.00,129.08,8.34,11.90,70.11,66.38,-13.94,39.91,-0.25,0.08,16.00,6879.70,-56.00,0.00,7.00
1009187.00,2019-06-30 17:59:13.187,0.00,905.62,0.00,1.51,0.00,1.00,1.00,129.08,8.34,12.07,70.18,66.31,-13.94,39.91,-0.23,0.08,16.00,6879.70,-56.00,0.00,7.00
1009287.00,2019-06-30 17:59:13.287,0.00,905.62,0.00,1.51,0.00,1.00,1.00,129.08,8.34,12.04,70.18,66.31,-13.94,39.91,-0.23,0.08,16.00,6879.70,-56.00,0.00,7.00
1009387.00,2019-06-30 17:59:13.387,0.00,905.62,0.00,1.51,0.00,1.00,1.00,129.08,8.34,11.94,70.18,66.31,-13.83,39.91,-0.23,0.08,16.00,6879.70,-56.00,0.00,7.00
1009487.00,2019-06-30 17:59:13.487,0.00,905.62,0.00,1.51,0.00,1.00,1.00,129.08,8.34,12.04,70.16,66.33,-13.83,39.91,-0.22,0.09,16.00,6879.70,-56.00,0.00,7.00
1009587.00,2019-06-30 17:59:13.587,0.00,905.62,0.00,1.51,0.00,1.00,1.00,129.08,8.34,11.91,70.16,66.33,-13.80,39.91,-0.24,0.09,16.00,6879.70,-56.00,0.00,7.00
1009687.00,2019-06-30 17:59:13.687,0.00,905.62,0.00,1.51,0.00,1.00,1.00,129.08,8.34,11.92,70.16,66.40,-13.80,39.91,-0.24,0.09,16.00,6879.70,-56.00,0.00,7.00
1009787.00,2019-06-30 17:59:13.787,0.00,905.62,0.00,1.51,0.00,1.00,1.00,129.08,8.34,12.05,70.17,66.40,-13.80,39.91,-0.23,0.09,16.00,6879.70,-56.00,0.00,7.00
1009887.00,2019-06-30 17:59:13.887,0.00,905.62,0.00,1.51,0.00,1.00,1.00,129.08,8.34,12.07,70.17,66.40,-13.77,39.91,-0.24,0.08,16.00,6879.70,-56.00,0.00,7.00
1009987.00,2019-06-30 17:59:13.987,0.00,905.62,0.00,1.51,0.00,1.00,1.00,129.08,8.34,11.90,70.11,66.36,-13.77,39.90,-0.24,0.08,16.00,6879.70,-56.00,0.00,7.00
1010087.00,2019-06-30 17:59:14.087,0.00,905.62,0.00,1.51,0.00,1.00,1.00,129.08,8.34,12.06,70.11,66.36,-13.77,39.90,-0.25,0.08,16.00,6879.70,-56.00,0.00,7.00
1010187.00,2019-06-30 17:59:14.187,0.00,905.62,0.00,1.51,0.00,1.00,1.00,129.08,8.34,12.04,70.11,66.24,-13.73,39.90,-0.21,0.08,16.00,6879.70,-56.00,0.00,7.00
1010287.00,2019-06-30 17:59:14.287,0.00,905.62,0.00,1.51,0.00,1.00,1.00,129.08,8.34,11.92,70.13,66.24,-13.73,39.90,-0.26,0.08,16.00,6879.70,-56.00,0.00,7.00
1010387.00,2019-06-30 17:59:14.387,0.00,905.62,0.00,1.51,0.00,1.00,1.00,129.08,8.34,12.06,70.13,66.24,-13.68,39.84,-0.23,0.08,16.00,6879.70,-56.00,0.00,7.00
1010487.00,2019-06-30 17:59:14.487,0.00,905.62,0.00,1.51,0.00,1.00,1.00,129.08,8.34,11.94,70.13,66.40,-13.68,39.84,-0.22,0.08,16.00,6879.70,-56.00,0.00,7.00
1010587.00,2019-06-30 17:59:14.587,0.00,905.62,0.00,1.51,0.00,1.00,1.00,129.08,8.34,11.94,70.13,66.40,-13.68,39.84,-0.25,0.08,16.00,6879.70,-56.00,0.00,7.00
1010687.00,2019-06-30 17:59:14.687,0.00,905.62,0.00,1.51,0.00,1.00,1.00,129.08,8.34,12.06,70.13,66.36,-13.69,39.84,-0.22,0.08,16.00,6879.70,-56.00,0.00,7.00
1010787.00,2019-06-30 17:59:14.787,0.00,905.62,0.00,1.51,0.00,1.00,1.00,129.08,8.34,12.06,70.18,66.36,-13.69,39.99,-0.24,0.08,16.00,6879.70,-56.00,0.00,7.00
1010887.00,2019-06-30 17:59:14.887,0.00,905.62,0.00,1.51,0.00,1.00,1.00,129.08,8.34,11.91,70.18,66.36,-13.68,39.99,-0.23,0.08,16.00,6879.70,-56.00,0.00,7.00
1010987.00,2019-06-30 17:59:14.987,0.00,905.62,0.00,1.51,0.00,1.00,1.00,129.08,8.34,12.06,70.13,66.34,-13.68,39.99,-0.24,0.09,16.00,6879.70,-56.00,0.00,7.00
1011087.00,2019-06-30 17:59:15.087,0.00,905.62,0.00,1.51,0.00,1.00,1.00,129.08,8.34,12.07,70.13,66.34,-13.68,39.99,-0.23,0.08,16.00,6879.70,-56.00,0.00,7.00
1011187.00,2019-06-30 17:59:15.187,0.00,905.62,0.00,1.51,0.00,1.00,1.00,129.08,8.34,11.90,70.13,66.30,-13.52,39.94,-0.24,0.08,16.00,6879.70,-56.00,0.00,7.00
1011287.00,2019-06-30 17:59:15.287,0.00,905.62,0.00,1.51,0.00,1.00,1.00,129.08,8.34,12.04,70.08,66.30,-13.52,39.94,-0.22,0.08,16.00,6879.70,-56.00,0.00,7.00
1011387.00,2019-06-30 17:59:15.387,0.00,905.62,0.00,1.51,0.00,1.00,1.00,129.08,8.34,11.91,70.08,66.30,-13.52,39.94,-0.21,0.08,16.00,6879.70,-56.00,0.00,7.00
1011487.00,2019-06-30 17:59:15.487,0.00,905.62,0.00,1.51,0.00,1.00,1.00,129.08,8.34,12.05,70.08,66.33,-13.57,39.94,-0.26,0.08,16.00,6879.70,-56.00,0.00,7.00
1011587.00,2019-06-30 17:59:15.587,0.00,905.62,0.00,1.51,0.00,1.00,1.00,129.08,8.34,12.06,70.13,66.33,-13.57,40.01,-0.24,0.09,16.00,6879.70,-56.00,0.00,7.00
1011687.00,2019-06-30 17:59:15.687,0.00,905.62,0.00,1.51,0.00,1.00,1.00,129.08,8.34,11.90,70.13,66.40,-13.55,40.01,-0.22,0.08,16.00,6879.70,-56.00,0.00,7.00
1011787.00,2019-06-30 17:59:15.787,0.00,905.62,0.00,1.51,0.00,1.00,1.00,129.08,8.34,12.07,70.10,66.40,-13.55,40.01,-0.23,0.08,16.00,6879.70,-56.00,0.00,7.00
1011887.00,2019-06-30 17:59:15.887,0.00,905.62,0.00,1.51,0.00,1.00,1.00,129.08,8.34,12.04,70.10,66.40,-13.55,40.01,-0.22,0.08,16.00,6879.70,-56.00,0.00,7.00
1011987.00,2019-06-30 17:59:15.987,0.00,905.62,0.00,1.51,0.00,1.00,1.00,129.08,8.34,11.93,70.10,66.26,-13.44,39.94,-0.24,0.08,16.00,6879.70,-56.00,0.00,7.00
1012087.00,2019-06-30 17:59:16.087,0.00,905.62,0.00,1.51,0.00,1.00,1.00,129.08,8.34,12.05,70.25,66.26,-13.44,39.94,-0.23,0.08,16.00,6879.70,-56.00,0.00,7.00
1012187.00,2019-06-30 17:59:16.187,0.00,905.62,0.00,1.51,0.00,1.00,1.00,129.08,8.34,12.04,70.25,66.23,-13.50,39.94,-0.23,0.08,16.00,6879.70,-56.00,0.00,7.00
1012287.00,2019-06-30 17:59:16.287,0.00,905.62,0.00,1.51,0.00,1.00,1.00,129.08,8.34,11.94,70.17,66.23,-13.50,39.94,-0.23,0.08,16.00,6879.70,-56.00,0.00,7.00
1012387.00,2019-06-30 17:59:16.387,0.00,905.62,0.00,1.51,0.00,1.00,1.00,129.08,8.34,12.03,70.17,66.23,-13.50,39.95,-0.23,0.08,16.00,6879.70,-56.00,0.00,7.00
1012487.00,2019-06-30 17:59:16.487,0.00,905.62,0.00,1.51,0.00,1.00,1.00,129.08,8.34,12.06,70.17,66.31,-13.41,39.95,-0.24,0.08,16.00,6879.70,-56.00,0.00,7.00
1012587.00,2019-06-30 17:59:16.587,0.00,905.62,0.00,1.51,0.00,1.00,1.00,129.08,8.34,11.91,70.16,66.31,-13.41,39.95,-0.21,0.08,16.00,6879.70,-56.00,0.00,7.00
1012687.00,2019-06-30 17:59:16.687,0.00,905.62,0.00,1.51,0.00,1.00,1.00,129.08,8.34,12.06,70.16,66.31,-13.41,39.95,-0.26,0.08,16.00,6879.70,-56.00,0.00,7.00
1012787.00,2019-06-30 17:59:16.787,0.00,905.62,0.00,1.51,0.00,1.00,1.00,129.08,8.34,11.92,70.16,66.31,-13.42,39.94,-0.23,0.08,16.00,6879.70,-56.00,0.00,7.00
1012887.00,2019-06-30 17:59:16.887,0.00,905.62,0.00,1.51,0.00,1.00,1.00,129.08,8.34,11.90,70.20,66.31,-13.42,39.94,-0.23,0.08,16.00,6879.70,-56.00,0.00,7.00
1012987.00,2019-06-30 17:59:16.987,0.00,905.62,0.00,1.51,0.00,1.00,1.00,129.08,8.34,12.03,70.20,66.19,-13.35,39.94,-0.22,0.08,16.00,6879.70,-56.00,0.00,7.00
1013087.00,2019-06-30 17:59:17.087,0.00,905.62,0.00,1.51,0.00,1.00,1.00,129.08,8.34,12.04,70.15,66.19,-13.35,39.94,-0.23,0.08,16.00,6879.70,-56.00,0.00,7.00
1013187.00,2019-06-30 17:59:17.187,0.00,905.62,0.00,1.51,0.00,1.00,1.00,129.08,8.34,12.04,70.15,66.24,-13.35,39.96,-0.25,0.07,16.00,6879.70,-56.00,0.00,7.00
1013287.00,2019-06-30 17:59:17.287,0.00,905.62,0.00,1.51,0.00,1.00,1.00,129.08,8.34,12.05,70.15,66.24,-13.36,39.96,-0.23,0.08,16.00,6879.70,-56.00,0.00,7.00
1013387.00,2019-06-30 17:59:17.387,0.00,905.62,0.00,1.51,0.00,1.00,1.00,129.08,8.34,12.04,70.20,66.24,-13.36,39.96,-0.22,0.08,16.00,6879.70,-56.00,0.00,7.00
1013487.00,2019-06-30 17:59:17.487,0.00,905.62,0.00,1.51,0.00,1.00,1.00,129.08,8.34,11.94,70.20,66.28,-13.21,39.96,-0.24,0.08,16.00,6879.70,-56.00,0.00,7.00
1013587.00,2019-06-30 17:59:17.587,0.00,905.62,0.00,1.51,0.00,1.00,1.00,129.08,8.34,12.03,70.20,66.28,-13.21,40.03,-0.24,0.08,16.00,6879.70,-56.00,0.00,7.00
1013687.00,2019-06-30 17:59:17.687,0.00,905.62,0.00,1.51,0.00,1.00,1.00,129.08,8.34,12.07,70.20,66.26,-13.21,40.03,-0.24,0.09,16.00,6879.70,-56.00,0.00,7.00
1013787.00,2019-06-30 17:59:17.787,0.00,905.62,0.00,1.51,0.00,1.00,1.00,129.08,8.34,11.91,70.20,66.26,-13.20,40.03,-0.21,0.08,16.00,6879.70,-56.00,0.00,7.00
1013887.00,2019-06-30 17:59:17.887,0.00,905.62,0.00,1.51,0.00,1.00,1.00,129.08,8.34,12.05,70.17,66.26,-13.20,40.03,-0.25,0.08,16.00,6879.70,-56.00,0.00,7.00
1013987.00,2019-06-30 17:59:17.987,0.00,905.62,0.00,1.51,0.00,1.00,1.00,129.08,8.34,12.06,70.17,66.14,-13.20,40.01,-0.24,0.09,16.00,6879.70,-56.00,0.00,7.00
1014087.00,2019-06-30 17:59:18.087,0.00,905.62,0.00,1.51,0.00,1.00,1.00,129.08,8.34,11.90,70.13,66.14,-13.19,40.01,-0.22,0.08,16.00,6879.70,-56.00,0.00,7.00
1014187.00,2019-06-30 17:59:18.187,0.00,905.62,0.00,1.51,0.00,1.00,1.00,129.08,8.34,12.07,70.13,66.21,-13.19,40.01,-0.24,0.08,16.00,6879.70,-56.00,0.00,7.00
1014287.00,2019-06-30 17:59:18.287,0.00,905.62,0.00,1.51,0.00,1.00,1.00,129.08,8.34,12.04,70.13,66.21,-13.16,40.01,-0.22,0.08,16.00,6879.70,-56.00,0.00,7.00
1014387.00,2019-06-30 17:59:18.387,0.00,905.62,0.00,1.51,0.00,1.00,1.00,129.08,8.34,12.04,70.17,66.21,-13.16,40.01,-0.24,0.08,16.00,6879.70,-56.00,0.00,7.00
1014487.00,2019-06-30 17:59:18.487,0.00,905.62,0.00,1.51,0.00,1.00,1.00,129.08,8.34,12.07,70.17,66.26,-13.16,40.01,-0.23,0.08,16.00,6879.70,-56.00,0.00,7.00
1014587.00,2019-06-30 17:59:18.587,0.00,905.62,0.00,1.51,0.00,1.00,1.00,129.08,8.34,11.91,70.17,66.26,-13.16,40.01,-0.23,0.09,16.00,6879.70,-56.00,0.00,7.00
1014687.00,2019-06-30 17:59:18.687,0.00,905.62,0.00,1.51,0.00,1.00,1.00,129.08,8.34,12.06,70.25,66.30,-13.16,40.01,-0.23,0.08,16.00,6879.70,-56.00,0.00,7.00
1014787.00,2019-06-30 17:59:18.787,0.00,905.62,0.00,1.51,0.00,1.00,1.00,129.08,8.34,12.05,70.25,66.30,-13.09,40.01,-0.23,0.08,16.00,6879.70,-56.00,0.00,7.00
1014887.00,2019-06-30 17:59:18.887,0.00,905.62,0.00,1.51,0.00,1.00,1.00,129.08,8.34,11.91,70.22,66.30,-13.09,40.01,-0.23,0.08,16.00,6879.70,-56.00,0.00,7.00
1014987.00,2019-06-30 17:59:18.987,0.00,905.62,0.00,1.51,0.00,1.00,1.00,129.08,8.34,12.07,70.22,66.24,-13.09,40.01,-0.21,0.08,16.00,6879.70,-56.00,0.00,7.00
1015087.00,2019-06-30 17:59:19.087,0.00,905.62,0.00,1.51,0.00,1.00,1.00,129.08,8.34,12.03,70.22,66.24,-13.07,40.01,-0.25,0.08,16.00,6879.70,-56.00,0.00,7.00
1015187.00,2019-06-30 17:59:19.187,0.00,905.62,0.00,1.51,0.00,1.00,1.00,129.08,8.34,11.93,70.22,66.26,-13.07,40.03,-0.24,0.08,16.00,6879.70,-56.00,0.00,7.00
1015287.00,2019-06-30 17:59:19.287,0.00,905.62,0.00,1.51,0.00,1.00,1.00,129.08,8.34,12.04,70.22,66.26,-13.07,40.03,-0.24,0.08,16.00,6879.70,-56.00,0.00,7.00
1015387.00,2019-06-30 17:59:19.387,0.00,905.62,0.00,1.51,0.00,1.00,1.00,129.08,8.34,12.05,70.22,66.26,-13.05,40.03,-0.24,0.08,16.00,6879.70,-56.00,0.00,7.00
1015487.00,2019-06-30 17:59:19.487,0.00,905.62,0.00,1.51,0.00,1.00,1.00,129.08,8.34,11.93,70.22,66.20,-13.05,40.03,-0.23,0.08,16.00,6879.70,-56.00,0.00,7.00
1015587.00,2019-06-30 17:59:19.587,0.00,905.62,0.00,1.51,0.00,1.00,1.00,129.08,8.34,12.04,70.22,66.20,-13.02,39.97,-0.24,0.08,16.00,6879.70,-56.00,0.00,7.00
1015687.00,2019-06-30 17:59:19.687,0.00,905.62,0.00,1.51,0.00,1.00,1.00,129.08,8.34,12.06,70.20,66.17,-13.02,39.97,-0.23,0.08,16.00,6879.70,-56.00,0.00,7.00
1015787.00,2019-06-30 17:59:19.787,0.00,905.62,0.00,1.51,0.00,1.00,1.00,129.08,8.34,11.91,70.20,66.17,-13.02,39.97,-0.24,0.08,16.00,6879.70,-56.00,0.00,7.00
1015887.00,2019-06-30 17:59:19.887,0.00,905.62,0.00,1.51,0.00,1.00,1.00,129.08,8.34,12.07,70.20,66.17,-12.95,39.97,-0.24,0.08,16.00,6879.70,-56.00,0.00,7.00
1015987.00,2019-06-30 17:59:19.987,0.00,905.62,0.00,1.51,0.00,1.00,1.00,129.08,8.34,12.03,70.23,66.29,-12.95,40.05,-0.23,0.08,16.00,6879.70,-56.00,0.00,7.00
1016087.00,2019-06-30 17:59:20.087,0.00,905.62,0.00,1.51,0.00,1.00,1.00,129.08,8.34,12.04,70.23,66.29,-12.96,40.05,-0.23,0.08,16.00,6879.70,-56.00,0.00,7.00
1016187.00,2019-06-30 17:59:20.187,0.00,905.62,0.00,1.51,0.00,1.00,1.00,129.08,8.34,12.07,70.15,66.23,-12.96,40.05,-0.22,0.08,16.00,6879.70,-56.00,0.00,7.00
1016287.00,2019-06-30 17:59:20.287,0.00,905.62,0.00,1.51,0.00,1.00,1.00,129.08,8.34,11.92,70.15,66.23,-12.96,40.05,-0.25,0.08,16.00,6879.70,-56.00,0.00,7.00
1016387.00,2019-06-30 17:59:20.387,0.00,905.62,0.00,1.51,0.00,1.00,1.00,129.08,8.34,12.06,70.15,66.23,-12.95,40.01,-0.24,0.08,16.00,6879.70,-56.00,0.00,7.00
1016487.00,2019-06-30 17:59:20.487,0.00,905.62,0.00,1.51,0.00,1.00,1.00,129.08,8.34,11.91,70.25,66.24,-12.95,40.01,-0.23,0.08,16.00,6879.70,-56.00,0.00,7.00
1016587.00,2019-06-30 17:59:20.587,0.00,905.62,0.00,1.51,0.00,1.00,1.00,129.08,8.34,12.06,70.25,66.24,-12.95,40.01,-0.23,0.08,16.00,6879.70,-56.00,0.00,7.00
1016687.00,2019-06-30 17:59:20.687,0.00,905.62,0.00,1.51,0.00,1.00,1.00,129.08,8.34,11.93,70.22,66.30,-12.84,40.01,-0.23,0.08,16.00,6879.70,-56.00,0.00,7.00
1016787.00,2019-06-30 17:59:20.787,0.00,905.62,0.00,1.51,0.00,1.00,1.00,129.08,8.34,12.05,70.22,66.30,-12.84,39.94,-0.26,0.08,16.00,6879.70,-56.00,0.00,7.00
1016887.00,2019-06-30 17:59:20.887,0.00,905.62,0.00,1.51,0.00,1.00,1.00,129.08,8.34,12.07,70.22,66.30,-12.83,39.94,-0.22,0.08,16.00,6879.70,-56.00,0.00,7.00
1016987.00,2019-06-30 17:59:20.987,0.00,905.62,0.00,1.51,0.00,1.00,1.00,129.08,8.34,11.90,70.13,66.21,-12.83,39.94,-0.24,0.09,16.00,6879.70,-56.00,0.00,7.00
1017087.00,2019-06-30 17:59:21.087,0.00,905.62,0.00,1.51,0.00,1.00,1.00,129.08,8.34,12.06,70.13,66.21,-12.83,39.94,-0.23,0.09,16.00,6879.70,-56.00,0.00,7.00
1017187.00,2019-06-30 17:59:21.187,0.00,905.62,0.00,1.51,0.00,1.00,1.00,129.08,8.34,12.05,70.13,66.13,-12.80,39.94,-0.23,0.08,16.00,6879.70,-56.00,0.00,7.00
1017287.00,2019-06-30 17:59:21.287,0.00,905.62,0.00,1.51,0.00,1.00,1.00,129.08,8.34,11.92,70.25,66.13,-12.80,39.94,-0.24,0.08,16.00,6879.70,-56.00,0.00,7.00
1017387.00,2019-06-30 17:59:21.387,0.00,905.62,0.00,1.51,0.00,1.00,1.00,129.08,8.34,12.07,70.25,66.13,-12.82,39.94,-0.21,0.08,16.00,6879.70,-56.00,0.00,7.00
1017487.00,2019-06-30 17:59:21.487,0.00,905.62,0.00,1.51,0.00,1.00,1.00,129.08,8.34,12.03,70.22,66.19,-12.82,39.94,-0.25,0.08,16.00,6879.70,-56.00,0.00,7.00
