OnTime (ms),Time (UTC),Speed (km/h),Distance (m),RPM,Lambda,Starter,Gear,Fuel correction,Fuel consumption (km/l),Fuel consumed (g),Battery voltage (V),Oil temperature (C),Water temperature (C),Exhaust temperature (C), Air Temperature (C), Brake front (bar),Brake rear (bar),State,Injection duration (us),Injection angle
797.00,1970-00-00 00:00:00.797,0.00,0.00,0.00,0.25,0.00,0.00,1.00,0.00,0.00,12.45,0.00,0.00,0.00,0.00,-0.59,0.08,17.00,10.00,0.00
903.00,1970-00-00 00:00:00.903,0.00,0.00,0.00,0.25,0.00,1.00,1.00,0.00,0.00,12.45,0.00,0.00,0.00,0.00,-0.59,0.08,17.00,10.00,0.00
1003.00,1970-01-01 00:00:01.003,0.00,0.00,0.00,0.25,0.00,1.00,1.00,0.00,0.00,12.43,0.00,0.00,0.00,0.00,-0.61,0.07,17.00,10.00,0.00
1103.00,1970-01-01 00:00:01.103,0.00,0.00,0.00,0.25,0.00,1.00,1.00,0.00,0.00,12.44,49.87,57.62,0.00,0.00,-0.61,0.08,17.00,10.00,0.00
1203.00,1970-01-01 00:00:01.203,0.00,0.00,0.00,0.25,0.00,1.00,1.00,0.00,0.00,12.42,49.87,57.62,0.00,0.00,-0.59,0.08,17.00,10.00,0.00
1303.00,1970-01-01 00:00:01.303,0.00,0.00,0.00,0.25,0.00,1.00,1.00,0.00,0.00,12.43,49.87,57.62,0.00,0.00,-0.60,0.08,17.00,10.00,0.00
1403.00,1970-01-01 00:00:01.403,0.00,0.00,0.00,0.25,0.00,1.00,1.00,0.00,0.00,12.44,49.84,57.66,0.00,0.00,-0.59,0.08,17.00,10.00,0.00
1503.00,1970-01-01 00:00:01.503,0.00,0.00,0.00,0.25,0.00,1.00,1.00,0.00,0.00,12.44,49.84,57.66,0.00,0.00,-0.59,0.08,17.00,10.00,0.00
1603.00,1970-01-01 00:00:01.603,0.00,0.00,0.00,0.25,0.00,1.00,1.00,0.00,0.00,12.44,49.89,57.62,0.00,0.00,-0.59,0.08,17.00,10.00,0.00
1703.00,1970-01-01 00:00:01.703,0.00,0.00,0.00,0.25,0.00,1.00,1.00,0.00,0.00,12.43,49.89,57.62,0.00,0.00,-0.59,0.08,17.00,10.00,0.00
1803.00,1970-01-01 00:00:01.803,0.00,0.00,0.00,0.25,0.00,1.00,1.00,0.00,0.00,12.43,49.89,57.62,0.00,0.00,-0.59,0.08,17.00,10.00,0.00
1903.00,1970-01-01 00:00:01.903,0.00,0.00,0.00,0.25,0.00,1.00,1.00,0.00,0.00,12.43,49.87,57.63,0.00,0.00,-0.58,0.08,17.00,10.00,0.00
2003.00,1970-01-01 00:00:02.003,0.00,0.00,0.00,0.25,0.00,1.00,1.00,0.00,0.00,12.42,49.87,57.63,0.00,0.00,-0.57,0.08,17.00,10.00,0.00
2103.00,1970-01-01 00:00:02.103,0.00,0.00,0.00,0.25,0.00,1.00,1.00,0.00,0.00,12.44,49.89,57.59,0.00,0.00,-0.59,0.08,17.00,10.00,0.00
2247.00,1970-01-01 00:00:02.247,0.00,0.00,0.00,0.25,0.00,1.00,1.00,0.00,0.00,12.42,49.89,57.59,0.00,0.00,-0.59,0.08,17.00,10.00,0.00
2377.00,1970-01-01 00:00:02.377,0.00,0.00,0.00,0.25,0.00,1.00,1.00,0.00,0.00,12.42,49.81,57.57,0.00,0.00,-0.58,0.08,17.00,10.00,0.00
2562.00,1970-01-01 00:00:02.562,0.00,0.00,0.00,0.27,0.00,1.00,1.00,0.00,0.00,12.40,49.81,57.57,0.00,0.00,-0.60,0.08,17.00,10.00,0.00
2740.00,1970-01-01 00:00:02.740,0.00,0.00,0.00,0.25,0.00,1.00,1.00,0.00,0.00,12.37,49.79,57.57,0.00,0.00,-0.60,0.07,17.00,10.00,0.00
2875.00,1970-01-01 00:00:02.875,0.00,0.00,0.00,0.25,0.00,1.00,1.00,0.00,0.00,12.41,49.79,57.57,0.00,0.00,-0.60,0.07,17.00,10.00,0.00
3014.00,1970-01-01 00:00:03.014,0.00,0.00,0.00,0.25,0.00,1.00,1.00,0.00,0.00,12.39,49.77,57.52,0.00,0.00,-0.60,0.08,17.00,10.00,0.00
3175.00,1970-01-01 00:00:03.175,1.34,0.12,0.00,0.30,0.00,1.00,1.00,999.00,0.00,12.38,49.77,57.52,0.00,0.00,-0.60,0.08,17.00,10.00,0.00
3275.00,1970-01-01 00:00:03.275,1.34,0.12,0.00,0.25,0.00,1.00,1.00,999.00,0.00,12.40,49.80,57.48,0.00,0.00,-0.67,0.07,17.00,10.00,0.00
3375.00,1970-01-01 00:00:03.375,1.34,0.12,0.00,0.25,0.00,1.00,1.00,999.00,0.00,12.31,49.80,57.48,0.00,0.00,-0.60,0.08,17.00,10.00,0.00
3579.00,1970-01-01 00:00:03.579,-0.00,0.12,0.00,0.25,0.00,1.00,1.00,999.00,0.00,12.36,49.79,57.38,0.00,0.00,-0.64,0.08,17.00,10.00,0.00
3719.00,1970-01-01 00:00:03.719,-0.00,0.12,0.00,0.25,0.00,1.00,1.00,999.00,0.00,12.37,49.79,57.38,0.00,0.00,-0.60,0.08,17.00,10.00,0.00
3859.00,1970-01-01 00:00:03.859,0.00,0.12,0.00,0.29,0.00,1.00,1.00,999.00,0.00,12.34,49.74,57.30,0.00,0.00,-0.51,0.07,17.00,10.00,0.00
4035.00,1970-01-01 00:00:04.035,1.41,0.23,0.00,0.29,0.00,1.00,1.00,999.00,0.00,12.35,49.74,57.30,0.00,0.00,-0.52,0.08,17.00,10.00,0.00
4233.00,1970-01-01 00:00:04.233,1.41,0.23,0.00,0.29,0.00,1.00,1.00,999.00,0.00,12.28,49.73,57.34,0.00,0.00,-0.59,0.08,17.00,10.00,0.00
4333.00,1970-01-01 00:00:04.333,1.41,0.23,0.00,0.28,0.00,1.00,1.00,999.00,0.00,12.27,49.73,57.34,0.00,0.00,-0.56,0.07,17.00,10.00,0.00
4433.00,1970-01-01 00:00:04.433,-0.00,0.23,0.00,0.25,0.00,1.00,1.00,999.00,0.00,12.35,49.70,57.32,0.00,0.00,-0.64,0.07,17.00,10.00,0.00
4533.00,1970-01-01 00:00:04.533,-0.00,0.23,0.00,0.29,0.00,1.00,1.00,999.00,0.00,12.30,49.70,57.32,0.00,0.00,-0.55,0.08,17.00,10.00,0.00
4633.00,1970-01-01 00:00:04.633,-0.00,0.23,0.00,0.29,0.00,1.00,1.00,999.00,0.00,12.30,49.70,57.32,0.00,0.00,-0.60,0.07,17.00,10.00,0.00
4801.00,1970-01-01 00:00:04.801,1.32,0.35,0.00,0.29,0.00,1.00,1.00,999.00,0.00,12.29,49.74,57.38,0.00,0.00,-0.58,0.08,17.00,10.00,0.00
5000.00,1970-01-01 00:00:05.000,1.32,0.35,0.00,0.29,0.00,1.00,1.00,999.00,0.00,12.30,49.72,57.25,0.00,0.00,-0.58,0.07,17.00,10.00,0.00
5100.00,1970-01-01 00:00:05.100,-0.00,0.35,0.00,0.25,0.00,1.00,1.00,999.00,0.00,12.27,49.72,57.25,0.00,0.00,-0.62,0.07,17.00,10.00,0.00
5200.00,1970-01-01 00:00:05.200,1.82,0.47,0.00,0.25,0.00,1.00,1.00,999.00,0.00,12.34,49.72,57.25,0.00,0.00,-0.57,0.07,17.00,10.00,0.00
5305.00,1970-01-01 00:00:05.305,1.82,0.47,0.00,0.25,0.00,1.00,1.00,999.00,0.00,12.26,49.72,57.29,0.00,0.00,-0.59,0.07,17.00,10.00,0.00
5405.00,1970-01-01 00:00:05.405,1.82,0.47,0.00,0.29,0.00,1.00,1.00,999.00,0.00,12.28,49.72,57.29,0.00,0.00,-0.54,0.08,17.00,10.00,0.00
5579.00,1970-01-01 00:00:05.579,-0.00,0.47,0.00,0.29,0.00,1.00,1.00,999.00,0.00,12.29,49.71,57.23,0.00,0.00,-0.60,0.07,17.00,10.00,0.00
5679.00,1970-01-01 00:00:05.679,-0.00,0.47,0.00,0.26,0.00,1.00,1.00,999.00,0.00,12.32,49.71,57.23,0.00,0.00,-0.56,0.08,17.00,10.00,0.00
5779.00,1970-01-01 00:00:05.779,-0.00,0.47,0.00,0.29,0.00,1.00,1.00,999.00,0.00,12.27,49.71,57.23,0.00,0.00,-0.60,0.08,17.00,10.00,0.00
5879.00,1970-01-01 00:00:05.879,1.27,0.59,0.00,0.25,0.00,1.00,1.00,999.00,0.00,12.34,49.58,57.25,0.00,0.00,-0.57,0.08,17.00,10.00,0.00
5979.00,1970-01-01 00:00:05.979,1.27,0.59,0.00,0.25,0.00,1.00,1.00,999.00,0.00,12.28,49.58,57.25,0.00,0.00,-0.66,0.08,17.00,10.00,0.00
6079.00,1970-01-01 00:00:06.079,1.27,0.59,0.00,0.25,0.00,1.00,1.00,999.00,0.00,12.30,49.58,57.25,0.00,0.00,-0.53,0.07,17.00,10.00,0.00
6179.00,1970-01-01 00:00:06.179,1.27,0.59,0.00,0.25,0.00,1.00,1.00,999.00,0.00,12.30,49.71,57.20,0.00,0.00,-0.59,0.07,17.00,10.00,0.00
6279.00,1970-01-01 00:00:06.279,-0.00,0.59,0.00,0.29,0.00,1.00,1.00,999.00,0.00,12.24,49.71,57.20,0.00,0.00,-0.61,0.05,17.00,10.00,0.00
6440.00,1970-01-01 00:00:06.440,-0.00,0.59,0.00,0.29,0.00,1.00,1.00,999.00,0.00,12.29,49.58,57.13,0.00,0.00,-0.60,0.06,17.00,10.00,0.00
6540.00,1970-01-01 00:00:06.540,1.20,0.70,0.00,0.29,0.00,1.00,1.00,999.00,0.00,12.32,49.58,57.13,0.00,0.00,-0.59,0.08,17.00,10.00,0.00
6654.00,1970-01-01 00:00:06.654,1.20,0.70,0.00,0.28,0.00,1.00,1.00,999.00,0.00,12.25,49.58,57.13,0.00,0.00,-0.64,0.08,17.00,10.00,0.00
6797.00,1970-01-01 00:00:06.797,1.20,0.70,0.00,0.28,0.00,1.00,1.00,999.00,0.00,12.27,49.66,57.18,0.00,0.00,-0.61,0.08,17.00,10.00,0.00
6940.00,1970-01-01 00:00:06.940,-0.00,0.70,0.00,0.28,0.00,1.00,1.00,999.00,0.00,12.29,49.66,57.18,0.00,0.00,-0.53,0.07,17.00,10.00,0.00
7086.00,1970-01-01 00:00:07.086,-0.00,0.70,0.00,0.29,0.00,1.00,1.00,999.00,0.00,12.30,49.59,57.20,0.00,0.00,-0.58,0.08,17.00,10.00,0.00
7186.00,1970-01-01 00:00:07.186,-0.00,0.70,0.00,0.28,0.00,1.00,1.00,999.00,0.00,12.31,49.59,57.20,0.00,0.00,-0.62,0.08,17.00,10.00,0.00
7332.00,1970-01-01 00:00:07.332,0.00,0.70,0.00,0.25,0.00,1.00,1.00,999.00,0.00,12.28,49.59,57.20,0.00,0.00,-0.65,0.08,17.00,10.00,0.00
7432.00,1970-01-01 00:00:07.432,0.00,0.70,0.00,0.27,0.00,1.00,1.00,999.00,0.00,12.31,49.54,57.13,0.00,0.00,-0.57,0.08,17.00,10.00,0.00
7532.00,1970-01-01 00:00:07.532,0.00,0.70,0.00,0.28,0.00,1.00,1.00,999.00,0.00,12.27,49.54,57.13,0.00,0.00,-0.59,0.08,17.00,10.00,0.00
7632.00,1970-01-01 00:00:07.632,0.00,0.70,0.00,0.25,0.00,1.00,1.00,999.00,0.00,12.27,49.53,57.13,0.00,0.00,-0.53,0.08,17.00,10.00,0.00
7732.00,1970-01-01 00:00:07.732,-0.00,0.70,0.00,0.25,0.00,1.00,1.00,999.00,0.00,12.28,49.53,57.13,0.00,0.00,-0.59,0.07,17.00,10.00,0.00
7832.00,1970-01-01 00:00:07.832,-0.00,0.70,0.00,0.28,0.00,1.00,1.00,999.00,0.00,12.26,49.53,57.13,0.00,0.00,-0.64,0.08,17.00,10.00,0.00
7932.00,1970-01-01 00:00:07.932,-0.00,0.70,0.00,0.26,0.00,1.00,1.00,999.00,0.00,12.31,49.58,57.16,0.00,0.00,-0.57,0.08,17.00,10.00,0.00
8032.00,1970-01-01 00:00:08.032,-0.00,0.70,0.00,0.28,0.00,1.00,1.00,999.00,0.00,12.26,49.58,57.16,0.00,0.00,-0.64,0.07,17.00,10.00,0.00
8142.00,1970-01-01 00:00:08.142,0.00,0.70,0.00,0.28,0.00,1.00,1.00,999.00,0.00,12.29,49.58,57.13,0.00,0.00,-0.54,0.08,17.00,10.00,0.00
8319.00,1970-01-01 00:00:08.319,0.00,0.70,0.00,0.27,0.00,1.00,1.00,999.00,0.00,12.27,49.58,57.13,0.00,0.00,-0.53,0.08,17.00,10.00,0.00
8471.00,1970-01-01 00:00:08.471,0.00,0.70,0.00,0.25,0.00,1.00,1.00,999.00,0.00,12.26,49.63,57.13,0.00,0.00,-0.55,0.08,17.00,10.00,0.00
8625.00,1970-01-01 00:00:08.625,-0.00,0.70,0.00,0.27,0.00,1.00,1.00,999.00,0.00,12.31,49.63,57.13,0.00,0.00,-0.58,0.09,17.00,10.00,0.00
8771.00,1970-01-01 00:00:08.771,-0.00,0.70,0.00,0.25,0.00,1.00,1.00,999.00,0.00,12.29,49.64,57.13,0.00,0.00,-0.59,0.07,17.00,10.00,0.00
8926.00,1970-01-01 00:00:08.926,0.00,0.70,0.00,0.28,0.00,1.00,1.00,999.00,0.00,12.24,49.64,57.13,0.00,0.00,-0.59,0.08,17.00,10.00,0.00
9026.00,1970-01-01 00:00:09.026,0.00,0.70,0.00,0.28,0.00,1.00,1.00,999.00,0.00,12.26,49.57,57.13,0.00,0.00,-0.61,0.08,17.00,10.00,0.00
9126.00,1970-01-01 00:00:09.126,0.00,0.70,0.00,0.28,0.00,1.00,1.00,999.00,0.00,12.27,49.57,57.13,0.00,0.00,-0.59,0.08,17.00,10.00,0.00
9226.00,1970-01-01 00:00:09.226,0.00,0.70,0.00,0.27,0.00,1.00,1.00,999.00,0.00,12.27,49.57,57.13,0.00,0.00,-0.61,0.08,17.00,10.00,0.00
9326.00,1970-01-01 00:00:09.326,-0.00,0.70,0.00,0.28,0.00,1.00,1.00,999.00,0.00,12.26,49.59,57.08,0.00,0.00,-0.56,0.08,17.00,10.00,0.00
9488.00,1970-01-01 00:00:09.488,-0.00,0.70,0.00,0.25,0.00,1.00,1.00,999.00,0.00,12.27,49.59,57.08,0.00,0.00,-0.57,0.08,17.00,10.00,0.00
9588.00,1970-01-01 00:00:09.588,-0.00,0.70,0.00,0.28,0.00,1.00,1.00,999.00,0.00,12.27,49.55,57.10,0.00,0.00,-0.59,0.08,17.00,10.00,0.00
9720.00,1970-01-01 00:00:09.720,0.00,0.70,0.00,0.25,0.00,1.00,1.00,999.00,0.00,12.29,49.55,57.10,0.00,0.00,-0.64,0.08,17.00,10.00,0.00
9820.00,1970-01-01 00:00:09.820,0.00,0.70,0.00,0.27,0.00,1.00,1.00,999.00,0.00,12.30,49.57,57.13,0.00,0.00,-0.58,0.08,17.00,10.00,0.00
10017.00,1970-01-01 00:00:10.017,0.00,0.70,0.00,0.27,0.00,1.00,1.00,999.00,0.00,12.25,49.57,57.13,0.00,0.00,-0.56,0.08,17.00,10.00,0.00
10193.00,1970-01-01 00:00:10.193,-0.00,0.70,0.00,0.25,0.00,1.00,1.00,999.00,0.00,12.29,49.64,57.15,0.00,0.00,-0.54,0.06,17.00,10.00,0.00
10293.00,1970-01-01 00:00:10.293,-0.00,0.70,0.00,0.28,0.00,1.00,1.00,999.00,0.00,12.26,49.64,57.15,0.00,0.00,-0.59,0.07,17.00,10.00,0.00
10393.00,1970-01-01 00:00:10.393,-0.00,0.70,0.00,0.25,0.00,1.00,1.00,999.00,0.00,12.28,49.60,57.04,0.00,0.00,-0.63,0.08,17.00,10.00,0.00
10551.00,1970-01-01 00:00:10.551,1.20,0.82,0.00,0.28,0.00,1.00,1.00,999.00,0.00,12.30,49.60,57.04,0.00,0.00,-0.61,0.08,17.00,10.00,0.00
10690.00,1970-01-01 00:00:10.690,1.20,0.82,0.00,0.27,0.00,1.00,1.00,999.00,0.00,12.28,49.53,57.08,0.00,0.00,-0.57,0.08,17.00,10.00,0.00
10827.00,1970-01-01 00:00:10.827,-0.00,0.82,0.00,0.28,0.00,1.00,1.00,999.00,0.00,12.23,49.53,57.08,0.00,0.00,-0.58,0.08,17.00,10.00,0.00
10971.00,1970-01-01 00:00:10.971,-0.00,0.82,0.00,0.28,0.00,1.00,1.00,999.00,0.00,12.25,49.58,57.06,0.00,0.00,-0.58,0.09,17.00,10.00,0.00
11110.00,1970-01-01 00:00:11.110,-0.00,0.82,0.00,0.28,0.00,1.00,1.00,999.00,0.00,12.25,49.58,57.06,0.00,0.00,-0.59,0.07,17.00,10.00,0.00
11210.00,1970-01-01 00:00:11.210,0.00,0.82,0.00,0.28,0.00,1.00,1.00,999.00,0.00,12.25,49.58,57.06,0.00,0.00,-0.55,0.07,17.00,10.00,0.00
11310.00,1970-01-01 00:00:11.310,0.00,0.82,0.00,0.27,0.00,1.00,1.00,999.00,0.00,12.28,49.63,57.13,0.00,0.00,-0.59,0.07,17.00,10.00,0.00
11426.00,1970-01-01 00:00:11.426,0.00,0.82,0.00,0.25,0.00,1.00,1.00,999.00,0.00,12.27,49.63,57.13,0.00,0.00,-0.63,0.07,17.00,10.00,0.00
11562.00,1970-01-01 00:00:11.562,1.15,0.94,0.00,0.25,0.00,1.00,1.00,999.00,0.00,12.28,49.53,57.10,0.00,0.00,-0.55,0.08,17.00,10.00,0.00
11688.00,1970-01-01 00:00:11.688,1.15,0.94,0.00,0.28,0.00,1.00,1.00,999.00,0.00,12.25,49.53,57.10,0.00,0.00,-0.58,0.08,17.00,10.00,0.00
11811.00,1970-01-01 00:00:11.811,1.15,0.94,0.00,0.28,0.00,1.00,1.00,999.00,0.00,12.25,49.53,57.10,0.00,0.00,-0.58,0.08,17.00,10.00,0.00
11958.00,1970-01-01 00:00:11.958,-0.00,0.94,0.00,0.25,0.00,1.00,1.00,999.00,0.00,12.25,49.58,57.08,0.00,0.00,-0.59,0.07,17.00,10.00,0.00
12095.00,1970-01-01 00:00:12.095,-0.00,0.94,0.00,0.26,0.00,1.00,1.00,999.00,0.00,12.26,49.58,57.04,0.00,0.00,-0.59,0.08,17.00,10.00,0.00
12195.00,1970-01-01 00:00:12.195,-0.00,0.94,0.00,0.28,0.00,1.00,1.00,999.00,0.00,12.27,49.58,57.04,0.00,0.00,-0.59,0.07,17.00,10.00,0.00
12295.00,1970-01-01 00:00:12.295,-0.00,0.94,0.00,0.28,0.00,1.00,1.00,999.00,0.00,12.23,49.58,57.04,0.00,0.00,-0.58,0.08,17.00,10.00,0.00
12470.00,1970-01-01 00:00:12.470,0.00,0.94,0.00,0.25,0.00,1.00,1.00,999.00,0.00,12.24,49.53,57.04,0.00,0.00,-0.59,0.08,17.00,10.00,0.00
12570.00,1970-01-01 00:00:12.570,0.00,0.94,0.00,0.28,0.00,1.00,1.00,999.00,0.00,12.25,49.53,57.04,0.00,0.00,-0.57,0.08,17.00,10.00,0.00
12749.00,1970-01-01 00:00:12.749,-0.00,0.94,0.00,0.28,0.00,1.00,1.00,999.00,0.00,12.24,49.53,57.02,0.00,0.00,-0.57,0.08,17.00,10.00,0.00
12891.00,1970-01-01 00:00:12.891,-0.00,0.94,0.00,0.27,0.00,1.00,1.00,999.00,0.00,12.23,49.49,57.05,0.00,0.00,-0.58,0.08,17.00,10.00,0.00
13062.00,1970-01-01 00:00:13.062,-0.00,0.94,0.00,0.27,0.00,1.00,1.00,999.00,0.00,12.25,49.49,57.05,0.00,0.00,-0.59,0.08,17.00,10.00,0.00
13203.00,1970-01-01 00:00:13.203,0.00,0.94,0.00,0.27,0.00,1.00,1.00,999.00,0.00,12.24,49.57,57.02,0.00,0.00,-0.59,0.07,17.00,10.00,0.00
13303.00,1970-01-01 00:00:13.303,1.77,1.05,0.00,0.28,0.00,1.00,1.00,999.00,0.00,12.25,49.57,57.02,0.00,0.00,-0.63,0.08,17.00,10.00,0.00
13403.00,1970-01-01 00:00:13.403,1.77,1.05,0.00,0.28,0.00,1.00,1.00,999.00,0.00,12.25,49.57,57.02,0.00,0.00,-0.59,0.07,17.00,10.00,0.00
13503.00,1970-01-01 00:00:13.503,1.77,1.05,0.00,0.28,0.00,1.00,1.00,999.00,0.00,12.24,49.58,57.13,0.00,0.00,-0.60,0.07,17.00,10.00,0.00
13685.00,1970-01-01 00:00:13.685,-0.00,1.05,0.00,0.27,0.00,1.00,1.00,999.00,0.00,12.25,49.58,57.13,0.00,0.00,-0.58,0.07,17.00,10.00,0.00
13847.00,1970-01-01 00:00:13.847,-0.00,1.05,0.00,0.28,0.00,1.00,1.00,999.00,0.00,12.24,49.72,57.18,0.00,0.00,-0.58,0.07,17.00,10.00,0.00
14032.00,1970-01-01 00:00:14.032,0.00,1.05,0.00,0.27,0.00,1.00,1.00,999.00,0.00,12.24,49.69,57.18,0.00,0.00,-0.58,0.06,17.00,10.00,0.00
14157.00,1970-01-01 00:00:14.157,0.00,1.05,0.00,0.27,0.00,1.00,1.00,999.00,0.00,12.25,49.69,57.18,0.00,0.00,-0.62,0.08,17.00,10.00,0.00
14257.00,1970-01-01 00:00:14.257,0.00,1.05,0.00,0.27,0.00,1.00,1.00,999.00,0.00,12.23,49.69,57.18,0.00,0.00,-0.59,0.08,17.00,10.00,0.00
14357.00,1970-01-01 00:00:14.357,0.00,1.05,0.00,0.27,0.00,1.00,1.00,999.00,0.00,12.24,49.72,57.20,0.00,0.00,-0.58,0.08,17.00,10.00,0.00
14531.00,1970-01-01 00:00:14.531,-0.00,1.05,0.00,0.27,0.00,1.00,1.00,999.00,0.00,12.25,49.72,57.20,0.00,0.00,-0.57,0.08,17.00,10.00,0.00
14658.00,1970-01-01 00:00:14.658,-0.00,1.05,0.00,0.27,0.00,1.00,1.00,999.00,0.00,12.26,49.76,57.20,0.00,0.00,-0.55,0.08,17.00,10.00,0.00
14798.00,1970-01-01 00:00:14.798,-0.00,1.05,0.00,0.27,0.00,1.00,1.00,999.00,0.00,12.25,49.76,57.20,0.00,0.00,-0.57,0.08,17.00,10.00,0.00
14953.00,1970-01-01 00:00:14.953,0.00,1.05,0.00,0.27,0.00,1.00,1.00,999.00,0.00,12.25,49.76,57.29,0.00,0.00,-0.58,0.08,17.00,10.00,0.00
15053.00,1970-01-01 00:00:15.053,0.00,1.05,0.00,0.25,0.00,1.00,1.00,999.00,0.00,12.24,49.76,57.29,0.00,0.00,-0.59,0.08,17.00,10.00,0.00
15173.00,1970-01-01 00:00:15.173,0.00,1.05,0.00,0.27,0.00,1.00,1.00,999.00,0.00,12.23,49.76,57.29,0.00,0.00,-0.62,0.07,17.00,10.00,0.00
15273.00,1970-01-01 00:00:15.273,-0.00,1.05,0.00,0.27,0.00,1.00,1.00,999.00,0.00,12.22,49.76,57.31,0.00,0.00,-0.59,0.08,17.00,10.00,0.00
15405.00,1970-01-01 00:00:15.405,-0.00,1.05,0.00,0.27,0.00,1.00,1.00,999.00,0.00,12.25,49.76,57.31,0.00,0.00,-0.59,0.08,17.00,10.00,0.00
15586.00,1970-01-01 00:00:15.586,-0.00,1.05,0.00,0.27,0.00,1.00,1.00,999.00,0.00,12.24,49.84,57.31,0.00,0.00,-0.59,0.08,17.00,10.00,0.00
15686.00,1970-01-01 00:00:15.686,0.00,1.05,0.00,0.26,0.00,1.00,1.00,999.00,0.00,12.25,49.84,57.31,0.00,0.00,-0.59,0.07,17.00,10.00,0.00
15786.00,1970-01-01 00:00:15.786,0.00,1.05,0.00,0.26,0.00,1.00,1.00,999.00,0.00,12.22,49.81,57.31,0.00,0.00,-0.59,0.07,17.00,10.00,0.00
15886.00,1970-01-01 00:00:15.886,0.00,1.05,0.00,0.27,0.00,1.00,1.00,999.00,0.00,12.25,49.81,57.38,0.00,0.00,-0.59,0.07,17.00,10.00,0.00
16032.00,1970-01-01 00:00:16.032,-0.00,1.05,0.00,0.27,0.00,1.00,1.00,999.00,0.00,12.24,49.77,57.38,0.00,0.00,-0.57,0.08,17.00,10.00,0.00
16159.00,1970-01-01 00:00:16.159,-0.00,1.05,0.00,0.27,0.00,1.00,1.00,999.00,0.00,12.25,49.77,57.40,0.00,0.00,-0.59,0.07,17.00,10.00,0.00
16283.00,1970-01-01 00:00:16.283,-0.00,1.05,0.00,0.27,0.00,1.00,1.00,999.00,0.00,12.21,49.87,57.40,0.00,0.00,-0.60,0.08,17.00,10.00,0.00
16422.00,1970-01-01 00:00:16.422,-0.00,1.05,0.00,0.27,0.00,1.00,1.00,999.00,0.00,12.22,49.87,57.36,0.00,0.00,-0.58,0.08,17.00,10.00,0.00
16522.00,1970-01-01 00:00:16.522,0.00,1.05,0.00,0.27,0.00,1.00,1.00,999.00,0.00,12.23,49.87,57.36,0.00,0.00,-0.57,0.08,17.00,10.00,0.00
16660.00,1970-01-01 00:00:16.660,0.00,1.05,0.00,0.27,0.00,1.00,1.00,999.00,0.00,12.24,49.84,57.36,0.00,0.00,-0.59,0.08,17.00,10.00,0.00
16760.00,1970-01-01 00:00:16.760,0.00,1.05,0.00,0.27,0.00,1.00,1.00,999.00,0.00,12.21,49.84,57.32,0.00,0.00,-0.59,0.08,17.00,10.00,0.00
16860.00,1970-01-01 00:00:16.860,-0.00,1.05,0.00,0.27,0.00,1.00,1.00,999.00,0.00,12.24,49.91,57.32,0.00,0.00,-0.57,0.08,17.00,10.00,0.00
17032.00,1970-01-01 00:00:17.032,1.84,1.17,0.00,0.27,0.00,1.00,1.00,999.00,0.00,12.22,49.91,57.42,0.00,0.00,-0.58,0.08,17.00,10.00,0.00
17157.00,1970-01-01 00:00:17.157,1.84,1.17,0.00,0.26,0.00,1.00,1.00,999.00,0.00,12.25,49.86,57.42,0.00,0.00,-0.58,0.08,17.00,10.00,0.00
17300.00,1970-01-01 00:00:17.300,-0.00,1.17,0.00,0.27,0.00,1.00,1.00,999.00,0.00,12.24,49.86,57.34,0.00,0.00,-0.59,0.07,17.00,10.00,0.00
17489.00,1970-01-01 00:00:17.489,-0.00,1.17,0.00,0.27,0.00,1.00,1.00,999.00,0.00,12.23,49.84,57.34,0.00,0.00,-0.59,0.08,17.00,10.00,0.00
17589.00,1970-01-01 00:00:17.589,-0.00,1.17,0.00,0.27,0.00,1.00,1.00,999.00,0.00,12.24,49.84,57.38,0.00,0.00,-0.58,0.08,17.00,10.00,0.00
17722.00,1970-01-01 00:00:17.722,0.00,1.17,0.00,0.26,0.00,1.00,1.00,999.00,0.00,12.24,49.84,57.38,0.00,0.00,-0.58,0.08,17.00,10.00,0.00
17893.00,1970-01-01 00:00:17.893,0.00,1.17,0.00,0.27,0.00,1.00,1.00,999.00,0.00,12.23,49.84,57.43,0.00,0.00,-0.58,0.07,17.00,10.00,0.00
18067.00,1970-01-01 00:00:18.067,0.00,1.17,0.00,0.27,0.00,1.00,1.00,999.00,0.00,12.24,49.77,57.43,0.00,0.00,-0.58,0.07,17.00,10.00,0.00
18222.00,1970-01-01 00:00:18.222,-0.00,1.17,0.00,0.27,0.00,1.00,1.00,999.00,0.00,12.21,49.77,57.32,0.00,0.00,-0.59,0.07,17.00,10.00,0.00
18392.00,1970-01-01 00:00:18.392,-0.00,1.17,0.00,0.27,0.00,1.00,1.00,999.00,0.00,12.24,49.81,57.32,0.00,0.00,-0.59,0.08,17.00,10.00,0.00
18531.00,1970-01-01 00:00:18.531,0.00,1.17,0.00,0.27,0.00,1.00,1.00,999.00,0.00,12.22,49.81,57.42,0.00,0.00,-0.58,0.08,17.00,10.00,0.00
18631.00,1970-01-01 00:00:18.631,0.00,1.17,0.00,0.27,0.00,1.00,1.00,999.00,0.00,12.24,49.81,57.42,0.00,0.00,-0.58,0.08,17.00,10.00,0.00
18829.00,1970-01-01 00:00:18.829,0.00,1.17,0.00,0.27,0.00,1.00,1.00,999.00,0.00,12.24,49.82,57.29,0.00,0.00,-0.57,0.08,17.00,10.00,0.00
18955.00,1970-01-01 00:00:18.955,-0.00,1.17,0.00,0.27,0.00,1.00,1.00,999.00,0.00,12.27,49.86,57.29,0.00,0.00,-0.59,0.08,17.00,10.00,0.00
19113.00,1970-01-01 00:00:19.113,-0.00,1.17,0.00,0.25,0.00,1.00,1.00,999.00,0.00,12.30,49.86,57.38,0.00,0.00,-0.56,0.07,17.00,10.00,0.00
19282.00,1970-01-01 00:00:19.282,-0.00,1.17,0.00,0.25,0.00,1.00,1.00,999.00,0.00,12.33,49.86,57.38,0.00,0.00,-0.58,0.08,17.00,10.00,0.00
19440.00,1970-01-01 00:00:19.440,0.00,1.17,0.00,0.25,0.00,1.00,1.00,999.00,0.00,12.33,49.86,57.32,0.00,0.00,-0.60,0.08,17.00,10.00,0.00
19540.00,1970-01-01 00:00:19.540,0.00,1.17,0.00,0.25,0.00,1.00,1.00,999.00,0.00,12.32,49.87,57.32,0.00,0.00,-0.59,0.08,17.00,10.00,0.00
19722.00,1970-01-01 00:00:19.722,-0.00,1.17,0.00,0.25,0.00,1.00,1.00,999.00,0.00,12.32,49.87,57.30,0.00,0.00,-0.58,0.08,17.00,10.00,0.00
19874.00,1970-01-01 00:00:19.874,-0.00,1.17,0.00,0.25,0.00,1.00,1.00,999.00,0.00,12.33,49.88,57.30,0.00,0.00,-0.59,0.08,17.00,10.00,0.00
20018.00,1970-01-01 00:00:20.018,-0.00,1.17,0.00,0.25,0.00,1.00,1.00,999.00,0.00,12.33,49.88,57.34,0.00,0.00,-0.59,0.08,17.00,10.00,0.00
20118.00,1970-01-01 00:00:20.118,0.00,1.17,0.00,0.27,0.00,1.00,1.00,999.00,0.00,12.31,49.88,57.34,0.00,0.00,-0.58,0.08,17.00,10.00,0.00
20235.00,1970-01-01 00:00:20.235,0.00,1.17,0.00,0.27,0.00,1.00,1.00,999.00,0.00,12.30,49.87,57.34,0.00,0.00,-0.61,0.09,17.00,10.00,0.00
20427.00,1970-01-01 00:00:20.427,0.00,1.17,0.00,0.25,0.00,1.00,1.00,999.00,0.00,12.32,49.87,57.38,0.00,0.00,-0.62,0.08,17.00,10.00,0.00
20527.00,1970-01-01 00:00:20.527,-0.00,1.17,0.00,0.27,0.00,1.00,1.00,999.00,0.00,12.30,49.84,57.38,0.00,0.00,-0.59,0.08,17.00,10.00,0.00
20675.00,1970-01-01 00:00:20.675,-0.00,1.17,0.00,0.25,0.00,1.00,1.00,999.00,0.00,12.32,49.84,57.40,0.00,0.00,-0.58,0.08,17.00,10.00,0.00
20832.00,1970-01-01 00:00:20.832,1.20,1.29,0.00,0.27,0.00,1.00,1.00,999.00,0.00,12.30,49.84,57.27,0.00,0.00,-0.55,0.08,17.00,10.00,0.00
21003.00,1970-01-01 00:00:21.003,1.20,1.29,0.00,0.25,0.00,1.00,1.00,999.00,0.00,12.31,49.84,57.27,0.00,0.00,-0.56,0.08,17.00,10.00,0.00
21178.00,1970-01-01 00:00:21.178,1.20,1.29,0.00,0.27,0.00,1.00,1.00,999.00,0.00,12.29,49.84,57.24,0.00,0.00,-0.58,0.08,17.00,10.00,0.00
21359.00,1970-01-01 00:00:21.359,-0.00,1.29,0.00,0.26,0.00,1.00,1.00,999.00,0.00,12.32,49.84,57.24,0.00,0.00,-0.59,0.08,17.00,10.00,0.00
21459.00,1970-01-01 00:00:21.459,-0.00,1.29,0.00,0.25,0.00,1.00,1.00,999.00,0.00,12.31,49.84,57.22,0.00,0.00,-0.58,0.08,17.00,10.00,0.00
21559.00,1970-01-01 00:00:21.559,-0.00,1.29,0.00,0.27,0.00,1.00,1.00,999.00,0.00,12.29,49.84,57.22,0.00,0.00,-0.60,0.08,17.00,10.00,0.00
21751.00,1970-01-01 00:00:21.751,0.00,1.29,0.00,0.25,0.00,1.00,1.00,999.00,0.00,12.28,49.81,57.16,0.00,0.00,-0.64,0.08,17.00,10.00,0.00
21909.00,1970-01-01 00:00:21.909,0.00,1.29,0.00,0.25,0.00,1.00,1.00,999.00,0.00,12.27,49.81,57.16,0.00,0.00,-0.60,0.08,17.00,10.00,0.00
22080.00,1970-01-01 00:00:22.080,-0.00,1.29,0.00,0.28,0.00,1.00,1.00,999.00,0.00,12.31,49.86,57.20,0.00,0.00,-0.60,0.08,17.00,10.00,0.00
22240.00,1970-01-01 00:00:22.240,-0.00,1.29,0.00,0.27,0.00,1.00,1.00,999.00,0.00,12.30,49.86,57.20,0.00,0.00,-0.59,0.08,17.00,10.00,0.00
22391.00,1970-01-01 00:00:22.391,-0.00,1.29,0.00,0.25,0.00,1.00,1.00,999.00,0.00,12.31,49.76,57.18,0.00,0.00,-0.59,0.08,17.00,10.00,0.00
22558.00,1970-01-01 00:00:22.558,0.00,1.29,0.00,0.25,0.00,1.00,1.00,999.00,0.00,12.31,49.76,57.18,0.00,0.00,-0.59,0.08,17.00,10.00,0.00
22658.00,1970-01-01 00:00:22.658,0.00,1.29,0.00,0.27,0.00,1.00,1.00,999.00,0.00,12.26,49.81,57.11,0.00,0.00,-0.58,0.08,17.00,10.00,0.00
22758.00,1970-01-01 00:00:22.758,0.00,1.29,0.00,0.25,0.00,1.00,1.00,999.00,0.00,12.31,49.81,57.11,0.00,0.00,-0.61,0.08,17.00,10.00,0.00
22893.00,1970-01-01 00:00:22.893,2.01,1.40,0.00,0.25,0.00,1.00,1.00,999.00,0.00,12.29,49.81,57.11,0.00,0.00,-0.56,0.08,17.00,10.00,0.00
22993.00,1970-01-01 00:00:22.993,2.01,1.40,0.00,0.27,0.00,1.00,1.00,999.00,0.00,12.27,49.88,57.13,0.00,0.00,-0.58,0.08,17.00,10.00,0.00
23114.00,1970-01-01 00:00:23.114,2.01,1.40,0.00,0.25,0.00,1.00,1.00,999.00,0.00,12.26,49.88,57.13,0.00,0.00,-0.60,0.08,17.00,10.00,0.00
23299.00,1970-01-01 00:00:23.299,-0.00,1.40,0.00,0.27,0.00,1.00,1.00,999.00,0.00,12.27,49.84,57.17,0.00,0.00,-0.63,0.08,17.00,10.00,0.00
23438.00,1970-01-01 00:00:23.438,-0.00,1.40,0.00,0.26,0.00,1.00,1.00,999.00,0.00,12.27,49.91,57.11,0.00,0.00,-0.59,0.08,17.00,10.00,0.00
23582.00,1970-01-01 00:00:23.582,-0.00,1.40,0.00,0.27,0.00,1.00,1.00,999.00,0.00,12.31,49.91,57.11,0.00,0.00,-0.59,0.08,17.00,10.00,0.00
23682.00,1970-01-01 00:00:23.682,0.00,1.40,0.00,0.25,0.00,1.00,1.00,999.00,0.00,12.29,49.91,57.11,0.00,0.00,-0.58,0.08,17.00,10.00,0.00
23782.00,1970-01-01 00:00:23.782,0.00,1.40,0.00,0.26,0.00,1.00,1.00,999.00,0.00,12.28,49.84,57.16,0.00,0.00,-0.59,0.08,17.00,10.00,0.00
23960.00,1970-01-01 00:00:23.960,0.00,1.40,0.00,0.25,0.00,1.00,1.00,999.00,0.00,12.31,49.91,57.13,0.00,0.00,-0.58,0.08,1.00,10.00,0.00
24093.00,1970-01-01 00:00:24.093,-0.00,1.40,0.00,0.27,0.00,0.00,1.00,999.00,0.00,12.26,49.91,57.13,0.00,0.00,-0.57,0.08,1.00,10.00,0.00
24220.00,1970-01-01 00:00:24.220,1.40,1.52,0.00,0.27,0.00,0.00,1.00,999.00,0.00,12.27,49.91,57.06,0.00,0.00,-0.57,0.08,1.00,10.00,0.00
24346.00,1970-01-01 00:00:24.346,1.40,1.52,0.00,0.27,0.00,0.00,1.00,999.00,0.00,12.30,49.91,57.06,0.00,0.00,-0.58,0.08,1.00,10.00,0.00
24446.00,1970-01-01 00:00:24.446,1.40,1.52,0.00,0.25,0.00,0.00,1.00,999.00,0.00,12.29,49.91,57.06,0.00,0.00,-0.59,0.08,1.00,10.00,0.00
24609.00,1970-01-01 00:00:24.609,1.40,1.52,0.00,0.27,0.00,0.00,1.00,999.00,0.00,12.29,49.87,57.09,0.00,0.00,-0.55,0.08,1.00,10.00,0.00
24784.00,1970-01-01 00:00:24.784,-0.00,1.52,0.00,0.27,0.00,0.00,1.00,999.00,0.00,12.26,49.86,57.15,0.00,0.00,-0.59,0.08,1.00,10.00,0.00
24908.00,1970-01-01 00:00:24.908,-0.00,1.52,0.00,0.26,0.00,0.00,1.00,999.00,0.00,12.28,49.86,57.15,0.00,0.00,-0.57,0.08,1.00,10.00,0.00
25035.00,1970-01-01 00:00:25.035,0.00,1.52,0.00,0.25,0.00,0.00,1.00,999.00,0.00,12.27,49.81,57.01,0.00,0.00,-0.58,0.08,1.00,10.00,0.00
25157.00,1970-01-01 00:00:25.157,0.00,1.52,0.00,0.27,0.00,0.00,1.00,999.00,0.00,12.27,49.81,57.01,0.00,0.00,-0.61,0.07,1.00,10.00,0.00
25280.00,1970-01-01 00:00:25.280,0.00,1.52,0.00,0.27,0.00,0.00,1.00,999.00,0.00,12.26,49.81,57.01,0.00,0.00,-0.53,0.08,1.00,10.00,0.00
25410.00,1970-01-01 00:00:25.410,0.00,1.52,0.00,0.25,0.00,0.00,1.00,999.00,0.00,12.29,49.82,56.95,0.00,0.00,-0.58,0.08,1.00,10.00,0.00
25510.00,1970-01-01 00:00:25.510,-0.00,1.52,0.00,0.25,0.00,0.00,1.00,999.00,0.00,12.29,49.82,56.95,0.00,0.00,-0.62,0.08,1.00,10.00,0.00
25610.00,1970-01-01 00:00:25.610,-0.00,1.52,0.00,0.27,0.00,0.00,1.00,999.00,0.00,12.26,49.88,56.99,0.00,0.00,-0.56,0.08,1.00,10.00,0.00
25752.00,1970-01-01 00:00:25.752,-0.00,1.52,0.00,0.27,0.00,0.00,1.00,999.00,0.00,12.30,49.88,56.99,0.00,0.00,-0.57,0.07,1.00,10.00,0.00
25925.00,1970-01-01 00:00:25.925,0.00,1.52,0.00,0.27,0.00,0.00,1.00,999.00,0.00,12.26,49.86,56.96,0.00,0.00,-0.56,0.08,1.00,10.00,0.00
26098.00,1970-01-01 00:00:26.098,0.00,1.52,0.00,0.27,0.00,0.00,1.00,999.00,0.00,12.27,49.86,56.96,0.00,0.00,-0.58,0.08,1.00,10.00,0.00
26268.00,1970-01-01 00:00:26.268,-0.00,1.52,0.00,0.27,0.00,0.00,1.00,999.00,0.00,12.27,49.79,56.99,0.00,0.00,-0.58,0.07,1.00,10.00,0.00
26443.00,1970-01-01 00:00:26.443,-0.00,1.52,0.00,0.27,0.00,0.00,1.00,999.00,0.00,12.27,49.79,56.99,0.00,0.00,-0.58,0.08,1.00,10.00,0.00
26543.00,1970-01-01 00:00:26.543,-0.00,1.52,0.00,0.25,0.00,0.00,1.00,999.00,0.00,12.27,49.81,56.98,0.00,0.00,-0.59,0.07,1.00,10.00,0.00
26643.00,1970-01-01 00:00:26.643,0.00,1.52,0.00,0.25,0.00,0.00,1.00,999.00,0.00,12.31,49.81,56.98,0.00,0.00,-0.56,0.07,1.00,10.00,0.00
26827.00,1970-01-01 00:00:26.827,0.00,1.52,0.00,0.25,0.00,0.00,1.00,999.00,0.00,12.27,49.81,56.99,0.00,0.00,-0.54,0.07,1.00,10.00,0.00
26968.00,1970-01-01 00:00:26.968,0.00,1.52,0.00,0.27,0.00,0.00,1.00,999.00,0.00,12.29,49.81,56.99,0.00,0.00,-0.56,0.08,1.00,10.00,0.00
27094.00,1970-01-01 00:00:27.094,-0.00,1.52,0.00,0.25,0.00,0.00,1.00,999.00,0.00,12.31,49.77,56.94,0.00,0.00,-0.58,0.08,1.00,10.00,0.00
27265.00,1970-01-01 00:00:27.265,-0.00,1.52,0.00,0.27,0.00,0.00,1.00,999.00,0.00,12.31,49.77,56.94,0.00,0.00,-0.57,0.08,1.00,10.00,0.00
27365.00,1970-01-01 00:00:27.365,-0.00,1.52,0.00,0.25,0.00,0.00,1.00,999.00,0.00,12.30,49.84,56.89,0.00,0.00,-0.59,0.07,1.00,10.00,0.00
27521.00,1970-01-01 00:00:27.521,0.00,1.52,0.00,0.27,0.00,0.00,1.00,999.00,0.00,12.27,49.84,56.89,0.00,0.00,-0.54,0.08,1.00,10.00,0.00
27639.00,1970-01-01 00:00:27.639,0.00,1.52,0.00,0.25,0.00,0.00,1.00,999.00,0.00,12.27,49.84,56.91,0.00,0.00,-0.58,0.07,1.00,10.00,0.00
27765.00,1970-01-01 00:00:27.765,0.00,1.52,0.00,0.27,0.00,0.00,1.00,999.00,0.00,12.29,49.84,56.91,0.00,0.00,-0.61,0.08,1.00,10.00,0.00
27924.00,1970-01-01 00:00:27.924,-0.00,1.52,0.00,0.25,0.00,0.00,1.00,999.00,0.00,12.31,49.80,56.89,0.00,0.00,-0.61,0.08,1.00,10.00,0.00
28084.00,1970-01-01 00:00:28.084,-0.00,1.52,0.00,0.26,0.00,0.00,1.00,999.00,0.00,12.31,49.80,56.89,0.00,0.00,-0.59,0.08,1.00,10.00,0.00
28184.00,1970-01-01 00:00:28.184,-0.00,1.52,0.00,1.47,0.00,0.00,1.00,999.00,0.00,12.17,49.89,56.83,0.00,0.00,-0.55,0.08,1.00,10.00,0.00
28319.00,1970-01-01 00:00:28.319,0.00,1.52,0.00,1.47,0.00,0.00,1.00,999.00,0.00,12.13,49.89,56.83,0.00,0.00,-0.58,0.08,1.00,10.00,0.00
28419.00,1970-01-01 00:00:28.419,0.00,1.52,0.00,1.47,0.00,0.00,1.00,999.00,0.00,12.29,49.89,56.83,0.00,0.00,-0.59,0.07,1.00,10.00,0.00
28519.00,1970-01-01 00:00:28.519,0.00,1.52,0.00,1.47,0.00,0.00,1.00,999.00,0.00,12.29,49.89,56.98,0.00,0.00,-0.56,0.08,1.00,10.00,0.00
28619.00,1970-01-01 00:00:28.619,0.00,1.52,0.00,1.47,0.00,0.00,1.00,999.00,0.00,12.18,49.89,56.98,0.00,0.00,-0.61,0.08,1.00,10.00,0.00
28767.00,1970-01-01 00:00:28.767,0.00,1.52,0.00,1.47,0.00,0.00,1.00,999.00,0.00,12.31,49.89,56.95,0.00,0.00,-0.59,0.08,1.00,10.00,0.00
28905.00,1970-01-01 00:00:28.905,0.00,1.52,0.00,1.47,0.00,0.00,1.00,999.00,0.00,12.14,49.89,56.95,0.00,0.00,-0.59,0.08,1.00,10.00,0.00
29033.00,1970-01-01 00:00:29.033,0.00,1.52,0.00,1.47,0.00,0.00,1.00,999.00,0.00,12.17,49.79,57.02,0.00,0.00,-0.56,0.08,1.00,10.00,0.00
29173.00,1970-01-01 00:00:29.173,0.00,1.52,0.00,1.47,0.00,0.00,1.00,999.00,0.00,12.27,49.79,57.02,0.00,0.00,-0.58,0.07,1.00,10.00,0.00
29303.00,1970-01-01 00:00:29.303,0.00,1.52,0.00,1.47,0.00,0.00,1.00,999.00,0.00,12.32,49.77,56.91,0.00,0.00,-0.63,0.08,1.00,10.00,0.00
29439.00,1970-01-01 00:00:29.439,0.00,1.52,0.00,1.47,0.00,0.00,1.00,999.00,0.00,12.30,49.77,56.91,0.00,0.00,-0.59,0.08,1.00,10.00,0.00
29539.00,1970-01-01 00:00:29.539,0.00,1.52,0.00,1.47,0.00,0.00,1.00,999.00,0.00,12.16,49.77,56.91,0.00,0.00,-0.58,0.08,1.00,10.00,0.00
29656.00,1970-01-01 00:00:29.656,0.00,1.52,0.00,1.47,0.00,0.00,1.00,999.00,0.00,12.31,49.89,56.92,0.00,0.00,-0.63,0.08,1.00,10.00,0.00
29782.00,1970-01-01 00:00:29.782,0.00,1.52,0.00,1.47,0.00,0.00,1.00,999.00,0.00,12.17,49.89,56.92,0.00,0.00,-0.59,0.08,1.00,10.00,0.00
29969.00,1970-01-01 00:00:29.969,0.00,1.52,0.00,1.47,0.00,0.00,1.00,999.00,0.00,12.28,49.88,56.89,0.00,0.00,-0.59,0.08,1.00,10.00,0.00
30092.00,1970-01-01 00:00:30.092,0.00,1.52,0.00,1.47,0.00,0.00,1.00,999.00,0.00,12.13,49.88,56.89,0.00,0.00,-0.57,0.08,1.00,10.00,0.00
30192.00,1970-01-01 00:00:30.192,0.00,1.52,0.00,1.47,0.00,0.00,1.00,999.00,0.00,12.13,49.88,56.89,0.00,0.00,-0.57,0.08,1.00,10.00,0.00
30292.00,1970-01-01 00:00:30.292,0.00,1.52,0.00,1.47,0.00,0.00,1.00,999.00,0.00,12.30,49.81,56.88,0.00,0.00,-0.57,0.08,1.00,10.00,0.00
30392.00,1970-01-01 00:00:30.392,0.00,1.52,0.00,1.47,0.00,0.00,1.00,999.00,0.00,12.29,49.81,56.88,0.00,0.00,-0.57,0.08,1.00,10.00,0.00
30554.00,1970-01-01 00:00:30.554,0.00,1.52,0.00,1.47,0.00,0.00,1.00,999.00,0.00,12.13,49.82,56.90,0.00,0.00,-0.58,0.08,1.00,10.00,0.00
30711.00,1970-01-01 00:00:30.711,0.00,1.52,0.00,1.47,0.00,0.00,1.00,999.00,0.00,12.31,49.82,56.90,0.00,0.00,-0.58,0.08,1.00,10.00,0.00
30811.00,1970-01-01 00:00:30.811,0.00,1.52,0.00,1.47,0.00,0.00,1.00,999.00,0.00,12.26,49.91,56.94,0.00,0.00,-0.59,0.07,1.00,10.00,0.00
30959.00,1970-01-01 00:00:30.959,0.00,1.52,0.00,1.47,0.00,0.00,1.00,999.00,0.00,12.28,49.91,56.94,0.00,0.00,-0.58,0.08,1.00,10.00,0.00
31094.00,1970-01-01 00:00:31.094,0.00,1.52,0.00,1.47,0.00,0.00,1.00,999.00,0.00,12.31,49.91,56.88,0.00,0.00,-0.56,0.08,1.00,10.00,0.00
31222.00,1970-01-01 00:00:31.222,0.00,1.52,0.00,1.47,0.00,0.00,1.00,999.00,0.00,12.28,49.91,56.88,0.00,0.00,-0.58,0.08,1.00,10.00,0.00
31322.00,1970-01-01 00:00:31.322,0.00,1.52,0.00,1.47,0.00,0.00,1.00,999.00,0.00,12.27,49.91,56.88,0.00,0.00,-0.58,0.07,1.00,10.00,0.00
31483.00,1970-01-01 00:00:31.483,0.00,1.52,0.00,1.47,0.00,0.00,1.00,999.00,0.00,12.31,49.84,56.83,0.00,0.00,-0.59,0.07,1.00,10.00,0.00
31610.00,1970-01-01 00:00:31.610,0.00,1.52,0.00,1.47,0.00,0.00,1.00,999.00,0.00,12.28,49.84,56.83,0.00,0.00,-0.55,0.08,1.00,10.00,0.00
31772.00,1970-01-01 00:00:31.772,0.00,1.52,0.00,1.47,0.00,0.00,1.00,999.00,0.00,12.14,49.84,56.79,0.00,0.00,-0.56,0.07,1.00,10.00,0.00
31941.00,1970-01-01 00:00:31.941,0.00,1.52,0.00,1.47,0.00,0.00,1.00,999.00,0.00,12.17,49.84,56.90,0.00,0.00,-0.56,0.07,1.00,10.00,0.00
32112.00,1970-01-01 00:00:32.112,0.00,1.52,0.00,1.47,0.00,1.00,1.00,999.00,0.00,12.08,49.84,56.90,0.00,0.00,-0.57,0.06,1.00,10.00,0.00
32300.00,1970-01-01 00:00:32.300,0.00,1.52,0.00,1.47,0.00,1.00,1.00,999.00,0.00,12.24,49.84,56.89,0.00,0.00,-0.56,0.07,1.00,10.00,0.00
32400.00,1970-01-01 00:00:32.400,0.00,1.52,0.00,1.47,0.00,1.00,1.00,999.00,0.00,12.19,49.84,56.89,0.00,0.00,-0.65,0.08,1.00,10.00,0.00
32500.00,1970-01-01 00:00:32.500,0.00,1.52,0.00,1.47,0.00,1.00,1.00,999.00,0.00,12.29,49.84,56.89,0.00,0.00,-0.59,0.08,1.00,10.00,0.00
32627.00,1970-01-01 00:00:32.627,0.00,1.52,0.00,1.47,0.00,1.00,1.00,999.00,0.00,12.13,49.89,56.74,0.00,0.00,-0.57,0.08,1.00,10.00,0.00
32807.00,1970-01-01 00:00:32.807,0.00,1.52,0.00,1.47,0.00,1.00,1.00,999.00,0.00,12.24,49.89,56.74,0.00,0.00,-0.55,0.07,1.00,10.00,0.00
32907.00,1970-01-01 00:00:32.907,0.00,1.52,0.00,1.47,0.00,1.00,1.00,999.00,0.00,12.22,49.87,56.73,0.00,0.00,-0.62,0.07,1.00,10.00,0.00
33097.00,1970-01-01 00:00:33.097,0.00,1.52,0.00,1.47,0.00,1.00,1.00,999.00,0.00,12.27,49.87,56.73,0.00,0.00,-0.58,0.06,1.00,10.00,0.00
33271.00,1970-01-01 00:00:33.271,0.00,1.52,0.00,1.47,0.00,1.00,1.00,999.00,0.00,12.29,49.86,56.73,0.00,0.00,-0.57,0.08,1.00,10.00,0.00
33421.00,1970-01-01 00:00:33.421,0.00,1.52,0.00,1.47,0.00,1.00,1.00,999.00,0.00,12.12,49.84,56.79,0.00,0.00,-0.62,0.08,1.00,10.00,0.00
33521.00,1970-01-01 00:00:33.521,0.00,1.52,0.00,1.47,0.00,1.00,1.00,999.00,0.00,12.28,49.84,56.79,0.00,0.00,-0.54,0.07,1.00,10.00,0.00
33689.00,1970-01-01 00:00:33.689,0.00,1.52,0.00,1.47,0.00,1.00,1.00,999.00,0.00,12.26,49.77,56.85,0.00,0.00,-0.58,0.07,1.00,10.00,0.00
33829.00,1970-01-01 00:00:33.829,0.00,1.52,0.00,1.47,0.00,1.00,1.00,999.00,0.00,12.09,49.77,56.85,0.00,0.00,-0.56,0.07,1.00,10.00,0.00
33992.00,1970-01-01 00:00:33.992,0.00,1.52,0.00,1.47,0.00,1.00,1.00,999.00,0.00,12.13,49.84,56.63,0.00,0.00,-0.57,0.07,1.00,10.00,0.00
34161.00,1970-01-01 00:00:34.161,0.00,1.52,0.00,1.47,0.00,1.00,1.00,999.00,0.00,12.27,49.84,56.63,0.00,0.00,-0.57,0.08,1.00,10.00,0.00
34261.00,1970-01-01 00:00:34.261,0.00,1.52,0.00,1.47,0.00,1.00,1.00,999.00,0.00,12.28,49.84,56.65,0.00,0.00,-0.60,0.07,1.00,10.00,0.00
34361.00,1970-01-01 00:00:34.361,0.00,1.52,0.00,1.47,0.00,1.00,1.00,999.00,0.00,12.12,49.84,56.65,0.00,0.00,-0.54,0.08,1.00,10.00,0.00
34532.00,1970-01-01 00:00:34.532,0.00,1.52,0.00,1.47,0.00,1.00,1.00,999.00,0.00,12.12,49.84,56.73,0.00,0.00,-0.54,0.07,1.00,10.00,0.00
34689.00,1970-01-01 00:00:34.689,0.00,1.52,0.00,1.47,0.00,1.00,1.00,999.00,0.00,12.16,49.84,56.73,0.00,0.00,-0.56,0.06,1.00,10.00,0.00
34853.00,1970-01-01 00:00:34.853,0.00,1.52,0.00,1.47,0.00,1.00,1.00,999.00,0.00,12.27,49.84,56.72,0.00,0.00,-0.56,0.08,1.00,10.00,0.00
35016.00,1970-01-01 00:00:35.016,0.00,1.52,0.00,1.47,0.00,1.00,1.00,999.00,0.00,12.30,49.84,56.72,0.00,0.00,-0.57,0.08,1.00,10.00,0.00
35157.00,1970-01-01 00:00:35.157,0.00,1.52,0.00,1.47,0.00,1.00,1.00,999.00,0.00,12.31,49.87,56.66,0.00,0.00,-0.57,0.08,1.00,10.00,0.00
35313.00,1970-01-01 00:00:35.313,0.00,1.52,0.00,1.47,0.00,1.00,1.00,999.00,0.00,12.16,49.87,56.66,0.00,0.00,-0.61,0.08,1.00,10.00,0.00
35501.00,1970-01-01 00:00:35.501,0.00,1.52,0.00,1.47,0.00,1.00,1.00,999.00,0.00,12.18,49.84,56.78,0.00,0.00,-0.58,0.08,1.00,10.00,0.00
35601.00,1970-01-01 00:00:35.601,0.00,1.52,0.00,1.47,0.00,1.00,1.00,999.00,0.00,12.32,49.84,56.78,0.00,0.00,-0.57,0.08,1.00,10.00,0.00
35701.00,1970-01-01 00:00:35.701,0.00,1.52,0.00,1.47,0.00,1.00,1.00,999.00,0.00,12.30,49.84,56.78,0.00,0.00,-0.56,0.08,1.00,10.00,0.00
35834.00,1970-01-01 00:00:35.834,0.00,1.52,0.00,1.47,0.00,1.00,1.00,999.00,0.00,12.28,49.80,56.65,0.00,0.00,-0.61,0.07,1.00,10.00,0.00
35934.00,1970-01-01 00:00:35.934,0.00,1.52,0.00,1.47,0.00,1.00,1.00,999.00,0.00,12.15,49.80,56.65,0.00,0.00,-0.57,0.07,1.00,10.00,0.00
36093.00,1970-01-01 00:00:36.093,0.00,1.52,0.00,1.47,0.00,1.00,1.00,999.00,0.00,12.16,49.84,56.62,0.00,0.00,-0.57,0.08,1.00,10.00,0.00
36254.00,1970-01-01 00:00:36.254,0.00,1.52,0.00,1.47,0.00,1.00,1.00,999.00,0.00,12.32,49.84,56.62,0.00,0.00,-0.53,0.07,1.00,10.00,0.00
36425.00,1970-01-01 00:00:36.425,0.00,1.52,0.00,1.47,0.00,1.00,1.00,999.00,0.00,12.32,49.80,56.62,0.00,0.00,-0.53,0.08,1.00,10.00,0.00
36525.00,1970-01-01 00:00:36.525,0.00,1.52,0.00,1.47,0.00,1.00,1.00,999.00,0.00,12.14,49.80,56.62,0.00,0.00,-0.58,0.08,1.00,10.00,0.00
36625.00,1970-01-01 00:00:36.625,0.00,1.52,0.00,1.47,0.00,1.00,1.00,999.00,0.00,12.32,49.80,56.62,0.00,0.00,-0.59,0.08,1.00,10.00,0.00
36725.00,1970-01-01 00:00:36.725,0.00,1.52,0.00,1.47,0.00,1.00,1.00,999.00,0.00,12.30,49.82,56.64,0.00,0.00,-0.57,0.07,1.00,10.00,0.00
36890.00,1970-01-01 00:00:36.890,0.00,1.52,0.00,1.47,0.00,1.00,1.00,999.00,0.00,12.29,49.82,56.64,0.00,0.00,-0.56,0.08,1.00,10.00,0.00
37038.00,1970-01-01 00:00:37.038,1.16,1.64,0.00,1.47,0.00,1.00,1.00,999.00,0.00,12.29,49.82,56.65,0.00,0.00,-0.61,0.07,1.00,10.00,0.00
37173.00,1970-01-01 00:00:37.173,1.16,1.64,0.00,1.47,0.00,1.00,1.00,999.00,0.00,12.14,49.82,56.65,0.00,0.00,-0.60,0.08,1.00,10.00,0.00
37316.00,1970-01-01 00:00:37.316,1.16,1.64,0.00,1.47,0.00,1.00,1.00,999.00,0.00,12.32,49.79,56.62,0.00,0.00,-0.59,0.08,1.00,10.00,0.00
37503.00,1970-01-01 00:00:37.503,-0.00,1.64,0.00,1.47,0.00,1.00,1.00,999.00,0.00,12.16,49.79,56.62,0.00,0.00,-0.59,0.07,1.00,10.00,0.00
37603.00,1970-01-01 00:00:37.603,-0.00,1.64,0.00,1.47,0.00,1.00,1.00,999.00,0.00,12.30,49.79,56.63,0.00,0.00,-0.57,0.07,1.00,10.00,0.00
37703.00,1970-01-01 00:00:37.703,-0.00,1.64,0.00,1.47,0.00,1.00,1.00,999.00,0.00,12.34,49.79,56.63,0.00,0.00,-0.62,0.08,1.00,10.00,0.00
37803.00,1970-01-01 00:00:37.803,0.00,1.64,0.00,1.47,0.00,1.00,1.00,999.00,0.00,12.15,49.79,56.63,0.00,0.00,-0.55,0.08,1.00,10.00,0.00
37903.00,1970-01-01 00:00:37.903,0.00,1.64,0.00,1.47,0.00,1.00,1.00,999.00,0.00,12.33,49.82,56.64,0.00,0.00,-0.57,0.08,1.00,10.00,0.00
38003.00,1970-01-01 00:00:38.003,0.00,1.64,0.00,1.47,0.00,1.00,1.00,999.00,0.00,12.29,49.82,56.64,0.00,0.00,-0.58,0.07,1.00,10.00,0.00
38139.00,1970-01-01 00:00:38.139,0.00,1.64,0.00,1.47,0.00,1.00,1.00,999.00,0.00,12.33,49.86,56.55,0.00,0.00,-0.53,0.07,1.00,10.00,0.00
38295.00,1970-01-01 00:00:38.295,-0.00,1.64,0.00,1.47,0.00,1.00,1.00,999.00,0.00,12.31,49.86,56.55,0.00,0.00,-0.54,0.07,1.00,10.00,0.00
38437.00,1970-01-01 00:00:38.437,-0.00,1.64,0.00,1.47,0.00,1.00,1.00,999.00,0.00,12.32,49.86,56.66,0.00,0.00,-0.57,0.08,1.00,10.00,0.00
38581.00,1970-01-01 00:00:38.581,0.00,1.64,0.00,1.47,0.00,1.00,1.00,999.00,0.00,12.19,49.86,56.66,0.00,0.00,-0.58,0.07,1.00,10.00,0.00
38725.00,1970-01-01 00:00:38.725,0.00,1.64,0.00,1.47,0.00,1.00,1.00,999.00,0.00,12.31,49.76,56.60,0.00,0.00,-0.60,0.08,1.00,10.00,0.00
38863.00,1970-01-01 00:00:38.863,0.00,1.64,0.00,1.47,0.00,1.00,1.00,999.00,0.00,12.34,49.76,56.60,0.00,0.00,-0.58,0.07,1.00,10.00,0.00
38963.00,1970-01-01 00:00:38.963,0.00,1.64,0.00,1.47,0.00,1.00,1.00,999.00,0.00,12.18,49.76,56.60,0.00,0.00,-0.57,0.07,1.00,10.00,0.00
39063.00,1970-01-01 00:00:39.063,-0.00,1.64,0.00,1.47,0.00,1.00,1.00,999.00,0.00,12.32,49.74,56.57,0.00,0.00,-0.60,0.07,1.00,10.00,0.00
39191.00,1970-01-01 00:00:39.191,-0.00,1.64,0.00,1.47,0.00,1.00,1.00,999.00,0.00,12.34,49.74,56.57,0.00,0.00,-0.58,0.08,1.00,10.00,0.00
39349.00,1970-01-01 00:00:39.349,-0.00,1.64,0.00,1.47,0.00,1.00,1.00,999.00,0.00,12.30,49.79,56.63,0.00,0.00,-0.58,0.07,1.00,10.00,0.00
39503.00,1970-01-01 00:00:39.503,0.00,1.64,0.00,1.47,0.00,1.00,1.00,999.00,0.00,12.18,49.79,56.63,0.00,0.00,-0.54,0.08,1.00,10.00,0.00
39659.00,1970-01-01 00:00:39.659,0.00,1.64,0.00,1.47,0.00,1.00,1.00,999.00,0.00,12.33,49.74,56.63,0.00,0.00,-0.56,0.08,1.00,10.00,0.00
39846.00,1970-01-01 00:00:39.846,-0.00,1.64,0.00,1.47,0.00,1.00,1.00,999.00,0.00,12.33,49.74,56.63,0.00,0.00,-0.54,0.07,1.00,10.00,0.00
39946.00,1970-01-01 00:00:39.946,-0.00,1.64,0.00,1.47,0.00,1.00,1.00,999.00,0.00,12.18,49.70,56.59,0.00,0.00,-0.58,0.08,1.00,10.00,0.00
40131.00,1970-01-01 00:00:40.131,-0.00,1.64,0.00,1.47,0.00,1.00,1.00,999.00,0.00,12.32,49.70,56.59,0.00,0.00,-0.62,0.07,1.00,10.00,0.00
40298.00,1970-01-01 00:00:40.298,0.00,1.64,0.00,1.47,0.00,1.00,1.00,999.00,0.00,12.28,49.67,56.60,0.00,0.00,-0.58,0.08,1.00,10.00,0.00
40453.00,1970-01-01 00:00:40.453,0.00,1.64,0.00,1.47,0.00,1.00,1.00,999.00,0.00,12.19,49.80,56.59,0.00,0.00,-0.61,0.08,1.00,10.00,0.00
40553.00,1970-01-01 00:00:40.553,0.00,1.64,0.00,1.47,0.00,1.00,1.00,999.00,0.00,12.33,49.80,56.59,0.00,0.00,-0.57,0.07,1.00,10.00,0.00
40724.00,1970-01-01 00:00:40.724,-0.00,1.64,0.00,1.47,0.00,1.00,1.00,999.00,0.00,12.34,49.79,56.57,0.00,0.00,-0.53,0.07,1.00,10.00,0.00
40889.00,1970-01-01 00:00:40.889,-0.00,1.64,0.00,1.47,0.00,1.00,1.00,999.00,0.00,12.20,49.79,56.57,0.00,0.00,-0.58,0.07,1.00,10.00,0.00
40989.00,1970-01-01 00:00:40.989,0.00,1.64,0.00,1.47,0.00,1.00,1.00,999.00,0.00,12.29,49.77,56.64,0.00,0.00,-0.58,0.07,1.00,10.00,0.00
41089.00,1970-01-01 00:00:41.089,0.00,1.64,0.00,1.47,0.00,1.00,1.00,999.00,0.00,12.19,49.77,56.64,0.00,0.00,-0.58,0.07,1.00,10.00,0.00
41285.00,1970-01-01 00:00:41.285,1.37,1.76,0.00,1.47,0.00,1.00,1.00,999.00,0.00,12.19,49.77,56.67,0.00,0.00,-0.60,0.07,1.00,10.00,0.00
41410.00,1970-01-01 00:00:41.410,1.37,1.76,0.00,1.47,0.00,1.00,1.00,999.00,0.00,12.34,49.77,56.67,0.00,0.00,-0.55,0.07,1.00,10.00,0.00
41568.00,1970-01-01 00:00:41.568,1.37,1.76,0.00,1.47,0.00,1.00,1.00,999.00,0.00,12.31,49.77,56.58,0.00,0.00,-0.53,0.08,1.00,10.00,0.00
41736.00,1970-01-01 00:00:41.736,-0.00,1.76,0.00,1.47,0.00,1.00,1.00,999.00,0.00,12.30,49.77,56.58,0.00,0.00,-0.52,0.07,1.00,10.00,0.00
41916.00,1970-01-01 00:00:41.916,-0.00,1.76,0.00,1.47,0.00,1.00,1.00,999.00,0.00,12.30,49.72,56.65,0.00,0.00,-0.52,0.07,1.00,10.00,0.00
42016.00,1970-01-01 00:00:42.016,0.00,1.76,0.00,1.47,0.00,1.00,1.00,999.00,0.00,12.32,49.72,56.65,0.00,0.00,-0.56,0.08,1.00,10.00,0.00
42116.00,1970-01-01 00:00:42.116,0.00,1.76,0.00,1.47,0.00,1.00,1.00,999.00,0.00,12.16,49.72,56.65,0.00,0.00,-0.58,0.08,1.00,10.00,0.00
42279.00,1970-01-01 00:00:42.279,0.00,1.76,0.00,1.47,0.00,1.00,1.00,999.00,0.00,12.17,49.76,56.59,0.00,0.00,-0.58,0.07,1.00,10.00,0.00
42409.00,1970-01-01 00:00:42.409,-0.00,1.76,0.00,1.47,0.00,1.00,1.00,999.00,0.00,12.34,49.76,56.59,0.00,0.00,-0.54,0.06,1.00,10.00,0.00
42568.00,1970-01-01 00:00:42.568,-0.00,1.76,0.00,1.47,0.00,1.00,1.00,999.00,0.00,12.16,49.71,56.59,0.00,0.00,-0.56,0.08,1.00,10.00,0.00
42754.00,1970-01-01 00:00:42.754,-0.00,1.76,0.00,1.47,0.00,1.00,1.00,999.00,0.00,12.18,49.71,56.59,0.00,0.00,-0.55,0.07,1.00,10.00,0.00
42922.00,1970-01-01 00:00:42.922,0.00,1.76,0.00,1.47,0.00,1.00,1.00,999.00,0.00,12.31,49.72,56.62,0.00,0.00,-0.55,0.07,1.00,10.00,0.00
43077.00,1970-01-01 00:00:43.077,0.00,1.76,0.00,1.47,0.00,1.00,1.00,999.00,0.00,12.19,49.72,56.62,0.00,0.00,-0.56,0.07,1.00,10.00,0.00
43177.00,1970-01-01 00:00:43.177,0.00,1.76,0.00,1.47,0.00,1.00,1.00,999.00,0.00,12.31,49.62,56.60,0.00,0.00,-0.60,0.07,1.00,10.00,0.00
43277.00,1970-01-01 00:00:43.277,-0.00,1.76,0.00,1.47,0.00,1.00,1.00,999.00,0.00,12.34,49.62,56.60,0.00,0.00,-0.53,0.08,1.00,10.00,0.00
43377.00,1970-01-01 00:00:43.377,1.51,1.87,0.00,1.47,0.00,1.00,1.00,999.00,0.00,12.15,49.62,56.60,0.00,0.00,-0.62,0.07,1.00,10.00,0.00
43477.00,1970-01-01 00:00:43.477,1.51,1.87,0.00,1.47,0.00,1.00,1.00,999.00,0.00,12.34,49.70,56.50,0.00,0.00,-0.58,0.08,1.00,10.00,0.00
43585.00,1970-01-01 00:00:43.585,1.51,1.87,0.00,1.47,0.00,1.00,1.00,999.00,0.00,12.34,49.70,56.50,0.00,0.00,-0.57,0.08,1.00,10.00,0.00
43735.00,1970-01-01 00:00:43.735,1.51,1.87,0.00,1.47,0.00,1.00,1.00,999.00,0.00,12.15,49.66,56.48,0.00,0.00,-0.58,0.08,1.00,10.00,0.00
43835.00,1970-01-01 00:00:43.835,-0.00,1.87,0.00,1.47,0.00,1.00,1.00,999.00,0.00,12.30,49.66,56.48,0.00,0.00,-0.58,0.07,1.00,10.00,0.00
43961.00,1970-01-01 00:00:43.961,-0.00,1.87,0.00,1.47,0.00,1.00,1.00,999.00,0.00,12.31,49.66,56.48,0.00,0.00,-0.53,0.08,1.00,10.00,0.00
44109.00,1970-01-01 00:00:44.109,-0.00,1.87,0.00,1.47,0.00,1.00,1.00,999.00,0.00,12.33,49.73,56.58,0.00,0.00,-0.56,0.08,1.00,10.00,0.00
44282.00,1970-01-01 00:00:44.282,0.00,1.87,0.00,1.47,0.00,1.00,1.00,999.00,0.00,12.20,49.67,56.59,0.00,0.00,-0.56,0.08,1.00,10.00,0.00
44382.00,1970-01-01 00:00:44.382,0.00,1.87,0.00,1.47,0.00,1.00,1.00,999.00,0.00,12.33,49.67,56.59,0.00,0.00,-0.60,0.08,1.00,10.00,0.00
44482.00,1970-01-01 00:00:44.482,0.00,1.87,0.00,1.47,0.00,1.00,1.00,999.00,0.00,12.31,49.67,56.59,0.00,0.00,-0.53,0.07,1.00,10.00,0.00
44641.00,1970-01-01 00:00:44.641,-0.00,1.87,0.00,1.47,0.00,1.00,1.00,999.00,0.00,12.29,49.72,56.55,0.00,0.00,-0.55,0.07,1.00,10.00,0.00
44815.00,1970-01-01 00:00:44.815,-0.00,1.87,0.00,1.47,0.00,1.00,1.00,999.00,0.00,12.20,49.72,56.55,0.00,0.00,-0.54,0.08,1.00,10.00,0.00
44990.00,1970-01-01 00:00:44.990,1.06,1.99,0.00,1.47,0.00,1.00,1.00,999.00,0.00,12.18,49.70,56.51,0.00,0.00,-0.54,0.08,1.00,10.00,0.00
45161.00,1970-01-01 00:00:45.161,1.06,1.99,0.00,1.47,0.00,1.00,1.00,999.00,0.00,12.18,49.70,56.51,0.00,0.00,-0.53,0.07,1.00,10.00,0.00
45261.00,1970-01-01 00:00:45.261,1.06,1.99,0.00,1.47,0.00,1.00,1.00,999.00,0.00,12.29,49.67,56.51,0.00,0.00,-0.62,0.07,1.00,10.00,0.00
45361.00,1970-01-01 00:00:45.361,-0.00,1.99,0.00,1.47,0.00,1.00,1.00,999.00,0.00,12.34,49.67,56.51,0.00,0.00,-0.58,0.08,1.00,10.00,0.00
45502.00,1970-01-01 00:00:45.502,-0.00,1.99,0.00,1.47,0.00,1.00,1.00,999.00,0.00,12.32,49.70,56.55,0.00,0.00,-0.54,0.07,1.00,10.00,0.00
45642.00,1970-01-01 00:00:45.642,-0.00,1.99,0.00,1.47,0.00,1.00,1.00,999.00,0.00,12.30,49.70,56.55,0.00,0.00,-0.57,0.08,1.00,10.00,0.00
45816.00,1970-01-01 00:00:45.816,0.00,1.99,0.00,1.47,0.00,1.00,1.00,999.00,0.00,12.16,49.67,56.53,0.00,0.00,-0.56,0.08,1.00,10.00,0.00
45973.00,1970-01-01 00:00:45.973,0.00,1.99,0.00,1.47,0.00,1.00,1.00,999.00,0.00,12.18,49.67,56.53,0.00,0.00,-0.57,0.07,1.00,10.00,0.00
46140.00,1970-01-01 00:00:46.140,0.00,1.99,0.00,1.47,0.00,1.00,1.00,999.00,0.00,12.32,49.70,56.46,0.00,0.00,-0.57,0.07,1.00,10.00,0.00
46319.00,1970-01-01 00:00:46.319,-0.00,1.99,0.00,1.47,0.00,1.00,1.00,999.00,0.00,12.32,49.70,56.46,0.00,0.00,-0.59,0.08,1.00,10.00,0.00
46486.00,1970-01-01 00:00:46.486,-0.00,1.99,0.00,1.47,0.00,1.00,1.00,999.00,0.00,12.29,49.70,56.41,0.00,0.00,-0.57,0.07,1.00,10.00,0.00
46586.00,1970-01-01 00:00:46.586,0.00,1.99,0.00,1.47,0.00,1.00,1.00,999.00,0.00,12.17,49.70,56.41,0.00,0.00,-0.59,0.07,1.00,10.00,0.00
46686.00,1970-01-01 00:00:46.686,0.00,1.99,0.00,1.47,0.00,1.00,1.00,999.00,0.00,12.31,49.70,56.41,0.00,0.00,-0.57,0.08,1.00,10.00,0.00
46820.00,1970-01-01 00:00:46.820,0.00,1.99,0.00,1.47,0.00,1.00,1.00,999.00,0.00,12.29,49.69,56.38,0.00,0.00,-0.58,0.07,1.00,10.00,0.00
46920.00,1970-01-01 00:00:46.920,0.00,1.99,0.00,1.47,0.00,1.00,1.00,999.00,0.00,12.15,49.69,56.38,0.00,0.00,-0.58,0.07,1.00,10.00,0.00
47084.00,1970-01-01 00:00:47.084,-0.00,1.99,0.00,1.47,0.00,1.00,1.00,999.00,0.00,12.18,49.63,56.44,0.00,0.00,-0.58,0.07,1.00,10.00,0.00
47234.00,1970-01-01 00:00:47.234,-0.00,1.99,0.00,1.47,0.00,1.00,1.00,999.00,0.00,12.33,49.63,56.44,0.00,0.00,-0.54,0.07,1.00,10.00,0.00
47376.00,1970-01-01 00:00:47.376,0.00,1.99,0.00,1.47,0.00,1.00,1.00,999.00,0.00,12.34,49.63,56.46,0.00,0.00,-0.55,0.08,1.00,10.00,0.00
47533.00,1970-01-01 00:00:47.533,0.00,1.99,0.00,1.47,0.00,1.00,1.00,999.00,0.00,12.33,49.63,56.46,0.00,0.00,-0.56,0.08,1.00,10.00,0.00
47633.00,1970-01-01 00:00:47.633,0.00,1.99,0.00,1.47,0.00,1.00,1.00,999.00,0.00,12.30,49.67,56.44,0.00,0.00,-0.60,0.07,1.00,10.00,0.00
47733.00,1970-01-01 00:00:47.733,0.00,1.99,0.00,1.47,0.00,1.00,1.00,999.00,0.00,12.20,49.67,56.44,0.00,0.00,-0.55,0.07,1.00,10.00,0.00
47876.00,1970-01-01 00:00:47.876,-0.00,1.99,0.00,1.47,0.00,1.00,1.00,999.00,0.00,12.30,49.67,56.44,0.00,0.00,-0.57,0.07,1.00,10.00,0.00
48033.00,1970-01-01 00:00:48.033,-0.00,1.99,0.00,1.47,0.00,1.00,1.00,999.00,0.00,12.32,49.67,56.39,0.00,0.00,-0.57,0.08,1.00,10.00,0.00
48133.00,1970-01-01 00:00:48.133,-0.00,1.99,0.00,1.47,0.00,1.00,1.00,999.00,0.00,12.31,49.67,56.39,0.00,0.00,-0.58,0.07,1.00,10.00,0.00
48253.00,1970-01-01 00:00:48.253,0.00,1.99,0.00,1.47,0.00,1.00,1.00,999.00,0.00,12.30,49.63,56.46,0.00,0.00,-0.53,0.07,1.00,10.00,0.00
48455.00,1970-01-01 00:00:48.455,0.00,1.99,0.00,1.47,0.00,1.00,1.00,999.00,0.00,12.33,49.63,56.46,0.00,0.00,-0.59,0.07,1.00,10.00,0.00
48555.00,1970-01-01 00:00:48.555,-0.00,1.99,0.00,1.47,0.00,1.00,1.00,999.00,0.00,12.32,49.63,56.43,0.00,0.00,-0.57,0.07,1.00,10.00,0.00
48720.00,1970-01-01 00:00:48.720,-0.00,1.99,0.00,1.47,0.00,1.00,1.00,999.00,0.00,12.33,49.63,56.43,0.00,0.00,-0.57,0.08,1.00,10.00,0.00
48865.00,1970-01-01 00:00:48.865,-0.00,1.99,0.00,1.47,0.00,1.00,1.00,999.00,0.00,12.34,49.59,56.43,0.00,0.00,-0.61,0.07,1.00,10.00,0.00
49019.00,1970-01-01 00:00:49.019,0.00,1.99,0.00,1.47,0.00,1.00,1.00,999.00,0.00,12.30,49.59,56.43,0.00,0.00,-0.62,0.07,1.00,10.00,0.00
49193.00,1970-01-01 00:00:49.193,0.00,1.99,0.00,1.47,0.00,1.00,1.00,999.00,0.00,12.33,49.60,56.41,0.00,0.00,-0.61,0.08,1.00,10.00,0.00
49380.00,1970-01-01 00:00:49.380,-0.00,1.99,0.00,1.47,0.00,1.00,1.00,999.00,0.00,12.34,49.60,56.41,0.00,0.00,-0.61,0.07,1.00,10.00,0.00
49550.00,1970-01-01 00:00:49.550,-0.00,1.99,0.00,1.47,0.00,1.00,1.00,999.00,0.00,12.20,49.59,56.43,0.00,0.00,-0.62,0.07,1.00,10.00,0.00
49694.00,1970-01-01 00:00:49.694,-0.00,1.99,0.00,1.47,0.00,1.00,1.00,999.00,0.00,12.32,49.59,56.43,0.00,0.00,-0.60,0.07,1.00,10.00,0.00
49794.00,1970-01-01 00:00:49.794,0.00,1.99,0.00,1.47,0.00,1.00,1.00,999.00,0.00,12.29,49.59,56.43,0.00,0.00,-0.54,0.06,1.00,10.00,0.00
49894.00,1970-01-01 00:00:49.894,0.00,1.99,0.00,1.47,0.00,1.00,1.00,999.00,0.00,12.20,49.69,56.41,0.00,0.00,-0.57,0.07,1.00,10.00,0.00
50094.00,1970-01-01 00:00:50.094,0.00,1.99,0.00,1.47,0.00,1.00,1.00,999.00,0.00,12.33,49.70,56.38,0.00,0.00,-0.58,0.07,1.00,10.00,0.00
50220.00,1970-01-01 00:00:50.220,0.00,1.99,0.00,1.47,0.00,1.00,1.00,999.00,0.00,12.34,49.70,56.38,0.00,0.00,-0.61,0.07,1.00,10.00,0.00
50382.00,1970-01-01 00:00:50.382,0.00,1.99,0.00,1.47,0.00,1.00,1.00,999.00,0.00,12.15,49.66,56.39,0.00,0.00,-0.60,0.07,1.00,10.00,0.00
50518.00,1970-01-01 00:00:50.518,0.00,1.99,0.00,1.47,0.00,1.00,1.00,999.00,0.00,12.30,49.66,56.39,0.00,0.00,-0.59,0.07,1.00,10.00,0.00
50618.00,1970-01-01 00:00:50.618,0.00,1.99,0.00,1.47,0.00,1.00,1.00,999.00,0.00,12.18,49.66,56.39,0.00,0.00,-0.57,0.07,1.00,10.00,0.00
50718.00,1970-01-01 00:00:50.718,0.00,1.99,0.00,1.47,0.00,1.00,1.00,999.00,0.00,12.33,49.67,56.41,0.00,0.00,-0.58,0.07,1.00,10.00,0.00
50847.00,1970-01-01 00:00:50.847,0.00,1.99,0.00,1.47,0.00,1.00,1.00,999.00,0.00,12.34,49.67,56.41,0.00,0.00,-0.58,0.08,1.00,10.00,0.00
51007.00,1970-01-01 00:00:51.007,1.20,2.11,0.00,1.47,0.00,1.00,1.00,999.00,0.00,12.21,49.60,56.48,0.00,0.00,-0.53,0.07,1.00,10.00,0.00
51175.00,1970-01-01 00:00:51.175,1.20,2.11,0.00,1.47,0.00,1.00,1.00,999.00,0.00,12.34,49.60,56.48,0.00,0.00,-0.57,0.07,1.00,10.00,0.00
51275.00,1970-01-01 00:00:51.275,-0.00,2.11,0.00,1.47,0.00,1.00,1.00,999.00,0.00,12.33,49.60,56.39,0.00,0.00,-0.57,0.07,1.00,10.00,0.00
51455.00,1970-01-01 00:00:51.455,-0.00,2.11,0.00,1.47,0.00,1.00,1.00,999.00,0.00,12.17,49.60,56.39,0.00,0.00,-0.57,0.07,1.00,10.00,0.00
51586.00,1970-01-01 00:00:51.586,-0.00,2.11,0.00,1.47,0.00,1.00,1.00,999.00,0.00,12.30,49.60,56.45,0.00,0.00,-0.61,0.07,1.00,10.00,0.00
51686.00,1970-01-01 00:00:51.686,0.00,2.11,0.00,1.47,0.00,1.00,1.00,999.00,0.00,12.18,49.60,56.45,0.00,0.00,-0.57,0.07,1.00,10.00,0.00
51786.00,1970-01-01 00:00:51.786,0.00,2.11,0.00,1.47,0.00,1.00,1.00,999.00,0.00,12.31,49.60,56.45,0.00,0.00,-0.57,0.07,1.00,10.00,0.00
51923.00,1970-01-01 00:00:51.923,0.00,2.11,0.00,1.47,0.00,1.00,1.00,999.00,0.00,12.34,49.67,56.44,0.00,0.00,-0.59,0.07,1.00,10.00,0.00
52079.00,1970-01-01 00:00:52.079,-0.00,2.11,0.00,1.47,0.00,1.00,1.00,999.00,0.00,12.21,49.67,56.44,0.00,0.00,-0.58,0.07,1.00,10.00,0.00
52238.00,1970-01-01 00:00:52.238,-0.00,2.11,0.00,1.47,0.00,1.00,1.00,999.00,0.00,12.33,49.62,56.43,0.00,0.00,-0.58,0.07,1.00,10.00,0.00
52406.00,1970-01-01 00:00:52.406,-0.00,2.11,0.00,1.47,0.00,1.00,1.00,999.00,0.00,12.34,49.62,56.43,0.00,0.00,-0.58,0.07,1.00,10.00,0.00
52597.00,1970-01-01 00:00:52.597,0.00,2.11,0.00,1.47,0.00,1.00,1.00,999.00,0.00,12.34,49.69,56.40,0.00,0.00,-0.59,0.07,1.00,10.00,0.00
52773.00,1970-01-01 00:00:52.773,0.00,2.11,0.00,1.47,0.00,1.00,1.00,999.00,0.00,12.34,49.69,56.40,0.00,0.00,-0.59,0.07,1.00,10.00,0.00
52873.00,1970-01-01 00:00:52.873,-0.00,2.11,0.00,1.47,0.00,1.00,1.00,999.00,0.00,12.34,49.59,56.37,0.00,0.00,-0.53,0.07,1.00,10.00,0.00
52973.00,1970-01-01 00:00:52.973,-0.00,2.11,0.00,1.47,0.00,1.00,1.00,999.00,0.00,12.15,49.59,56.37,0.00,0.00,-0.62,0.07,1.00,10.00,0.00
53116.00,1970-01-01 00:00:53.116,-0.00,2.11,0.00,1.47,0.00,1.00,1.00,999.00,0.00,12.31,49.55,56.39,0.00,0.00,-0.58,0.07,1.00,10.00,0.00
53300.00,1970-01-01 00:00:53.300,0.00,2.11,0.00,1.47,0.00,1.00,1.00,999.00,0.00,12.31,49.55,56.39,0.00,0.00,-0.60,0.07,1.00,10.00,0.00
53452.00,1970-01-01 00:00:53.452,0.00,2.11,0.00,1.47,0.00,1.00,1.00,999.00,0.00,12.17,49.62,56.44,0.00,0.00,-0.59,0.07,1.00,10.00,0.00
53598.00,1970-01-01 00:00:53.598,0.00,2.11,0.00,1.47,0.00,1.00,1.00,999.00,0.00,12.20,49.62,56.44,0.00,0.00,-0.58,0.07,1.00,10.00,0.00
53782.00,1970-01-01 00:00:53.782,-0.00,2.11,0.00,1.47,0.00,1.00,1.00,999.00,0.00,12.33,49.63,56.39,0.00,0.00,-0.58,0.07,1.00,10.00,0.00
53882.00,1970-01-01 00:00:53.882,-0.00,2.11,0.00,1.47,0.00,1.00,1.00,999.00,0.00,12.18,49.63,56.39,0.00,0.00,-0.56,0.07,1.00,10.00,0.00
54065.00,1970-01-01 00:00:54.065,0.00,2.11,0.00,1.47,0.00,1.00,1.00,999.00,0.00,12.19,49.65,56.40,0.00,0.00,-0.56,0.07,1.00,10.00,0.00
54242.00,1970-01-01 00:00:54.242,0.00,2.11,0.00,1.47,0.00,1.00,1.00,999.00,0.00,12.32,49.65,56.40,0.00,0.00,-0.55,0.07,1.00,10.00,0.00
54342.00,1970-01-01 00:00:54.342,0.00,2.11,0.00,1.47,0.00,1.00,1.00,999.00,0.00,12.20,49.65,56.44,0.00,0.00,-0.61,0.07,1.00,10.00,0.00
54515.00,1970-01-01 00:00:54.515,-0.00,2.11,0.00,1.47,0.00,1.00,1.00,999.00,0.00,12.33,49.65,56.44,0.00,0.00,-0.62,0.07,1.00,10.00,0.00
54672.00,1970-01-01 00:00:54.672,-0.00,2.11,0.00,1.47,0.00,1.00,1.00,999.00,0.00,12.18,49.57,56.39,0.00,0.00,-0.59,0.07,1.00,10.00,0.00
54772.00,1970-01-01 00:00:54.772,-0.00,2.11,0.00,1.47,0.00,1.00,1.00,999.00,0.00,12.20,49.57,56.39,0.00,0.00,-0.53,0.07,1.00,10.00,0.00
54872.00,1970-01-01 00:00:54.872,0.00,2.11,0.00,1.47,0.00,1.00,1.00,999.00,0.00,12.29,49.57,56.39,0.00,0.00,-0.58,0.08,1.00,10.00,0.00
54972.00,1970-01-01 00:00:54.972,0.00,2.11,0.00,1.47,0.00,1.00,1.00,999.00,0.00,12.33,49.57,56.40,0.00,0.00,-0.58,0.07,1.00,10.00,0.00
55072.00,1970-01-01 00:00:55.072,0.00,2.11,0.00,1.47,0.00,1.00,1.00,999.00,0.00,12.17,49.57,56.40,0.00,0.00,-0.57,0.07,1.00,10.00,0.00
55219.00,1970-01-01 00:00:55.219,0.00,2.11,0.00,1.47,0.00,1.00,1.00,999.00,0.00,12.15,49.63,56.33,0.00,0.00,-0.57,0.07,1.00,10.00,0.00
55375.00,1970-01-01 00:00:55.375,-0.00,2.11,0.00,1.47,0.00,1.00,1.00,999.00,0.00,12.29,49.63,56.33,0.00,0.00,-0.62,0.07,1.00,10.00,0.00
55546.00,1970-01-01 00:00:55.546,-0.00,2.11,0.00,1.47,0.00,1.00,1.00,999.00,0.00,12.30,49.53,56.48,0.00,0.00,-0.61,0.07,1.00,10.00,0.00
55723.00,1970-01-01 00:00:55.723,0.00,2.11,0.00,1.47,0.00,1.00,1.00,999.00,0.00,12.19,49.53,56.48,0.00,0.00,-0.57,0.07,1.00,10.00,0.00
55884.00,1970-01-01 00:00:55.884,0.00,2.11,0.00,1.47,0.00,1.00,1.00,999.00,0.00,12.16,49.54,56.39,0.00,0.00,-0.61,0.07,1.00,10.00,0.00
55984.00,1970-01-01 00:00:55.984,0.00,2.11,0.00,1.47,0.00,1.00,1.00,999.00,0.00,12.30,49.54,56.39,0.00,0.00,-0.58,0.07,1.00,10.00,0.00
56084.00,1970-01-01 00:00:56.084,0.00,2.11,0.00,1.47,0.00,1.00,1.00,999.00,0.00,12.34,49.54,56.39,0.00,0.00,-0.56,0.07,1.00,10.00,0.00
56274.00,1970-01-01 00:00:56.274,0.00,2.11,0.00,1.47,0.00,1.00,1.00,999.00,0.00,12.34,49.63,56.39,0.00,0.00,-0.57,0.07,1.00,10.00,0.00
56440.00,1970-01-01 00:00:56.440,0.00,2.11,0.00,1.47,0.00,1.00,1.00,999.00,0.00,12.16,49.55,56.33,0.00,0.00,-0.56,0.07,1.00,10.00,0.00
56597.00,1970-01-01 00:00:56.597,0.00,2.11,0.00,1.47,0.00,1.00,1.00,999.00,0.00,12.33,49.55,56.33,0.00,0.00,-0.57,0.07,1.00,10.00,0.00
56753.00,1970-01-01 00:00:56.753,0.00,2.11,0.00,1.47,0.00,1.00,1.00,999.00,0.00,12.34,49.59,56.38,0.00,0.00,-0.62,0.08,1.00,10.00,0.00
56889.00,1970-01-01 00:00:56.889,0.00,2.11,0.00,1.47,0.00,1.00,1.00,999.00,0.00,12.31,49.59,56.38,0.00,0.00,-0.60,0.07,1.00,10.00,0.00
57065.00,1970-01-01 00:00:57.065,0.00,2.11,0.00,1.47,0.00,1.00,1.00,999.00,0.00,12.29,49.58,56.43,0.00,0.00,-0.59,0.07,1.00,10.00,0.00
57224.00,1970-01-01 00:00:57.224,0.00,2.11,0.00,1.47,0.00,1.00,1.00,999.00,0.00,12.34,49.58,56.43,0.00,0.00,-0.59,0.07,1.00,10.00,0.00
57324.00,1970-01-01 00:00:57.324,0.00,2.11,0.00,1.47,0.00,1.00,1.00,999.00,0.00,12.33,49.69,56.35,0.00,0.00,-0.55,0.07,1.00,10.00,0.00
57424.00,1970-01-01 00:00:57.424,0.00,2.11,0.00,1.47,0.00,1.00,1.00,999.00,0.00,12.17,49.69,56.35,0.00,0.00,-0.62,0.07,1.00,10.00,0.00
57559.00,1970-01-01 00:00:57.559,0.00,2.11,0.00,1.47,0.00,1.00,1.00,999.00,0.00,12.19,49.69,56.35,0.00,0.00,-0.58,0.07,1.00,10.00,0.00
57659.00,1970-01-01 00:00:57.659,0.00,2.11,0.00,1.47,0.00,1.00,1.00,999.00,0.00,12.31,49.63,56.35,0.00,0.00,-0.55,0.07,1.00,10.00,0.00
57833.00,1970-01-01 00:00:57.833,0.00,2.11,0.00,1.47,0.00,1.00,1.00,999.00,0.00,12.32,49.63,56.35,0.00,0.00,-0.54,0.06,1.00,10.00,0.00
58021.00,1970-01-01 00:00:58.021,0.00,2.11,0.00,1.47,0.00,1.00,1.00,999.00,0.00,12.19,49.57,56.37,0.00,0.00,-0.53,0.07,1.00,10.00,0.00
58193.00,1970-01-01 00:00:58.193,0.00,2.11,0.00,1.47,0.00,1.00,1.00,999.00,0.00,12.33,49.57,56.34,0.00,0.00,-0.53,0.07,1.00,10.00,0.00
58293.00,1970-01-01 00:00:58.293,0.00,2.11,0.00,1.47,0.00,1.00,1.00,999.00,0.00,12.31,49.57,56.34,0.00,0.00,-0.58,0.07,1.00,10.00,0.00
58454.00,1970-01-01 00:00:58.454,0.00,2.11,0.00,1.47,0.00,1.00,1.00,999.00,0.00,12.29,49.54,56.37,0.00,0.00,-0.62,0.08,1.00,10.00,0.00
58594.00,1970-01-01 00:00:58.594,0.00,2.11,0.00,1.47,0.00,1.00,1.00,999.00,0.00,12.29,49.54,56.37,0.00,0.00,-0.58,0.07,1.00,10.00,0.00
58774.00,1970-01-01 00:00:58.774,0.00,2.11,0.00,1.47,0.00,1.00,1.00,999.00,0.00,12.32,49.55,56.33,0.00,0.00,-0.59,0.07,1.00,10.00,0.00
58920.00,1970-01-01 00:00:58.920,0.00,2.11,0.00,1.47,0.00,1.00,1.00,999.00,0.00,12.29,49.55,56.33,0.00,0.00,-0.58,0.07,1.00,10.00,0.00
59020.00,1970-01-01 00:00:59.020,0.00,2.11,0.00,1.47,0.00,1.00,1.00,999.00,0.00,12.34,49.55,56.33,0.00,0.00,-0.56,0.07,1.00,10.00,0.00
59120.00,1970-01-01 00:00:59.120,0.00,2.11,0.00,1.47,0.00,1.00,1.00,999.00,0.00,12.29,49.48,56.35,0.00,0.00,-0.60,0.07,1.00,10.00,0.00
59220.00,1970-01-01 00:00:59.220,0.00,2.11,0.00,1.47,0.00,1.00,1.00,999.00,0.00,12.19,49.48,56.35,0.00,0.00,-0.54,0.09,1.00,10.00,0.00
59364.00,1970-01-01 00:00:59.364,0.00,2.11,0.00,1.47,0.00,1.00,1.00,999.00,0.00,12.29,49.55,56.35,0.00,0.00,-0.56,0.07,1.00,10.00,0.00
59535.00,1970-01-01 00:00:59.535,0.00,2.11,0.00,1.47,0.00,1.00,1.00,999.00,0.00,12.15,49.55,56.35,0.00,0.00,-0.56,0.07,1.00,10.00,0.00
59708.00,1970-01-01 00:00:59.708,0.00,2.11,0.00,1.47,0.00,1.00,1.00,999.00,0.00,12.32,49.53,56.20,0.00,0.00,-0.56,0.07,1.00,10.00,0.00
59861.00,1970-01-01 00:00:59.861,0.00,2.11,0.00,1.47,0.00,1.00,1.00,999.00,0.00,12.34,49.53,56.20,0.00,0.00,-0.57,0.07,1.00,10.00,0.00
60051.00,1970-01-01 00:01:00.051,0.00,2.11,0.00,1.47,0.00,1.00,1.00,999.00,0.00,12.29,49.48,56.30,0.00,0.00,-0.56,0.07,1.00,10.00,0.00
60201.00,1970-01-01 00:01:00.201,0.00,2.11,0.00,1.47,0.00,1.00,1.00,999.00,0.00,12.32,49.48,56.30,0.00,0.00,-0.57,0.07,1.00,10.00,0.00
60348.00,1970-01-01 00:01:00.348,0.00,2.11,0.00,1.47,0.00,1.00,1.00,999.00,0.00,12.32,49.46,56.30,0.00,0.00,-0.58,0.07,1.00,10.00,0.00
60467.00,1970-01-01 00:01:00.467,0.00,2.11,0.00,1.47,0.00,1.00,1.00,999.00,0.00,12.19,49.46,56.30,0.00,0.00,-0.58,0.07,1.00,10.00,0.00
60643.00,1970-01-01 00:01:00.643,0.00,2.11,0.00,1.47,0.00,1.00,1.00,999.00,0.00,12.30,49.54,56.32,0.00,0.00,-0.57,0.07,1.00,10.00,0.00
60743.00,1970-01-01 00:01:00.743,0.00,2.11,0.00,1.47,0.00,1.00,1.00,999.00,0.00,12.30,49.54,56.32,0.00,0.00,-0.56,0.07,1.00,10.00,0.00
60878.00,1970-01-01 00:01:00.878,0.00,2.11,0.00,1.47,0.00,1.00,1.00,999.00,0.00,12.29,49.54,56.32,0.00,0.00,-0.57,0.07,1.00,10.00,0.00
61053.00,1970-01-01 00:01:01.053,0.00,2.11,0.00,1.47,0.00,1.00,1.00,999.00,0.00,12.34,49.54,56.27,0.00,0.00,-0.58,0.07,1.00,10.00,0.00
61214.00,1970-01-01 00:01:01.214,0.00,2.11,0.00,1.47,0.00,1.00,1.00,999.00,0.00,12.32,49.52,56.34,0.00,0.00,-0.57,0.07,1.00,10.00,0.00
61344.00,1970-01-01 00:01:01.344,0.00,2.11,0.00,1.47,0.00,1.00,1.00,999.00,0.00,12.34,49.52,56.34,0.00,0.00,-0.59,0.07,1.00,10.00,0.00
61444.00,1970-01-01 00:01:01.444,0.00,2.11,0.00,1.47,0.00,1.00,1.00,999.00,0.00,12.34,49.52,56.34,0.00,0.00,-0.55,0.07,1.00,10.00,0.00
61544.00,1970-01-01 00:01:01.544,0.00,2.11,0.00,1.47,0.00,1.00,1.00,999.00,0.00,12.34,49.47,56.30,0.00,0.00,-0.63,0.07,1.00,10.00,0.00
61676.00,1970-01-01 00:01:01.676,0.00,2.11,0.00,1.47,0.00,1.00,1.00,999.00,0.00,12.30,49.47,56.30,0.00,0.00,-0.59,0.08,1.00,10.00,0.00
61835.00,1970-01-01 00:01:01.835,0.00,2.11,0.00,1.47,0.00,1.00,1.00,999.00,0.00,12.33,49.51,56.33,0.00,0.00,-0.57,0.07,1.00,10.00,0.00
62004.00,1970-01-01 00:01:02.004,0.00,2.11,0.00,1.47,0.00,1.00,1.00,999.00,0.00,12.29,49.51,56.33,0.00,0.00,-0.58,0.07,1.00,10.00,0.00
62104.00,1970-01-01 00:01:02.104,0.00,2.11,0.00,1.47,0.00,1.00,1.00,999.00,0.00,12.32,49.39,56.26,0.00,0.00,-0.55,0.07,1.00,10.00,0.00
62220.00,1970-01-01 00:01:02.220,0.00,2.11,0.00,1.47,0.00,1.00,1.00,999.00,0.00,12.17,49.39,56.26,0.00,0.00,-0.61,0.07,1.00,10.00,0.00
62320.00,1970-01-01 00:01:02.320,0.00,2.11,0.00,1.47,0.00,1.00,1.00,999.00,0.00,12.31,49.39,56.26,0.00,0.00,-0.53,0.07,1.00,10.00,0.00
62420.00,1970-01-01 00:01:02.420,0.00,2.11,0.00,1.47,0.00,1.00,1.00,999.00,0.00,12.33,49.44,56.30,0.00,0.00,-0.57,0.07,1.00,10.00,0.00
62520.00,1970-01-01 00:01:02.520,0.00,2.11,0.00,1.47,0.00,1.00,1.00,999.00,0.00,12.15,49.44,56.30,0.00,0.00,-0.59,0.07,1.00,10.00,0.00
62620.00,1970-01-01 00:01:02.620,0.00,2.11,0.00,1.47,0.00,1.00,1.00,999.00,0.00,12.33,49.41,56.26,0.00,0.00,-0.55,0.07,1.00,10.00,0.00
62785.00,1970-01-01 00:01:02.785,0.00,2.11,0.00,1.47,0.00,1.00,1.00,999.00,0.00,12.29,49.41,56.26,0.00,0.00,-0.57,0.07,1.00,10.00,0.00
62907.00,1970-01-01 00:01:02.907,0.00,2.11,0.00,1.47,0.00,1.00,1.00,999.00,0.00,12.30,49.49,56.25,0.00,0.00,-0.62,0.07,1.00,10.00,0.00
63029.00,1970-01-01 00:01:03.029,0.00,2.11,0.00,1.47,0.00,1.00,1.00,999.00,0.00,12.29,49.49,56.25,0.00,0.00,-0.58,0.07,1.00,10.00,0.00
63158.00,1970-01-01 00:01:03.158,0.00,2.11,0.00,1.47,0.00,1.00,1.00,999.00,0.00,12.33,49.47,56.21,0.00,0.00,-0.53,0.07,1.00,10.00,0.00
63301.00,1970-01-01 00:01:03.301,0.00,2.11,0.00,1.47,0.00,1.00,1.00,999.00,0.00,12.15,49.47,56.21,0.00,0.00,-0.56,0.07,1.00,10.00,0.00
63486.00,1970-01-01 00:01:03.486,0.00,2.11,0.00,1.47,0.00,1.00,1.00,999.00,0.00,12.31,49.54,56.35,0.00,0.00,-0.56,0.07,1.00,10.00,0.00
63628.00,1970-01-01 00:01:03.628,0.00,2.11,0.00,1.47,0.00,1.00,1.00,999.00,0.00,12.20,49.54,56.35,0.00,0.00,-0.58,0.08,1.00,10.00,0.00
63728.00,1970-01-01 00:01:03.728,0.00,2.11,0.00,1.47,0.00,1.00,1.00,999.00,0.00,12.31,49.54,56.35,0.00,0.00,-0.58,0.07,1.00,10.00,0.00
63828.00,1970-01-01 00:01:03.828,0.00,2.11,0.00,1.47,0.00,1.00,1.00,999.00,0.00,12.33,49.55,56.25,0.00,0.00,-0.56,0.08,1.00,10.00,0.00
63987.00,1970-01-01 00:01:03.987,0.00,2.11,0.00,1.47,0.00,1.00,1.00,999.00,0.00,12.30,49.55,56.25,0.00,0.00,-0.57,0.06,1.00,10.00,0.00
64162.00,1970-01-01 00:01:04.162,0.00,2.11,0.00,1.47,0.00,1.00,1.00,999.00,0.00,12.30,49.52,56.23,0.00,0.00,-0.56,0.07,1.00,10.00,0.00
64337.00,1970-01-01 00:01:04.337,0.00,2.11,0.00,1.47,0.00,1.00,1.00,999.00,0.00,12.30,49.52,56.32,0.00,0.00,-0.57,0.07,1.00,10.00,0.00
64532.00,1970-01-01 00:01:04.532,0.00,2.11,0.00,1.47,0.00,1.00,1.00,999.00,0.00,12.15,49.52,56.32,0.00,0.00,-0.52,0.08,1.00,10.00,0.00
64723.00,1970-01-01 00:01:04.723,0.00,2.11,0.00,1.47,0.00,1.00,1.00,999.00,0.00,12.34,49.49,56.28,0.00,0.00,-0.53,0.07,1.00,10.00,0.00
64823.00,1970-01-01 00:01:04.823,0.00,2.11,0.00,1.47,0.00,1.00,1.00,999.00,0.00,12.19,49.49,56.28,0.00,0.00,-0.57,0.07,1.00,10.00,0.00
65022.00,1970-01-01 00:01:05.022,0.00,2.11,0.00,1.47,0.00,1.00,1.00,999.00,0.00,12.17,49.48,56.30,0.00,0.00,-0.56,0.07,1.00,10.00,0.00
65174.00,1970-01-01 00:01:05.174,0.00,2.11,0.00,1.47,0.00,1.00,1.00,999.00,0.00,12.33,49.48,56.32,0.00,0.00,-0.57,0.07,1.00,10.00,0.00
65274.00,1970-01-01 00:01:05.274,0.00,2.11,0.00,1.47,0.00,1.00,1.00,999.00,0.00,12.34,49.48,56.32,0.00,0.00,-0.58,0.07,1.00,10.00,0.00
65439.00,1970-01-01 00:01:05.439,0.00,2.11,0.00,1.47,0.00,1.00,1.00,999.00,0.00,12.30,49.59,56.30,0.00,0.00,-0.60,0.07,1.00,10.00,0.00
65628.00,1970-01-01 00:01:05.628,0.00,2.11,0.00,1.47,0.00,1.00,1.00,999.00,0.00,12.34,49.59,56.30,0.00,0.00,-0.58,0.07,1.00,10.00,0.00
65728.00,1970-01-01 00:01:05.728,0.00,2.11,0.00,1.47,0.00,1.00,1.00,999.00,0.00,12.19,49.52,56.30,0.00,0.00,-0.54,0.07,1.00,10.00,0.00
65828.00,1970-01-01 00:01:05.828,0.00,2.11,0.00,1.47,0.00,1.00,1.00,999.00,0.00,12.31,49.52,56.30,0.00,0.00,-0.61,0.07,1.00,10.00,0.00
65928.00,1970-01-01 00:01:05.928,0.00,2.11,0.00,1.47,0.00,1.00,1.00,999.00,0.00,12.30,49.52,56.30,0.00,0.00,-0.57,0.07,1.00,10.00,0.00
66113.00,1970-01-01 00:01:06.113,0.00,2.11,0.00,1.47,0.00,1.00,1.00,999.00,0.00,12.17,49.51,56.28,0.00,0.00,-0.57,0.07,1.00,10.00,0.00
66235.00,1970-01-01 00:01:06.235,0.00,2.11,0.00,1.47,0.00,1.00,1.00,999.00,0.00,12.15,49.47,56.30,0.00,0.00,-0.55,0.08,1.00,10.00,0.00
66410.00,1970-01-01 00:01:06.410,0.00,2.11,0.00,1.47,0.00,1.00,1.00,999.00,0.00,12.34,49.47,56.30,0.00,0.00,-0.52,0.08,1.00,10.00,0.00
66584.00,1970-01-01 00:01:06.584,0.00,2.11,0.00,1.47,0.00,1.00,1.00,999.00,0.00,12.29,49.54,56.23,0.00,0.00,-0.53,0.07,1.00,10.00,0.00
66752.00,1970-01-01 00:01:06.752,0.00,2.11,0.00,1.47,0.00,1.00,1.00,999.00,0.00,12.15,49.54,56.23,0.00,0.00,-0.55,0.08,1.00,10.00,0.00
66940.00,1970-01-01 00:01:06.940,0.00,2.11,0.00,1.47,0.00,1.00,1.00,999.00,0.00,12.16,49.48,56.27,0.00,0.00,-0.52,0.08,1.00,10.00,0.00
67040.00,1970-01-01 00:01:07.040,0.00,2.11,0.00,1.47,0.00,1.00,1.00,999.00,0.00,12.29,49.48,56.27,0.00,0.00,-0.60,0.07,1.00,10.00,0.00
67140.00,1970-01-01 00:01:07.140,0.00,2.11,0.00,1.47,0.00,1.00,1.00,999.00,0.00,12.33,49.48,56.27,0.00,0.00,-0.57,0.07,1.00,10.00,0.00
67270.00,1970-01-01 00:01:07.270,0.00,2.11,0.00,1.47,0.00,1.00,1.00,999.00,0.00,12.32,49.49,56.23,0.00,0.00,-0.53,0.07,1.00,10.00,0.00
67437.00,1970-01-01 00:01:07.437,0.00,2.11,0.00,1.47,0.00,1.00,1.00,999.00,0.00,12.17,49.49,56.23,0.00,0.00,-0.54,0.08,1.00,10.00,0.00
67611.00,1970-01-01 00:01:07.611,0.00,2.11,0.00,1.47,0.00,1.00,1.00,999.00,0.00,12.29,49.46,56.19,0.00,0.00,-0.53,0.07,1.00,10.00,0.00
67781.00,1970-01-01 00:01:07.781,0.00,2.11,0.00,1.47,0.00,1.00,1.00,999.00,0.00,12.33,49.46,56.19,0.00,0.00,-0.52,0.07,1.00,10.00,0.00
67960.00,1970-01-01 00:01:07.960,0.00,2.11,0.00,1.47,0.00,1.00,1.00,999.00,0.00,12.15,49.40,56.25,0.00,0.00,-0.53,0.08,1.00,10.00,0.00
68134.00,1970-01-01 00:01:08.134,0.00,2.11,0.00,1.47,0.00,1.00,1.00,999.00,0.00,12.33,49.40,56.25,0.00,0.00,-0.53,0.08,1.00,10.00,0.00
68234.00,1970-01-01 00:01:08.234,0.00,2.11,0.00,1.47,0.00,1.00,1.00,999.00,0.00,12.17,49.44,56.26,0.00,0.00,-0.58,0.07,1.00,10.00,0.00
68334.00,1970-01-01 00:01:08.334,0.00,2.11,0.00,1.47,0.00,1.00,1.00,999.00,0.00,12.33,49.44,56.26,0.00,0.00,-0.58,0.07,1.00,10.00,0.00
68453.00,1970-01-01 00:01:08.453,0.00,2.11,0.00,1.47,0.00,1.00,1.00,999.00,0.00,12.34,49.44,56.26,0.00,0.00,-0.54,0.07,1.00,10.00,0.00
68553.00,1970-01-01 00:01:08.553,0.00,2.11,0.00,1.47,0.00,1.00,1.00,999.00,0.00,12.19,49.48,56.25,0.00,0.00,-0.60,0.07,1.00,10.00,0.00
68669.00,1970-01-01 00:01:08.669,0.00,2.11,0.00,1.47,0.00,1.00,1.00,999.00,0.00,12.18,49.48,56.25,0.00,0.00,-0.57,0.07,1.00,10.00,0.00
68802.00,1970-01-01 00:01:08.802,0.00,2.11,0.00,1.47,0.00,1.00,1.00,999.00,0.00,12.31,49.48,56.20,0.00,0.00,-0.55,0.07,1.00,10.00,0.00
68988.00,1970-01-01 00:01:08.988,0.00,2.11,0.00,1.47,0.00,1.00,1.00,999.00,0.00,12.18,49.48,56.20,0.00,0.00,-0.53,0.07,1.00,10.00,0.00
69088.00,1970-01-01 00:01:09.088,0.00,2.11,0.00,1.47,0.00,1.00,1.00,999.00,0.00,12.31,49.45,56.30,0.00,0.00,-0.61,0.07,1.00,10.00,0.00
69188.00,1970-01-01 00:01:09.188,0.00,2.11,0.00,1.47,0.00,1.00,1.00,999.00,0.00,12.30,49.45,56.30,0.00,0.00,-0.58,0.07,1.00,10.00,0.00
69288.00,1970-01-01 00:01:09.288,0.00,2.11,0.00,1.47,0.00,1.00,1.00,999.00,0.00,12.20,49.45,56.30,0.00,0.00,-0.57,0.07,1.00,10.00,0.00
69488.00,1970-01-01 00:01:09.488,1.61,2.22,0.00,1.47,0.00,1.00,1.00,999.00,0.00,12.15,49.33,56.28,0.00,0.00,-0.55,0.07,1.00,10.00,0.00
69660.00,1970-01-01 00:01:09.660,1.61,2.22,0.00,1.47,0.00,1.00,1.00,999.00,0.00,12.31,49.37,56.28,0.00,0.00,-0.55,0.07,1.00,10.00,0.00
69827.00,1970-01-01 00:01:09.827,-0.00,2.22,0.00,1.47,0.00,1.00,1.00,999.00,0.00,12.31,49.37,56.28,0.00,0.00,-0.56,0.08,1.00,10.00,0.00
70004.00,1970-01-01 00:01:10.004,-0.00,2.22,0.00,1.47,0.00,1.00,1.00,999.00,0.00,12.34,49.44,56.23,0.00,0.00,-0.56,0.07,1.00,10.00,0.00
70104.00,1970-01-01 00:01:10.104,-0.00,2.22,0.00,1.47,0.00,1.00,1.00,999.00,0.00,12.17,49.44,56.23,0.00,0.00,-0.61,0.07,1.00,10.00,0.00
70204.00,1970-01-01 00:01:10.204,-0.00,2.22,0.00,1.47,0.00,1.00,1.00,999.00,0.00,12.31,49.44,56.23,0.00,0.00,-0.55,0.07,1.00,10.00,0.00
70377.00,1970-01-01 00:01:10.377,0.00,2.22,0.00,1.47,0.00,1.00,1.00,999.00,0.00,12.29,49.37,56.19,0.00,0.00,-0.58,0.08,1.00,10.00,0.00
70554.00,1970-01-01 00:01:10.554,0.00,2.22,0.00,1.47,0.00,1.00,1.00,999.00,0.00,12.29,49.37,56.19,0.00,0.00,-0.57,0.07,1.00,10.00,0.00
70710.00,1970-01-01 00:01:10.710,-0.00,2.22,0.00,1.47,0.00,1.00,1.00,999.00,0.00,12.33,49.33,56.18,0.00,0.00,-0.53,0.08,1.00,10.00,0.00
70877.00,1970-01-01 00:01:10.877,-0.00,2.22,0.00,1.47,0.00,1.00,1.00,999.00,0.00,12.20,49.33,56.18,0.00,0.00,-0.53,0.07,1.00,10.00,0.00
71050.00,1970-01-01 00:01:11.050,0.00,2.22,0.00,1.47,0.00,1.00,1.00,999.00,0.00,12.33,49.35,56.19,0.00,0.00,-0.53,0.07,1.00,10.00,0.00
71208.00,1970-01-01 00:01:11.208,0.00,2.22,0.00,1.47,0.00,1.00,1.00,999.00,0.00,12.29,49.35,56.19,0.00,0.00,-0.53,0.07,1.00,10.00,0.00
71374.00,1970-01-01 00:01:11.374,0.00,2.22,0.00,1.47,0.00,1.00,1.00,999.00,0.00,12.34,49.33,56.19,0.00,0.00,-0.55,0.08,1.00,10.00,0.00
71539.00,1970-01-01 00:01:11.539,-0.00,2.22,0.00,1.47,0.00,1.00,1.00,999.00,0.00,12.14,49.33,56.19,0.00,0.00,-0.57,0.08,1.00,10.00,0.00
71639.00,1970-01-01 00:01:11.639,-0.00,2.22,0.00,1.47,0.00,1.00,1.00,999.00,0.00,12.34,49.30,56.19,0.00,0.00,-0.60,0.07,1.00,10.00,0.00
71739.00,1970-01-01 00:01:11.739,-0.00,2.22,0.00,1.47,0.00,1.00,1.00,999.00,0.00,12.15,49.30,56.19,0.00,0.00,-0.52,0.07,1.00,10.00,0.00
71839.00,1970-01-01 00:01:11.839,0.00,2.22,0.00,1.47,0.00,1.00,1.00,999.00,0.00,12.33,49.30,56.19,0.00,0.00,-0.58,0.07,1.00,10.00,0.00
71956.00,1970-01-01 00:01:11.956,0.00,2.22,0.00,1.47,0.00,1.00,1.00,999.00,0.00,12.16,49.33,56.16,0.00,0.00,-0.59,0.07,1.00,10.00,0.00
72095.00,1970-01-01 00:01:12.095,0.00,2.22,0.00,1.47,0.00,1.00,1.00,999.00,0.00,12.34,49.33,56.16,0.00,0.00,-0.56,0.07,1.00,10.00,0.00
72250.00,1970-01-01 00:01:12.250,1.20,2.34,0.00,1.47,0.00,1.00,1.00,999.00,0.00,12.20,49.39,56.28,0.00,0.00,-0.53,0.07,1.00,10.00,0.00
72425.00,1970-01-01 00:01:12.425,1.20,2.34,0.00,1.47,0.00,1.00,1.00,999.00,0.00,12.19,49.39,56.28,0.00,0.00,-0.53,0.07,1.00,10.00,0.00
72525.00,1970-01-01 00:01:12.525,-0.00,2.34,0.00,1.47,0.00,1.00,1.00,999.00,0.00,12.30,49.30,56.27,0.00,0.00,-0.61,0.07,1.00,10.00,0.00
72719.00,1970-01-01 00:01:12.719,-0.00,2.34,0.00,1.47,0.00,1.00,1.00,999.00,0.00,12.30,49.30,56.27,0.00,0.00,-0.56,0.07,1.00,10.00,0.00
72881.00,1970-01-01 00:01:12.881,-0.00,2.34,0.00,1.47,0.00,1.00,1.00,999.00,0.00,12.20,49.39,56.19,0.00,0.00,-0.56,0.07,1.00,10.00,0.00
73065.00,1970-01-01 00:01:13.065,0.00,2.34,0.00,1.47,0.00,1.00,1.00,999.00,0.00,12.33,49.39,56.19,0.00,0.00,-0.57,0.07,1.00,10.00,0.00
73165.00,1970-01-01 00:01:13.165,0.00,2.34,0.00,1.47,0.00,1.00,1.00,999.00,0.00,12.17,49.27,56.16,0.00,0.00,-0.58,0.07,1.00,10.00,0.00
73329.00,1970-01-01 00:01:13.329,-0.00,2.34,0.00,1.47,0.00,1.00,1.00,999.00,0.00,12.17,49.27,56.16,0.00,0.00,-0.57,0.07,1.00,10.00,0.00
73429.00,1970-01-01 00:01:13.429,-0.00,2.34,0.00,1.47,0.00,1.00,1.00,999.00,0.00,12.29,49.33,56.09,0.00,0.00,-0.56,0.07,1.00,10.00,0.00
73529.00,1970-01-01 00:01:13.529,-0.00,2.34,0.00,1.47,0.00,1.00,1.00,999.00,0.00,12.32,49.33,56.09,0.00,0.00,-0.62,0.07,1.00,10.00,0.00
73629.00,1970-01-01 00:01:13.629,-0.00,2.34,0.00,1.47,0.00,1.00,1.00,999.00,0.00,12.33,49.33,56.09,0.00,0.00,-0.53,0.07,1.00,10.00,0.00
73816.00,1970-01-01 00:01:13.816,0.00,2.34,0.00,1.47,0.00,1.00,1.00,999.00,0.00,12.29,49.31,56.05,0.00,0.00,-0.57,0.07,1.00,10.00,0.00
73970.00,1970-01-01 00:01:13.970,0.00,2.34,0.00,1.47,0.00,1.00,1.00,999.00,0.00,12.33,49.33,56.09,0.00,0.00,-0.52,0.07,1.00,10.00,0.00
74098.00,1970-01-01 00:01:14.098,0.00,2.34,0.00,1.47,0.00,1.00,1.00,999.00,0.00,12.34,49.33,56.09,0.00,0.00,-0.57,0.07,1.00,10.00,0.00
74253.00,1970-01-01 00:01:14.253,-0.00,2.34,0.00,1.47,0.00,1.00,1.00,999.00,0.00,12.20,49.29,56.09,0.00,0.00,-0.57,0.07,1.00,10.00,0.00
74411.00,1970-01-01 00:01:14.411,-0.00,2.34,0.00,1.47,0.00,1.00,1.00,999.00,0.00,12.15,49.29,56.09,0.00,0.00,-0.57,0.07,1.00,10.00,0.00
74585.00,1970-01-01 00:01:14.585,0.00,2.34,0.00,1.47,0.00,1.00,1.00,999.00,0.00,12.31,49.39,56.11,0.00,0.00,-0.58,0.07,1.00,10.00,0.00
74750.00,1970-01-01 00:01:14.750,0.00,2.34,0.00,1.47,0.00,1.00,1.00,999.00,0.00,12.31,49.39,56.11,0.00,0.00,-0.63,0.07,1.00,10.00,0.00
74850.00,1970-01-01 00:01:14.850,0.00,2.34,0.00,1.47,0.00,1.00,1.00,999.00,0.00,12.34,49.33,56.12,0.00,0.00,-0.57,0.07,1.00,10.00,0.00
74950.00,1970-01-01 00:01:14.950,-0.00,2.34,0.00,1.47,0.00,1.00,1.00,999.00,0.00,12.15,49.33,56.12,0.00,0.00,-0.57,0.07,1.00,10.00,0.00
75050.00,1970-01-01 00:01:15.050,-0.00,2.34,0.00,1.47,0.00,1.00,1.00,999.00,0.00,12.33,49.33,56.12,0.00,0.00,-0.58,0.07,1.00,10.00,0.00
75220.00,1970-01-01 00:01:15.220,-0.00,2.34,0.00,1.47,0.00,1.00,1.00,999.00,0.00,12.34,49.35,56.16,0.00,0.00,-0.58,0.07,1.00,10.00,0.00
75382.00,1970-01-01 00:01:15.382,0.00,2.34,0.00,1.47,0.00,1.00,1.00,999.00,0.00,12.33,49.35,56.16,0.00,0.00,-0.58,0.07,1.00,10.00,0.00
75534.00,1970-01-01 00:01:15.534,0.00,2.34,0.00,1.47,0.00,1.00,1.00,999.00,0.00,12.33,49.35,56.16,0.00,0.00,-0.58,0.07,1.00,10.00,0.00
75692.00,1970-01-01 00:01:15.692,0.00,2.34,0.00,1.47,0.00,1.00,1.00,999.00,0.00,12.20,49.23,56.16,0.00,0.00,-0.57,0.08,1.00,10.00,0.00
75863.00,1970-01-01 00:01:15.863,-0.00,2.34,0.00,1.47,0.00,1.00,1.00,999.00,0.00,12.21,49.23,56.16,0.00,0.00,-0.57,0.07,1.00,10.00,0.00
75963.00,1970-01-01 00:01:15.963,-0.00,2.34,0.00,1.47,0.00,1.00,1.00,999.00,0.00,12.33,49.26,56.04,0.00,0.00,-0.56,0.07,1.00,10.00,0.00
76157.00,1970-01-01 00:01:16.157,0.00,2.34,0.00,1.47,0.00,1.00,1.00,999.00,0.00,12.34,49.26,56.04,0.00,0.00,-0.56,0.07,1.00,10.00,0.00
76329.00,1970-01-01 00:01:16.329,0.00,2.34,0.00,1.47,0.00,1.00,1.00,999.00,0.00,12.20,49.15,56.09,0.00,0.00,-0.56,0.06,1.00,10.00,0.00
76429.00,1970-01-01 00:01:16.429,0.00,2.34,0.00,1.47,0.00,1.00,1.00,999.00,0.00,12.29,49.15,56.09,0.00,0.00,-0.58,0.07,1.00,10.00,0.00
76610.00,1970-01-01 00:01:16.610,-0.00,2.34,0.00,1.47,0.00,1.00,1.00,999.00,0.00,12.30,49.22,56.06,0.00,0.00,-0.59,0.07,1.00,10.00,0.00
76768.00,1970-01-01 00:01:16.768,-0.00,2.34,0.00,1.47,0.00,1.00,1.00,999.00,0.00,12.18,49.26,56.04,0.00,0.00,-0.58,0.07,1.00,10.00,0.00
76868.00,1970-01-01 00:01:16.868,-0.00,2.34,0.00,1.47,0.00,1.00,1.00,999.00,0.00,12.32,49.26,56.04,0.00,0.00,-0.54,0.07,1.00,10.00,0.00
76968.00,1970-01-01 00:01:16.968,0.00,2.34,0.00,1.47,0.00,1.00,1.00,999.00,0.00,12.31,49.26,56.04,0.00,0.00,-0.61,0.07,1.00,10.00,0.00
77068.00,1970-01-01 00:01:17.068,0.00,2.34,0.00,1.47,0.00,1.00,1.00,999.00,0.00,12.16,49.24,56.12,0.00,0.00,-0.57,0.07,1.00,10.00,0.00
77177.00,1970-01-01 00:01:17.177,0.00,2.34,0.00,1.47,0.00,1.00,1.00,999.00,0.00,12.19,49.24,56.12,0.00,0.00,-0.55,0.07,1.00,10.00,0.00
77331.00,1970-01-01 00:01:17.331,0.00,2.34,0.00,1.47,0.00,1.00,1.00,999.00,0.00,12.34,49.28,56.09,0.00,0.00,-0.57,0.07,1.00,10.00,0.00
77483.00,1970-01-01 00:01:17.483,1.82,2.46,0.00,1.47,0.00,1.00,1.00,999.00,0.00,12.19,49.28,56.09,0.00,0.00,-0.62,0.07,1.00,10.00,0.00
77671.00,1970-01-01 00:01:17.671,1.82,2.46,0.00,1.47,0.00,1.00,1.00,999.00,0.00,12.29,49.26,56.07,0.00,0.00,-0.57,0.07,1.00,10.00,0.00
77800.00,1970-01-01 00:01:17.800,-0.00,2.46,0.00,1.47,0.00,1.00,1.00,999.00,0.00,12.18,49.26,56.07,0.00,0.00,-0.58,0.07,1.00,10.00,0.00
77957.00,1970-01-01 00:01:17.957,-0.00,2.46,0.00,1.47,0.00,1.00,1.00,999.00,0.00,12.30,49.23,56.09,0.00,0.00,-0.58,0.07,1.00,10.00,0.00
78057.00,1970-01-01 00:01:18.057,-0.00,2.46,0.00,1.47,0.00,1.00,1.00,999.00,0.00,12.19,49.23,56.09,0.00,0.00,-0.56,0.07,1.00,10.00,0.00
78157.00,1970-01-01 00:01:18.157,-0.00,2.46,0.00,1.47,0.00,1.00,1.00,999.00,0.00,12.29,49.23,56.09,0.00,0.00,-0.61,0.07,1.00,10.00,0.00
78316.00,1970-01-01 00:01:18.316,0.00,2.46,0.00,1.47,0.00,1.00,1.00,999.00,0.00,12.17,49.27,56.07,0.00,0.00,-0.59,0.07,1.00,10.00,0.00
78483.00,1970-01-01 00:01:18.483,0.00,2.46,0.00,1.47,0.00,1.00,1.00,999.00,0.00,12.31,49.27,56.07,0.00,0.00,-0.58,0.07,1.00,10.00,0.00
78630.00,1970-01-01 00:01:18.630,-0.00,2.46,0.00,1.47,0.00,1.00,1.00,999.00,0.00,12.33,49.24,56.18,0.00,0.00,-0.57,0.07,1.00,10.00,0.00
78730.00,1970-01-01 00:01:18.730,-0.00,2.46,0.00,1.47,0.00,1.00,1.00,999.00,0.00,12.31,49.24,56.18,0.00,0.00,-0.56,0.07,1.00,10.00,0.00
78847.00,1970-01-01 00:01:18.847,-0.00,2.46,0.00,1.47,0.00,1.00,1.00,999.00,0.00,12.30,49.24,56.18,0.00,0.00,-0.60,0.07,1.00,10.00,0.00
78947.00,1970-01-01 00:01:18.947,-0.00,2.46,0.00,1.47,0.00,1.00,1.00,999.00,0.00,12.17,49.30,56.13,0.00,0.00,-0.52,0.07,1.00,10.00,0.00
79094.00,1970-01-01 00:01:19.094,0.00,2.46,0.00,1.47,0.00,1.00,1.00,999.00,0.00,12.20,49.30,56.13,0.00,0.00,-0.53,0.07,1.00,10.00,0.00
79240.00,1970-01-01 00:01:19.240,0.00,2.46,0.00,1.47,0.00,1.00,1.00,999.00,0.00,12.19,49.28,56.11,0.00,0.00,-0.55,0.07,1.00,10.00,0.00
79340.00,1970-01-01 00:01:19.340,0.00,2.46,0.00,1.47,0.00,1.00,1.00,999.00,0.00,12.30,49.28,56.11,0.00,0.00,-0.58,0.07,1.00,10.00,0.00
79517.00,1970-01-01 00:01:19.517,-0.00,2.46,0.00,1.47,0.00,1.00,1.00,999.00,0.00,12.31,49.27,56.04,0.00,0.00,-0.59,0.07,1.00,10.00,0.00
79617.00,1970-01-01 00:01:19.617,-0.00,2.46,0.00,1.47,0.00,1.00,1.00,999.00,0.00,12.34,49.27,56.04,0.00,0.00,-0.53,0.07,1.00,10.00,0.00
79750.00,1970-01-01 00:01:19.750,-0.00,2.46,0.00,1.47,0.00,1.00,1.00,999.00,0.00,12.29,49.27,56.04,0.00,0.00,-0.56,0.07,1.00,10.00,0.00
79895.00,1970-01-01 00:01:19.895,0.00,2.46,0.00,1.47,0.00,1.00,1.00,999.00,0.00,12.34,49.23,56.00,0.00,0.00,-0.57,0.07,1.00,10.00,0.00
80032.00,1970-01-01 00:01:20.032,0.00,2.46,0.00,1.47,0.00,1.00,1.00,999.00,0.00,12.34,49.29,55.98,0.00,0.00,-0.57,0.07,1.00,10.00,0.00
80132.00,1970-01-01 00:01:20.132,0.00,2.46,0.00,1.47,0.00,1.00,1.00,999.00,0.00,12.18,49.29,55.98,0.00,0.00,-0.53,0.07,1.00,10.00,0.00
80281.00,1970-01-01 00:01:20.281,-0.00,2.46,0.00,1.47,0.00,1.00,1.00,999.00,0.00,12.34,49.29,55.98,0.00,0.00,-0.55,0.07,1.00,10.00,0.00
80428.00,1970-01-01 00:01:20.428,-0.00,2.46,0.00,1.47,0.00,1.00,1.00,999.00,0.00,12.30,49.23,56.04,0.00,0.00,-0.56,0.07,1.00,10.00,0.00
80579.00,1970-01-01 00:01:20.579,-0.00,2.46,0.00,1.47,0.00,1.00,1.00,999.00,0.00,12.15,49.20,56.02,0.00,0.00,-0.61,0.07,1.00,10.00,0.00
80721.00,1970-01-01 00:01:20.721,0.00,2.46,0.00,1.47,0.00,1.00,1.00,999.00,0.00,12.32,49.20,56.02,0.00,0.00,-0.59,0.07,1.00,10.00,0.00
80862.00,1970-01-01 00:01:20.862,0.00,2.46,0.00,1.47,0.00,1.00,1.00,999.00,0.00,12.29,49.29,56.00,0.00,0.00,-0.58,0.07,1.00,10.00,0.00
80962.00,1970-01-01 00:01:20.962,0.00,2.46,0.00,1.47,0.00,1.00,1.00,999.00,0.00,12.16,49.29,56.00,0.00,0.00,-0.56,0.07,1.00,10.00,0.00
81116.00,1970-01-01 00:01:21.116,-0.00,2.46,0.00,1.47,0.00,1.00,1.00,999.00,0.00,12.15,49.17,56.05,0.00,0.00,-0.57,0.07,1.00,10.00,0.00
81248.00,1970-01-01 00:01:21.248,-0.00,2.46,0.00,1.47,0.00,1.00,1.00,999.00,0.00,12.20,49.17,56.05,0.00,0.00,-0.60,0.07,1.00,10.00,0.00
81376.00,1970-01-01 00:01:21.376,-0.00,2.46,0.00,1.47,0.00,1.00,1.00,999.00,0.00,12.16,49.26,56.07,0.00,0.00,-0.57,0.07,1.00,10.00,0.00
81523.00,1970-01-01 00:01:21.523,0.00,2.46,0.00,1.47,0.00,1.00,1.00,999.00,0.00,12.20,49.26,56.07,0.00,0.00,-0.53,0.08,1.00,10.00,0.00
81660.00,1970-01-01 00:01:21.660,0.00,2.46,0.00,1.47,0.00,1.00,1.00,999.00,0.00,12.28,49.20,56.00,0.00,0.00,-0.55,0.08,1.00,10.00,0.00
81797.00,1970-01-01 00:01:21.797,0.00,2.46,0.00,1.47,0.00,1.00,1.00,999.00,0.00,12.18,49.20,56.00,0.00,0.00,-0.56,0.08,1.00,10.00,0.00
81897.00,1970-01-01 00:01:21.897,-0.00,2.46,0.00,1.47,0.00,1.00,1.00,999.00,0.00,12.33,49.20,56.00,0.00,0.00,-0.57,0.07,1.00,10.00,0.00
82049.00,1970-01-01 00:01:22.049,-0.00,2.46,0.00,1.47,0.00,1.00,1.00,999.00,0.00,12.31,49.21,56.00,0.00,0.00,-0.58,0.08,1.00,10.00,0.00
82235.00,1970-01-01 00:01:22.235,0.00,2.46,0.00,1.47,0.00,1.00,1.00,999.00,0.00,12.19,49.16,56.06,0.00,0.00,-0.57,0.07,1.00,10.00,0.00
82362.00,1970-01-01 00:01:22.362,0.00,2.46,0.00,1.47,0.00,1.00,1.00,999.00,0.00,12.19,49.16,56.06,0.00,0.00,-0.52,0.07,1.00,10.00,0.00
82484.00,1970-01-01 00:01:22.484,0.00,2.46,0.00,1.47,0.00,1.00,1.00,999.00,0.00,12.31,49.16,56.06,0.00,0.00,-0.55,0.07,1.00,10.00,0.00
82609.00,1970-01-01 00:01:22.609,-0.00,2.46,0.00,1.47,0.00,1.00,1.00,999.00,0.00,12.31,49.27,56.02,0.00,0.00,-0.60,0.08,1.00,10.00,0.00
82709.00,1970-01-01 00:01:22.709,-0.00,2.46,0.00,1.47,0.00,1.00,1.00,999.00,0.00,12.31,49.27,56.02,0.00,0.00,-0.55,0.07,1.00,10.00,0.00
82845.00,1970-01-01 00:01:22.845,-0.00,2.46,0.00,1.47,0.00,1.00,1.00,999.00,0.00,12.20,49.27,56.02,0.00,0.00,-0.56,0.08,1.00,10.00,0.00
83004.00,1970-01-01 00:01:23.004,0.00,2.46,0.00,1.47,0.00,1.00,1.00,999.00,0.00,12.16,49.22,56.00,0.00,0.00,-0.55,0.08,1.00,10.00,0.00
83125.00,1970-01-01 00:01:23.125,0.00,2.46,0.00,1.47,0.00,1.00,1.00,999.00,0.00,12.33,49.23,55.98,0.00,0.00,-0.60,0.07,1.00,10.00,0.00
83266.00,1970-01-01 00:01:23.266,0.00,2.46,0.00,1.47,0.00,1.00,1.00,999.00,0.00,12.29,49.23,55.98,0.00,0.00,-0.57,0.08,1.00,10.00,0.00
83366.00,1970-01-01 00:01:23.366,0.00,2.46,0.00,1.47,0.00,1.00,1.00,999.00,0.00,12.30,49.23,55.98,0.00,0.00,-0.55,0.07,1.00,10.00,0.00
83520.00,1970-01-01 00:01:23.520,0.00,2.46,0.00,1.47,0.00,1.00,1.00,999.00,0.00,12.33,49.21,55.95,0.00,0.00,-0.56,0.07,1.00,10.00,0.00
83660.00,1970-01-01 00:01:23.660,0.00,2.46,0.00,1.47,0.00,1.00,1.00,999.00,0.00,12.28,49.17,56.04,0.00,0.00,-0.61,0.07,1.00,10.00,0.00
83795.00,1970-01-01 00:01:23.795,0.00,2.46,0.00,1.47,0.00,1.00,1.00,999.00,0.00,12.33,49.17,56.04,0.00,0.00,-0.58,0.08,1.00,10.00,0.00
83938.00,1970-01-01 00:01:23.938,0.00,2.46,0.00,1.47,0.00,1.00,1.00,999.00,0.00,12.20,49.23,55.94,0.00,0.00,-0.58,0.07,1.00,10.00,0.00
84081.00,1970-01-01 00:01:24.081,0.00,2.46,0.00,1.47,0.00,1.00,1.00,999.00,0.00,12.29,49.23,55.94,0.00,0.00,-0.52,0.07,1.00,10.00,0.00
84221.00,1970-01-01 00:01:24.221,0.00,2.46,0.00,1.47,0.00,1.00,1.00,999.00,0.00,12.17,49.21,56.00,0.00,0.00,-0.55,0.09,1.00,10.00,0.00
84373.00,1970-01-01 00:01:24.373,0.00,2.46,0.00,1.47,0.00,1.00,1.00,999.00,0.00,12.20,49.21,56.00,0.00,0.00,-0.55,0.07,1.00,10.00,0.00
84473.00,1970-01-01 00:01:24.473,0.00,2.46,0.00,1.47,0.00,1.00,1.00,999.00,0.00,12.31,49.22,55.98,0.00,0.00,-0.58,0.07,1.00,10.00,0.00
84655.00,1970-01-01 00:01:24.655,0.00,2.46,0.00,1.47,0.00,1.00,1.00,999.00,0.00,12.31,49.22,55.98,0.00,0.00,-0.59,0.08,1.00,10.00,0.00
84815.00,1970-01-01 00:01:24.815,0.00,2.46,0.00,1.47,0.00,1.00,1.00,999.00,0.00,12.28,49.20,55.94,0.00,0.00,-0.57,0.07,1.00,10.00,0.00
84972.00,1970-01-01 00:01:24.972,0.00,2.46,0.00,1.47,0.00,1.00,1.00,999.00,0.00,12.29,49.20,55.94,0.00,0.00,-0.58,0.08,1.00,10.00,0.00
85145.00,1970-01-01 00:01:25.145,0.00,2.46,0.00,1.47,0.00,1.00,1.00,999.00,0.00,12.15,49.22,55.94,0.00,0.00,-0.57,0.08,1.00,10.00,0.00
85315.00,1970-01-01 00:01:25.315,0.00,2.46,0.00,1.47,0.00,1.00,1.00,999.00,0.00,12.29,49.22,55.94,0.00,0.00,-0.57,0.08,1.00,10.00,0.00
85415.00,1970-01-01 00:01:25.415,0.00,2.46,0.00,1.47,0.00,1.00,1.00,999.00,0.00,12.33,49.27,55.91,0.00,0.00,-0.56,0.07,1.00,10.00,0.00
85609.00,1970-01-01 00:01:25.609,0.00,2.46,0.00,1.47,0.00,1.00,1.00,999.00,0.00,12.33,49.27,55.91,0.00,0.00,-0.53,0.07,1.00,10.00,0.00
85786.00,1970-01-01 00:01:25.786,0.00,2.46,0.00,1.47,0.00,1.00,1.00,999.00,0.00,12.33,49.26,56.04,0.00,0.00,-0.52,0.08,1.00,10.00,0.00
85886.00,1970-01-01 00:01:25.886,0.00,2.46,0.00,1.47,0.00,1.00,1.00,999.00,0.00,12.31,49.26,56.04,0.00,0.00,-0.61,0.07,1.00,10.00,0.00
86021.00,1970-01-01 00:01:26.021,0.00,2.46,0.00,1.47,0.00,1.00,1.00,999.00,0.00,12.28,49.21,55.99,0.00,0.00,-0.59,0.08,1.00,10.00,0.00
86190.00,1970-01-01 00:01:26.190,0.00,2.46,0.00,1.47,0.00,1.00,1.00,999.00,0.00,12.28,49.21,55.99,0.00,0.00,-0.58,0.07,1.00,10.00,0.00
86290.00,1970-01-01 00:01:26.290,0.00,2.46,0.00,1.47,0.00,1.00,1.00,999.00,0.00,12.15,49.30,55.94,0.00,0.00,-0.54,0.07,1.00,10.00,0.00
86439.00,1970-01-01 00:01:26.439,0.00,2.46,0.00,1.47,0.00,1.00,1.00,999.00,0.00,12.29,49.30,55.94,0.00,0.00,-0.56,0.07,1.00,10.00,0.00
86598.00,1970-01-01 00:01:26.598,0.00,2.46,0.00,1.47,0.00,1.00,1.00,999.00,0.00,12.33,49.24,55.99,0.00,0.00,-0.57,0.07,1.00,10.00,0.00
86781.00,1970-01-01 00:01:26.781,0.00,2.46,0.00,1.47,0.00,1.00,1.00,999.00,0.00,12.32,49.24,55.99,0.00,0.00,-0.57,0.08,1.00,10.00,0.00
86938.00,1970-01-01 00:01:26.938,0.00,2.46,0.00,1.47,0.00,1.00,1.00,999.00,0.00,12.29,49.22,55.87,0.00,0.00,-0.57,0.07,1.00,10.00,0.00
87062.00,1970-01-01 00:01:27.062,0.00,2.46,0.00,1.47,0.00,1.00,1.00,999.00,0.00,12.15,49.22,55.87,0.00,0.00,-0.60,0.07,1.00,10.00,0.00
87195.00,1970-01-01 00:01:27.195,0.00,2.46,0.00,1.47,0.00,1.00,1.00,999.00,0.00,12.18,49.26,55.84,0.00,0.00,-0.57,0.08,1.00,10.00,0.00
87295.00,1970-01-01 00:01:27.295,0.00,2.46,0.00,1.47,0.00,1.00,1.00,999.00,0.00,12.33,49.26,55.84,0.00,0.00,-0.56,0.07,1.00,10.00,0.00
87395.00,1970-01-01 00:01:27.395,0.00,2.46,0.00,1.47,0.00,1.00,1.00,999.00,0.00,12.29,49.26,55.84,0.00,0.00,-0.57,0.07,1.00,10.00,0.00
87505.00,1970-01-01 00:01:27.505,0.00,2.46,0.00,1.47,0.00,1.00,1.00,999.00,0.00,12.33,49.23,55.95,0.00,0.00,-0.53,0.08,1.00,10.00,0.00
87682.00,1970-01-01 00:01:27.682,0.00,2.46,0.00,1.47,0.00,1.00,1.00,999.00,0.00,12.32,49.23,55.95,0.00,0.00,-0.53,0.07,1.00,10.00,0.00
87848.00,1970-01-01 00:01:27.848,0.00,2.46,0.00,1.47,0.00,1.00,1.00,999.00,0.00,12.29,49.15,55.91,0.00,0.00,-0.51,0.07,1.00,10.00,0.00
88017.00,1970-01-01 00:01:28.017,0.00,2.46,0.00,1.47,0.00,1.00,1.00,999.00,0.00,12.29,49.15,55.91,0.00,0.00,-0.53,0.07,1.00,10.00,0.00
88204.00,1970-01-01 00:01:28.204,0.00,2.46,0.00,1.47,0.00,1.00,1.00,999.00,0.00,12.17,49.24,55.96,0.00,0.00,-0.57,0.08,1.00,10.00,0.00
88304.00,1970-01-01 00:01:28.304,0.00,2.46,0.00,1.47,0.00,1.00,1.00,999.00,0.00,12.33,49.24,55.96,0.00,0.00,-0.57,0.07,1.00,10.00,0.00
88470.00,1970-01-01 00:01:28.470,0.00,2.46,0.00,1.47,0.00,1.00,1.00,999.00,0.00,12.17,49.27,55.88,0.00,0.00,-0.57,0.08,1.00,10.00,0.00
88640.00,1970-01-01 00:01:28.640,0.00,2.46,0.00,1.47,0.00,1.00,1.00,999.00,0.00,12.18,49.27,55.88,0.00,0.00,-0.56,0.07,1.00,10.00,0.00
88831.00,1970-01-01 00:01:28.831,0.00,2.46,0.00,1.47,0.00,1.00,1.00,999.00,0.00,12.29,49.29,55.87,0.00,0.00,-0.56,0.08,1.00,10.00,0.00
88971.00,1970-01-01 00:01:28.971,0.00,2.46,0.00,1.47,0.00,1.00,1.00,999.00,0.00,12.32,49.29,55.87,0.00,0.00,-0.61,0.07,1.00,10.00,0.00
89143.00,1970-01-01 00:01:29.143,0.00,2.46,0.00,1.47,0.00,1.00,1.00,999.00,0.00,12.28,49.26,55.89,0.00,0.00,-0.61,0.07,1.00,10.00,0.00
89243.00,1970-01-01 00:01:29.243,0.00,2.46,0.00,1.47,0.00,1.00,1.00,999.00,0.00,12.29,49.26,55.89,0.00,0.00,-0.57,0.07,1.00,10.00,0.00
89343.00,1970-01-01 00:01:29.343,0.00,2.46,0.00,1.47,0.00,1.00,1.00,999.00,0.00,12.18,49.26,55.89,0.00,0.00,-0.57,0.07,1.00,10.00,0.00
89474.00,1970-01-01 00:01:29.474,0.00,2.46,0.00,1.47,0.00,1.00,1.00,999.00,0.00,12.29,49.28,55.88,0.00,0.00,-0.59,0.08,1.00,10.00,0.00
89656.00,1970-01-01 00:01:29.656,0.00,2.46,0.00,1.47,0.00,1.00,1.00,999.00,0.00,12.33,49.28,55.88,0.00,0.00,-0.60,0.07,1.00,10.00,0.00
89782.00,1970-01-01 00:01:29.782,0.00,2.46,0.00,1.47,0.00,1.00,1.00,999.00,0.00,12.16,49.20,55.80,0.00,0.00,-0.57,0.08,1.00,10.00,0.00
89970.00,1970-01-01 00:01:29.970,0.00,2.46,0.00,1.47,0.00,1.00,1.00,999.00,0.00,12.15,49.20,55.80,0.00,0.00,-0.59,0.07,1.00,10.00,0.00
90159.00,1970-01-01 00:01:30.159,0.00,2.46,0.00,1.47,0.00,1.00,1.00,999.00,0.00,12.32,49.23,55.84,0.00,0.00,-0.61,0.07,1.00,10.00,0.00
90259.00,1970-01-01 00:01:30.259,0.00,2.46,0.00,1.47,0.00,1.00,1.00,999.00,0.00,12.16,49.23,55.84,0.00,0.00,-0.52,0.07,1.00,10.00,0.00
90359.00,1970-01-01 00:01:30.359,0.00,2.46,0.00,1.47,0.00,1.00,1.00,999.00,0.00,12.33,49.20,55.88,0.00,0.00,-0.57,0.08,1.00,10.00,0.00
90459.00,1970-01-01 00:01:30.459,0.00,2.46,0.00,1.47,0.00,1.00,1.00,999.00,0.00,12.14,49.20,55.88,0.00,0.00,-0.57,0.08,1.00,10.00,0.00
90566.00,1970-01-01 00:01:30.566,0.00,2.46,0.00,1.47,0.00,1.00,1.00,999.00,0.00,12.34,49.17,55.91,0.00,0.00,-0.55,0.07,1.00,10.00,0.00
90718.00,1970-01-01 00:01:30.718,0.00,2.46,0.00,1.47,0.00,1.00,1.00,999.00,0.00,12.33,49.17,55.91,0.00,0.00,-0.56,0.08,1.00,10.00,0.00
90880.00,1970-01-01 00:01:30.880,0.00,2.46,0.00,1.47,0.00,1.00,1.00,999.00,0.00,12.29,49.23,55.84,0.00,0.00,-0.57,0.07,1.00,10.00,0.00
91050.00,1970-01-01 00:01:31.050,0.00,2.46,0.00,1.47,0.00,1.00,1.00,999.00,0.00,12.32,49.23,55.84,0.00,0.00,-0.56,0.07,1.00,10.00,0.00
91220.00,1970-01-01 00:01:31.220,0.00,2.46,0.00,1.47,0.00,1.00,1.00,999.00,0.00,12.30,49.26,55.84,0.00,0.00,-0.57,0.08,1.00,10.00,0.00
91360.00,1970-01-01 00:01:31.360,0.00,2.46,0.00,1.47,0.00,1.00,1.00,999.00,0.00,12.32,49.26,55.84,0.00,0.00,-0.60,0.07,1.00,10.00,0.00
91460.00,1970-01-01 00:01:31.460,0.00,2.46,0.00,1.47,0.00,1.00,1.00,999.00,0.00,12.30,49.26,55.84,0.00,0.00,-0.53,0.07,1.00,10.00,0.00
91560.00,1970-01-01 00:01:31.560,0.00,2.46,0.00,1.47,0.00,1.00,1.00,999.00,0.00,12.20,49.13,55.80,0.00,0.00,-0.57,0.07,1.00,10.00,0.00
91687.00,1970-01-01 00:01:31.687,0.00,2.46,0.00,1.47,0.00,1.00,1.00,999.00,0.00,12.20,49.13,55.80,0.00,0.00,-0.61,0.07,1.00,10.00,0.00
91787.00,1970-01-01 00:01:31.787,0.00,2.46,0.00,1.47,0.00,1.00,1.00,999.00,0.00,12.31,49.17,55.84,0.00,0.00,-0.53,0.07,1.00,10.00,0.00
91931.00,1970-01-01 00:01:31.931,0.00,2.46,0.00,1.47,0.00,1.00,1.00,999.00,0.00,12.20,49.17,55.84,0.00,0.00,-0.56,0.07,1.00,10.00,0.00
92115.00,1970-01-01 00:01:32.115,-14.65,1.29,0.00,1.47,0.00,1.00,1.00,999.00,0.00,12.31,49.16,55.80,0.00,0.00,-0.55,0.07,1.00,10.00,0.00
92297.00,1970-01-01 00:01:32.297,-14.65,1.29,0.00,1.47,0.00,1.00,1.00,999.00,0.00,12.33,49.21,55.79,0.00,0.00,-0.53,0.07,1.00,10.00,0.00
92457.00,1970-01-01 00:01:32.457,0.02,1.29,0.00,1.47,0.00,1.00,1.00,999.00,0.00,12.28,49.21,55.79,0.00,0.00,-0.55,0.07,1.00,10.00,0.00
92557.00,1970-01-01 00:01:32.557,0.02,1.29,0.00,1.47,0.00,1.00,1.00,999.00,0.00,12.14,49.26,55.84,0.00,0.00,-0.60,0.07,1.00,10.00,0.00
92657.00,1970-01-01 00:01:32.657,0.75,1.35,0.00,1.47,0.00,1.00,1.00,999.00,0.00,12.33,49.26,55.84,0.00,0.00,-0.52,0.07,1.00,10.00,0.00
92757.00,1970-01-01 00:01:32.757,0.75,1.35,0.00,1.47,0.00,1.00,1.00,999.00,0.00,12.29,49.26,55.84,0.00,0.00,-0.57,0.07,1.00,10.00,0.00
92929.00,1970-01-01 00:01:32.929,0.75,1.35,0.00,1.47,0.00,1.00,1.00,999.00,0.00,12.33,49.26,55.79,0.00,0.00,-0.56,0.07,1.00,10.00,0.00
93097.00,1970-01-01 00:01:33.097,0.54,1.40,0.00,1.47,0.00,1.00,1.00,999.00,0.00,12.33,49.26,55.79,0.00,0.00,-0.56,0.08,1.00,10.00,0.00
93265.00,1970-01-01 00:01:33.265,0.54,1.40,0.00,1.47,0.00,1.00,1.00,999.00,0.00,12.20,49.22,55.77,0.00,0.00,-0.56,0.07,1.00,10.00,0.00
93445.00,1970-01-01 00:01:33.445,-0.00,1.40,0.00,1.47,0.00,1.00,1.00,999.00,0.00,12.33,49.22,55.77,0.00,0.00,-0.57,0.08,1.00,10.00,0.00
93545.00,1970-01-01 00:01:33.545,0.83,1.46,0.00,1.47,0.00,1.00,1.00,999.00,0.00,12.32,49.21,55.84,0.00,0.00,-0.57,0.08,1.00,10.00,0.00
93645.00,1970-01-01 00:01:33.645,0.83,1.46,0.00,1.47,0.00,1.00,1.00,999.00,0.00,12.18,49.21,55.84,0.00,0.00,-0.56,0.08,1.00,10.00,0.00
93745.00,1970-01-01 00:01:33.745,0.83,1.46,0.00,1.47,0.00,1.00,1.00,999.00,0.00,12.29,49.21,55.84,0.00,0.00,-0.58,0.07,1.00,10.00,0.00
93862.00,1970-01-01 00:01:33.862,-0.00,1.46,0.00,1.47,0.00,1.00,1.00,999.00,0.00,12.20,49.23,55.79,0.00,0.00,-0.57,0.07,1.00,10.00,0.00
94004.00,1970-01-01 00:01:34.004,0.90,1.52,0.00,1.47,0.00,1.00,1.00,999.00,0.00,12.17,49.23,55.79,0.00,0.00,-0.56,0.08,1.00,10.00,0.00
94175.00,1970-01-01 00:01:34.175,0.90,1.52,0.00,1.47,0.00,1.00,1.00,999.00,0.00,12.29,49.23,55.82,0.00,0.00,-0.55,0.08,1.00,10.00,0.00
94346.00,1970-01-01 00:01:34.346,-0.00,1.52,0.00,1.47,0.00,1.00,1.00,999.00,0.00,12.33,49.23,55.82,0.00,0.00,-0.54,0.08,1.00,10.00,0.00
94524.00,1970-01-01 00:01:34.524,-0.00,1.52,0.00,1.47,0.00,1.00,1.00,999.00,0.00,12.29,49.19,55.80,0.00,0.00,-0.53,0.08,1.00,10.00,0.00
94714.00,1970-01-01 00:01:34.714,-0.00,1.52,0.00,1.47,0.00,1.00,1.00,999.00,0.00,12.20,49.19,55.80,0.00,0.00,-0.54,0.08,1.00,10.00,0.00
94891.00,1970-01-01 00:01:34.891,0.00,1.52,0.00,1.47,0.00,1.00,1.00,999.00,0.00,12.32,49.22,55.74,0.00,0.00,-0.57,0.08,1.00,10.00,0.00
94991.00,1970-01-01 00:01:34.991,0.00,1.52,0.00,1.47,0.00,1.00,1.00,999.00,0.00,12.34,49.22,55.74,0.00,0.00,-0.56,0.07,1.00,10.00,0.00
95091.00,1970-01-01 00:01:35.091,0.00,1.52,0.00,1.47,0.00,1.00,1.00,999.00,0.00,12.28,49.27,55.74,0.00,0.00,-0.57,0.08,1.00,10.00,0.00
95191.00,1970-01-01 00:01:35.191,-0.00,1.52,0.00,1.47,0.00,1.00,1.00,999.00,0.00,12.20,49.27,55.79,0.00,0.00,-0.55,0.08,1.00,10.00,0.00
95345.00,1970-01-01 00:01:35.345,-0.00,1.52,0.00,1.47,0.00,1.00,1.00,999.00,0.00,12.33,49.23,55.79,0.00,0.00,-0.56,0.08,1.00,10.00,0.00
95522.00,1970-01-01 00:01:35.522,-0.00,1.52,0.00,1.47,0.00,1.00,1.00,999.00,0.00,12.29,49.23,55.86,0.00,0.00,-0.56,0.07,1.00,10.00,0.00
95673.00,1970-01-01 00:01:35.673,0.00,1.52,0.00,1.47,0.00,1.00,1.00,999.00,0.00,12.18,49.22,55.80,0.00,0.00,-0.56,0.08,1.00,10.00,0.00
95795.00,1970-01-01 00:01:35.795,0.00,1.52,0.00,1.47,0.00,1.00,1.00,999.00,0.00,12.20,49.22,55.80,0.00,0.00,-0.58,0.08,1.00,10.00,0.00
95924.00,1970-01-01 00:01:35.924,0.00,1.52,0.00,1.47,0.00,1.00,1.00,999.00,0.00,12.14,49.21,55.84,0.00,0.00,-0.57,0.07,1.00,10.00,0.00
96024.00,1970-01-01 00:01:36.024,-0.00,1.52,0.00,1.47,0.00,1.00,1.00,999.00,0.00,12.32,49.21,55.84,0.00,0.00,-0.55,0.07,1.00,10.00,0.00
96124.00,1970-01-01 00:01:36.124,-0.00,1.52,0.00,1.47,0.00,1.00,1.00,999.00,0.00,12.30,49.21,55.84,0.00,0.00,-0.57,0.07,1.00,10.00,0.00
96254.00,1970-01-01 00:01:36.254,-0.00,1.52,0.00,1.47,0.00,1.00,1.00,999.00,0.00,12.33,49.26,55.82,0.00,0.00,-0.52,0.07,1.00,10.00,0.00
96423.00,1970-01-01 00:01:36.423,0.00,1.52,0.00,1.47,0.00,1.00,1.00,999.00,0.00,12.33,49.26,55.82,0.00,0.00,-0.53,0.07,1.00,10.00,0.00
96597.00,1970-01-01 00:01:36.597,0.00,1.52,0.00,1.47,0.00,1.00,1.00,999.00,0.00,12.34,49.26,55.82,0.00,0.00,-0.53,0.07,1.00,10.00,0.00
96697.00,1970-01-01 00:01:36.697,0.00,1.52,0.00,1.47,0.00,1.00,1.00,999.00,0.00,12.29,49.26,55.82,0.00,0.00,-0.57,0.08,1.00,10.00,0.00
96876.00,1970-01-01 00:01:36.876,0.55,1.58,0.00,1.47,0.00,1.00,1.00,999.00,0.00,12.18,49.20,55.73,0.00,0.00,-0.56,0.07,1.00,10.00,0.00
96976.00,1970-01-01 00:01:36.976,0.55,1.58,0.00,1.47,0.00,1.00,1.00,999.00,0.00,12.28,49.20,55.73,0.00,0.00,-0.57,0.07,1.00,10.00,0.00
97076.00,1970-01-01 00:01:37.076,0.55,1.58,0.00,1.47,0.00,1.00,1.00,999.00,0.00,12.33,49.20,55.73,0.00,0.00,-0.55,0.06,1.00,10.00,0.00
97253.00,1970-01-01 00:01:37.253,-0.00,1.58,0.00,1.47,0.00,1.00,1.00,999.00,0.00,12.33,49.17,55.84,0.00,0.00,-0.55,0.07,1.00,10.00,0.00
97422.00,1970-01-01 00:01:37.422,0.75,1.64,0.00,1.47,0.00,1.00,1.00,999.00,0.00,12.34,49.21,55.80,0.00,0.00,-0.57,0.08,1.00,10.00,0.00
97580.00,1970-01-01 00:01:37.580,0.70,1.70,0.00,1.47,0.00,1.00,1.00,999.00,0.00,12.28,49.21,55.80,0.00,0.00,-0.56,0.08,1.00,10.00,0.00
97749.00,1970-01-01 00:01:37.749,0.70,1.70,0.00,1.47,0.00,1.00,1.00,999.00,0.00,12.19,49.21,55.81,0.00,0.00,-0.56,0.08,1.00,10.00,0.00
97877.00,1970-01-01 00:01:37.877,0.70,1.70,0.00,1.47,0.00,1.00,1.00,999.00,0.00,12.20,49.21,55.81,0.00,0.00,-0.60,0.08,1.00,10.00,0.00
98050.00,1970-01-01 00:01:38.050,0.56,1.76,0.00,1.47,0.00,1.00,1.00,999.00,0.00,12.29,49.16,55.82,0.00,0.00,-0.59,0.08,1.00,10.00,0.00
98150.00,1970-01-01 00:01:38.150,0.56,1.76,0.00,1.47,0.00,1.00,1.00,999.00,0.00,12.29,49.16,55.82,0.00,0.00,-0.57,0.07,1.00,10.00,0.00
98250.00,1970-01-01 00:01:38.250,0.56,1.76,0.00,1.47,0.00,1.00,1.00,999.00,0.00,12.19,49.16,55.82,0.00,0.00,-0.56,0.07,1.00,10.00,0.00
98364.00,1970-01-01 00:01:38.364,0.67,1.81,0.00,1.47,0.00,1.00,1.00,999.00,0.00,12.32,49.11,55.82,0.00,0.00,-0.59,0.07,1.00,10.00,0.00
98545.00,1970-01-01 00:01:38.545,0.67,1.81,0.00,1.47,0.00,1.00,1.00,999.00,0.00,12.31,49.11,55.82,0.00,0.00,-0.59,0.07,1.00,10.00,0.00
98675.00,1970-01-01 00:01:38.675,1.02,1.87,0.00,1.47,0.00,1.00,1.00,999.00,0.00,12.33,49.14,55.74,0.00,0.00,-0.58,0.07,1.00,10.00,0.00
98797.00,1970-01-01 00:01:38.797,1.02,1.87,0.00,1.47,0.00,1.00,1.00,999.00,0.00,12.33,49.14,55.74,0.00,0.00,-0.55,0.07,1.00,10.00,0.00
98941.00,1970-01-01 00:01:38.941,1.02,1.87,0.00,1.47,0.00,1.00,1.00,999.00,0.00,12.19,49.13,55.79,0.00,0.00,-0.58,0.07,1.00,10.00,0.00
99041.00,1970-01-01 00:01:39.041,0.64,1.93,0.00,1.47,0.00,1.00,1.00,999.00,0.00,12.30,49.13,55.79,0.00,0.00,-0.57,0.07,1.00,10.00,0.00
99141.00,1970-01-01 00:01:39.141,0.64,1.93,0.00,1.47,0.00,1.00,1.00,999.00,0.00,12.33,49.13,55.79,0.00,0.00,-0.56,0.07,1.00,10.00,0.00
99250.00,1970-01-01 00:01:39.250,0.64,1.93,0.00,1.47,0.00,1.00,1.00,999.00,0.00,12.20,49.14,55.84,0.00,0.00,-0.60,0.07,1.00,10.00,0.00
99374.00,1970-01-01 00:01:39.374,0.64,1.93,0.00,1.47,0.00,1.00,1.00,999.00,0.00,12.33,49.14,55.84,0.00,0.00,-0.57,0.07,1.00,10.00,0.00
99516.00,1970-01-01 00:01:39.516,0.85,1.99,0.00,1.47,0.00,1.00,1.00,999.00,0.00,12.28,49.10,55.77,0.00,0.00,-0.55,0.07,1.00,10.00,0.00
99708.00,1970-01-01 00:01:39.708,0.85,1.99,0.00,1.47,0.00,1.00,1.00,999.00,0.00,12.29,49.10,55.77,0.00,0.00,-0.57,0.07,1.00,10.00,0.00
99808.00,1970-01-01 00:01:39.808,0.85,1.99,0.00,1.47,0.00,1.00,1.00,999.00,0.00,12.17,49.11,55.79,0.00,0.00,-0.56,0.07,1.00,10.00,0.00
99908.00,1970-01-01 00:01:39.908,0.85,1.99,0.00,1.47,0.00,1.00,1.00,999.00,0.00,12.29,49.11,55.79,0.00,0.00,-0.58,0.08,1.00,10.00,0.00
100049.00,1970-01-01 00:01:40.049,1.01,2.05,0.00,1.47,0.00,1.00,1.00,999.00,0.00,12.29,49.08,55.74,0.00,0.00,-0.57,0.08,1.00,10.00,0.00
100206.00,1970-01-01 00:01:40.206,1.01,2.05,0.00,1.47,0.00,1.00,1.00,999.00,0.00,12.34,49.08,55.74,0.00,0.00,-0.55,0.08,1.00,10.00,0.00
100362.00,1970-01-01 00:01:40.362,-0.00,2.05,0.00,1.47,0.00,1.00,1.00,999.00,0.00,12.20,49.11,55.82,0.00,0.00,-0.52,0.08,1.00,10.00,0.00
100534.00,1970-01-01 00:01:40.534,-0.00,2.05,0.00,1.47,0.00,1.00,1.00,999.00,0.00,12.32,49.11,55.82,0.00,0.00,-0.53,0.07,1.00,10.00,0.00
100690.00,1970-01-01 00:01:40.690,0.67,2.11,0.00,1.47,0.00,1.00,1.00,999.00,0.00,12.20,49.05,55.70,0.00,0.00,-0.55,0.07,1.00,10.00,0.00
100813.00,1970-01-01 00:01:40.813,0.67,2.11,0.00,1.47,0.00,1.00,1.00,999.00,0.00,12.18,49.05,55.70,0.00,0.00,-0.56,0.07,1.00,10.00,0.00
100913.00,1970-01-01 00:01:40.913,0.67,2.11,0.00,1.47,0.00,1.00,1.00,999.00,0.00,12.31,49.05,55.70,0.00,0.00,-0.57,0.08,1.00,10.00,0.00
101076.00,1970-01-01 00:01:41.076,-0.00,2.11,0.00,1.47,0.00,1.00,1.00,999.00,0.00,12.29,49.11,55.80,0.00,0.00,-0.56,0.08,1.00,10.00,0.00
101209.00,1970-01-01 00:01:41.209,-0.00,2.11,0.00,1.47,0.00,1.00,1.00,999.00,0.00,12.29,49.11,55.77,0.00,0.00,-0.54,0.07,1.00,10.00,0.00
101347.00,1970-01-01 00:01:41.347,0.63,2.17,0.00,1.47,0.00,1.00,1.00,999.00,0.00,12.33,49.11,55.77,0.00,0.00,-0.57,0.08,1.00,10.00,0.00
101482.00,1970-01-01 00:01:41.482,0.63,2.17,0.00,1.47,0.00,1.00,1.00,999.00,0.00,12.16,49.10,55.70,0.00,0.00,-0.61,0.08,1.00,10.00,0.00
101626.00,1970-01-01 00:01:41.626,0.63,2.17,0.00,1.47,0.00,1.00,1.00,999.00,0.00,12.29,49.10,55.70,0.00,0.00,-0.58,0.08,1.00,10.00,0.00
101770.00,1970-01-01 00:01:41.770,-0.00,2.17,0.00,1.47,0.00,1.00,1.00,999.00,0.00,12.15,49.10,55.72,0.00,0.00,-0.57,0.08,1.00,10.00,0.00
101870.00,1970-01-01 00:01:41.870,-0.00,2.17,0.00,1.47,0.00,1.00,1.00,999.00,0.00,12.16,49.10,55.72,0.00,0.00,-0.55,0.08,1.00,10.00,0.00
102016.00,1970-01-01 00:01:42.016,-0.00,2.17,0.00,1.47,0.00,1.00,1.00,999.00,0.00,12.19,49.10,55.72,0.00,0.00,-0.56,0.08,1.00,10.00,0.00
102116.00,1970-01-01 00:01:42.116,0.00,2.17,0.00,1.47,0.00,1.00,1.00,999.00,0.00,12.28,49.08,55.73,0.00,0.00,-0.57,0.08,1.00,10.00,0.00
102236.00,1970-01-01 00:01:42.236,0.00,2.17,0.00,1.47,0.00,1.00,1.00,999.00,0.00,12.15,49.08,55.73,0.00,0.00,-0.54,0.08,1.00,10.00,0.00
102374.00,1970-01-01 00:01:42.374,0.00,2.17,0.00,1.47,0.00,1.00,1.00,999.00,0.00,12.33,49.04,55.73,0.00,0.00,-0.56,0.07,1.00,10.00,0.00
102497.00,1970-01-01 00:01:42.497,-0.00,2.17,0.00,1.47,0.00,1.00,1.00,999.00,0.00,12.33,49.04,55.73,0.00,0.00,-0.58,0.08,1.00,10.00,0.00
102597.00,1970-01-01 00:01:42.597,-0.00,2.17,0.00,1.47,0.00,1.00,1.00,999.00,0.00,12.33,49.04,55.73,0.00,0.00,-0.53,0.08,1.00,10.00,0.00
102733.00,1970-01-01 00:01:42.733,-0.00,2.17,0.00,1.47,0.00,1.00,1.00,999.00,0.00,12.32,49.13,55.67,0.00,0.00,-0.55,0.08,1.00,10.00,0.00
102857.00,1970-01-01 00:01:42.857,0.00,2.17,0.00,1.47,0.00,1.00,1.00,999.00,0.00,12.20,49.13,55.67,0.00,0.00,-0.59,0.08,1.00,10.00,0.00
102987.00,1970-01-01 00:01:42.987,0.00,2.17,0.00,1.47,0.00,1.00,1.00,999.00,0.00,12.33,49.05,55.68,0.00,0.00,-0.57,0.07,1.00,10.00,0.00
103109.00,1970-01-01 00:01:43.109,0.00,2.17,0.00,1.47,0.00,1.00,1.00,999.00,0.00,12.32,49.05,55.68,0.00,0.00,-0.55,0.08,1.00,10.00,0.00
103240.00,1970-01-01 00:01:43.240,0.00,2.17,0.00,1.47,0.00,1.00,1.00,999.00,0.00,12.28,49.08,55.68,0.00,0.00,-0.56,0.08,1.00,10.00,0.00
103340.00,1970-01-01 00:01:43.340,-0.00,2.17,0.00,1.47,0.00,1.00,1.00,999.00,0.00,12.29,49.08,55.68,0.00,0.00,-0.58,0.07,1.00,10.00,0.00
103440.00,1970-01-01 00:01:43.440,-0.00,2.17,0.00,1.47,0.00,1.00,1.00,999.00,0.00,12.18,49.08,55.68,0.00,0.00,-0.54,0.07,1.00,10.00,0.00
103540.00,1970-01-01 00:01:43.540,-0.00,2.17,0.00,1.47,0.00,1.00,1.00,999.00,0.00,12.31,49.11,55.77,0.00,0.00,-0.61,0.07,1.00,10.00,0.00
103657.00,1970-01-01 00:01:43.657,0.00,2.17,0.00,1.47,0.00,1.00,1.00,999.00,0.00,12.15,49.11,55.77,0.00,0.00,-0.57,0.07,1.00,10.00,0.00
103783.00,1970-01-01 00:01:43.783,0.00,2.17,0.00,1.47,0.00,1.00,1.00,999.00,0.00,12.29,49.10,55.80,0.00,0.00,-0.51,0.08,1.00,10.00,0.00
103928.00,1970-01-01 00:01:43.928,0.00,2.17,0.00,1.47,0.00,1.00,1.00,999.00,0.00,12.20,49.10,55.80,0.00,0.00,-0.56,0.08,1.00,10.00,0.00
104062.00,1970-01-01 00:01:44.062,-0.00,2.17,0.00,1.47,0.00,1.00,1.00,999.00,0.00,12.28,49.04,55.77,0.00,0.00,-0.60,0.07,1.00,10.00,0.00
104201.00,1970-01-01 00:01:44.201,-0.00,2.17,0.00,1.47,0.00,1.00,1.00,999.00,0.00,12.18,49.04,55.77,0.00,0.00,-0.58,0.08,1.00,10.00,0.00
104326.00,1970-01-01 00:01:44.326,-0.00,2.17,0.00,1.47,0.00,1.00,1.00,999.00,0.00,12.33,49.10,55.77,0.00,0.00,-0.56,0.07,1.00,10.00,0.00
104427.00,1970-01-01 00:01:44.427,-0.00,2.17,0.00,1.47,0.00,1.00,1.00,999.00,0.00,12.31,49.10,55.77,0.00,0.00,-0.56,0.07,1.00,10.00,0.00
104562.00,1970-01-01 00:01:44.562,0.00,2.17,0.00,1.47,0.00,1.00,1.00,999.00,0.00,12.28,49.10,55.77,0.00,0.00,-0.60,0.07,1.00,10.00,0.00
104748.00,1970-01-01 00:01:44.748,0.00,2.17,0.00,1.47,0.00,1.00,1.00,999.00,0.00,12.18,49.09,55.74,0.00,0.00,-0.60,0.07,1.00,10.00,0.00
104876.00,1970-01-01 00:01:44.876,-0.00,2.17,0.00,1.47,0.00,1.00,1.00,999.00,0.00,12.17,49.06,55.73,0.00,0.00,-0.57,0.07,1.00,10.00,0.00
104998.00,1970-01-01 00:01:44.998,-0.00,2.17,0.00,1.47,0.00,1.00,1.00,999.00,0.00,12.19,49.06,55.73,0.00,0.00,-0.57,0.07,1.00,10.00,0.00
105142.00,1970-01-01 00:01:45.142,-0.00,2.17,0.00,1.47,0.00,1.00,1.00,999.00,0.00,12.31,49.05,55.77,0.00,0.00,-0.54,0.07,1.00,10.00,0.00
105242.00,1970-01-01 00:01:45.242,-0.00,2.17,0.00,1.47,0.00,1.00,1.00,999.00,0.00,12.33,49.05,55.77,0.00,0.00,-0.60,0.07,1.00,10.00,0.00
105359.00,1970-01-01 00:01:45.359,0.00,2.17,0.00,1.47,0.00,1.00,1.00,999.00,0.00,12.33,49.05,55.77,0.00,0.00,-0.57,0.08,1.00,10.00,0.00
105484.00,1970-01-01 00:01:45.484,0.00,2.17,0.00,1.47,0.00,1.00,1.00,999.00,0.00,12.17,49.09,55.74,0.00,0.00,-0.54,0.07,1.00,10.00,0.00
105625.00,1970-01-01 00:01:45.625,0.00,2.17,0.00,1.47,0.00,1.00,1.00,999.00,0.00,12.19,49.09,55.74,0.00,0.00,-0.56,0.07,1.00,10.00,0.00
105766.00,1970-01-01 00:01:45.766,-0.00,2.17,0.00,1.47,0.00,1.00,1.00,999.00,0.00,12.28,49.09,55.70,0.00,0.00,-0.60,0.07,1.00,10.00,0.00
105866.00,1970-01-01 00:01:45.866,-0.00,2.17,0.00,1.47,0.00,1.00,1.00,999.00,0.00,12.15,49.09,55.70,0.00,0.00,-0.56,0.08,1.00,10.00,0.00
105966.00,1970-01-01 00:01:45.966,-0.00,2.17,0.00,1.47,0.00,1.00,1.00,999.00,0.00,12.31,49.09,55.70,0.00,0.00,-0.57,0.08,1.00,10.00,0.00
106066.00,1970-01-01 00:01:46.066,0.00,2.17,0.00,1.47,0.00,1.00,1.00,999.00,0.00,12.31,49.09,55.80,0.00,0.00,-0.57,0.08,1.00,10.00,0.00
106205.00,1970-01-01 00:01:46.205,0.00,2.17,0.00,1.47,0.00,1.00,1.00,999.00,0.00,12.14,49.09,55.80,0.00,0.00,-0.57,0.08,1.00,10.00,0.00
106333.00,1970-01-01 00:01:46.333,0.00,2.17,0.00,1.47,0.00,1.00,1.00,999.00,0.00,12.20,48.99,55.70,0.00,0.00,-0.55,0.08,1.00,10.00,0.00
106469.00,1970-01-01 00:01:46.469,-0.00,2.17,0.00,1.47,0.00,1.00,1.00,999.00,0.00,12.31,48.99,55.70,0.00,0.00,-0.57,0.07,1.00,10.00,0.00
106593.00,1970-01-01 00:01:46.593,-0.00,2.17,0.00,1.47,0.00,1.00,1.00,999.00,0.00,12.33,49.11,55.68,0.00,0.00,-0.58,0.08,1.00,10.00,0.00
106718.00,1970-01-01 00:01:46.718,-0.00,2.17,0.00,1.47,0.00,1.00,1.00,999.00,0.00,12.31,49.11,55.68,0.00,0.00,-0.55,0.08,1.00,10.00,0.00
106877.00,1970-01-01 00:01:46.877,0.00,2.17,0.00,1.47,0.00,1.00,1.00,999.00,0.00,12.19,49.04,55.65,0.00,0.00,-0.53,0.07,1.00,10.00,0.00
107017.00,1970-01-01 00:01:47.017,0.83,2.22,0.00,1.47,0.00,1.00,1.00,999.00,0.00,12.20,49.04,55.65,0.00,0.00,-0.55,0.08,1.00,10.00,0.00
107117.00,1970-01-01 00:01:47.117,0.83,2.22,0.00,1.47,0.00,1.00,1.00,999.00,0.00,12.28,49.04,55.65,0.00,0.00,-0.58,0.07,1.00,10.00,0.00
107217.00,1970-01-01 00:01:47.217,0.83,2.22,0.00,1.47,0.00,1.00,1.00,999.00,0.00,12.20,49.01,55.67,0.00,0.00,-0.53,0.08,1.00,10.00,0.00
107317.00,1970-01-01 00:01:47.317,0.83,2.22,0.00,1.47,0.00,1.00,1.00,999.00,0.00,12.29,49.01,55.67,0.00,0.00,-0.61,0.07,1.00,10.00,0.00
107417.00,1970-01-01 00:01:47.417,-0.00,2.22,0.00,1.47,0.00,1.00,1.00,999.00,0.00,12.32,48.99,55.67,0.00,0.00,-0.56,0.08,1.00,10.00,0.00
107532.00,1970-01-01 00:01:47.532,-0.00,2.22,0.00,1.47,0.00,1.00,1.00,999.00,0.00,12.31,48.99,55.67,0.00,0.00,-0.56,0.07,1.00,10.00,0.00
107670.00,1970-01-01 00:01:47.670,-0.00,2.22,0.00,1.47,0.00,1.00,1.00,999.00,0.00,12.31,49.09,55.60,0.00,0.00,-0.56,0.08,1.00,10.00,0.00
107813.00,1970-01-01 00:01:47.813,0.00,2.22,0.00,1.47,0.00,1.00,1.00,999.00,0.00,12.19,49.09,55.60,0.00,0.00,-0.62,0.08,1.00,10.00,0.00
107954.00,1970-01-01 00:01:47.954,0.71,2.28,0.00,1.47,0.00,1.00,1.00,999.00,0.00,12.14,48.99,55.68,0.00,0.00,-0.57,0.08,1.00,10.00,0.00
108091.00,1970-01-01 00:01:48.091,0.71,2.28,0.00,1.47,0.00,1.00,1.00,999.00,0.00,12.31,48.99,55.68,0.00,0.00,-0.57,0.07,1.00,10.00,0.00
108191.00,1970-01-01 00:01:48.191,0.71,2.28,0.00,1.47,0.00,1.00,1.00,999.00,0.00,12.33,48.99,55.68,0.00,0.00,-0.56,0.07,1.00,10.00,0.00
108344.00,1970-01-01 00:01:48.344,0.71,2.28,0.00,1.47,0.00,1.00,1.00,999.00,0.00,12.31,49.05,55.72,0.00,0.00,-0.57,0.07,1.00,10.00,0.00
108489.00,1970-01-01 00:01:48.489,0.92,2.34,0.00,1.47,0.00,1.00,1.00,999.00,0.00,12.29,48.99,55.74,0.00,0.00,-0.60,0.08,1.00,10.00,0.00
108589.00,1970-01-01 00:01:48.589,0.92,2.34,0.00,1.47,0.00,1.00,1.00,999.00,0.00,12.17,48.99,55.74,0.00,0.00,-0.52,0.07,1.00,10.00,0.00
108730.00,1970-01-01 00:01:48.730,0.92,2.34,0.00,1.47,0.00,1.00,1.00,999.00,0.00,12.28,48.99,55.74,0.00,0.00,-0.55,0.08,1.00,10.00,0.00
108830.00,1970-01-01 00:01:48.830,-0.00,2.34,0.00,1.47,0.00,1.00,1.00,999.00,0.00,12.33,49.10,55.63,0.00,0.00,-0.58,0.07,1.00,10.00,0.00
109018.00,1970-01-01 00:01:49.018,0.86,2.40,0.00,1.47,0.00,1.00,1.00,999.00,0.00,12.29,49.04,55.60,0.00,0.00,-0.60,0.08,1.00,10.00,0.00
109118.00,1970-01-01 00:01:49.118,0.86,2.40,0.00,1.47,0.00,1.00,1.00,999.00,0.00,12.29,49.04,55.60,0.00,0.00,-0.57,0.07,1.00,10.00,0.00
109218.00,1970-01-01 00:01:49.218,0.86,2.40,0.00,1.47,0.00,1.00,1.00,999.00,0.00,12.18,49.04,55.60,0.00,0.00,-0.56,0.07,1.00,10.00,0.00
109422.00,1970-01-01 00:01:49.422,0.59,2.46,0.00,1.47,0.00,1.00,1.00,999.00,0.00,12.31,48.95,55.63,0.00,0.00,-0.55,0.08,1.00,10.00,0.00
109547.00,1970-01-01 00:01:49.547,0.59,2.46,0.00,1.47,0.00,1.00,1.00,999.00,0.00,12.14,48.95,55.72,0.00,0.00,-0.58,0.07,1.00,10.00,0.00
109669.00,1970-01-01 00:01:49.669,-0.00,2.46,0.00,1.47,0.00,1.00,1.00,999.00,0.00,12.16,48.95,55.72,0.00,0.00,-0.57,0.08,1.00,10.00,0.00
109816.00,1970-01-01 00:01:49.816,0.92,2.52,0.00,1.47,0.00,1.00,1.00,999.00,0.00,12.30,49.03,55.66,0.00,0.00,-0.56,0.08,1.00,10.00,0.00
109954.00,1970-01-01 00:01:49.954,0.92,2.52,0.00,1.47,0.00,1.00,1.00,999.00,0.00,12.32,49.03,55.66,0.00,0.00,-0.54,0.07,1.00,10.00,0.00
110109.00,1970-01-01 00:01:50.109,0.57,2.57,0.00,1.47,0.00,1.00,1.00,999.00,0.00,12.17,48.92,55.63,0.00,0.00,-0.54,0.07,1.00,10.00,0.00
110209.00,1970-01-01 00:01:50.209,0.57,2.57,0.00,1.47,0.00,1.00,1.00,999.00,0.00,12.28,48.92,55.63,0.00,0.00,-0.58,0.08,1.00,10.00,0.00
110309.00,1970-01-01 00:01:50.309,0.57,2.57,0.00,1.47,0.00,1.00,1.00,999.00,0.00,12.33,48.92,55.63,0.00,0.00,-0.53,0.07,1.00,10.00,0.00
110409.00,1970-01-01 00:01:50.409,0.57,2.57,0.00,1.47,0.00,1.00,1.00,999.00,0.00,12.29,48.90,55.59,0.00,0.00,-0.56,0.08,1.00,10.00,0.00
110532.00,1970-01-01 00:01:50.532,-0.00,2.57,0.00,1.47,0.00,1.00,1.00,999.00,0.00,12.30,48.90,55.59,0.00,0.00,-0.57,0.07,1.00,10.00,0.00
110707.00,1970-01-01 00:01:50.707,0.74,2.63,0.00,1.47,0.00,1.00,1.00,999.00,0.00,12.31,48.98,55.60,0.00,0.00,-0.57,0.07,1.00,10.00,0.00
110846.00,1970-01-01 00:01:50.846,0.74,2.63,0.00,1.47,0.00,1.00,1.00,999.00,0.00,12.15,48.98,55.60,0.00,0.00,-0.57,0.08,1.00,10.00,0.00
111036.00,1970-01-01 00:01:51.036,0.74,2.63,0.00,1.47,0.00,1.00,1.00,999.00,0.00,12.33,48.98,55.65,0.00,0.00,-0.57,0.08,1.00,10.00,0.00
111234.00,1970-01-01 00:01:51.234,0.82,2.69,0.00,1.47,0.00,1.00,1.00,999.00,0.00,12.15,48.98,55.65,0.00,0.00,-0.60,0.08,1.00,10.00,0.00
111409.00,1970-01-01 00:01:51.409,0.82,2.69,0.00,1.47,0.00,1.00,1.00,999.00,0.00,12.33,48.94,55.60,0.00,0.00,-0.59,0.08,1.00,10.00,0.00
111509.00,1970-01-01 00:01:51.509,0.82,2.69,0.00,1.47,0.00,1.00,1.00,999.00,0.00,12.33,48.94,55.60,0.00,0.00,-0.52,0.08,1.00,10.00,0.00
111609.00,1970-01-01 00:01:51.609,-0.00,2.69,0.00,1.47,0.00,1.00,1.00,999.00,0.00,12.15,48.94,55.60,0.00,0.00,-0.56,0.08,1.00,10.00,0.00
111719.00,1970-01-01 00:01:51.719,-0.00,2.69,0.00,1.47,0.00,1.00,1.00,999.00,0.00,12.18,48.97,55.59,0.00,0.00,-0.57,0.07,1.00,10.00,0.00
111893.00,1970-01-01 00:01:51.893,0.62,2.75,0.00,1.47,0.00,1.00,1.00,999.00,0.00,12.30,48.97,55.59,0.00,0.00,-0.57,0.07,1.00,10.00,0.00
111993.00,1970-01-01 00:01:51.993,0.62,2.75,0.00,1.47,0.00,1.00,1.00,999.00,0.00,12.33,48.94,55.60,0.00,0.00,-0.55,0.08,1.00,10.00,0.00
112178.00,1970-01-01 00:01:52.178,0.62,2.75,0.00,1.47,0.00,1.00,1.00,999.00,0.00,12.19,48.94,55.60,0.00,0.00,-0.54,0.08,1.00,10.00,0.00
112329.00,1970-01-01 00:01:52.329,-0.00,2.75,0.00,1.47,0.00,1.00,1.00,999.00,0.00,12.31,48.98,55.59,0.00,0.00,-0.56,0.08,1.00,10.00,0.00
112429.00,1970-01-01 00:01:52.429,-0.00,2.75,0.00,1.47,0.00,1.00,1.00,999.00,0.00,12.28,48.98,55.59,0.00,0.00,-0.57,0.07,1.00,10.00,0.00
112529.00,1970-01-01 00:01:52.529,0.72,2.81,0.00,1.47,0.00,1.00,1.00,999.00,0.00,12.20,48.98,55.59,0.00,0.00,-0.54,0.08,1.00,10.00,0.00
112644.00,1970-01-01 00:01:52.644,0.72,2.81,0.00,1.47,0.00,1.00,1.00,999.00,0.00,12.20,48.95,55.68,0.00,0.00,-0.56,0.08,1.00,10.00,0.00
112828.00,1970-01-01 00:01:52.828,0.72,2.81,0.00,1.47,0.00,1.00,1.00,999.00,0.00,12.32,48.95,55.68,0.00,0.00,-0.56,0.07,1.00,10.00,0.00
112955.00,1970-01-01 00:01:52.955,-0.00,2.81,0.00,1.47,0.00,1.00,1.00,999.00,0.00,12.15,48.91,55.55,0.00,0.00,-0.61,0.08,1.00,10.00,0.00
113125.00,1970-01-01 00:01:53.125,-0.00,2.81,0.00,1.47,0.00,1.00,1.00,999.00,0.00,12.15,48.91,55.55,0.00,0.00,-0.60,0.08,1.00,10.00,0.00
113298.00,1970-01-01 00:01:53.298,0.97,2.87,0.00,1.47,0.00,1.00,1.00,999.00,0.00,12.29,49.01,55.65,0.00,0.00,-0.60,0.08,1.00,10.00,0.00
113398.00,1970-01-01 00:01:53.398,0.97,2.87,0.00,1.47,0.00,1.00,1.00,999.00,0.00,12.18,49.01,55.65,0.00,0.00,-0.57,0.08,1.00,10.00,0.00
113498.00,1970-01-01 00:01:53.498,0.97,2.87,0.00,1.47,0.00,1.00,1.00,999.00,0.00,12.28,49.01,55.65,0.00,0.00,-0.57,0.08,1.00,10.00,0.00
113598.00,1970-01-01 00:01:53.598,0.97,2.87,0.00,1.47,0.00,1.00,1.00,999.00,0.00,12.33,48.92,55.55,0.00,0.00,-0.57,0.07,1.00,10.00,0.00
113738.00,1970-01-01 00:01:53.738,-0.00,2.87,0.00,1.47,0.00,1.00,1.00,999.00,0.00,12.31,48.92,55.55,0.00,0.00,-0.52,0.08,1.00,10.00,0.00
113915.00,1970-01-01 00:01:53.915,-0.00,2.87,0.00,1.47,0.00,1.00,1.00,999.00,0.00,12.31,48.92,55.55,0.00,0.00,-0.56,0.07,1.00,10.00,0.00
114111.00,1970-01-01 00:01:54.111,0.66,2.93,0.00,1.47,0.00,1.00,1.00,999.00,0.00,12.20,48.92,55.55,0.00,0.00,-0.57,0.08,1.00,10.00,0.00
114255.00,1970-01-01 00:01:54.255,0.66,2.93,0.00,1.47,0.00,1.00,1.00,999.00,0.00,12.34,48.85,55.55,0.00,0.00,-0.52,0.08,1.00,10.00,0.00
114392.00,1970-01-01 00:01:54.392,-0.00,2.93,0.00,1.47,0.00,1.00,1.00,999.00,0.00,12.18,48.85,55.55,0.00,0.00,-0.55,0.07,1.00,10.00,0.00
114582.00,1970-01-01 00:01:54.582,-0.00,2.93,0.00,1.47,0.00,1.00,1.00,999.00,0.00,12.19,48.86,55.50,0.00,0.00,-0.51,0.08,1.00,10.00,0.00
114682.00,1970-01-01 00:01:54.682,-0.00,2.93,0.00,1.47,0.00,1.00,1.00,999.00,0.00,12.29,48.86,55.50,0.00,0.00,-0.60,0.07,1.00,10.00,0.00
114782.00,1970-01-01 00:01:54.782,0.00,2.93,0.00,1.47,0.00,1.00,1.00,999.00,0.00,12.33,48.86,55.50,0.00,0.00,-0.56,0.08,1.00,10.00,0.00
114923.00,1970-01-01 00:01:54.923,0.00,2.93,0.00,1.47,0.00,1.00,1.00,999.00,0.00,12.29,48.94,55.58,0.00,0.00,-0.52,0.08,1.00,10.00,0.00
115113.00,1970-01-01 00:01:55.113,0.59,2.98,0.00,1.47,0.00,1.00,1.00,999.00,0.00,12.18,48.94,55.58,0.00,0.00,-0.57,0.08,1.00,10.00,0.00
115213.00,1970-01-01 00:01:55.213,0.59,2.98,0.00,1.47,0.00,1.00,1.00,999.00,0.00,12.30,48.95,55.49,0.00,0.00,-0.56,0.08,1.00,10.00,0.00
115411.00,1970-01-01 00:01:55.411,0.59,2.98,0.00,1.47,0.00,1.00,1.00,999.00,0.00,12.17,48.95,55.49,0.00,0.00,-0.55,0.07,1.00,10.00,0.00
115612.00,1970-01-01 00:01:55.612,-0.00,2.98,0.00,1.47,0.00,1.00,1.00,999.00,0.00,12.29,48.86,55.54,0.00,0.00,-0.52,0.08,1.00,10.00,0.00
115803.00,1970-01-01 00:01:55.803,-0.00,2.98,0.00,1.47,0.00,1.00,1.00,999.00,0.00,12.33,49.01,55.50,0.00,0.00,-0.57,0.07,1.00,10.00,0.00
115903.00,1970-01-01 00:01:55.903,0.00,2.98,0.00,1.47,0.00,1.00,1.00,999.00,0.00,12.32,49.01,55.50,0.00,0.00,-0.56,0.08,1.00,10.00,0.00
116003.00,1970-01-01 00:01:56.003,0.00,2.98,0.00,1.47,0.00,1.00,1.00,999.00,0.00,12.18,49.01,55.50,0.00,0.00,-0.57,0.08,1.00,10.00,0.00
116144.00,1970-01-01 00:01:56.144,0.00,2.98,0.00,1.47,0.00,1.00,1.00,999.00,0.00,12.28,48.86,55.52,0.00,0.00,-0.52,0.08,1.00,10.00,0.00
116315.00,1970-01-01 00:01:56.315,-0.00,2.98,0.00,1.47,0.00,1.00,1.00,999.00,0.00,12.33,48.86,55.52,0.00,0.00,-0.57,0.08,1.00,10.00,0.00
116488.00,1970-01-01 00:01:56.488,-0.00,2.98,0.00,1.47,0.00,1.00,1.00,999.00,0.00,12.33,48.88,55.52,0.00,0.00,-0.56,0.07,1.00,10.00,0.00
116658.00,1970-01-01 00:01:56.658,0.00,2.98,0.00,1.47,0.00,1.00,1.00,999.00,0.00,12.31,48.88,55.52,0.00,0.00,-0.53,0.08,1.00,10.00,0.00
116758.00,1970-01-01 00:01:56.758,0.00,2.98,0.00,1.47,0.00,1.00,1.00,999.00,0.00,12.16,48.86,55.48,0.00,0.00,-0.58,0.07,1.00,10.00,0.00
116858.00,1970-01-01 00:01:56.858,0.00,2.98,0.00,1.47,0.00,1.00,1.00,999.00,0.00,12.17,48.86,55.48,0.00,0.00,-0.56,0.08,1.00,10.00,0.00
116958.00,1970-01-01 00:01:56.958,0.00,2.98,0.00,1.47,0.00,1.00,1.00,999.00,0.00,12.29,48.86,55.48,0.00,0.00,-0.55,0.08,1.00,10.00,0.00
117067.00,1970-01-01 00:01:57.067,-0.00,2.98,0.00,1.47,0.00,1.00,1.00,999.00,0.00,12.19,48.84,55.50,0.00,0.00,-0.60,0.08,1.00,10.00,0.00
117235.00,1970-01-01 00:01:57.235,-0.00,2.98,0.00,1.47,0.00,1.00,1.00,999.00,0.00,12.19,48.84,55.50,0.00,0.00,-0.58,0.07,1.00,10.00,0.00
117405.00,1970-01-01 00:01:57.405,-0.00,2.98,0.00,1.47,0.00,1.00,1.00,999.00,0.00,12.15,48.81,55.50,0.00,0.00,-0.58,0.08,1.00,10.00,0.00
117570.00,1970-01-01 00:01:57.570,0.00,2.98,0.00,1.47,0.00,1.00,1.00,999.00,0.00,12.33,48.81,55.50,0.00,0.00,-0.58,0.08,1.00,10.00,0.00
117737.00,1970-01-01 00:01:57.737,0.00,2.98,0.00,1.47,0.00,1.00,1.00,999.00,0.00,12.31,48.86,55.49,0.00,0.00,-0.58,0.08,1.00,10.00,0.00
117893.00,1970-01-01 00:01:57.893,-0.00,2.98,0.00,1.47,0.00,1.00,1.00,999.00,0.00,12.16,48.86,55.49,0.00,0.00,-0.57,0.08,1.00,10.00,0.00
118064.00,1970-01-01 00:01:58.064,-0.00,2.98,0.00,1.47,0.00,1.00,1.00,999.00,0.00,12.30,48.83,55.43,0.00,0.00,-0.57,0.08,1.00,10.00,0.00
118164.00,1970-01-01 00:01:58.164,-0.00,2.98,0.00,1.47,0.00,1.00,1.00,999.00,0.00,12.19,48.83,55.43,0.00,0.00,-0.56,0.08,1.00,10.00,0.00
118264.00,1970-01-01 00:01:58.264,0.00,2.98,0.00,1.47,0.00,1.00,1.00,999.00,0.00,12.28,48.83,55.43,0.00,0.00,-0.60,0.08,1.00,10.00,0.00
118364.00,1970-01-01 00:01:58.364,0.00,2.98,0.00,1.47,0.00,1.00,1.00,999.00,0.00,12.15,48.80,55.42,0.00,0.00,-0.51,0.07,1.00,10.00,0.00
118503.00,1970-01-01 00:01:58.503,0.00,2.98,0.00,1.47,0.00,1.00,1.00,999.00,0.00,12.17,48.80,55.42,0.00,0.00,-0.55,0.08,1.00,10.00,0.00
118661.00,1970-01-01 00:01:58.661,-0.00,2.98,0.00,1.47,0.00,1.00,1.00,999.00,0.00,12.30,48.85,55.43,0.00,0.00,-0.56,0.08,1.00,10.00,0.00
118811.00,1970-01-01 00:01:58.811,-0.00,2.98,0.00,1.47,0.00,1.00,1.00,999.00,0.00,12.29,48.85,55.43,0.00,0.00,-0.57,0.08,1.00,10.00,0.00
118998.00,1970-01-01 00:01:58.998,-0.00,2.98,0.00,1.47,0.00,1.00,1.00,999.00,0.00,12.20,48.80,55.42,0.00,0.00,-0.56,0.08,1.00,10.00,0.00
119142.00,1970-01-01 00:01:59.142,0.00,2.98,0.00,1.47,0.00,1.00,1.00,999.00,0.00,12.31,48.80,55.42,0.00,0.00,-0.57,0.07,1.00,10.00,0.00
119242.00,1970-01-01 00:01:59.242,0.00,2.98,0.00,1.47,0.00,1.00,1.00,999.00,0.00,12.33,48.80,55.42,0.00,0.00,-0.56,0.08,1.00,10.00,0.00
119439.00,1970-01-01 00:01:59.439,0.00,2.98,0.00,1.47,0.00,1.00,1.00,999.00,0.00,12.20,48.85,55.41,0.00,0.00,-0.57,0.07,1.00,10.00,0.00
119611.00,1970-01-01 00:01:59.611,-0.00,2.98,0.00,1.47,0.00,1.00,1.00,999.00,0.00,12.18,48.88,55.45,0.00,0.00,-0.57,0.08,1.00,10.00,0.00
119798.00,1970-01-01 00:01:59.798,-0.00,2.98,0.00,1.47,0.00,1.00,1.00,999.00,0.00,12.16,48.88,55.45,0.00,0.00,-0.59,0.08,1.00,10.00,0.00
119898.00,1970-01-01 00:01:59.898,0.00,2.98,0.00,1.47,0.00,1.00,1.00,999.00,0.00,12.28,48.86,55.45,0.00,0.00,-0.52,0.08,1.00,10.00,0.00
120096.00,1970-01-01 00:02:00.096,0.82,3.04,0.00,1.47,0.00,1.00,1.00,999.00,0.00,12.28,48.86,55.45,0.00,0.00,-0.57,0.07,1.00,10.00,0.00
120196.00,1970-01-01 00:02:00.196,0.82,3.04,0.00,1.47,0.00,1.00,1.00,999.00,0.00,12.17,48.92,55.40,0.00,0.00,-0.56,0.08,1.00,10.00,0.00
120296.00,1970-01-01 00:02:00.296,0.82,3.04,0.00,1.47,0.00,1.00,1.00,999.00,0.00,12.30,48.92,55.40,0.00,0.00,-0.57,0.08,1.00,10.00,0.00
120425.00,1970-01-01 00:02:00.425,-0.00,3.04,0.00,1.47,0.00,1.00,1.00,999.00,0.00,12.28,48.91,55.38,0.00,0.00,-0.53,0.07,1.00,10.00,0.00
120596.00,1970-01-01 00:02:00.596,-0.00,3.04,0.00,1.47,0.00,1.00,1.00,999.00,0.00,12.28,48.91,55.38,0.00,0.00,-0.52,0.08,1.00,10.00,0.00
120757.00,1970-01-01 00:02:00.757,-0.00,3.04,0.00,1.47,0.00,1.00,1.00,999.00,0.00,12.29,48.85,55.40,0.00,0.00,-0.51,0.08,1.00,10.00,0.00
120922.00,1970-01-01 00:02:00.922,0.00,3.04,0.00,1.47,0.00,1.00,1.00,999.00,0.00,12.33,48.85,55.40,0.00,0.00,-0.53,0.08,1.00,10.00,0.00
121079.00,1970-01-01 00:02:01.079,0.00,3.04,0.00,1.47,0.00,1.00,1.00,999.00,0.00,12.33,48.90,55.38,0.00,0.00,-0.55,0.08,1.00,10.00,0.00
121236.00,1970-01-01 00:02:01.236,-0.00,3.04,0.00,1.47,0.00,1.00,1.00,999.00,0.00,12.28,48.90,55.38,0.00,0.00,-0.56,0.08,1.00,10.00,0.00
121336.00,1970-01-01 00:02:01.336,-0.00,3.04,0.00,1.47,0.00,1.00,1.00,999.00,0.00,12.15,48.80,55.40,0.00,0.00,-0.58,0.08,1.00,10.00,0.00
121436.00,1970-01-01 00:02:01.436,-0.00,3.04,0.00,1.47,0.00,1.00,1.00,999.00,0.00,12.32,48.80,55.40,0.00,0.00,-0.53,0.08,1.00,10.00,0.00
121612.00,1970-01-01 00:02:01.612,0.00,3.04,0.00,1.47,0.00,1.00,1.00,999.00,0.00,12.30,48.88,55.38,0.00,0.00,-0.53,0.07,1.00,10.00,0.00
121781.00,1970-01-01 00:02:01.781,0.00,3.04,0.00,1.47,0.00,1.00,1.00,999.00,0.00,12.29,48.88,55.38,0.00,0.00,-0.54,0.07,1.00,10.00,0.00
121938.00,1970-01-01 00:02:01.938,0.00,3.04,0.00,1.47,0.00,1.00,1.00,999.00,0.00,12.32,48.88,55.27,0.00,0.00,-0.55,0.08,1.00,10.00,0.00
122111.00,1970-01-01 00:02:02.111,-0.00,3.04,0.00,1.47,0.00,1.00,1.00,999.00,0.00,12.31,48.88,55.27,0.00,0.00,-0.55,0.08,1.00,10.00,0.00
122282.00,1970-01-01 00:02:02.282,-0.00,3.04,0.00,1.47,0.00,1.00,1.00,999.00,0.00,12.29,48.88,55.35,0.00,0.00,-0.54,0.08,1.00,10.00,0.00
122382.00,1970-01-01 00:02:02.382,0.00,3.04,0.00,1.47,0.00,1.00,1.00,999.00,0.00,12.18,48.88,55.35,0.00,0.00,-0.59,0.07,1.00,10.00,0.00
122482.00,1970-01-01 00:02:02.482,0.00,3.04,0.00,1.47,0.00,1.00,1.00,999.00,0.00,12.32,48.88,55.35,0.00,0.00,-0.52,0.07,1.00,10.00,0.00
122612.00,1970-01-01 00:02:02.612,0.00,3.04,0.00,1.47,0.00,1.00,1.00,999.00,0.00,12.14,48.90,55.32,0.00,0.00,-0.55,0.07,1.00,10.00,0.00
122785.00,1970-01-01 00:02:02.785,-0.00,3.04,0.00,1.47,0.00,1.00,1.00,999.00,0.00,12.28,48.90,55.32,0.00,0.00,-0.56,0.08,1.00,10.00,0.00
122957.00,1970-01-01 00:02:02.957,-0.00,3.04,0.00,1.47,0.00,1.00,1.00,999.00,0.00,12.31,48.81,55.27,0.00,0.00,-0.55,0.08,1.00,10.00,0.00
123057.00,1970-01-01 00:02:03.057,-0.00,3.04,0.00,1.47,0.00,1.00,1.00,999.00,0.00,12.28,48.81,55.27,0.00,0.00,-0.57,0.08,1.00,10.00,0.00
123208.00,1970-01-01 00:02:03.208,0.00,3.04,0.00,1.47,0.00,1.00,1.00,999.00,0.00,12.18,48.84,55.30,0.00,0.00,-0.57,0.07,1.00,10.00,0.00
123381.00,1970-01-01 00:02:03.381,0.00,3.04,0.00,1.47,0.00,1.00,1.00,999.00,0.00,12.32,48.84,55.30,0.00,0.00,-0.57,0.07,1.00,10.00,0.00
123481.00,1970-01-01 00:02:03.481,0.00,3.04,0.00,1.47,0.00,1.00,1.00,999.00,0.00,12.29,48.86,55.30,0.00,0.00,-0.54,0.08,1.00,10.00,0.00
123581.00,1970-01-01 00:02:03.581,-0.00,3.04,0.00,1.47,0.00,1.00,1.00,999.00,0.00,12.18,48.86,55.30,0.00,0.00,-0.60,0.07,1.00,10.00,0.00
123721.00,1970-01-01 00:02:03.721,-0.00,3.04,0.00,1.47,0.00,1.00,1.00,999.00,0.00,12.14,48.88,55.25,0.00,0.00,-0.57,0.07,1.00,10.00,0.00
123877.00,1970-01-01 00:02:03.877,-0.00,3.04,0.00,1.47,0.00,1.00,1.00,999.00,0.00,12.29,48.88,55.25,0.00,0.00,-0.57,0.08,1.00,10.00,0.00
124046.00,1970-01-01 00:02:04.046,0.00,3.04,0.00,1.47,0.00,1.00,1.00,999.00,0.00,12.29,48.90,55.30,0.00,0.00,-0.57,0.07,1.00,10.00,0.00
124188.00,1970-01-01 00:02:04.188,0.00,3.04,0.00,1.47,0.00,1.00,1.00,999.00,0.00,12.30,48.90,55.30,0.00,0.00,-0.52,0.07,1.00,10.00,0.00
124336.00,1970-01-01 00:02:04.336,0.00,3.04,0.00,1.47,0.00,1.00,1.00,999.00,0.00,12.18,48.84,55.20,0.00,0.00,-0.55,0.08,1.00,10.00,0.00
124436.00,1970-01-01 00:02:04.436,-0.00,3.04,0.00,1.47,0.00,1.00,1.00,999.00,0.00,12.30,48.84,55.20,0.00,0.00,-0.58,0.07,1.00,10.00,0.00
124536.00,1970-01-01 00:02:04.536,-0.00,3.04,0.00,1.47,0.00,1.00,1.00,999.00,0.00,12.17,48.84,55.20,0.00,0.00,-0.52,0.07,1.00,10.00,0.00
124704.00,1970-01-01 00:02:04.704,-0.00,3.04,0.00,1.47,0.00,1.00,1.00,999.00,0.00,12.30,48.88,55.31,0.00,0.00,-0.52,0.08,1.00,10.00,0.00
124876.00,1970-01-01 00:02:04.876,0.00,3.04,0.00,1.47,0.00,1.00,1.00,999.00,0.00,12.16,48.88,55.24,0.00,0.00,-0.51,0.08,1.00,10.00,0.00
125051.00,1970-01-01 00:02:05.051,0.00,3.04,0.00,1.47,0.00,1.00,1.00,999.00,0.00,12.33,48.88,55.24,0.00,0.00,-0.51,0.08,1.00,10.00,0.00
125221.00,1970-01-01 00:02:05.221,0.00,3.04,0.00,1.47,0.00,1.00,1.00,999.00,0.00,12.28,48.81,55.20,0.00,0.00,-0.54,0.08,1.00,10.00,0.00
125377.00,1970-01-01 00:02:05.377,0.00,3.04,0.00,1.47,0.00,1.00,1.00,999.00,0.00,12.29,48.81,55.20,0.00,0.00,-0.54,0.08,1.00,10.00,0.00
125555.00,1970-01-01 00:02:05.555,0.00,3.04,0.00,1.47,0.00,1.00,1.00,999.00,0.00,12.33,48.74,55.07,0.00,0.00,-0.54,0.08,1.00,10.00,0.00
125740.00,1970-01-01 00:02:05.740,0.00,3.04,0.00,1.47,0.00,1.00,1.00,999.00,0.00,12.30,48.74,55.07,0.00,0.00,-0.52,0.08,1.00,10.00,0.00
125900.00,1970-01-01 00:02:05.900,0.00,3.04,0.00,1.47,0.00,1.00,1.00,999.00,0.00,12.32,48.69,55.23,0.00,0.00,-0.54,0.08,1.00,10.00,0.00
126000.00,1970-01-01 00:02:06.000,0.00,3.04,0.00,1.47,0.00,1.00,1.00,999.00,0.00,12.29,48.69,55.23,0.00,0.00,-0.60,0.08,1.00,10.00,0.00
126157.00,1970-01-01 00:02:06.157,0.00,3.04,0.00,1.47,0.00,1.00,1.00,999.00,0.00,12.20,48.71,55.11,0.00,0.00,-0.59,0.07,1.00,10.00,0.00
126322.00,1970-01-01 00:02:06.322,0.00,3.04,0.00,1.47,0.00,1.00,1.00,999.00,0.00,12.29,48.71,55.11,0.00,0.00,-0.59,0.07,1.00,10.00,0.00
126474.00,1970-01-01 00:02:06.474,0.00,3.04,0.00,1.47,0.00,1.00,1.00,999.00,0.00,12.16,48.63,54.99,0.00,0.00,-0.58,0.08,1.00,10.00,0.00
126657.00,1970-01-01 00:02:06.657,0.00,3.04,0.00,1.47,0.00,1.00,1.00,999.00,0.00,12.29,48.63,54.99,0.00,0.00,-0.58,0.08,1.00,10.00,0.00
126757.00,1970-01-01 00:02:06.757,0.00,3.04,0.00,1.47,0.00,1.00,1.00,999.00,0.00,12.17,48.62,55.04,0.00,0.00,-0.55,0.08,1.00,10.00,0.00
126937.00,1970-01-01 00:02:06.937,0.00,3.04,0.00,1.47,0.00,1.00,1.00,999.00,0.00,12.30,48.62,55.04,0.00,0.00,-0.51,0.08,1.00,10.00,0.00
127066.00,1970-01-01 00:02:07.066,0.00,3.04,0.00,1.47,0.00,1.00,1.00,999.00,0.00,12.32,48.61,54.98,0.00,0.00,-0.56,0.08,1.00,10.00,0.00
127203.00,1970-01-01 00:02:07.203,0.00,3.04,0.00,1.47,0.00,1.00,1.00,999.00,0.00,12.17,48.61,54.98,0.00,0.00,-0.61,0.07,1.00,10.00,0.00
127303.00,1970-01-01 00:02:07.303,0.00,3.04,0.00,1.47,0.00,1.00,1.00,999.00,0.00,12.28,48.61,54.98,0.00,0.00,-0.57,0.08,1.00,10.00,0.00
127471.00,1970-01-01 00:02:07.471,0.00,3.04,0.00,1.47,0.00,1.00,1.00,999.00,0.00,12.32,48.57,54.93,0.00,0.00,-0.56,0.08,1.00,10.00,0.00
127571.00,1970-01-01 00:02:07.571,0.00,3.04,0.00,1.47,0.00,1.00,1.00,999.00,0.00,12.20,48.57,54.93,0.00,0.00,-0.55,0.08,1.00,10.00,0.00
127671.00,1970-01-01 00:02:07.671,0.00,3.04,0.00,1.47,0.00,1.00,1.00,999.00,0.00,12.29,48.55,54.98,0.00,0.00,-0.58,0.08,1.00,10.00,0.00
127803.00,1970-01-01 00:02:07.803,0.00,3.04,0.00,1.47,0.00,1.00,1.00,999.00,0.00,12.31,48.55,54.98,0.00,0.00,-0.56,0.08,1.00,10.00,0.00
127938.00,1970-01-01 00:02:07.938,0.00,3.04,0.00,1.47,0.00,1.00,1.00,999.00,0.00,12.31,48.57,54.97,0.00,0.00,-0.55,0.07,1.00,10.00,0.00
128141.00,1970-01-01 00:02:08.141,0.00,3.04,0.00,1.47,0.00,1.00,1.00,999.00,0.00,12.33,48.57,54.97,0.00,0.00,-0.54,0.08,1.00,10.00,0.00
128298.00,1970-01-01 00:02:08.298,0.00,3.04,0.00,1.47,0.00,1.00,1.00,999.00,0.00,12.32,48.61,54.93,0.00,0.00,-0.51,0.07,1.00,10.00,0.00
128473.00,1970-01-01 00:02:08.473,0.00,3.04,0.00,1.47,0.00,1.00,1.00,999.00,0.00,12.15,48.61,54.93,0.00,0.00,-0.51,0.07,1.00,10.00,0.00
128672.00,1970-01-01 00:02:08.672,0.00,3.04,0.00,1.47,0.00,1.00,1.00,999.00,0.00,12.32,48.53,54.97,0.00,0.00,-0.57,0.08,1.00,10.00,0.00
128830.00,1970-01-01 00:02:08.830,0.00,3.04,0.00,1.47,0.00,1.00,1.00,999.00,0.00,12.28,48.57,54.95,0.00,0.00,-0.53,0.08,1.00,10.00,0.00
128930.00,1970-01-01 00:02:08.930,0.00,3.04,0.00,1.47,0.00,1.00,1.00,999.00,0.00,12.32,48.57,54.95,0.00,0.00,-0.55,0.08,1.00,10.00,0.00
129030.00,1970-01-01 00:02:09.030,0.00,3.04,0.00,1.47,0.00,1.00,1.00,999.00,0.00,12.18,48.57,54.95,0.00,0.00,-0.57,0.08,1.00,10.00,0.00
129205.00,1970-01-01 00:02:09.205,0.00,3.04,0.00,1.47,0.00,1.00,1.00,999.00,0.00,12.30,48.59,54.95,0.00,0.00,-0.57,0.08,1.00,10.00,0.00
129344.00,1970-01-01 00:02:09.344,0.00,3.04,0.00,1.47,0.00,1.00,1.00,999.00,0.00,12.28,48.57,54.91,0.00,0.00,-0.53,0.08,1.00,10.00,0.00
129502.00,1970-01-01 00:02:09.502,0.00,3.04,0.00,1.47,0.00,1.00,1.00,999.00,0.00,12.34,48.57,54.91,0.00,0.00,-0.52,0.07,1.00,10.00,0.00
129642.00,1970-01-01 00:02:09.642,0.00,3.04,0.00,1.47,0.00,1.00,1.00,999.00,0.00,12.30,48.52,54.92,0.00,0.00,-0.55,0.08,1.00,10.00,0.00
129832.00,1970-01-01 00:02:09.832,0.00,3.04,0.00,1.47,0.00,1.00,1.00,999.00,0.00,12.15,48.52,54.92,0.00,0.00,-0.53,0.08,1.00,10.00,0.00
129932.00,1970-01-01 00:02:09.932,0.00,3.04,0.00,1.47,0.00,1.00,1.00,999.00,0.00,12.31,48.57,55.00,0.00,0.00,-0.61,0.08,1.00,10.00,0.00
130032.00,1970-01-01 00:02:10.032,0.00,3.04,0.00,1.47,0.00,1.00,1.00,999.00,0.00,12.29,48.57,55.00,0.00,0.00,-0.53,0.07,1.00,10.00,0.00
130207.00,1970-01-01 00:02:10.207,0.00,3.04,0.00,1.47,0.00,1.00,1.00,999.00,0.00,12.17,48.55,54.81,0.00,0.00,-0.58,0.08,1.00,10.00,0.00
130376.00,1970-01-01 00:02:10.376,0.00,3.04,0.00,1.47,0.00,1.00,1.00,999.00,0.00,12.15,48.55,54.81,0.00,0.00,-0.56,0.07,1.00,10.00,0.00
130476.00,1970-01-01 00:02:10.476,0.00,3.04,0.00,1.47,0.00,1.00,1.00,999.00,0.00,12.17,48.53,54.82,0.00,0.00,-0.55,0.08,1.00,10.00,0.00
130607.00,1970-01-01 00:02:10.607,0.00,3.04,0.00,1.47,0.00,1.00,1.00,999.00,0.00,12.29,48.53,54.82,0.00,0.00,-0.59,0.08,1.00,10.00,0.00
130751.00,1970-01-01 00:02:10.751,0.00,3.04,0.00,1.47,0.00,1.00,1.00,999.00,0.00,12.28,48.55,54.79,0.00,0.00,-0.57,0.08,1.00,10.00,0.00
130851.00,1970-01-01 00:02:10.851,0.00,3.04,0.00,1.47,0.00,1.00,1.00,999.00,0.00,12.28,48.55,54.79,0.00,0.00,-0.56,0.07,1.00,10.00,0.00
130951.00,1970-01-01 00:02:10.951,0.00,3.04,0.00,1.47,0.00,1.00,1.00,999.00,0.00,12.20,48.55,54.79,0.00,0.00,-0.60,0.08,1.00,10.00,0.00
131115.00,1970-01-01 00:02:11.115,0.00,3.04,0.00,1.47,0.00,1.00,1.00,999.00,0.00,12.16,48.51,54.95,0.00,0.00,-0.58,0.08,1.00,10.00,0.00
131302.00,1970-01-01 00:02:11.302,0.00,3.04,0.00,1.47,0.00,1.00,1.00,999.00,0.00,12.34,48.51,54.95,0.00,0.00,-0.61,0.08,1.00,10.00,0.00
131471.00,1970-01-01 00:02:11.471,0.00,3.04,0.00,1.47,0.00,1.00,1.00,999.00,0.00,12.29,48.50,54.88,0.00,0.00,-0.60,0.08,1.00,10.00,0.00
131657.00,1970-01-01 00:02:11.657,0.00,3.04,0.00,1.47,0.00,1.00,1.00,999.00,0.00,12.30,48.50,54.88,0.00,0.00,-0.59,0.08,1.00,10.00,0.00
131782.00,1970-01-01 00:02:11.782,0.00,3.04,0.00,1.47,0.00,1.00,1.00,999.00,0.00,12.28,48.50,54.84,0.00,0.00,-0.57,0.08,1.00,10.00,0.00
131882.00,1970-01-01 00:02:11.882,0.00,3.04,0.00,1.47,0.00,1.00,1.00,999.00,0.00,12.30,48.50,54.84,0.00,0.00,-0.56,0.07,1.00,10.00,0.00
131982.00,1970-01-01 00:02:11.982,0.00,3.04,0.00,1.47,0.00,1.00,1.00,999.00,0.00,12.17,48.50,54.84,0.00,0.00,-0.59,0.08,1.00,10.00,0.00
132094.00,1970-01-01 00:02:12.094,0.00,3.04,0.00,1.47,0.00,1.00,1.00,999.00,0.00,12.30,48.48,54.80,0.00,0.00,-0.57,0.08,1.00,10.00,0.00
132254.00,1970-01-01 00:02:12.254,0.00,3.04,0.00,1.47,0.00,1.00,1.00,999.00,0.00,12.31,48.48,54.80,0.00,0.00,-0.52,0.08,1.00,10.00,0.00
132422.00,1970-01-01 00:02:12.422,0.00,3.04,0.00,1.47,0.00,1.00,1.00,999.00,0.00,12.31,48.46,54.86,0.00,0.00,-0.54,0.08,1.00,10.00,0.00
132598.00,1970-01-01 00:02:12.598,0.00,3.04,0.00,1.47,0.00,1.00,1.00,999.00,0.00,12.32,48.46,54.86,0.00,0.00,-0.58,0.09,1.00,10.00,0.00
132783.00,1970-01-01 00:02:12.783,0.00,3.04,0.00,1.47,0.00,1.00,1.00,999.00,0.00,12.33,48.51,54.82,0.00,0.00,-0.57,0.08,1.00,10.00,0.00
132984.00,1970-01-01 00:02:12.984,0.00,3.04,0.00,1.47,0.00,1.00,1.00,999.00,0.00,12.17,48.51,54.82,0.00,0.00,-0.58,0.07,1.00,10.00,0.00
133139.00,1970-01-01 00:02:13.139,0.00,3.04,0.00,1.47,0.00,1.00,1.00,999.00,0.00,12.32,48.46,54.79,0.00,0.00,-0.55,0.08,1.00,10.00,0.00
133334.00,1970-01-01 00:02:13.334,0.00,3.04,0.00,1.47,0.00,1.00,1.00,999.00,0.00,12.31,48.46,54.79,0.00,0.00,-0.58,0.08,1.00,10.00,0.00
133434.00,1970-01-01 00:02:13.434,0.00,3.04,0.00,1.47,0.00,1.00,1.00,999.00,0.00,12.17,48.48,54.73,0.00,0.00,-0.53,0.08,1.00,10.00,0.00
133549.00,1970-01-01 00:02:13.549,0.00,3.04,0.00,1.47,0.00,1.00,1.00,999.00,0.00,12.18,48.48,54.73,0.00,0.00,-0.57,0.08,1.00,10.00,0.00
133710.00,1970-01-01 00:02:13.710,0.00,3.04,0.00,1.47,0.00,1.00,1.00,999.00,0.00,12.30,48.45,54.81,0.00,0.00,-0.61,0.08,1.00,10.00,0.00
133895.00,1970-01-01 00:02:13.895,0.00,3.04,0.00,1.47,0.00,1.00,1.00,999.00,0.00,12.32,48.45,54.81,0.00,0.00,-0.56,0.08,1.00,10.00,0.00
134061.00,1970-01-01 00:02:14.061,0.00,3.04,0.00,1.47,0.00,1.00,1.00,999.00,0.00,12.20,48.48,54.77,0.00,0.00,-0.56,0.08,1.00,10.00,0.00
134236.00,1970-01-01 00:02:14.236,0.00,3.04,0.00,1.47,0.00,1.00,1.00,999.00,0.00,12.19,48.48,54.77,0.00,0.00,-0.55,0.08,1.00,10.00,0.00
134392.00,1970-01-01 00:02:14.392,0.00,3.04,0.00,1.47,0.00,1.00,1.00,999.00,0.00,12.31,48.46,54.80,0.00,0.00,-0.61,0.08,1.00,10.00,0.00
134551.00,1970-01-01 00:02:14.551,0.00,3.04,0.00,1.47,0.00,1.00,1.00,999.00,0.00,12.32,48.46,54.80,0.00,0.00,-0.59,0.07,1.00,10.00,0.00
134651.00,1970-01-01 00:02:14.651,0.00,3.04,0.00,1.47,0.00,1.00,1.00,999.00,0.00,12.15,48.51,54.82,0.00,0.00,-0.54,0.08,1.00,10.00,0.00
134767.00,1970-01-01 00:02:14.767,0.00,3.04,0.00,1.47,0.00,1.00,1.00,999.00,0.00,12.16,48.51,54.82,0.00,0.00,-0.56,0.09,1.00,10.00,0.00
134939.00,1970-01-01 00:02:14.939,0.00,3.04,0.00,1.47,0.00,1.00,1.00,999.00,0.00,12.19,48.44,54.77,0.00,0.00,-0.56,0.08,1.00,10.00,0.00
135127.00,1970-01-01 00:02:15.127,0.00,3.04,0.00,1.47,0.00,1.00,1.00,999.00,0.00,12.28,48.44,54.77,0.00,0.00,-0.57,0.08,1.00,10.00,0.00
135298.00,1970-01-01 00:02:15.298,0.00,3.04,0.00,1.47,0.00,1.00,1.00,999.00,0.00,12.30,48.53,54.75,0.00,0.00,-0.56,0.07,1.00,10.00,0.00
135421.00,1970-01-01 00:02:15.421,0.00,3.04,0.00,1.47,0.00,1.00,1.00,999.00,0.00,12.34,48.53,54.75,0.00,0.00,-0.61,0.08,1.00,10.00,0.00
135549.00,1970-01-01 00:02:15.549,0.00,3.04,0.00,1.47,0.00,1.00,1.00,999.00,0.00,12.28,48.44,54.74,0.00,0.00,-0.57,0.07,1.00,10.00,0.00
135672.00,1970-01-01 00:02:15.672,0.00,3.04,0.00,1.47,0.00,1.00,1.00,999.00,0.00,12.30,48.44,54.74,0.00,0.00,-0.51,0.08,1.00,10.00,0.00
135797.00,1970-01-01 00:02:15.797,0.00,3.04,0.00,1.47,0.00,1.00,1.00,999.00,0.00,12.32,48.44,54.74,0.00,0.00,-0.55,0.08,1.00,10.00,0.00
135897.00,1970-01-01 00:02:15.897,0.00,3.04,0.00,1.47,0.00,1.00,1.00,999.00,0.00,12.32,48.45,54.68,0.00,0.00,-0.57,0.08,1.00,10.00,0.00
136079.00,1970-01-01 00:02:16.079,0.00,3.04,0.00,1.47,0.00,1.00,1.00,999.00,0.00,12.15,48.48,54.75,0.00,0.00,-0.57,0.08,1.00,10.00,0.00
136207.00,1970-01-01 00:02:16.207,0.00,3.04,0.00,1.47,0.00,1.00,1.00,999.00,0.00,12.32,48.48,54.75,0.00,0.00,-0.59,0.08,1.00,10.00,0.00
136344.00,1970-01-01 00:02:16.344,0.00,3.04,0.00,1.47,0.00,1.00,1.00,999.00,0.00,12.29,48.48,54.75,0.00,0.00,-0.53,0.08,1.00,10.00,0.00
136469.00,1970-01-01 00:02:16.469,0.00,3.04,0.00,1.47,0.00,1.00,1.00,999.00,0.00,12.19,48.48,54.75,0.00,0.00,-0.56,0.08,1.00,10.00,0.00
136594.00,1970-01-01 00:02:16.594,0.00,3.04,0.00,1.47,0.00,1.00,1.00,999.00,0.00,12.28,48.39,54.70,0.00,0.00,-0.57,0.08,1.00,10.00,0.00
136716.00,1970-01-01 00:02:16.716,0.00,3.04,0.00,1.47,0.00,1.00,1.00,999.00,0.00,12.31,48.39,54.70,0.00,0.00,-0.57,0.08,1.00,10.00,0.00
136844.00,1970-01-01 00:02:16.844,0.00,3.04,0.00,1.47,0.00,1.00,1.00,999.00,0.00,12.30,48.41,54.73,0.00,0.00,-0.55,0.07,1.00,10.00,0.00
136944.00,1970-01-01 00:02:16.944,0.00,3.04,0.00,1.47,0.00,1.00,1.00,999.00,0.00,12.14,48.41,54.73,0.00,0.00,-0.57,0.07,1.00,10.00,0.00
137129.00,1970-01-01 00:02:17.129,0.00,3.04,0.00,1.47,0.00,1.00,1.00,999.00,0.00,12.33,48.45,54.72,0.00,0.00,-0.60,0.08,1.00,10.00,0.00
137332.00,1970-01-01 00:02:17.332,0.00,3.04,0.00,1.47,0.00,1.00,1.00,999.00,0.00,12.19,48.45,54.72,0.00,0.00,-0.57,0.07,1.00,10.00,0.00
137503.00,1970-01-01 00:02:17.503,0.00,3.04,0.00,1.47,0.00,1.00,1.00,999.00,0.00,12.15,48.33,54.63,0.00,0.00,-0.56,0.08,1.00,10.00,0.00
137639.00,1970-01-01 00:02:17.639,0.00,3.04,0.00,1.47,0.00,1.00,1.00,999.00,0.00,12.32,48.33,54.63,0.00,0.00,-0.61,0.07,1.00,10.00,0.00
137841.00,1970-01-01 00:02:17.841,0.00,3.04,0.00,1.47,0.00,1.00,1.00,999.00,0.00,12.32,48.41,54.68,0.00,0.00,-0.56,0.07,1.00,10.00,0.00
137986.00,1970-01-01 00:02:17.986,0.00,3.04,0.00,1.47,0.00,1.00,1.00,999.00,0.00,12.30,48.39,54.59,0.00,0.00,-0.59,0.08,1.00,10.00,0.00
138125.00,1970-01-01 00:02:18.125,0.00,3.04,0.00,1.47,0.00,1.00,1.00,999.00,0.00,12.28,48.39,54.59,0.00,0.00,-0.57,0.08,1.00,10.00,0.00
138269.00,1970-01-01 00:02:18.269,0.00,3.04,0.00,1.47,0.00,1.00,1.00,999.00,0.00,12.29,48.37,54.55,0.00,0.00,-0.56,0.08,1.00,10.00,0.00
138369.00,1970-01-01 00:02:18.369,0.00,3.04,0.00,1.47,0.00,1.00,1.00,999.00,0.00,12.31,48.37,54.55,0.00,0.00,-0.56,0.08,1.00,10.00,0.00
138499.00,1970-01-01 00:02:18.499,0.00,3.04,0.00,1.47,0.00,1.00,1.00,999.00,0.00,12.28,48.37,54.55,0.00,0.00,-0.59,0.08,1.00,10.00,0.00
138672.00,1970-01-01 00:02:18.672,0.00,3.04,0.00,1.47,0.00,1.00,1.00,999.00,0.00,12.34,48.32,54.66,0.00,0.00,-0.59,0.08,1.00,10.00,0.00
138823.00,1970-01-01 00:02:18.823,0.00,3.04,0.00,1.47,0.00,1.00,1.00,999.00,0.00,12.29,48.34,54.54,0.00,0.00,-0.59,0.08,1.00,10.00,0.00
138983.00,1970-01-01 00:02:18.983,0.00,3.04,0.00,1.47,0.00,1.00,1.00,999.00,0.00,12.33,48.34,54.54,0.00,0.00,-0.57,0.08,1.00,10.00,0.00
139157.00,1970-01-01 00:02:19.157,0.00,3.04,0.00,1.47,0.00,1.00,1.00,999.00,0.00,12.31,48.39,54.63,0.00,0.00,-0.57,0.08,1.00,10.00,0.00
139318.00,1970-01-01 00:02:19.318,0.00,3.04,0.00,1.47,0.00,1.00,1.00,999.00,0.00,12.32,48.39,54.63,0.00,0.00,-0.57,0.08,1.00,10.00,0.00
139468.00,1970-01-01 00:02:19.468,0.00,3.04,0.00,1.47,0.00,1.00,1.00,999.00,0.00,12.15,48.37,54.66,0.00,0.00,-0.56,0.07,1.00,10.00,0.00
139568.00,1970-01-01 00:02:19.568,0.00,3.04,0.00,1.47,0.00,1.00,1.00,999.00,0.00,12.31,48.37,54.66,0.00,0.00,-0.56,0.08,1.00,10.00,0.00
139673.00,1970-01-01 00:02:19.673,0.00,3.04,0.00,1.47,0.00,1.00,1.00,999.00,0.00,12.31,48.37,54.66,0.00,0.00,-0.57,0.08,1.00,10.00,0.00
139834.00,1970-01-01 00:02:19.834,0.00,3.04,0.00,1.47,0.00,1.00,1.00,999.00,0.00,12.31,48.43,54.56,0.00,0.00,-0.57,0.07,1.00,10.00,0.00
139998.00,1970-01-01 00:02:19.998,0.00,3.04,0.00,1.47,0.00,1.00,1.00,999.00,0.00,12.32,48.43,54.56,0.00,0.00,-0.57,0.08,1.00,10.00,0.00
140175.00,1970-01-01 00:02:20.175,0.00,3.04,0.00,1.47,0.00,1.00,1.00,999.00,0.00,12.33,48.48,54.62,0.00,0.00,-0.57,0.08,1.00,10.00,0.00
140346.00,1970-01-01 00:02:20.346,0.00,3.04,0.00,1.47,0.00,1.00,1.00,999.00,0.00,12.28,48.48,54.62,0.00,0.00,-0.57,0.08,1.00,10.00,0.00
140518.00,1970-01-01 00:02:20.518,0.00,3.04,0.00,1.47,0.00,1.00,1.00,999.00,0.00,12.28,48.30,54.54,0.00,0.00,-0.57,0.08,1.00,10.00,0.00
140645.00,1970-01-01 00:02:20.645,0.00,3.04,0.00,1.47,0.00,1.00,1.00,999.00,0.00,12.28,48.30,54.54,0.00,0.00,-0.51,0.07,1.00,10.00,0.00
140764.00,1970-01-01 00:02:20.764,0.00,3.04,0.00,1.47,0.00,1.00,1.00,999.00,0.00,12.32,48.30,54.54,0.00,0.00,-0.55,0.07,1.00,10.00,0.00
140938.00,1970-01-01 00:02:20.938,0.00,3.04,0.00,1.47,0.00,1.00,1.00,999.00,0.00,12.16,48.26,54.52,0.00,0.00,-0.56,0.07,1.00,10.00,0.00
141038.00,1970-01-01 00:02:21.038,0.00,3.04,0.00,1.47,0.00,1.00,1.00,999.00,0.00,12.32,48.30,54.45,0.00,0.00,-0.57,0.07,1.00,10.00,0.00
141145.00,1970-01-01 00:02:21.145,0.00,3.04,0.00,1.47,0.00,1.00,1.00,999.00,0.00,12.15,48.30,54.45,0.00,0.00,-0.53,0.07,1.00,10.00,0.00
141313.00,1970-01-01 00:02:21.313,0.00,3.04,0.00,1.47,0.00,1.00,1.00,999.00,0.00,12.28,48.37,54.50,0.00,0.00,-0.53,0.08,1.00,10.00,0.00
141459.00,1970-01-01 00:02:21.459,0.00,3.04,0.00,1.47,0.00,1.00,1.00,999.00,0.00,12.30,48.37,54.50,0.00,0.00,-0.56,0.08,1.00,10.00,0.00
141559.00,1970-01-01 00:02:21.559,0.00,3.04,0.00,1.47,0.00,1.00,1.00,999.00,0.00,12.33,48.37,54.50,0.00,0.00,-0.57,0.08,1.00,10.00,0.00
141670.00,1970-01-01 00:02:21.670,0.00,3.04,0.00,1.47,0.00,1.00,1.00,999.00,0.00,12.33,48.39,54.49,0.00,0.00,-0.51,0.08,1.00,10.00,0.00
141830.00,1970-01-01 00:02:21.830,0.00,3.04,0.00,1.47,0.00,1.00,1.00,999.00,0.00,12.19,48.39,54.49,0.00,0.00,-0.53,0.08,1.00,10.00,0.00
141987.00,1970-01-01 00:02:21.987,0.00,3.04,0.00,1.47,0.00,1.00,1.00,999.00,0.00,12.31,48.36,54.41,0.00,0.00,-0.57,0.07,1.00,10.00,0.00
142159.00,1970-01-01 00:02:22.159,0.00,3.04,0.00,1.47,0.00,1.00,1.00,999.00,0.00,12.18,48.36,54.41,0.00,0.00,-0.56,0.08,1.00,10.00,0.00
142259.00,1970-01-01 00:02:22.259,0.00,3.04,0.00,1.47,0.00,1.00,1.00,999.00,0.00,12.30,48.28,54.50,0.00,0.00,-0.58,0.07,1.00,10.00,0.00
142439.00,1970-01-01 00:02:22.439,0.00,3.04,0.00,1.47,0.00,1.00,1.00,999.00,0.00,12.32,48.28,54.50,0.00,0.00,-0.60,0.08,1.00,10.00,0.00
142596.00,1970-01-01 00:02:22.596,0.00,3.04,0.00,1.47,0.00,1.00,1.00,999.00,0.00,12.29,48.30,54.50,0.00,0.00,-0.57,0.07,1.00,10.00,0.00
142755.00,1970-01-01 00:02:22.755,0.00,3.04,0.00,1.47,0.00,1.00,1.00,999.00,0.00,12.19,48.30,54.50,0.00,0.00,-0.57,0.08,1.00,10.00,0.00
142922.00,1970-01-01 00:02:22.922,0.00,3.04,0.00,1.47,0.00,1.00,1.00,999.00,0.00,12.28,48.32,54.40,0.00,0.00,-0.57,0.07,1.00,10.00,0.00
143101.00,1970-01-01 00:02:23.101,0.00,3.04,0.00,1.47,0.00,1.00,1.00,999.00,0.00,12.33,48.32,54.40,0.00,0.00,-0.57,0.07,1.00,10.00,0.00
143285.00,1970-01-01 00:02:23.285,0.00,3.04,0.00,1.47,0.00,1.00,1.00,999.00,0.00,12.18,48.27,54.45,0.00,0.00,-0.59,0.08,1.00,10.00,0.00
143457.00,1970-01-01 00:02:23.457,0.00,3.04,0.00,1.47,0.00,1.00,1.00,999.00,0.00,12.32,48.27,54.45,0.00,0.00,-0.57,0.08,1.00,10.00,0.00
143645.00,1970-01-01 00:02:23.645,0.00,3.04,0.00,1.47,0.00,1.00,1.00,999.00,0.00,12.14,48.32,54.42,0.00,0.00,-0.60,0.07,1.00,10.00,0.00
143745.00,1970-01-01 00:02:23.745,0.00,3.04,0.00,1.47,0.00,1.00,1.00,999.00,0.00,12.32,48.32,54.42,0.00,0.00,-0.52,0.08,1.00,10.00,0.00
143877.00,1970-01-01 00:02:23.877,0.00,3.04,0.00,1.47,0.00,1.00,1.00,999.00,0.00,12.30,48.32,54.42,0.00,0.00,-0.53,0.08,1.00,10.00,0.00
144017.00,1970-01-01 00:02:24.017,0.00,3.04,0.00,1.47,0.00,1.00,1.00,999.00,0.00,12.33,48.34,54.42,0.00,0.00,-0.56,0.08,1.00,10.00,0.00
144192.00,1970-01-01 00:02:24.192,0.00,3.04,0.00,1.47,0.00,1.00,1.00,999.00,0.00,12.33,48.34,54.52,0.00,0.00,-0.56,0.08,1.00,10.00,0.00
144331.00,1970-01-01 00:02:24.331,0.00,3.04,0.00,1.47,0.00,1.00,1.00,999.00,0.00,12.31,48.34,54.52,0.00,0.00,-0.61,0.07,1.00,10.00,0.00
144467.00,1970-01-01 00:02:24.467,0.00,3.04,0.00,1.47,0.00,1.00,1.00,999.00,0.00,12.19,48.28,54.42,0.00,0.00,-0.57,0.08,1.00,10.00,0.00
144617.00,1970-01-01 00:02:24.617,0.00,3.04,0.00,1.47,0.00,1.00,1.00,999.00,0.00,12.28,48.28,54.42,0.00,0.00,-0.57,0.08,1.00,10.00,0.00
144799.00,1970-01-01 00:02:24.799,0.00,3.04,0.00,1.47,0.00,1.00,1.00,999.00,0.00,12.33,48.26,54.40,0.00,0.00,-0.57,0.08,1.00,10.00,0.00
144899.00,1970-01-01 00:02:24.899,0.00,3.04,0.00,1.47,0.00,1.00,1.00,999.00,0.00,12.32,48.26,54.40,0.00,0.00,-0.56,0.07,1.00,10.00,0.00
145033.00,1970-01-01 00:02:25.033,0.00,3.04,0.00,1.47,0.00,1.00,1.00,999.00,0.00,12.31,48.26,54.40,0.00,0.00,-0.55,0.08,1.00,10.00,0.00
145208.00,1970-01-01 00:02:25.208,0.00,3.04,0.00,1.47,0.00,1.00,1.00,999.00,0.00,12.16,48.30,54.45,0.00,0.00,-0.56,0.08,1.00,10.00,0.00
145384.00,1970-01-01 00:02:25.384,0.00,3.04,0.00,1.47,0.00,1.00,1.00,999.00,0.00,12.19,48.36,54.41,0.00,0.00,-0.56,0.08,1.00,10.00,0.00
145565.00,1970-01-01 00:02:25.565,0.00,3.04,0.00,1.47,0.00,1.00,1.00,999.00,0.00,12.32,48.36,54.41,0.00,0.00,-0.57,0.08,1.00,10.00,0.00
145735.00,1970-01-01 00:02:25.735,0.00,3.04,0.00,1.47,0.00,1.00,1.00,999.00,0.00,12.33,48.39,54.48,0.00,0.00,-0.55,0.08,1.00,10.00,0.00
145908.00,1970-01-01 00:02:25.908,0.00,3.04,0.00,1.47,0.00,1.00,1.00,999.00,0.00,12.19,48.39,54.48,0.00,0.00,-0.57,0.07,1.00,10.00,0.00
146084.00,1970-01-01 00:02:26.084,0.00,3.04,0.00,1.47,0.00,1.00,1.00,999.00,0.00,12.30,48.34,54.45,0.00,0.00,-0.56,0.07,1.00,10.00,0.00
146184.00,1970-01-01 00:02:26.184,0.00,3.04,0.00,1.47,0.00,1.00,1.00,999.00,0.00,12.28,48.34,54.45,0.00,0.00,-0.57,0.08,1.00,10.00,0.00
146332.00,1970-01-01 00:02:26.332,0.00,3.04,0.00,1.47,0.00,1.00,1.00,999.00,0.00,12.32,48.34,54.45,0.00,0.00,-0.56,0.08,1.00,10.00,0.00
146454.00,1970-01-01 00:02:26.454,0.00,3.04,0.00,1.47,0.00,1.00,1.00,999.00,0.00,12.33,48.41,54.45,0.00,0.00,-0.53,0.08,1.00,10.00,0.00
146640.00,1970-01-01 00:02:26.640,0.00,3.04,0.00,1.47,0.00,1.00,1.00,999.00,0.00,12.30,48.41,54.45,0.00,0.00,-0.53,0.08,1.00,10.00,0.00
146799.00,1970-01-01 00:02:26.799,0.00,3.04,0.00,1.47,0.00,1.00,1.00,999.00,0.00,12.32,48.33,54.45,0.00,0.00,-0.53,0.08,1.00,10.00,0.00
146923.00,1970-01-01 00:02:26.923,0.00,3.04,0.00,1.47,0.00,1.00,1.00,999.00,0.00,12.28,48.33,54.45,0.00,0.00,-0.56,0.07,1.00,10.00,0.00
147094.00,1970-01-01 00:02:27.094,0.00,3.04,0.00,1.47,0.00,1.00,1.00,999.00,0.00,12.33,48.45,54.50,0.00,0.00,-0.56,0.08,1.00,10.00,0.00
147266.00,1970-01-01 00:02:27.266,0.00,3.04,0.00,1.47,0.00,1.00,1.00,999.00,0.00,12.28,48.45,54.50,0.00,0.00,-0.60,0.07,1.00,10.00,0.00
147441.00,1970-01-01 00:02:27.441,0.00,3.04,0.00,1.47,0.00,1.00,1.00,999.00,0.00,12.29,48.44,54.47,0.00,0.00,-0.55,0.08,1.00,10.00,0.00
147541.00,1970-01-01 00:02:27.541,0.00,3.04,0.00,1.47,0.00,1.00,1.00,999.00,0.00,12.29,48.44,54.47,0.00,0.00,-0.56,0.07,1.00,10.00,0.00
147641.00,1970-01-01 00:02:27.641,0.00,3.04,0.00,1.47,0.00,1.00,1.00,999.00,0.00,12.19,48.44,54.47,0.00,0.00,-0.55,0.08,1.00,10.00,0.00
147741.00,1970-01-01 00:02:27.741,0.00,3.04,0.00,1.47,0.00,1.00,1.00,999.00,0.00,12.28,48.39,54.43,0.00,0.00,-0.57,0.08,1.00,10.00,0.00
147846.00,1970-01-01 00:02:27.846,0.00,3.04,0.00,1.47,0.00,1.00,1.00,999.00,0.00,12.20,48.39,54.43,0.00,0.00,-0.52,0.08,1.00,10.00,0.00
148050.00,1970-01-01 00:02:28.050,0.00,3.04,0.00,1.47,0.00,1.00,1.00,999.00,0.00,12.31,48.36,54.47,0.00,0.00,-0.56,0.08,1.00,10.00,0.00
148188.00,1970-01-01 00:02:28.188,0.00,3.04,0.00,1.47,0.00,1.00,1.00,999.00,0.00,12.28,48.36,54.47,0.00,0.00,-0.51,0.07,1.00,10.00,0.00
148365.00,1970-01-01 00:02:28.365,0.00,3.04,0.00,1.47,0.00,1.00,1.00,999.00,0.00,12.28,48.41,54.47,0.00,0.00,-0.50,0.08,1.00,10.00,0.00
148465.00,1970-01-01 00:02:28.465,0.00,3.04,0.00,1.47,0.00,1.00,1.00,999.00,0.00,12.16,48.41,54.47,0.00,0.00,-0.55,0.07,1.00,10.00,0.00
148565.00,1970-01-01 00:02:28.565,0.00,3.04,0.00,1.47,0.00,1.00,1.00,999.00,0.00,12.30,48.41,54.47,0.00,0.00,-0.55,0.08,1.00,10.00,0.00
148674.00,1970-01-01 00:02:28.674,0.00,3.04,0.00,1.47,0.00,1.00,1.00,999.00,0.00,12.30,48.39,54.42,0.00,0.00,-0.56,0.08,1.00,10.00,0.00
148843.00,1970-01-01 00:02:28.843,0.00,3.04,0.00,1.47,0.00,1.00,1.00,999.00,0.00,12.31,48.39,54.42,0.00,0.00,-0.55,0.08,1.00,10.00,0.00
149017.00,1970-01-01 00:02:29.017,0.00,3.04,0.00,1.47,0.00,1.00,1.00,999.00,0.00,12.16,48.41,54.48,0.00,0.00,-0.54,0.08,1.00,10.00,0.00
149117.00,1970-01-01 00:02:29.117,0.00,3.04,0.00,1.47,0.00,1.00,1.00,999.00,0.00,12.30,48.41,54.48,0.00,0.00,-0.59,0.07,1.00,10.00,0.00
149268.00,1970-01-01 00:02:29.268,0.00,3.04,0.00,1.47,0.00,1.00,1.00,999.00,0.00,12.33,48.36,54.41,0.00,0.00,-0.57,0.08,1.00,10.00,0.00
149437.00,1970-01-01 00:02:29.437,0.00,3.04,0.00,1.47,0.00,1.00,1.00,999.00,0.00,12.28,48.36,54.41,0.00,0.00,-0.57,0.07,1.00,10.00,0.00
149537.00,1970-01-01 00:02:29.537,0.00,3.04,0.00,1.47,0.00,1.00,1.00,999.00,0.00,12.33,48.39,54.40,0.00,0.00,-0.54,0.07,1.00,10.00,0.00
149685.00,1970-01-01 00:02:29.685,0.00,3.04,0.00,1.47,0.00,1.00,1.00,999.00,0.00,12.18,48.39,54.40,0.00,0.00,-0.55,0.07,1.00,10.00,0.00
149813.00,1970-01-01 00:02:29.813,0.00,3.04,0.00,1.47,0.00,1.00,1.00,999.00,0.00,12.31,48.46,54.48,0.00,0.00,-0.61,0.07,1.00,10.00,0.00
149954.00,1970-01-01 00:02:29.954,0.00,3.04,0.00,1.47,0.00,1.00,1.00,999.00,0.00,12.14,48.46,54.48,0.00,0.00,-0.57,0.08,1.00,10.00,0.00
150082.00,1970-01-01 00:02:30.082,0.00,3.04,0.00,1.47,0.00,1.00,1.00,999.00,0.00,12.17,48.41,54.43,0.00,0.00,-0.51,0.08,1.00,10.00,0.00
150236.00,1970-01-01 00:02:30.236,0.00,3.04,0.00,1.47,0.00,1.00,1.00,999.00,0.00,12.28,48.41,54.43,0.00,0.00,-0.53,0.07,1.00,10.00,0.00
150375.00,1970-01-01 00:02:30.375,0.00,3.04,0.00,1.47,0.00,1.00,1.00,999.00,0.00,12.16,48.44,54.52,0.00,0.00,-0.54,0.08,1.00,10.00,0.00
150475.00,1970-01-01 00:02:30.475,0.00,3.04,0.00,1.47,0.00,1.00,1.00,999.00,0.00,12.33,48.44,54.52,0.00,0.00,-0.57,0.08,1.00,10.00,0.00
150575.00,1970-01-01 00:02:30.575,0.00,3.04,0.00,1.47,0.00,1.00,1.00,999.00,0.00,12.28,48.44,54.52,0.00,0.00,-0.53,0.07,1.00,10.00,0.00
150675.00,1970-01-01 00:02:30.675,0.00,3.04,0.00,1.47,0.00,1.00,1.00,999.00,0.00,12.19,48.41,54.42,0.00,0.00,-0.59,0.07,1.00,10.00,0.00
150775.00,1970-01-01 00:02:30.775,0.00,3.04,0.00,1.47,0.00,1.00,1.00,999.00,0.00,12.29,48.41,54.42,0.00,0.00,-0.57,0.07,1.00,10.00,0.00
150922.00,1970-01-01 00:02:30.922,0.00,3.04,0.00,1.47,0.00,1.00,1.00,999.00,0.00,12.19,48.39,54.40,0.00,0.00,-0.52,0.07,1.00,10.00,0.00
151082.00,1970-01-01 00:02:31.082,0.00,3.04,0.00,1.47,0.00,1.00,1.00,999.00,0.00,12.16,48.39,54.40,0.00,0.00,-0.53,0.08,1.00,10.00,0.00
151251.00,1970-01-01 00:02:31.251,0.00,3.04,0.00,1.47,0.00,1.00,1.00,999.00,0.00,12.15,48.39,54.45,0.00,0.00,-0.54,0.08,1.00,10.00,0.00
151436.00,1970-01-01 00:02:31.436,0.00,3.04,0.00,1.47,0.00,1.00,1.00,999.00,0.00,12.29,48.39,54.45,0.00,0.00,-0.53,0.08,1.00,10.00,0.00
151596.00,1970-01-01 00:02:31.596,0.00,3.04,0.00,1.47,0.00,1.00,1.00,999.00,0.00,12.28,48.33,54.41,0.00,0.00,-0.54,0.08,1.00,10.00,0.00
151696.00,1970-01-01 00:02:31.696,0.00,3.04,0.00,1.47,0.00,1.00,1.00,999.00,0.00,12.28,48.33,54.41,0.00,0.00,-0.60,0.07,1.00,10.00,0.00
151796.00,1970-01-01 00:02:31.796,0.00,3.04,0.00,1.47,0.00,1.00,1.00,999.00,0.00,12.19,48.33,54.41,0.00,0.00,-0.51,0.07,1.00,10.00,0.00
151974.00,1970-01-01 00:02:31.974,0.00,3.04,0.00,1.47,0.00,1.00,1.00,999.00,0.00,12.32,48.43,54.32,0.00,0.00,-0.57,0.07,1.00,10.00,0.00
152161.00,1970-01-01 00:02:32.161,0.00,3.04,0.00,1.47,0.00,1.00,1.00,999.00,0.00,12.32,48.43,54.34,0.00,0.00,-0.56,0.08,1.00,10.00,0.00
152261.00,1970-01-01 00:02:32.261,0.00,3.04,0.00,1.47,0.00,1.00,1.00,999.00,0.00,12.31,48.43,54.34,0.00,0.00,-0.55,0.07,1.00,10.00,0.00
152361.00,1970-01-01 00:02:32.361,0.00,3.04,0.00,1.47,0.00,1.00,1.00,999.00,0.00,12.14,48.43,54.34,0.00,0.00,-0.57,0.07,1.00,10.00,0.00
152499.00,1970-01-01 00:02:32.499,0.00,3.04,0.00,1.47,0.00,1.00,1.00,999.00,0.00,12.32,48.37,54.40,0.00,0.00,-0.56,0.08,1.00,10.00,0.00
152690.00,1970-01-01 00:02:32.690,0.00,3.04,0.00,1.47,0.00,1.00,1.00,999.00,0.00,12.16,48.37,54.40,0.00,0.00,-0.57,0.07,1.00,10.00,0.00
152828.00,1970-01-01 00:02:32.828,0.00,3.04,0.00,1.47,0.00,1.00,1.00,999.00,0.00,12.31,48.46,54.28,0.00,0.00,-0.57,0.06,1.00,10.00,0.00
152928.00,1970-01-01 00:02:32.928,0.00,3.04,0.00,1.47,0.00,1.00,1.00,999.00,0.00,12.33,48.46,54.28,0.00,0.00,-0.56,0.07,1.00,10.00,0.00
153028.00,1970-01-01 00:02:33.028,0.73,3.10,0.00,1.47,0.00,1.00,1.00,999.00,0.00,12.15,48.46,54.28,0.00,0.00,-0.56,0.07,1.00,10.00,0.00
153156.00,1970-01-01 00:02:33.156,0.73,3.10,0.00,1.47,0.00,1.00,1.00,999.00,0.00,12.16,48.41,54.37,0.00,0.00,-0.51,0.07,1.00,10.00,0.00
153329.00,1970-01-01 00:02:33.329,0.73,3.10,0.00,1.47,0.00,1.00,1.00,999.00,0.00,12.31,48.41,54.37,0.00,0.00,-0.52,0.08,1.00,10.00,0.00
153501.00,1970-01-01 00:02:33.501,-0.00,3.10,0.00,1.47,0.00,1.00,1.00,999.00,0.00,12.18,48.44,54.41,0.00,0.00,-0.52,0.08,1.00,10.00,0.00
153671.00,1970-01-01 00:02:33.671,-0.00,3.10,0.00,1.47,0.00,1.00,1.00,999.00,0.00,12.16,48.44,54.41,0.00,0.00,-0.52,0.08,1.00,10.00,0.00
153813.00,1970-01-01 00:02:33.813,0.00,3.10,0.00,1.47,0.00,1.00,1.00,999.00,0.00,12.32,48.44,54.47,0.00,0.00,-0.54,0.07,1.00,10.00,0.00
153913.00,1970-01-01 00:02:33.913,0.00,3.10,0.00,1.47,0.00,1.00,1.00,999.00,0.00,12.17,48.44,54.47,0.00,0.00,-0.59,0.07,1.00,10.00,0.00
154013.00,1970-01-01 00:02:34.013,0.00,3.10,0.00,1.47,0.00,1.00,1.00,999.00,0.00,12.31,48.44,54.47,0.00,0.00,-0.52,0.07,1.00,10.00,0.00
154156.00,1970-01-01 00:02:34.156,0.00,3.10,0.00,1.47,0.00,1.00,1.00,999.00,0.00,12.14,48.52,54.38,0.00,0.00,-0.55,0.08,1.00,10.00,0.00
154296.00,1970-01-01 00:02:34.296,1.02,3.16,0.00,1.47,0.00,1.00,1.00,999.00,0.00,12.18,48.52,54.38,0.00,0.00,-0.56,0.07,1.00,10.00,0.00
154437.00,1970-01-01 00:02:34.437,1.02,3.16,0.00,1.47,0.00,1.00,1.00,999.00,0.00,12.29,48.51,54.45,0.00,0.00,-0.60,0.08,1.00,10.00,0.00
154576.00,1970-01-01 00:02:34.576,1.02,3.16,0.00,1.47,0.00,1.00,1.00,999.00,0.00,12.19,48.51,54.45,0.00,0.00,-0.57,0.08,1.00,10.00,0.00
154720.00,1970-01-01 00:02:34.720,-0.00,3.16,0.00,1.47,0.00,1.00,1.00,999.00,0.00,12.32,48.48,54.45,0.00,0.00,-0.56,0.08,1.00,10.00,0.00
154881.00,1970-01-01 00:02:34.881,0.79,3.22,0.00,1.47,0.00,1.00,1.00,999.00,0.00,12.14,48.48,54.45,0.00,0.00,-0.52,0.07,1.00,10.00,0.00
154981.00,1970-01-01 00:02:34.981,0.79,3.22,0.00,1.47,0.00,1.00,1.00,999.00,0.00,12.27,48.52,54.47,0.00,0.00,-0.56,0.07,1.00,10.00,0.00
155081.00,1970-01-01 00:02:35.081,0.79,3.22,0.00,1.47,0.00,1.00,1.00,999.00,0.00,12.33,48.52,54.47,0.00,0.00,-0.57,0.07,1.00,10.00,0.00
155205.00,1970-01-01 00:02:35.205,-0.00,3.22,0.00,1.47,0.00,1.00,1.00,999.00,0.00,12.32,48.52,54.47,0.00,0.00,-0.52,0.07,1.00,10.00,0.00
155305.00,1970-01-01 00:02:35.305,-0.00,3.22,0.00,1.47,0.00,1.00,1.00,999.00,0.00,12.29,48.59,54.43,0.00,0.00,-0.60,0.07,1.00,10.00,0.00
155437.00,1970-01-01 00:02:35.437,0.75,3.28,0.00,1.47,0.00,1.00,1.00,999.00,0.00,12.14,48.59,54.43,0.00,0.00,-0.57,0.08,1.00,10.00,0.00
155600.00,1970-01-01 00:02:35.600,0.75,3.28,0.00,1.47,0.00,1.00,1.00,999.00,0.00,12.33,48.51,54.50,0.00,0.00,-0.56,0.07,1.00,10.00,0.00
155782.00,1970-01-01 00:02:35.782,0.91,3.34,0.00,1.47,0.00,1.00,1.00,999.00,0.00,12.28,48.51,54.50,0.00,0.00,-0.57,0.08,1.00,10.00,0.00
155882.00,1970-01-01 00:02:35.882,0.91,3.34,0.00,1.47,0.00,1.00,1.00,999.00,0.00,12.28,48.50,54.40,0.00,0.00,-0.53,0.07,1.00,10.00,0.00
155982.00,1970-01-01 00:02:35.982,0.91,3.34,0.00,1.47,0.00,1.00,1.00,999.00,0.00,12.19,48.50,54.40,0.00,0.00,-0.60,0.07,1.00,10.00,0.00
156082.00,1970-01-01 00:02:36.082,0.91,3.34,0.00,1.47,0.00,1.00,1.00,999.00,0.00,12.28,48.50,54.40,0.00,0.00,-0.51,0.07,1.00,10.00,0.00
156221.00,1970-01-01 00:02:36.221,-0.00,3.34,0.00,1.47,0.00,1.00,1.00,999.00,0.00,12.29,48.48,54.45,0.00,0.00,-0.55,0.07,1.00,10.00,0.00
156392.00,1970-01-01 00:02:36.392,-0.00,3.34,0.00,1.47,0.00,1.00,1.00,999.00,0.00,12.29,48.48,54.45,0.00,0.00,-0.54,0.07,1.00,10.00,0.00
156547.00,1970-01-01 00:02:36.547,-0.00,3.34,0.00,1.47,0.00,1.00,1.00,999.00,0.00,12.16,48.52,54.50,0.00,0.00,-0.55,0.08,1.00,10.00,0.00
156706.00,1970-01-01 00:02:36.706,0.54,3.39,0.00,1.47,0.00,1.00,1.00,999.00,0.00,12.29,48.52,54.50,0.00,0.00,-0.56,0.07,1.00,10.00,0.00
156894.00,1970-01-01 00:02:36.894,0.54,3.39,0.00,1.47,0.00,1.00,1.00,999.00,0.00,12.31,48.51,54.47,0.00,0.00,-0.55,0.07,1.00,10.00,0.00
156994.00,1970-01-01 00:02:36.994,-0.00,3.39,0.00,1.47,0.00,1.00,1.00,999.00,0.00,12.20,48.51,54.47,0.00,0.00,-0.57,0.08,1.00,10.00,0.00
157094.00,1970-01-01 00:02:37.094,-0.00,3.39,0.00,1.47,0.00,1.00,1.00,999.00,0.00,12.28,48.51,54.47,0.00,0.00,-0.51,0.08,1.00,10.00,0.00
157283.00,1970-01-01 00:02:37.283,-0.00,3.39,0.00,1.47,0.00,1.00,1.00,999.00,0.00,12.32,48.53,54.43,0.00,0.00,-0.51,0.08,1.00,10.00,0.00
157452.00,1970-01-01 00:02:37.452,0.98,3.45,0.00,1.47,0.00,1.00,1.00,999.00,0.00,12.31,48.45,54.48,0.00,0.00,-0.52,0.08,1.00,10.00,0.00
157592.00,1970-01-01 00:02:37.592,0.98,3.45,0.00,1.47,0.00,1.00,1.00,999.00,0.00,12.29,48.45,54.48,0.00,0.00,-0.54,0.08,1.00,10.00,0.00
157766.00,1970-01-01 00:02:37.766,0.98,3.45,0.00,1.47,0.00,1.00,1.00,999.00,0.00,12.19,48.44,54.36,0.00,0.00,-0.54,0.08,1.00,10.00,0.00
157942.00,1970-01-01 00:02:37.942,-0.00,3.45,0.00,1.47,0.00,1.00,1.00,999.00,0.00,12.19,48.44,54.36,0.00,0.00,-0.52,0.08,1.00,10.00,0.00
158096.00,1970-01-01 00:02:38.096,-0.00,3.45,0.00,1.47,0.00,1.00,1.00,999.00,0.00,12.28,48.44,54.45,0.00,0.00,-0.55,0.08,1.00,10.00,0.00
158266.00,1970-01-01 00:02:38.266,0.00,3.45,0.00,1.47,0.00,1.00,1.00,999.00,0.00,12.33,48.44,54.45,0.00,0.00,-0.54,0.08,1.00,10.00,0.00
158366.00,1970-01-01 00:02:38.366,0.00,3.45,0.00,1.47,0.00,1.00,1.00,999.00,0.00,12.18,48.51,54.38,0.00,0.00,-0.57,0.08,1.00,10.00,0.00
158503.00,1970-01-01 00:02:38.503,0.00,3.45,0.00,1.47,0.00,1.00,1.00,999.00,0.00,12.33,48.51,54.38,0.00,0.00,-0.56,0.08,1.00,10.00,0.00
158673.00,1970-01-01 00:02:38.673,-0.00,3.45,0.00,1.47,0.00,1.00,1.00,999.00,0.00,12.29,48.55,54.41,0.00,0.00,-0.56,0.08,1.00,10.00,0.00
158796.00,1970-01-01 00:02:38.796,-0.00,3.45,0.00,1.47,0.00,1.00,1.00,999.00,0.00,12.33,48.55,54.41,0.00,0.00,-0.53,0.08,1.00,10.00,0.00
158941.00,1970-01-01 00:02:38.941,-0.00,3.45,0.00,1.47,0.00,1.00,1.00,999.00,0.00,12.31,48.59,54.42,0.00,0.00,-0.55,0.08,1.00,10.00,0.00
159112.00,1970-01-01 00:02:39.112,0.00,3.45,0.00,1.47,0.00,1.00,1.00,999.00,0.00,12.32,48.59,54.42,0.00,0.00,-0.55,0.08,1.00,10.00,0.00
159265.00,1970-01-01 00:02:39.265,0.00,3.45,0.00,1.47,0.00,1.00,1.00,999.00,0.00,12.33,48.59,54.34,0.00,0.00,-0.56,0.08,1.00,10.00,0.00
159421.00,1970-01-01 00:02:39.421,-0.00,3.45,0.00,1.47,0.00,1.00,1.00,999.00,0.00,12.30,48.59,54.34,0.00,0.00,-0.61,0.08,1.00,10.00,0.00
159595.00,1970-01-01 00:02:39.595,-0.00,3.45,0.00,1.47,0.00,1.00,1.00,999.00,0.00,12.17,48.50,54.37,0.00,0.00,-0.61,0.08,1.00,10.00,0.00
159695.00,1970-01-01 00:02:39.695,-0.00,3.45,0.00,1.47,0.00,1.00,1.00,999.00,0.00,12.27,48.50,54.37,0.00,0.00,-0.56,0.07,1.00,10.00,0.00
159848.00,1970-01-01 00:02:39.848,0.00,3.45,0.00,1.47,0.00,1.00,1.00,999.00,0.00,12.31,48.48,54.34,0.00,0.00,-0.52,0.08,1.00,10.00,0.00
160035.00,1970-01-01 00:02:40.035,0.00,3.45,0.00,1.47,0.00,1.00,1.00,999.00,0.00,12.32,48.48,54.34,0.00,0.00,-0.56,0.08,1.00,10.00,0.00
160188.00,1970-01-01 00:02:40.188,0.00,3.45,0.00,1.47,0.00,1.00,1.00,999.00,0.00,12.27,48.61,54.45,0.00,0.00,-0.51,0.08,1.00,10.00,0.00
160342.00,1970-01-01 00:02:40.342,-0.00,3.45,0.00,1.47,0.00,1.00,1.00,999.00,0.00,12.18,48.61,54.45,0.00,0.00,-0.53,0.08,1.00,10.00,0.00
160468.00,1970-01-01 00:02:40.468,-0.00,3.45,0.00,1.47,0.00,1.00,1.00,999.00,0.00,12.32,48.52,54.43,0.00,0.00,-0.54,0.08,1.00,10.00,0.00
160592.00,1970-01-01 00:02:40.592,-0.00,3.45,0.00,1.47,0.00,1.00,1.00,999.00,0.00,12.18,48.52,54.43,0.00,0.00,-0.57,0.08,1.00,10.00,0.00
160732.00,1970-01-01 00:02:40.732,0.00,3.45,0.00,1.47,0.00,1.00,1.00,999.00,0.00,12.33,48.52,54.41,0.00,0.00,-0.56,0.08,1.00,10.00,0.00
160832.00,1970-01-01 00:02:40.832,0.00,3.45,0.00,1.47,0.00,1.00,1.00,999.00,0.00,12.19,48.52,54.41,0.00,0.00,-0.55,0.07,1.00,10.00,0.00
161000.00,1970-01-01 00:02:41.000,-0.00,3.45,0.00,1.47,0.00,1.00,1.00,999.00,0.00,12.31,48.59,54.50,0.00,0.00,-0.55,0.08,1.00,10.00,0.00
161100.00,1970-01-01 00:02:41.100,-0.00,3.45,0.00,1.47,0.00,1.00,1.00,999.00,0.00,12.27,48.59,54.50,0.00,0.00,-0.56,0.07,1.00,10.00,0.00
161233.00,1970-01-01 00:02:41.233,-0.00,3.45,0.00,1.47,0.00,1.00,1.00,999.00,0.00,12.14,48.59,54.50,0.00,0.00,-0.57,0.08,1.00,10.00,0.00
161374.00,1970-01-01 00:02:41.374,-0.00,3.45,0.00,1.47,0.00,1.00,1.00,999.00,0.00,12.16,48.59,54.47,0.00,0.00,-0.53,0.08,1.00,10.00,0.00
161505.00,1970-01-01 00:02:41.505,0.00,3.45,0.00,1.47,0.00,1.00,1.00,999.00,0.00,12.33,48.59,54.47,0.00,0.00,-0.56,0.08,1.00,10.00,0.00
161702.00,1970-01-01 00:02:41.702,0.00,3.45,0.00,1.47,0.00,1.00,1.00,999.00,0.00,12.19,48.63,54.52,0.00,0.00,-0.54,0.08,1.00,10.00,0.00
161842.00,1970-01-01 00:02:41.842,-0.00,3.45,0.00,1.47,0.00,1.00,1.00,999.00,0.00,12.15,48.63,54.57,0.00,0.00,-0.54,0.08,1.00,10.00,0.00
161988.00,1970-01-01 00:02:41.988,-0.00,3.45,0.00,1.47,0.00,1.00,1.00,999.00,0.00,12.19,48.63,54.57,0.00,0.00,-0.60,0.08,1.00,10.00,0.00
162088.00,1970-01-01 00:02:42.088,-0.00,3.45,0.00,1.47,0.00,1.00,1.00,999.00,0.00,12.30,48.63,54.57,0.00,0.00,-0.57,0.08,1.00,10.00,0.00
162234.00,1970-01-01 00:02:42.234,0.00,3.45,0.00,1.47,0.00,1.00,1.00,999.00,0.00,12.32,48.57,54.42,0.00,0.00,-0.52,0.08,1.00,10.00,0.00
162383.00,1970-01-01 00:02:42.383,0.00,3.45,0.00,1.47,0.00,1.00,1.00,999.00,0.00,12.32,48.62,54.48,0.00,0.00,-0.55,0.08,1.00,10.00,0.00
162483.00,1970-01-01 00:02:42.483,0.00,3.45,0.00,1.47,0.00,1.00,1.00,999.00,0.00,12.33,48.62,54.48,0.00,0.00,-0.57,0.08,1.00,10.00,0.00
162608.00,1970-01-01 00:02:42.608,0.55,3.51,0.00,1.47,0.00,1.00,1.00,999.00,0.00,12.15,48.62,54.48,0.00,0.00,-0.57,0.08,1.00,10.00,0.00
162753.00,1970-01-01 00:02:42.753,0.55,3.51,0.00,1.47,0.00,1.00,1.00,999.00,0.00,12.31,48.69,54.45,0.00,0.00,-0.52,0.08,1.00,10.00,0.00
162907.00,1970-01-01 00:02:42.907,0.55,3.51,0.00,1.47,0.00,1.00,1.00,999.00,0.00,12.29,48.59,54.50,0.00,0.00,-0.54,0.08,1.00,10.00,0.00
163064.00,1970-01-01 00:02:43.064,-0.00,3.51,0.00,1.47,0.00,1.00,1.00,999.00,0.00,12.31,48.59,54.50,0.00,0.00,-0.55,0.08,1.00,10.00,0.00
163239.00,1970-01-01 00:02:43.239,-0.00,3.51,0.00,1.47,0.00,1.00,1.00,999.00,0.00,12.14,48.56,54.38,0.00,0.00,-0.55,0.08,1.00,10.00,0.00
163339.00,1970-01-01 00:02:43.339,-0.00,3.51,0.00,1.47,0.00,1.00,1.00,999.00,0.00,12.30,48.56,54.38,0.00,0.00,-0.57,0.08,1.00,10.00,0.00
163452.00,1970-01-01 00:02:43.452,0.53,3.57,0.00,1.47,0.00,1.00,1.00,999.00,0.00,12.30,48.56,54.38,0.00,0.00,-0.52,0.09,1.00,10.00,0.00
163552.00,1970-01-01 00:02:43.552,0.53,3.57,0.00,1.47,0.00,1.00,1.00,999.00,0.00,12.30,48.51,54.37,0.00,0.00,-0.56,0.08,1.00,10.00,0.00
163652.00,1970-01-01 00:02:43.652,0.73,3.63,0.00,1.47,0.00,1.00,1.00,999.00,0.00,12.30,48.51,54.37,0.00,0.00,-0.56,0.07,1.00,10.00,0.00
163752.00,1970-01-01 00:02:43.752,0.73,3.63,0.00,1.47,0.00,1.00,1.00,999.00,0.00,12.19,48.52,54.42,0.00,0.00,-0.55,0.08,1.00,10.00,0.00
163863.00,1970-01-01 00:02:43.863,0.73,3.63,0.00,1.47,0.00,1.00,1.00,999.00,0.00,12.14,48.52,54.42,0.00,0.00,-0.60,0.08,1.00,10.00,0.00
164037.00,1970-01-01 00:02:44.037,0.67,3.69,0.00,1.47,0.00,1.00,1.00,999.00,0.00,12.31,48.50,54.36,0.00,0.00,-0.59,0.08,1.00,10.00,0.00
164213.00,1970-01-01 00:02:44.213,0.83,3.75,0.00,1.47,0.00,1.00,1.00,999.00,0.00,12.29,48.50,54.36,0.00,0.00,-0.60,0.07,1.00,10.00,0.00
164362.00,1970-01-01 00:02:44.362,0.83,3.75,0.00,1.47,0.00,1.00,1.00,999.00,0.00,12.28,48.59,54.41,0.00,0.00,-0.57,0.08,1.00,10.00,0.00
164462.00,1970-01-01 00:02:44.462,0.83,3.75,0.00,1.47,0.00,1.00,1.00,999.00,0.00,12.30,48.59,54.41,0.00,0.00,-0.53,0.07,1.00,10.00,0.00
164660.00,1970-01-01 00:02:44.660,0.63,3.80,0.00,1.47,0.00,1.00,1.00,999.00,0.00,12.18,48.56,54.42,0.00,0.00,-0.52,0.08,1.00,10.00,0.00
164852.00,1970-01-01 00:02:44.852,0.68,3.86,0.00,1.47,0.00,1.00,1.00,999.00,0.00,12.33,48.56,54.42,0.00,0.00,-0.56,0.07,1.00,10.00,0.00
165020.00,1970-01-01 00:02:45.020,0.68,3.86,0.00,1.47,0.00,1.00,1.00,999.00,0.00,12.33,48.52,54.41,0.00,0.00,-0.55,0.08,1.00,10.00,0.00
165120.00,1970-01-01 00:02:45.120,0.68,3.86,0.00,1.47,0.00,1.00,1.00,999.00,0.00,12.19,48.52,54.41,0.00,0.00,-0.55,0.07,1.00,10.00,0.00
165283.00,1970-01-01 00:02:45.283,-0.00,3.86,0.00,1.47,0.00,1.00,1.00,999.00,0.00,12.14,48.64,54.41,0.00,0.00,-0.56,0.07,1.00,10.00,0.00
165484.00,1970-01-01 00:02:45.484,0.78,3.92,0.00,1.47,0.00,1.00,1.00,999.00,0.00,12.15,48.64,54.41,0.00,0.00,-0.54,0.08,1.00,10.00,0.00
165584.00,1970-01-01 00:02:45.584,0.78,3.92,0.00,1.47,0.00,1.00,1.00,999.00,0.00,12.31,48.51,54.47,0.00,0.00,-0.60,0.08,1.00,10.00,0.00
165684.00,1970-01-01 00:02:45.684,0.78,3.92,0.00,1.47,0.00,1.00,1.00,999.00,0.00,12.28,48.51,54.47,0.00,0.00,-0.52,0.08,1.00,10.00,0.00
165837.00,1970-01-01 00:02:45.837,-0.00,3.92,0.00,1.47,0.00,1.00,1.00,999.00,0.00,12.29,48.63,54.52,0.00,0.00,-0.53,0.08,1.00,10.00,0.00
166000.00,1970-01-01 00:02:46.000,-0.00,3.92,0.00,1.47,0.00,1.00,1.00,999.00,0.00,12.29,48.63,54.52,0.00,0.00,-0.53,0.08,1.00,10.00,0.00
166174.00,1970-01-01 00:02:46.174,-0.00,3.92,0.00,1.47,0.00,1.00,1.00,999.00,0.00,12.19,48.68,54.47,0.00,0.00,-0.53,0.08,1.00,10.00,0.00
166343.00,1970-01-01 00:02:46.343,0.00,3.92,0.00,1.47,0.00,1.00,1.00,999.00,0.00,12.15,48.68,54.47,0.00,0.00,-0.53,0.08,1.00,10.00,0.00
166517.00,1970-01-01 00:02:46.517,0.00,3.92,0.00,1.47,0.00,1.00,1.00,999.00,0.00,12.28,48.62,54.47,0.00,0.00,-0.51,0.08,1.00,10.00,0.00
166689.00,1970-01-01 00:02:46.689,-0.00,3.92,0.00,1.47,0.00,1.00,1.00,999.00,0.00,12.28,48.62,54.47,0.00,0.00,-0.53,0.08,1.00,10.00,0.00
166789.00,1970-01-01 00:02:46.789,-0.00,3.92,0.00,1.47,0.00,1.00,1.00,999.00,0.00,12.28,48.66,54.52,0.00,0.00,-0.60,0.08,1.00,10.00,0.00
166889.00,1970-01-01 00:02:46.889,-0.00,3.92,0.00,1.47,0.00,1.00,1.00,999.00,0.00,12.18,48.66,54.52,0.00,0.00,-0.56,0.07,1.00,10.00,0.00
166989.00,1970-01-01 00:02:46.989,-0.00,3.92,0.00,1.47,0.00,1.00,1.00,999.00,0.00,12.30,48.66,54.52,0.00,0.00,-0.56,0.08,1.00,10.00,0.00
167129.00,1970-01-01 00:02:47.129,0.00,3.92,0.00,1.47,0.00,1.00,1.00,999.00,0.00,12.28,48.72,54.49,0.00,0.00,-0.60,0.08,1.00,10.00,0.00
167302.00,1970-01-01 00:02:47.302,0.00,3.92,0.00,1.47,0.00,1.00,1.00,999.00,0.00,12.14,48.72,54.49,0.00,0.00,-0.60,0.08,1.00,10.00,0.00
167468.00,1970-01-01 00:02:47.468,-0.00,3.92,0.00,1.47,0.00,1.00,1.00,999.00,0.00,12.14,48.66,54.52,0.00,0.00,-0.59,0.08,1.00,10.00,0.00
167626.00,1970-01-01 00:02:47.626,-0.00,3.92,0.00,1.47,0.00,1.00,1.00,999.00,0.00,12.28,48.66,54.52,0.00,0.00,-0.59,0.08,1.00,10.00,0.00
167781.00,1970-01-01 00:02:47.781,0.62,3.98,0.00,1.47,0.00,1.00,1.00,999.00,0.00,12.31,48.69,54.43,0.00,0.00,-0.58,0.07,1.00,10.00,0.00
167881.00,1970-01-01 00:02:47.881,0.62,3.98,0.00,1.47,0.00,1.00,1.00,999.00,0.00,12.33,48.69,54.43,0.00,0.00,-0.53,0.08,1.00,10.00,0.00
168051.00,1970-01-01 00:02:48.051,0.62,3.98,0.00,1.47,0.00,1.00,1.00,999.00,0.00,12.32,48.69,54.59,0.00,0.00,-0.54,0.08,1.00,10.00,0.00
168219.00,1970-01-01 00:02:48.219,-0.00,3.98,0.00,1.47,0.00,1.00,1.00,999.00,0.00,12.18,48.69,54.59,0.00,0.00,-0.54,0.08,1.00,10.00,0.00
168319.00,1970-01-01 00:02:48.319,-0.00,3.98,0.00,1.47,0.00,1.00,1.00,999.00,0.00,12.31,48.57,54.54,0.00,0.00,-0.59,0.08,1.00,10.00,0.00
168436.00,1970-01-01 00:02:48.436,-0.00,3.98,0.00,1.47,0.00,1.00,1.00,999.00,0.00,12.32,48.57,54.54,0.00,0.00,-0.56,0.08,1.00,10.00,0.00
168611.00,1970-01-01 00:02:48.611,0.00,3.98,0.00,1.47,0.00,1.00,1.00,999.00,0.00,12.32,48.63,54.57,0.00,0.00,-0.55,0.08,1.00,10.00,0.00
168788.00,1970-01-01 00:02:48.788,0.00,3.98,0.00,1.47,0.00,1.00,1.00,999.00,0.00,12.33,48.63,54.57,0.00,0.00,-0.56,0.08,1.00,10.00,0.00
168888.00,1970-01-01 00:02:48.888,-0.00,3.98,0.00,1.47,0.00,1.00,1.00,999.00,0.00,12.32,48.61,54.47,0.00,0.00,-0.54,0.08,1.00,10.00,0.00
168988.00,1970-01-01 00:02:48.988,-0.00,3.98,0.00,1.47,0.00,1.00,1.00,999.00,0.00,12.14,48.61,54.47,0.00,0.00,-0.57,0.08,1.00,10.00,0.00
169140.00,1970-01-01 00:02:49.140,-0.00,3.98,0.00,1.47,0.00,1.00,1.00,999.00,0.00,12.16,48.63,54.52,0.00,0.00,-0.55,0.08,1.00,10.00,0.00
169300.00,1970-01-01 00:02:49.300,0.00,3.98,0.00,1.47,0.00,1.00,1.00,999.00,0.00,12.17,48.63,54.52,0.00,0.00,-0.55,0.08,1.00,10.00,0.00
169438.00,1970-01-01 00:02:49.438,0.00,3.98,0.00,1.47,0.00,1.00,1.00,999.00,0.00,12.30,48.70,54.55,0.00,0.00,-0.52,0.08,1.00,10.00,0.00
169628.00,1970-01-01 00:02:49.628,0.00,3.98,0.00,1.47,0.00,1.00,1.00,999.00,0.00,12.16,48.70,54.55,0.00,0.00,-0.55,0.08,1.00,10.00,0.00
169813.00,1970-01-01 00:02:49.813,-0.00,3.98,0.00,1.47,0.00,1.00,1.00,999.00,0.00,12.30,48.64,54.54,0.00,0.00,-0.54,0.08,1.00,10.00,0.00
169913.00,1970-01-01 00:02:49.913,-0.00,3.98,0.00,1.47,0.00,1.00,1.00,999.00,0.00,12.16,48.64,54.54,0.00,0.00,-0.54,0.08,1.00,10.00,0.00
170013.00,1970-01-01 00:02:50.013,-0.00,3.98,0.00,1.47,0.00,1.00,1.00,999.00,0.00,12.26,48.64,54.50,0.00,0.00,-0.56,0.08,1.00,10.00,0.00
170177.00,1970-01-01 00:02:50.177,0.00,3.98,0.00,1.47,0.00,1.00,1.00,999.00,0.00,12.29,48.64,54.50,0.00,0.00,-0.56,0.08,1.00,10.00,0.00
170347.00,1970-01-01 00:02:50.347,0.00,3.98,0.00,1.47,0.00,1.00,1.00,999.00,0.00,12.28,48.69,54.50,0.00,0.00,-0.56,0.08,1.00,10.00,0.00
170503.00,1970-01-01 00:02:50.503,-0.00,3.98,0.00,1.47,0.00,1.00,1.00,999.00,0.00,12.30,48.69,54.50,0.00,0.00,-0.56,0.08,17.00,10.00,0.00
170674.00,1970-01-01 00:02:50.674,-0.00,3.98,0.00,1.47,0.00,1.00,1.00,999.00,0.00,12.25,48.69,54.50,0.00,0.00,-0.56,0.08,17.00,10.00,0.00
170844.00,1970-01-01 00:02:50.844,-0.00,3.98,0.00,1.47,0.00,1.00,1.00,999.00,0.00,12.13,48.73,54.52,0.00,0.00,-0.54,0.08,17.00,10.00,0.00
171001.00,1970-01-01 00:02:51.001,0.00,3.98,0.00,1.47,0.00,1.00,1.00,999.00,0.00,12.26,48.73,54.52,0.00,0.00,-0.55,0.08,17.00,10.00,0.00
171101.00,1970-01-01 00:02:51.101,0.00,3.98,0.00,1.47,0.00,1.00,1.00,999.00,0.00,12.28,48.66,54.45,0.00,0.00,-0.56,0.08,17.00,10.00,0.00
171201.00,1970-01-01 00:02:51.201,0.00,3.98,0.00,1.47,0.00,1.00,1.00,999.00,0.00,12.13,48.66,54.45,0.00,0.00,-0.55,0.07,17.00,10.00,0.00
171318.00,1970-01-01 00:02:51.318,-0.00,3.98,0.00,1.47,0.00,1.00,1.00,999.00,0.00,12.30,48.66,54.45,0.00,0.00,-0.52,0.07,17.00,10.00,0.00
171418.00,1970-01-01 00:02:51.418,-0.00,3.98,0.00,1.47,0.00,1.00,1.00,999.00,0.00,12.16,48.69,54.50,0.00,0.00,-0.58,0.07,17.00,10.00,0.00
171583.00,1970-01-01 00:02:51.583,-0.00,3.98,0.00,1.47,0.00,1.00,1.00,999.00,0.00,12.12,48.69,54.50,0.00,0.00,-0.58,0.07,17.00,10.00,0.00
171751.00,1970-01-01 00:02:51.751,1.03,4.04,0.00,1.47,0.00,1.00,1.00,999.00,0.00,12.25,48.72,54.49,0.00,0.00,-0.58,0.07,17.00,10.00,0.00
171924.00,1970-01-01 00:02:51.924,1.03,4.04,0.00,1.47,0.00,1.00,1.00,999.00,0.00,12.11,48.66,54.45,0.00,0.00,-0.58,0.07,17.00,10.00,0.00
172024.00,1970-01-01 00:02:52.024,0.84,4.10,0.00,1.47,0.00,1.00,1.00,999.00,0.00,12.30,48.66,54.45,0.00,0.00,-0.54,0.07,17.00,10.00,0.00
172218.00,1970-01-01 00:02:52.218,0.84,4.10,0.00,1.47,0.00,1.00,1.00,999.00,0.00,12.29,48.66,54.41,0.00,0.00,-0.55,0.08,17.00,10.00,0.00
172392.00,1970-01-01 00:02:52.392,0.80,4.15,0.00,1.47,0.00,1.00,1.00,999.00,0.00,12.27,48.66,54.41,0.00,0.00,-0.56,0.07,17.00,10.00,0.00
172564.00,1970-01-01 00:02:52.564,1.02,4.21,0.00,1.47,0.00,1.00,1.00,999.00,0.00,12.27,48.64,54.38,0.00,0.00,-0.56,0.08,17.00,10.00,0.00
172735.00,1970-01-01 00:02:52.735,0.97,4.27,0.00,1.47,0.00,1.00,1.00,999.00,0.00,12.29,48.64,54.38,0.00,0.00,-0.56,0.08,17.00,10.00,0.00
172909.00,1970-01-01 00:02:52.909,1.13,4.33,0.00,1.47,0.00,1.00,1.00,999.00,0.00,12.25,48.61,54.42,0.00,0.00,-0.54,0.08,17.00,10.00,0.00
173009.00,1970-01-01 00:02:53.009,1.13,4.33,0.00,1.47,0.00,1.00,1.00,999.00,0.00,12.13,48.61,54.42,0.00,0.00,-0.55,0.08,17.00,10.00,0.00
173109.00,1970-01-01 00:02:53.109,1.02,4.39,0.00,1.47,0.00,1.00,1.00,999.00,0.00,12.28,48.61,54.42,0.00,0.00,-0.56,0.08,17.00,10.00,0.00
173249.00,1970-01-01 00:02:53.249,1.19,4.45,0.00,1.47,0.00,1.00,1.00,999.00,0.00,12.25,48.66,54.47,0.00,0.00,-0.55,0.08,17.00,10.00,0.00
173406.00,1970-01-01 00:02:53.406,1.10,4.51,0.00,1.47,0.00,1.00,1.00,999.00,0.00,12.27,48.66,54.47,0.00,0.00,-0.55,0.08,17.00,10.00,0.00
173569.00,1970-01-01 00:02:53.569,1.27,4.56,0.00,1.47,0.00,1.00,1.00,999.00,0.00,12.12,48.64,54.52,0.00,0.00,-0.52,0.08,17.00,10.00,0.00
173733.00,1970-01-01 00:02:53.733,1.14,4.62,0.00,1.47,0.00,1.00,1.00,999.00,0.00,12.14,48.64,54.52,0.00,0.00,-0.55,0.07,17.00,10.00,0.00
173906.00,1970-01-01 00:02:53.906,1.31,4.68,0.00,1.47,0.00,1.00,1.00,999.00,0.00,12.27,48.59,54.38,0.00,0.00,-0.51,0.07,17.00,10.00,0.00
174077.00,1970-01-01 00:02:54.077,1.12,4.74,0.00,1.47,0.00,1.00,1.00,999.00,0.00,12.27,48.59,54.38,0.00,0.00,-0.51,0.07,17.00,10.00,0.00
174236.00,1970-01-01 00:02:54.236,1.24,4.80,0.00,1.47,0.00,1.00,1.00,999.00,0.00,12.25,48.61,54.34,0.00,0.00,-0.52,0.07,17.00,10.00,0.00
174336.00,1970-01-01 00:02:54.336,1.24,4.80,0.00,1.47,0.00,1.00,1.00,999.00,0.00,12.26,48.61,54.34,0.00,0.00,-0.58,0.07,17.00,10.00,0.00
174474.00,1970-01-01 00:02:54.474,1.17,4.86,0.00,1.47,0.00,1.00,1.00,999.00,0.00,12.29,48.61,54.34,0.00,0.00,-0.57,0.08,17.00,10.00,0.00
174614.00,1970-01-01 00:02:54.614,1.37,4.92,0.00,1.47,0.00,1.00,1.00,999.00,0.00,12.25,48.61,54.40,0.00,0.00,-0.55,0.08,17.00,10.00,0.00
174748.00,1970-01-01 00:02:54.748,1.36,4.97,0.00,1.47,0.00,1.00,1.00,999.00,0.00,12.25,48.61,54.40,0.00,0.00,-0.52,0.08,17.00,10.00,0.00
174874.00,1970-01-01 00:02:54.874,1.63,5.03,0.00,1.47,0.00,1.00,1.00,999.00,0.00,12.27,48.64,54.37,0.00,0.00,-0.55,0.08,17.00,10.00,0.00
175037.00,1970-01-01 00:02:55.037,1.90,5.15,0.00,1.47,0.00,1.00,1.00,999.00,0.00,12.26,48.61,54.41,0.00,0.00,-0.55,0.08,17.00,10.00,0.00
175203.00,1970-01-01 00:02:55.203,1.88,5.21,0.00,1.47,0.00,1.00,1.00,999.00,0.00,12.12,48.61,54.41,0.00,0.00,-0.58,0.07,17.00,10.00,0.00
175379.00,1970-01-01 00:02:55.379,1.99,5.33,0.00,1.47,0.00,1.00,1.00,999.00,0.00,12.12,48.69,54.41,0.00,0.00,-0.55,0.08,17.00,10.00,0.00
175479.00,1970-01-01 00:02:55.479,2.17,5.38,0.00,1.47,0.00,1.00,1.00,999.00,0.00,12.25,48.69,54.41,0.00,0.00,-0.56,0.07,17.00,10.00,0.00
175643.00,1970-01-01 00:02:55.643,2.18,5.50,0.00,1.47,0.00,1.00,1.00,999.00,0.00,12.30,48.59,54.52,0.00,0.00,-0.54,0.08,17.00,10.00,0.00
175802.00,1970-01-01 00:02:55.802,2.07,5.56,0.00,1.47,0.00,1.00,1.00,999.00,0.00,12.26,48.59,54.52,0.00,0.00,-0.56,0.08,17.00,10.00,0.00
175954.00,1970-01-01 00:02:55.954,2.12,5.68,0.00,1.47,0.00,1.00,1.00,999.00,0.00,12.28,48.63,54.37,0.00,0.00,-0.51,0.07,17.00,10.00,0.00
176134.00,1970-01-01 00:02:56.134,2.19,5.79,0.00,1.47,0.00,1.00,1.00,999.00,0.00,12.14,48.63,54.37,0.00,0.00,-0.55,0.08,17.00,10.00,0.00
176296.00,1970-01-01 00:02:56.296,2.33,5.91,0.00,1.47,0.00,1.00,1.00,999.00,0.00,12.11,48.53,54.40,0.00,0.00,-0.51,0.07,17.00,10.00,0.00
176452.00,1970-01-01 00:02:56.452,2.38,6.03,0.00,1.47,0.00,1.00,1.00,999.00,0.00,12.24,48.53,54.40,0.00,0.00,-0.54,0.08,17.00,10.00,0.00
176595.00,1970-01-01 00:02:56.595,2.55,6.09,0.00,1.47,0.00,1.00,1.00,999.00,0.00,12.13,48.59,54.45,0.00,0.00,-0.54,0.08,17.00,10.00,0.00
176747.00,1970-01-01 00:02:56.747,2.64,6.20,0.00,1.47,0.00,1.00,1.00,999.00,0.00,12.12,48.59,54.45,0.00,0.00,-0.55,0.08,17.00,10.00,0.00
176847.00,1970-01-01 00:02:56.847,2.71,6.32,0.00,1.47,0.00,1.00,1.00,999.00,0.00,12.28,48.59,54.34,0.00,0.00,-0.55,0.07,17.00,10.00,0.00
177004.00,1970-01-01 00:02:57.004,2.80,6.44,0.00,1.47,0.00,1.00,1.00,999.00,0.00,12.25,48.59,54.34,0.00,0.00,-0.55,0.08,17.00,10.00,0.00
177177.00,1970-01-01 00:02:57.177,2.91,6.55,0.00,1.47,0.00,1.00,1.00,999.00,0.00,12.29,48.61,54.41,0.00,0.00,-0.55,0.08,17.00,10.00,0.00
177359.00,1970-01-01 00:02:57.359,2.88,6.73,0.00,1.47,0.00,1.00,1.00,999.00,0.00,12.28,48.61,54.41,0.00,0.00,-0.55,0.07,17.00,10.00,0.00
177537.00,1970-01-01 00:02:57.537,3.13,6.91,0.00,1.47,0.00,1.00,1.00,999.00,0.00,12.13,48.63,54.38,0.00,0.00,-0.56,0.08,17.00,10.00,0.00
177723.00,1970-01-01 00:02:57.723,3.11,7.02,0.00,1.47,0.00,1.00,1.00,999.00,0.00,12.26,48.63,54.38,0.00,0.00,-0.55,0.07,17.00,10.00,0.00
177890.00,1970-01-01 00:02:57.890,3.06,7.20,0.00,1.47,0.00,1.00,1.00,999.00,0.00,12.14,48.56,54.36,0.00,0.00,-0.55,0.08,17.00,10.00,0.00
178049.00,1970-01-01 00:02:58.049,3.10,7.31,0.00,1.47,0.00,1.00,1.00,999.00,0.00,12.27,48.56,54.36,0.00,0.00,-0.56,0.08,17.00,10.00,0.00
178149.00,1970-01-01 00:02:58.149,3.16,7.43,0.00,1.47,0.00,1.00,1.00,999.00,0.00,12.16,48.66,54.40,0.00,0.00,-0.55,0.08,17.00,10.00,0.00
178316.00,1970-01-01 00:02:58.316,3.21,7.55,0.00,1.47,0.00,1.00,1.00,999.00,0.00,12.27,48.66,54.40,0.00,0.00,-0.54,0.08,17.00,10.00,0.00
178483.00,1970-01-01 00:02:58.483,3.41,7.72,0.00,1.47,0.00,1.00,1.00,999.00,0.00,12.11,48.64,54.34,0.00,0.00,-0.55,0.07,17.00,10.00,0.00
178662.00,1970-01-01 00:02:58.662,3.28,7.90,0.00,1.47,0.00,1.00,1.00,999.00,0.00,12.30,48.64,54.34,0.00,0.00,-0.53,0.08,17.00,10.00,0.00
178849.00,1970-01-01 00:02:58.849,3.52,8.08,0.00,1.47,0.00,1.00,1.00,999.00,0.00,12.12,48.63,54.32,0.00,0.00,-0.53,0.08,17.00,10.00,0.00
179015.00,1970-01-01 00:02:59.015,3.46,8.25,0.00,1.47,0.00,1.00,1.00,999.00,0.00,12.25,48.63,54.32,0.00,0.00,-0.53,0.08,17.00,10.00,0.00
179190.00,1970-01-01 00:02:59.190,3.65,8.43,0.00,1.47,0.00,1.00,1.00,999.00,0.00,12.15,48.66,54.40,0.00,0.00,-0.52,0.08,17.00,10.00,0.00
179361.00,1970-01-01 00:02:59.361,3.62,8.60,0.00,1.47,0.00,1.00,1.00,999.00,0.00,12.29,48.66,54.40,0.00,0.00,-0.53,0.07,17.00,10.00,0.00
179549.00,1970-01-01 00:02:59.549,3.75,8.78,0.00,1.47,0.00,1.00,1.00,999.00,0.00,12.26,48.59,54.32,0.00,0.00,-0.53,0.07,17.00,10.00,0.00
179649.00,1970-01-01 00:02:59.649,3.74,8.89,0.00,1.47,0.00,1.00,1.00,999.00,0.00,12.24,48.59,54.32,0.00,0.00,-0.59,0.08,17.00,10.00,0.00
179815.00,1970-01-01 00:02:59.815,3.66,9.07,0.00,1.47,0.00,1.00,1.00,999.00,0.00,12.13,48.63,54.30,0.00,0.00,-0.58,0.07,17.00,10.00,0.00
179957.00,1970-01-01 00:02:59.957,3.65,9.19,0.00,1.47,0.00,1.00,1.00,999.00,0.00,12.16,48.63,54.30,0.00,0.00,-0.55,0.07,17.00,10.00,0.00
180142.00,1970-01-01 00:03:00.142,3.76,9.36,0.00,1.47,0.00,1.00,1.00,999.00,0.00,12.25,48.68,54.26,0.00,0.00,-0.56,0.09,17.00,10.00,0.00
180346.00,1970-01-01 00:03:00.346,3.82,9.60,0.00,1.47,0.00,1.00,1.00,999.00,0.00,12.25,48.68,54.26,0.00,0.00,-0.57,0.07,17.00,10.00,0.00
180532.00,1970-01-01 00:03:00.532,3.84,9.83,0.00,1.47,0.00,1.00,1.00,999.00,0.00,12.24,48.57,54.28,0.00,0.00,-0.55,0.08,17.00,10.00,0.00
180711.00,1970-01-01 00:03:00.711,3.75,10.01,0.00,1.47,0.00,1.00,1.00,999.00,0.00,12.13,48.59,54.26,0.00,0.00,-0.55,0.08,17.00,10.00,0.00
180891.00,1970-01-01 00:03:00.891,3.93,10.18,0.00,1.47,0.00,1.00,1.00,999.00,0.00,12.11,48.59,54.26,0.00,0.00,-0.54,0.08,17.00,10.00,0.00
180991.00,1970-01-01 00:03:00.991,3.95,10.30,0.00,1.47,0.00,1.00,1.00,999.00,0.00,12.27,48.53,54.21,0.00,0.00,-0.56,0.08,17.00,10.00,0.00
181131.00,1970-01-01 00:03:01.131,3.87,10.47,0.00,1.47,0.00,1.00,1.00,999.00,0.00,12.25,48.53,54.21,0.00,0.00,-0.55,0.07,17.00,10.00,0.00
181300.00,1970-01-01 00:03:01.300,3.96,10.65,0.00,1.47,0.00,1.00,1.00,999.00,0.00,12.26,48.55,54.25,0.00,0.00,-0.55,0.08,17.00,10.00,0.00
181475.00,1970-01-01 00:03:01.475,3.85,10.83,0.00,1.47,0.00,1.00,1.00,999.00,0.00,12.14,48.55,54.25,0.00,0.00,-0.55,0.08,17.00,10.00,0.00
181644.00,1970-01-01 00:03:01.644,4.05,11.00,0.00,1.47,0.00,1.00,1.00,999.00,0.00,12.29,48.59,54.25,0.00,0.00,-0.55,0.07,17.00,10.00,0.00
181816.00,1970-01-01 00:03:01.816,4.09,11.24,0.00,1.47,0.00,1.00,1.00,999.00,0.00,12.12,48.59,54.25,0.00,0.00,-0.56,0.08,17.00,10.00,0.00
181990.00,1970-01-01 00:03:01.990,4.04,11.41,0.00,1.47,0.00,1.00,1.00,999.00,0.00,12.28,48.52,54.23,0.00,0.00,-0.55,0.07,17.00,10.00,0.00
182159.00,1970-01-01 00:03:02.159,4.22,11.59,0.00,1.47,0.00,1.00,1.00,999.00,0.00,12.12,48.52,54.23,0.00,0.00,-0.56,0.08,17.00,10.00,0.00
182315.00,1970-01-01 00:03:02.315,4.25,11.82,0.00,1.47,0.00,1.00,1.00,999.00,0.00,12.14,48.57,54.21,0.00,0.00,-0.55,0.08,17.00,10.00,0.00
182415.00,1970-01-01 00:03:02.415,4.25,11.94,0.00,1.47,0.00,1.00,1.00,999.00,0.00,12.29,48.57,54.21,0.00,0.00,-0.55,0.08,17.00,10.00,0.00
182547.00,1970-01-01 00:03:02.547,4.35,12.05,0.00,1.47,0.00,1.00,1.00,999.00,0.00,12.28,48.57,54.21,0.00,0.00,-0.56,0.08,17.00,10.00,0.00
182723.00,1970-01-01 00:03:02.723,4.37,12.29,0.00,1.47,0.00,1.00,1.00,999.00,0.00,12.13,48.61,54.23,0.00,0.00,-0.58,0.08,17.00,10.00,0.00
182898.00,1970-01-01 00:03:02.898,4.45,12.52,0.00,1.47,0.00,1.00,1.00,999.00,0.00,12.10,48.66,54.23,0.00,0.00,-0.58,0.08,17.00,10.00,0.00
183081.00,1970-01-01 00:03:03.081,4.32,12.70,0.00,1.47,0.00,1.00,1.00,999.00,0.00,12.15,48.66,54.23,0.00,0.00,-0.58,0.08,17.00,10.00,0.00
183250.00,1970-01-01 00:03:03.250,4.30,12.93,0.00,1.47,0.00,1.00,1.00,999.00,0.00,12.27,48.71,54.20,0.00,0.00,-0.58,0.08,17.00,10.00,0.00
183407.00,1970-01-01 00:03:03.407,4.46,13.11,0.00,1.47,0.00,1.00,1.00,999.00,0.00,12.28,48.71,54.20,0.00,0.00,-0.57,0.08,17.00,10.00,0.00
183548.00,1970-01-01 00:03:03.548,4.41,13.28,0.00,1.47,0.00,1.00,1.00,999.00,0.00,12.13,48.59,54.13,0.00,0.00,-0.56,0.08,17.00,10.00,0.00
183648.00,1970-01-01 00:03:03.648,4.41,13.40,0.00,1.47,0.00,1.00,1.00,999.00,0.00,12.16,48.59,54.13,0.00,0.00,-0.54,0.08,17.00,10.00,0.00
183813.00,1970-01-01 00:03:03.813,4.52,13.63,0.00,1.47,0.00,1.00,1.00,999.00,0.00,12.12,48.72,54.20,0.00,0.00,-0.53,0.07,17.00,10.00,0.00
183970.00,1970-01-01 00:03:03.970,4.66,13.81,0.00,1.47,0.00,1.00,1.00,999.00,0.00,12.29,48.72,54.20,0.00,0.00,-0.55,0.08,17.00,10.00,0.00
184126.00,1970-01-01 00:03:04.126,4.66,14.04,0.00,1.47,0.00,1.00,1.00,999.00,0.00,12.29,48.69,54.19,0.00,0.00,-0.53,0.08,17.00,10.00,0.00
184283.00,1970-01-01 00:03:04.283,4.49,14.22,0.00,1.47,0.00,1.00,1.00,999.00,0.00,12.26,48.69,54.19,0.00,0.00,-0.56,0.07,17.00,10.00,0.00
184459.00,1970-01-01 00:03:04.459,4.48,14.45,0.00,1.47,0.00,1.00,1.00,999.00,0.00,12.15,48.62,54.23,0.00,0.00,-0.54,0.08,17.00,10.00,0.00
184610.00,1970-01-01 00:03:04.610,4.53,14.63,0.00,1.47,0.00,1.00,1.00,999.00,0.00,12.13,48.62,54.23,0.00,0.00,-0.56,0.08,17.00,10.00,0.00
184795.00,1970-01-01 00:03:04.795,4.54,14.86,0.00,1.47,0.00,1.00,1.00,999.00,0.00,12.28,48.66,54.12,0.00,0.00,-0.58,0.07,17.00,10.00,0.00
184935.00,1970-01-01 00:03:04.935,4.38,15.04,0.00,1.47,0.00,1.00,1.00,999.00,0.00,12.29,48.66,54.12,0.00,0.00,-0.57,0.08,17.00,10.00,0.00
185111.00,1970-01-01 00:03:05.111,4.38,15.27,0.00,1.47,0.00,1.00,1.00,999.00,0.00,12.26,48.68,54.18,0.00,0.00,-0.57,0.08,17.00,10.00,0.00
185233.00,1970-01-01 00:03:05.233,4.37,15.39,0.00,1.47,0.00,1.00,1.00,999.00,0.00,12.25,48.68,54.18,0.00,0.00,-0.55,0.08,17.00,10.00,0.00
185378.00,1970-01-01 00:03:05.378,4.51,15.57,0.00,1.47,0.00,1.00,1.00,999.00,0.00,12.28,48.66,54.16,0.00,0.00,-0.53,0.07,17.00,10.00,0.00
185537.00,1970-01-01 00:03:05.537,4.48,15.80,0.00,1.47,0.00,1.00,1.00,999.00,0.00,12.25,48.66,54.16,0.00,0.00,-0.54,0.07,17.00,10.00,0.00
185688.00,1970-01-01 00:03:05.688,4.30,15.98,0.00,1.47,0.00,1.00,1.00,999.00,0.00,12.26,48.71,54.16,0.00,0.00,-0.54,0.08,17.00,10.00,0.00
185812.00,1970-01-01 00:03:05.812,4.28,16.09,0.00,1.47,0.00,1.00,1.00,999.00,0.00,12.29,48.71,54.16,0.00,0.00,-0.57,0.08,17.00,10.00,0.00
185958.00,1970-01-01 00:03:05.958,4.38,16.27,0.00,1.47,0.00,1.00,1.00,999.00,0.00,12.28,48.66,54.10,0.00,0.00,-0.56,0.08,17.00,10.00,0.00
186058.00,1970-01-01 00:03:06.058,4.36,16.38,0.00,1.47,0.00,1.00,1.00,999.00,0.00,12.14,48.66,54.10,0.00,0.00,-0.52,0.07,17.00,10.00,0.00
186170.00,1970-01-01 00:03:06.170,4.33,16.50,0.00,1.47,0.00,1.00,1.00,999.00,0.00,12.28,48.66,54.10,0.00,0.00,-0.55,0.08,17.00,10.00,0.00
186298.00,1970-01-01 00:03:06.298,4.20,16.68,0.00,1.47,0.00,1.00,1.00,999.00,0.00,12.25,48.68,54.14,0.00,0.00,-0.56,0.08,17.00,10.00,0.00
186421.00,1970-01-01 00:03:06.421,4.32,16.85,0.00,1.47,0.00,1.00,1.00,999.00,0.00,12.26,48.68,54.14,0.00,0.00,-0.55,0.08,17.00,10.00,0.00
186552.00,1970-01-01 00:03:06.552,4.34,16.97,0.00,1.47,0.00,1.00,1.00,999.00,0.00,12.29,48.71,54.18,0.00,0.00,-0.53,0.07,17.00,10.00,0.00
186702.00,1970-01-01 00:03:06.702,4.16,17.15,0.00,1.47,0.00,1.00,1.00,999.00,0.00,12.29,48.71,54.18,0.00,0.00,-0.55,0.08,17.00,10.00,0.00
186874.00,1970-01-01 00:03:06.874,4.16,17.38,0.00,1.47,0.00,1.00,1.00,999.00,0.00,12.30,48.73,54.23,0.00,0.00,-0.54,0.07,17.00,10.00,0.00
186997.00,1970-01-01 00:03:06.997,4.12,17.50,0.00,1.47,0.00,1.00,1.00,999.00,0.00,12.12,48.73,54.23,0.00,0.00,-0.56,0.07,17.00,10.00,0.00
187128.00,1970-01-01 00:03:07.128,4.25,17.67,0.00,1.47,0.00,1.00,1.00,999.00,0.00,12.12,48.62,54.12,0.00,0.00,-0.55,0.07,17.00,10.00,0.00
187228.00,1970-01-01 00:03:07.228,4.23,17.79,0.00,1.47,0.00,1.00,1.00,999.00,0.00,12.29,48.62,54.12,0.00,0.00,-0.54,0.08,17.00,10.00,0.00
187393.00,1970-01-01 00:03:07.393,4.04,17.96,0.00,1.47,0.00,1.00,1.00,999.00,0.00,12.16,48.70,54.05,0.00,0.00,-0.54,0.08,17.00,10.00,0.00
187551.00,1970-01-01 00:03:07.551,4.15,18.14,0.00,1.47,0.00,1.00,1.00,999.00,0.00,12.11,48.70,54.05,0.00,0.00,-0.55,0.08,17.00,10.00,0.00
187704.00,1970-01-01 00:03:07.704,4.00,18.32,0.00,1.47,0.00,1.00,1.00,999.00,0.00,12.13,48.70,54.26,0.00,0.00,-0.58,0.08,17.00,10.00,0.00
187846.00,1970-01-01 00:03:07.846,4.64,18.55,0.00,1.47,0.00,1.00,1.00,999.00,0.00,12.25,48.70,54.26,0.00,0.00,-0.55,0.07,17.00,10.00,0.00
188003.00,1970-01-01 00:03:08.003,4.41,18.67,0.00,1.47,0.00,1.00,1.00,999.00,0.00,12.13,48.76,54.14,0.00,0.00,-0.56,0.08,17.00,10.00,0.00
188187.00,1970-01-01 00:03:08.187,4.22,18.90,0.00,1.47,0.00,1.00,1.00,999.00,0.00,12.25,48.76,54.14,0.00,0.00,-0.56,0.07,17.00,10.00,0.00
188329.00,1970-01-01 00:03:08.329,4.00,19.08,0.00,1.47,0.00,1.00,1.00,999.00,0.00,12.26,48.59,53.96,0.00,0.00,-0.56,0.07,17.00,10.00,0.00
188429.00,1970-01-01 00:03:08.429,3.97,19.19,0.00,1.47,0.00,1.00,1.00,999.00,0.00,12.29,48.59,53.96,0.00,0.00,-0.56,0.07,17.00,10.00,0.00
188596.00,1970-01-01 00:03:08.596,4.06,19.37,0.00,1.47,0.00,1.00,1.00,999.00,0.00,12.14,48.59,54.01,0.00,0.00,-0.54,0.07,17.00,10.00,0.00
188765.00,1970-01-01 00:03:08.765,3.89,19.54,0.00,1.47,0.00,1.00,1.00,999.00,0.00,12.26,48.59,54.01,0.00,0.00,-0.54,0.08,17.00,10.00,0.00
188907.00,1970-01-01 00:03:08.907,3.96,19.72,0.00,1.47,0.00,1.00,1.00,999.00,0.00,12.13,48.52,54.00,0.00,0.00,-0.59,0.08,17.00,10.00,0.00
189007.00,1970-01-01 00:03:09.007,3.83,19.78,0.00,1.47,0.00,1.00,1.00,999.00,0.00,12.24,48.52,54.00,0.00,0.00,-0.54,0.07,17.00,10.00,0.00
189126.00,1970-01-01 00:03:09.126,3.92,19.95,0.00,1.47,0.00,1.00,1.00,999.00,0.00,12.16,48.52,54.00,0.00,0.00,-0.53,0.08,17.00,10.00,0.00
189284.00,1970-01-01 00:03:09.284,3.89,20.07,0.00,1.47,0.00,1.00,1.00,999.00,0.00,12.29,48.53,53.98,0.00,0.00,-0.54,0.08,17.00,10.00,0.00
189422.00,1970-01-01 00:03:09.422,3.77,20.25,0.00,1.47,0.00,1.00,1.00,999.00,0.00,12.24,48.53,53.98,0.00,0.00,-0.59,0.07,17.00,10.00,0.00
189563.00,1970-01-01 00:03:09.563,3.74,20.36,0.00,1.47,0.00,1.00,1.00,999.00,0.00,12.24,48.57,54.05,0.00,0.00,-0.56,0.07,17.00,10.00,0.00
189663.00,1970-01-01 00:03:09.663,3.78,20.48,0.00,1.47,0.00,1.00,1.00,999.00,0.00,12.24,48.57,54.05,0.00,0.00,-0.52,0.07,17.00,10.00,0.00
189779.00,1970-01-01 00:03:09.779,3.74,20.60,0.00,1.47,0.00,1.00,1.00,999.00,0.00,12.25,48.57,54.05,0.00,0.00,-0.55,0.08,17.00,10.00,0.00
189925.00,1970-01-01 00:03:09.925,3.87,20.77,0.00,1.47,0.00,1.00,1.00,999.00,0.00,12.29,48.57,54.05,0.00,0.00,-0.58,0.07,17.00,10.00,0.00
190066.00,1970-01-01 00:03:10.066,3.85,20.89,0.00,1.47,0.00,1.00,1.00,999.00,0.00,12.26,48.59,54.00,0.00,0.00,-0.55,0.08,17.00,10.00,0.00
190231.00,1970-01-01 00:03:10.231,3.70,21.07,0.00,1.47,0.00,1.00,1.00,999.00,0.00,12.27,48.59,54.00,0.00,0.00,-0.56,0.08,17.00,10.00,0.00
190358.00,1970-01-01 00:03:10.358,3.80,21.24,0.00,1.47,0.00,1.00,1.00,999.00,0.00,12.13,48.56,53.98,0.00,0.00,-0.52,0.08,17.00,10.00,0.00
190486.00,1970-01-01 00:03:10.486,3.75,21.36,0.00,1.47,0.00,1.00,1.00,999.00,0.00,12.15,48.56,53.98,0.00,0.00,-0.55,0.08,17.00,10.00,0.00
190691.00,1970-01-01 00:03:10.691,3.63,21.53,0.00,1.47,0.00,1.00,1.00,999.00,0.00,12.29,48.57,53.98,0.00,0.00,-0.53,0.07,17.00,10.00,0.00
190877.00,1970-01-01 00:03:10.877,3.56,21.77,0.00,1.47,0.00,1.00,1.00,999.00,0.00,12.29,48.57,53.98,0.00,0.00,-0.50,0.08,17.00,10.00,0.00
190977.00,1970-01-01 00:03:10.977,3.69,21.83,0.00,1.47,0.00,1.00,1.00,999.00,0.00,12.24,48.56,54.02,0.00,0.00,-0.55,0.07,17.00,10.00,0.00
191141.00,1970-01-01 00:03:11.141,3.52,22.00,0.00,1.47,0.00,1.00,1.00,999.00,0.00,12.28,48.56,54.02,0.00,0.00,-0.55,0.08,17.00,10.00,0.00
191283.00,1970-01-01 00:03:11.283,3.65,22.18,0.00,1.47,0.00,1.00,1.00,999.00,0.00,12.24,48.51,53.98,0.00,0.00,-0.56,0.07,17.00,10.00,0.00
191440.00,1970-01-01 00:03:11.440,3.66,22.30,0.00,1.47,0.00,1.00,1.00,999.00,0.00,12.25,48.51,53.98,0.00,0.00,-0.56,0.08,17.00,10.00,0.00
191596.00,1970-01-01 00:03:11.596,3.51,22.47,0.00,1.47,0.00,1.00,1.00,999.00,0.00,12.16,48.59,53.98,0.00,0.00,-0.55,0.07,17.00,10.00,0.00
191770.00,1970-01-01 00:03:11.770,4.10,22.70,0.00,1.47,0.00,1.00,1.00,999.00,0.00,12.24,48.59,53.98,0.00,0.00,-0.56,0.07,17.00,10.00,0.00
191955.00,1970-01-01 00:03:11.955,3.64,22.88,0.00,1.47,0.00,1.00,1.00,999.00,0.00,12.28,48.53,54.01,0.00,0.00,-0.56,0.07,17.00,10.00,0.00
192128.00,1970-01-01 00:03:12.128,3.62,23.06,0.00,1.47,0.00,1.00,1.00,999.00,0.00,12.28,48.53,54.01,0.00,0.00,-0.55,0.08,17.00,10.00,0.00
192228.00,1970-01-01 00:03:12.228,3.45,23.11,0.00,1.47,0.00,1.00,1.00,999.00,0.00,12.15,48.63,53.98,0.00,0.00,-0.54,0.08,17.00,10.00,0.00
192347.00,1970-01-01 00:03:12.347,3.42,23.23,0.00,1.47,0.00,1.00,1.00,999.00,0.00,12.25,48.63,53.98,0.00,0.00,-0.54,0.08,17.00,10.00,0.00
192516.00,1970-01-01 00:03:12.516,3.48,23.41,0.00,1.47,0.00,1.00,1.00,999.00,0.00,12.28,48.55,53.93,0.00,0.00,-0.58,0.07,17.00,10.00,0.00
192697.00,1970-01-01 00:03:12.697,3.32,23.58,0.00,1.47,0.00,1.00,1.00,999.00,0.00,12.29,48.55,53.93,0.00,0.00,-0.54,0.08,17.00,10.00,0.00
192876.00,1970-01-01 00:03:12.876,3.43,23.76,0.00,1.47,0.00,1.00,1.00,999.00,0.00,12.10,48.48,53.91,0.00,0.00,-0.55,0.07,17.00,10.00,0.00
193053.00,1970-01-01 00:03:13.053,2.59,23.82,0.00,1.47,0.00,1.00,1.00,999.00,0.00,12.10,48.48,53.91,0.00,0.00,-0.54,0.08,17.00,10.00,0.00
193236.00,1970-01-01 00:03:13.236,2.14,23.88,0.00,1.47,0.00,1.00,1.00,999.00,0.00,12.14,48.44,53.89,0.00,0.00,-0.55,0.08,17.00,10.00,0.00
193409.00,1970-01-01 00:03:13.409,1.79,23.99,0.00,1.47,0.00,1.00,1.00,999.00,0.00,12.26,48.44,53.89,0.00,0.00,-0.54,0.07,17.00,10.00,0.00
193597.00,1970-01-01 00:03:13.597,1.72,24.05,0.00,1.47,0.00,1.00,1.00,999.00,0.00,12.26,48.46,53.85,0.00,0.00,-0.53,0.07,17.00,10.00,0.00
193798.00,1970-01-01 00:03:13.798,1.66,24.17,0.00,1.47,0.00,1.00,1.00,999.00,0.00,12.28,48.46,53.85,0.00,0.00,-0.55,0.07,17.00,10.00,0.00
193972.00,1970-01-01 00:03:13.972,1.64,24.23,0.00,1.47,0.00,1.00,1.00,999.00,0.00,12.25,48.48,53.87,0.00,0.00,-0.52,0.07,17.00,10.00,0.00
194159.00,1970-01-01 00:03:14.159,1.60,24.34,0.00,1.47,0.00,1.00,1.00,999.00,0.00,12.26,48.48,53.88,0.00,0.00,-0.56,0.08,17.00,10.00,0.00
194343.00,1970-01-01 00:03:14.343,1.59,24.40,0.00,1.47,0.00,1.00,1.00,999.00,0.00,12.13,48.48,53.88,0.00,0.00,-0.57,0.08,17.00,10.00,0.00
194528.00,1970-01-01 00:03:14.528,1.58,24.46,0.00,1.47,0.00,1.00,1.00,999.00,0.00,12.29,48.41,53.91,0.00,0.00,-0.55,0.08,17.00,10.00,0.00
194690.00,1970-01-01 00:03:14.690,1.55,24.58,0.00,1.47,0.00,1.00,1.00,999.00,0.00,12.29,48.48,53.88,0.00,0.00,-0.55,0.08,17.00,10.00,0.00
194826.00,1970-01-01 00:03:14.826,1.55,24.64,0.00,1.47,0.00,1.00,1.00,999.00,0.00,12.12,48.48,53.88,0.00,0.00,-0.54,0.08,17.00,10.00,0.00
194926.00,1970-01-01 00:03:14.926,1.55,24.64,0.00,1.47,0.00,1.00,1.00,999.00,0.00,12.27,48.48,53.88,0.00,0.00,-0.54,0.08,17.00,10.00,0.00
195034.00,1970-01-01 00:03:15.034,1.54,24.69,0.00,1.47,0.00,1.00,1.00,999.00,0.00,12.26,48.50,53.91,0.00,0.00,-0.56,0.07,17.00,10.00,0.00
195196.00,1970-01-01 00:03:15.196,1.54,24.75,0.00,1.47,0.00,1.00,1.00,999.00,0.00,12.27,48.50,53.91,0.00,0.00,-0.54,0.08,17.00,10.00,0.00
195361.00,1970-01-01 00:03:15.361,1.54,24.81,0.00,1.47,0.00,1.00,1.00,999.00,0.00,12.11,48.38,53.87,0.00,0.00,-0.56,0.08,17.00,10.00,0.00
195562.00,1970-01-01 00:03:15.562,1.53,24.93,0.00,1.47,0.00,1.00,1.00,999.00,0.00,12.11,48.38,53.87,0.00,0.00,-0.56,0.08,17.00,10.00,0.00
195736.00,1970-01-01 00:03:15.736,1.51,24.99,0.00,1.47,0.00,1.00,1.00,999.00,0.00,12.28,48.48,53.80,0.00,0.00,-0.57,0.07,17.00,10.00,0.00
195910.00,1970-01-01 00:03:15.910,1.51,25.05,0.00,1.47,0.00,1.00,1.00,999.00,0.00,12.26,48.37,53.73,0.00,0.00,-0.57,0.07,17.00,10.00,0.00
196066.00,1970-01-01 00:03:16.066,1.50,25.10,0.00,1.47,0.00,1.00,1.00,999.00,0.00,12.11,48.37,53.73,0.00,0.00,-0.56,0.08,17.00,10.00,0.00
196203.00,1970-01-01 00:03:16.203,1.48,25.16,0.00,1.47,0.00,1.00,1.00,999.00,0.00,12.29,48.48,53.75,0.00,0.00,-0.54,0.08,17.00,10.00,0.00
196303.00,1970-01-01 00:03:16.303,1.46,25.22,0.00,1.47,0.00,1.00,1.00,999.00,0.00,12.29,48.48,53.75,0.00,0.00,-0.55,0.07,17.00,10.00,0.00
196435.00,1970-01-01 00:03:16.435,1.45,25.28,0.00,1.47,0.00,1.00,1.00,999.00,0.00,12.13,48.48,53.75,0.00,0.00,-0.58,0.07,17.00,10.00,0.00
196578.00,1970-01-01 00:03:16.578,1.44,25.34,0.00,1.47,0.00,1.00,1.00,999.00,0.00,12.25,48.45,53.80,0.00,0.00,-0.55,0.08,17.00,10.00,0.00
196737.00,1970-01-01 00:03:16.737,1.42,25.40,0.00,1.47,0.00,1.00,1.00,999.00,0.00,12.26,48.41,53.91,0.00,0.00,-0.55,0.08,17.00,10.00,0.00
196896.00,1970-01-01 00:03:16.896,1.42,25.46,0.00,1.47,0.00,1.00,1.00,999.00,0.00,12.29,48.41,53.91,0.00,0.00,-0.55,0.07,17.00,10.00,0.00
197077.00,1970-01-01 00:03:17.077,1.41,25.51,0.00,1.47,0.00,1.00,1.00,999.00,0.00,12.24,48.46,53.82,0.00,0.00,-0.55,0.07,17.00,10.00,0.00
197271.00,1970-01-01 00:03:17.271,1.40,25.63,0.00,1.47,0.00,1.00,1.00,999.00,0.00,12.11,48.46,53.82,0.00,0.00,-0.56,0.08,17.00,10.00,0.00
197457.00,1970-01-01 00:03:17.457,1.40,25.69,0.00,1.47,0.00,1.00,1.00,999.00,0.00,12.29,48.44,53.80,0.00,0.00,-0.57,0.08,17.00,10.00,0.00
197557.00,1970-01-01 00:03:17.557,1.40,25.69,0.00,1.47,0.00,1.00,1.00,999.00,0.00,12.29,48.44,53.80,0.00,0.00,-0.52,0.08,17.00,10.00,0.00
197750.00,1970-01-01 00:03:17.750,1.38,25.81,0.00,1.47,0.00,1.00,1.00,999.00,0.00,12.10,48.46,53.76,0.00,0.00,-0.54,0.07,17.00,10.00,0.00
197910.00,1970-01-01 00:03:17.910,1.37,25.86,0.00,1.47,0.00,1.00,1.00,999.00,0.00,12.11,48.41,53.84,0.00,0.00,-0.55,0.08,17.00,10.00,0.00
198062.00,1970-01-01 00:03:18.062,1.36,25.92,0.00,1.47,0.00,1.00,1.00,999.00,0.00,12.29,48.41,53.84,0.00,0.00,-0.52,0.07,17.00,10.00,0.00
198239.00,1970-01-01 00:03:18.239,1.35,25.98,0.00,1.47,0.00,1.00,1.00,999.00,0.00,12.29,48.41,53.80,0.00,0.00,-0.52,0.08,17.00,10.00,0.00
198410.00,1970-01-01 00:03:18.410,1.34,26.04,0.00,1.47,0.00,1.00,1.00,999.00,0.00,12.28,48.41,53.80,0.00,0.00,-0.52,0.08,17.00,10.00,0.00
198578.00,1970-01-01 00:03:18.578,1.32,26.10,0.00,1.47,0.00,1.00,1.00,999.00,0.00,12.29,48.44,53.77,0.00,0.00,-0.52,0.08,17.00,10.00,0.00
198734.00,1970-01-01 00:03:18.734,2.07,26.22,0.00,1.47,0.00,1.00,1.00,999.00,0.00,12.15,48.44,53.77,0.00,0.00,-0.53,0.08,17.00,10.00,0.00
198893.00,1970-01-01 00:03:18.893,2.39,26.33,0.00,1.47,0.00,1.00,1.00,999.00,0.00,12.12,48.37,53.70,0.00,0.00,-0.54,0.08,17.00,10.00,0.00
198993.00,1970-01-01 00:03:18.993,2.33,26.39,0.00,1.47,0.00,1.00,1.00,999.00,0.00,12.24,48.37,53.70,0.00,0.00,-0.56,0.08,17.00,10.00,0.00
199186.00,1970-01-01 00:03:19.186,2.54,26.57,0.00,1.47,0.00,1.00,1.00,999.00,0.00,12.24,48.34,53.75,0.00,0.00,-0.58,0.07,17.00,10.00,0.00
199347.00,1970-01-01 00:03:19.347,2.57,26.68,0.00,1.47,0.00,1.00,1.00,999.00,0.00,12.10,48.34,53.75,0.00,0.00,-0.57,0.07,17.00,10.00,0.00
199519.00,1970-01-01 00:03:19.519,2.55,26.80,0.00,1.47,0.00,1.00,1.00,999.00,0.00,12.12,48.39,53.62,0.00,0.00,-0.57,0.07,17.00,10.00,0.00
199676.00,1970-01-01 00:03:19.676,2.42,26.86,0.00,1.47,0.00,1.00,1.00,999.00,0.00,12.14,48.39,53.62,0.00,0.00,-0.57,0.07,17.00,10.00,0.00
199826.00,1970-01-01 00:03:19.826,2.40,26.98,0.00,1.47,0.00,1.00,1.00,999.00,0.00,12.24,48.38,53.75,0.00,0.00,-0.55,0.07,17.00,10.00,0.00
199971.00,1970-01-01 00:03:19.971,2.40,27.09,0.00,1.47,0.00,1.00,1.00,999.00,0.00,12.29,48.38,53.75,0.00,0.00,-0.52,0.08,17.00,10.00,0.00
200126.00,1970-01-01 00:03:20.126,2.37,27.21,0.00,1.47,0.00,1.00,1.00,999.00,0.00,12.12,48.39,53.66,0.00,0.00,-0.51,0.07,17.00,10.00,0.00
200226.00,1970-01-01 00:03:20.226,2.50,27.27,0.00,1.47,0.00,1.00,1.00,999.00,0.00,12.27,48.39,53.66,0.00,0.00,-0.57,0.07,17.00,10.00,0.00
200342.00,1970-01-01 00:03:20.342,2.37,27.33,0.00,1.47,0.00,1.00,1.00,999.00,0.00,12.25,48.39,53.66,0.00,0.00,-0.57,0.07,17.00,10.00,0.00
200500.00,1970-01-01 00:03:20.500,2.32,27.44,0.00,1.47,0.00,1.00,1.00,999.00,0.00,12.26,48.37,53.66,0.00,0.00,-0.54,0.07,17.00,10.00,0.00
200659.00,1970-01-01 00:03:20.659,2.31,27.56,0.00,1.47,0.00,1.00,1.00,999.00,0.00,12.28,48.41,53.71,0.00,0.00,-0.55,0.08,17.00,10.00,0.00
200849.00,1970-01-01 00:03:20.849,2.27,27.68,0.00,1.47,0.00,1.00,1.00,999.00,0.00,12.13,48.41,53.71,0.00,0.00,-0.55,0.07,17.00,10.00,0.00
201000.00,1970-01-01 00:03:21.000,2.41,27.74,0.00,1.47,0.00,1.00,1.00,999.00,0.00,12.14,48.39,53.70,0.00,0.00,-0.55,0.08,17.00,10.00,0.00
201175.00,1970-01-01 00:03:21.175,2.36,27.85,0.00,1.47,0.00,1.00,1.00,999.00,0.00,12.15,48.39,53.70,0.00,0.00,-0.55,0.07,17.00,10.00,0.00
201343.00,1970-01-01 00:03:21.343,2.34,27.97,0.00,1.47,0.00,1.00,1.00,999.00,0.00,12.28,48.41,53.78,0.00,0.00,-0.55,0.08,17.00,10.00,0.00
201516.00,1970-01-01 00:03:21.516,2.31,28.09,0.00,1.47,0.00,1.00,1.00,999.00,0.00,12.29,48.41,53.78,0.00,0.00,-0.55,0.07,17.00,10.00,0.00
201616.00,1970-01-01 00:03:21.616,2.16,28.15,0.00,1.47,0.00,1.00,1.00,999.00,0.00,12.28,48.44,53.59,0.00,0.00,-0.54,0.08,17.00,10.00,0.00
201767.00,1970-01-01 00:03:21.767,2.28,28.21,0.00,1.47,0.00,1.00,1.00,999.00,0.00,12.24,48.44,53.59,0.00,0.00,-0.54,0.08,17.00,10.00,0.00
201922.00,1970-01-01 00:03:21.922,2.26,28.32,0.00,1.47,0.00,1.00,1.00,999.00,0.00,12.27,48.45,53.64,0.00,0.00,-0.57,0.07,17.00,10.00,0.00
202097.00,1970-01-01 00:03:22.097,2.23,28.44,0.00,1.47,0.00,1.00,1.00,999.00,0.00,12.26,48.45,53.64,0.00,0.00,-0.57,0.08,17.00,10.00,0.00
202252.00,1970-01-01 00:03:22.252,2.23,28.56,0.00,1.47,0.00,1.00,1.00,999.00,0.00,12.28,48.44,53.62,0.00,0.00,-0.57,0.07,17.00,10.00,0.00
202410.00,1970-01-01 00:03:22.410,2.07,28.62,0.00,1.47,0.00,1.00,1.00,999.00,0.00,12.24,48.44,53.62,0.00,0.00,-0.55,0.07,17.00,10.00,0.00
202581.00,1970-01-01 00:03:22.581,2.05,28.73,0.00,1.47,0.00,1.00,1.00,999.00,0.00,12.28,48.41,53.70,0.00,0.00,-0.56,0.08,17.00,10.00,0.00
202750.00,1970-01-01 00:03:22.750,2.19,28.79,0.00,1.47,0.00,1.00,1.00,999.00,0.00,12.24,48.41,53.70,0.00,0.00,-0.56,0.07,17.00,10.00,0.00
202850.00,1970-01-01 00:03:22.850,2.18,28.91,0.00,1.47,0.00,1.00,1.00,999.00,0.00,12.26,48.36,53.59,0.00,0.00,-0.53,0.07,17.00,10.00,0.00
203000.00,1970-01-01 00:03:23.000,2.01,28.97,0.00,1.47,0.00,1.00,1.00,999.00,0.00,12.10,48.36,53.59,0.00,0.00,-0.54,0.08,17.00,10.00,0.00
203159.00,1970-01-01 00:03:23.159,2.14,29.02,0.00,1.47,0.00,1.00,1.00,999.00,0.00,12.24,48.44,53.64,0.00,0.00,-0.53,0.07,17.00,10.00,0.00
203297.00,1970-01-01 00:03:23.297,2.12,29.14,0.00,1.47,0.00,1.00,1.00,999.00,0.00,12.13,48.44,53.64,0.00,0.00,-0.58,0.08,17.00,10.00,0.00
203439.00,1970-01-01 00:03:23.439,1.95,29.20,0.00,1.47,0.00,1.00,1.00,999.00,0.00,12.28,48.41,53.69,0.00,0.00,-0.55,0.08,17.00,10.00,0.00
203611.00,1970-01-01 00:03:23.611,1.94,29.32,0.00,1.47,0.00,1.00,1.00,999.00,0.00,12.28,48.41,53.69,0.00,0.00,-0.56,0.07,17.00,10.00,0.00
203767.00,1970-01-01 00:03:23.767,2.05,29.38,0.00,1.47,0.00,1.00,1.00,999.00,0.00,12.10,48.48,53.71,0.00,0.00,-0.56,0.08,17.00,10.00,0.00
203922.00,1970-01-01 00:03:23.922,2.04,29.49,0.00,1.47,0.00,1.00,1.00,999.00,0.00,12.24,48.48,53.71,0.00,0.00,-0.55,0.07,17.00,10.00,0.00
204061.00,1970-01-01 00:03:24.061,1.86,29.55,0.00,1.47,0.00,1.00,1.00,999.00,0.00,12.25,48.46,53.62,0.00,0.00,-0.52,0.08,17.00,10.00,0.00
204264.00,1970-01-01 00:03:24.264,1.84,29.67,0.00,1.47,0.00,1.00,1.00,999.00,0.00,12.29,48.46,53.62,0.00,0.00,-0.56,0.08,17.00,10.00,0.00
204426.00,1970-01-01 00:03:24.426,1.95,29.73,0.00,1.47,0.00,1.00,1.00,999.00,0.00,12.11,48.46,53.66,0.00,0.00,-0.55,0.08,17.00,10.00,0.00
204593.00,1970-01-01 00:03:24.593,1.92,29.84,0.00,1.47,0.00,1.00,1.00,999.00,0.00,12.24,48.46,53.66,0.00,0.00,-0.52,0.08,17.00,10.00,0.00
204765.00,1970-01-01 00:03:24.765,1.75,29.90,0.00,1.47,0.00,1.00,1.00,999.00,0.00,12.11,48.53,53.70,0.00,0.00,-0.52,0.07,17.00,10.00,0.00
204951.00,1970-01-01 00:03:24.951,1.71,30.02,0.00,1.47,0.00,1.00,1.00,999.00,0.00,12.29,48.53,53.70,0.00,0.00,-0.55,0.08,17.00,10.00,0.00
205097.00,1970-01-01 00:03:25.097,1.84,30.08,0.00,1.47,0.00,1.00,1.00,999.00,0.00,12.24,48.50,53.73,0.00,0.00,-0.50,0.07,17.00,10.00,0.00
205280.00,1970-01-01 00:03:25.280,1.70,30.14,0.00,1.47,0.00,1.00,1.00,999.00,0.00,12.28,48.50,53.73,0.00,0.00,-0.52,0.08,17.00,10.00,0.00
205380.00,1970-01-01 00:03:25.380,1.81,30.19,0.00,1.47,0.00,1.00,1.00,999.00,0.00,12.15,48.50,53.65,0.00,0.00,-0.54,0.07,17.00,10.00,0.00
205513.00,1970-01-01 00:03:25.513,1.68,30.25,0.00,1.47,0.00,1.00,1.00,999.00,0.00,12.12,48.50,53.65,0.00,0.00,-0.57,0.08,17.00,10.00,0.00
205694.00,1970-01-01 00:03:25.694,1.65,30.37,0.00,1.47,0.00,1.00,1.00,999.00,0.00,12.29,48.41,53.65,0.00,0.00,-0.59,0.08,17.00,10.00,0.00
205874.00,1970-01-01 00:03:25.874,1.80,30.43,0.00,1.47,0.00,1.00,1.00,999.00,0.00,12.13,48.41,53.65,0.00,0.00,-0.59,0.08,17.00,10.00,0.00
206051.00,1970-01-01 00:03:26.051,1.77,30.55,0.00,1.47,0.00,1.00,1.00,999.00,0.00,12.11,48.46,53.65,0.00,0.00,-0.58,0.08,17.00,10.00,0.00
206221.00,1970-01-01 00:03:26.221,1.63,30.60,0.00,1.47,0.00,1.00,1.00,999.00,0.00,12.24,48.46,53.65,0.00,0.00,-0.58,0.08,17.00,10.00,0.00
206394.00,1970-01-01 00:03:26.394,1.74,30.66,0.00,1.47,0.00,1.00,1.00,999.00,0.00,12.28,48.50,53.62,0.00,0.00,-0.55,0.08,17.00,10.00,0.00
206561.00,1970-01-01 00:03:26.561,1.72,30.78,0.00,1.47,0.00,1.00,1.00,999.00,0.00,12.13,48.50,53.62,0.00,0.00,-0.58,0.08,17.00,10.00,0.00
206661.00,1970-01-01 00:03:26.661,1.72,30.78,0.00,1.47,0.00,1.00,1.00,999.00,0.00,12.28,48.50,53.76,0.00,0.00,-0.56,0.07,17.00,10.00,0.00
206811.00,1970-01-01 00:03:26.811,1.69,30.90,0.00,1.47,0.00,1.00,1.00,999.00,0.00,12.12,48.50,53.76,0.00,0.00,-0.51,0.07,17.00,10.00,0.00
206941.00,1970-01-01 00:03:26.941,1.69,30.90,0.00,1.47,0.00,1.00,1.00,999.00,0.00,12.26,48.51,53.64,0.00,0.00,-0.55,0.07,17.00,10.00,0.00
207118.00,1970-01-01 00:03:27.118,1.65,31.01,0.00,1.47,0.00,1.00,1.00,999.00,0.00,12.27,48.51,53.64,0.00,0.00,-0.55,0.07,17.00,10.00,0.00
207283.00,1970-01-01 00:03:27.283,1.47,31.07,0.00,1.47,0.00,1.00,1.00,999.00,0.00,12.24,48.50,53.73,0.00,0.00,-0.55,0.07,17.00,10.00,0.00
207437.00,1970-01-01 00:03:27.437,1.60,31.13,0.00,1.47,0.00,1.00,1.00,999.00,0.00,12.15,48.50,53.73,0.00,0.00,-0.53,0.08,17.00,10.00,0.00
207626.00,1970-01-01 00:03:27.626,1.44,31.19,0.00,1.47,0.00,1.00,1.00,999.00,0.00,12.13,48.41,53.77,0.00,0.00,-0.54,0.08,17.00,10.00,0.00
207797.00,1970-01-01 00:03:27.797,1.54,31.25,0.00,1.47,0.00,1.00,1.00,999.00,0.00,12.13,48.41,53.77,0.00,0.00,-0.55,0.08,17.00,10.00,0.00
207971.00,1970-01-01 00:03:27.971,1.49,31.37,0.00,1.47,0.00,1.00,1.00,999.00,0.00,12.27,48.57,53.66,0.00,0.00,-0.55,0.08,17.00,10.00,0.00
208071.00,1970-01-01 00:03:28.071,1.49,31.37,0.00,1.47,0.00,1.00,1.00,999.00,0.00,12.28,48.57,53.66,0.00,0.00,-0.57,0.07,17.00,10.00,0.00
208171.00,1970-01-01 00:03:28.171,1.36,31.42,0.00,1.47,0.00,1.00,1.00,999.00,0.00,12.10,48.57,53.66,0.00,0.00,-0.51,0.08,17.00,10.00,0.00
208313.00,1970-01-01 00:03:28.313,1.44,31.48,0.00,1.47,0.00,1.00,1.00,999.00,0.00,12.13,48.46,53.75,0.00,0.00,-0.54,0.07,17.00,10.00,0.00
208483.00,1970-01-01 00:03:28.483,1.32,31.54,0.00,1.47,0.00,1.00,1.00,999.00,0.00,12.13,48.46,53.75,0.00,0.00,-0.55,0.07,17.00,10.00,0.00
208660.00,1970-01-01 00:03:28.660,1.40,31.60,0.00,1.47,0.00,1.00,1.00,999.00,0.00,12.11,48.52,53.75,0.00,0.00,-0.55,0.08,17.00,10.00,0.00
208810.00,1970-01-01 00:03:28.810,1.29,31.66,0.00,1.47,0.00,1.00,1.00,999.00,0.00,12.29,48.52,53.75,0.00,0.00,-0.54,0.08,17.00,10.00,0.00
208910.00,1970-01-01 00:03:28.910,1.37,31.72,0.00,1.47,0.00,1.00,1.00,999.00,0.00,12.28,48.41,53.73,0.00,0.00,-0.56,0.08,17.00,10.00,0.00
209095.00,1970-01-01 00:03:29.095,1.24,31.77,0.00,1.47,0.00,1.00,1.00,999.00,0.00,12.24,48.41,53.73,0.00,0.00,-0.56,0.07,17.00,10.00,0.00
209269.00,1970-01-01 00:03:29.269,1.34,31.83,0.00,1.47,0.00,1.00,1.00,999.00,0.00,12.28,48.48,53.68,0.00,0.00,-0.56,0.07,17.00,10.00,0.00
209440.00,1970-01-01 00:03:29.440,1.22,31.89,0.00,1.47,0.00,1.00,1.00,999.00,0.00,12.28,48.48,53.68,0.00,0.00,-0.56,0.07,17.00,10.00,0.00
209540.00,1970-01-01 00:03:29.540,1.31,31.95,0.00,1.47,0.00,1.00,1.00,999.00,0.00,12.12,48.56,53.65,0.00,0.00,-0.53,0.07,17.00,10.00,0.00
209678.00,1970-01-01 00:03:29.678,1.31,31.95,0.00,1.47,0.00,1.00,1.00,999.00,0.00,12.29,48.56,53.65,0.00,0.00,-0.54,0.07,17.00,10.00,0.00
209845.00,1970-01-01 00:03:29.845,1.19,32.01,0.00,1.47,0.00,1.00,1.00,999.00,0.00,12.10,48.53,53.84,0.00,0.00,-0.55,0.07,17.00,10.00,0.00
209945.00,1970-01-01 00:03:29.945,1.28,32.07,0.00,1.47,0.00,1.00,1.00,999.00,0.00,12.27,48.53,53.84,0.00,0.00,-0.56,0.07,17.00,10.00,0.00
210147.00,1970-01-01 00:03:30.147,1.14,32.13,0.00,1.47,0.00,1.00,1.00,999.00,0.00,12.26,48.55,53.65,0.00,0.00,-0.58,0.07,17.00,10.00,0.00
210313.00,1970-01-01 00:03:30.313,1.26,32.18,0.00,1.47,0.00,1.00,1.00,999.00,0.00,12.25,48.55,53.65,0.00,0.00,-0.58,0.07,17.00,10.00,0.00
210490.00,1970-01-01 00:03:30.490,1.07,32.24,0.00,1.47,0.00,1.00,1.00,999.00,0.00,12.26,48.53,53.68,0.00,0.00,-0.59,0.07,17.00,10.00,0.00
210643.00,1970-01-01 00:03:30.643,1.23,32.30,0.00,1.47,0.00,1.00,1.00,999.00,0.00,12.27,48.53,53.68,0.00,0.00,-0.56,0.07,17.00,10.00,0.00
210743.00,1970-01-01 00:03:30.743,1.23,32.30,0.00,1.47,0.00,1.00,1.00,999.00,0.00,12.10,48.53,53.73,0.00,0.00,-0.52,0.08,17.00,10.00,0.00
210851.00,1970-01-01 00:03:30.851,1.02,32.36,0.00,1.47,0.00,1.00,1.00,999.00,0.00,12.24,48.53,53.73,0.00,0.00,-0.60,0.07,17.00,10.00,0.00
211017.00,1970-01-01 00:03:31.017,1.17,32.42,0.00,1.47,0.00,1.00,1.00,999.00,0.00,12.15,48.55,53.71,0.00,0.00,-0.58,0.07,17.00,10.00,0.00
211117.00,1970-01-01 00:03:31.117,1.17,32.42,0.00,1.47,0.00,1.00,1.00,999.00,0.00,12.26,48.55,53.71,0.00,0.00,-0.55,0.08,17.00,10.00,0.00
211217.00,1970-01-01 00:03:31.217,1.17,32.42,0.00,1.47,0.00,1.00,1.00,999.00,0.00,12.27,48.55,53.71,0.00,0.00,-0.54,0.08,17.00,10.00,0.00
211317.00,1970-01-01 00:03:31.317,0.99,32.48,0.00,1.47,0.00,1.00,1.00,999.00,0.00,12.10,48.51,53.78,0.00,0.00,-0.55,0.07,17.00,10.00,0.00
211425.00,1970-01-01 00:03:31.425,1.11,32.54,0.00,1.47,0.00,1.00,1.00,999.00,0.00,12.23,48.51,53.78,0.00,0.00,-0.53,0.07,17.00,10.00,0.00
211592.00,1970-01-01 00:03:31.592,1.11,32.54,0.00,1.47,0.00,1.00,1.00,999.00,0.00,12.11,48.56,53.73,0.00,0.00,-0.53,0.08,17.00,10.00,0.00
211752.00,1970-01-01 00:03:31.752,0.96,32.59,0.00,1.47,0.00,1.00,1.00,999.00,0.00,12.24,48.56,53.73,0.00,0.00,-0.53,0.08,17.00,10.00,0.00
211907.00,1970-01-01 00:03:31.907,1.06,32.65,0.00,1.47,0.00,1.00,1.00,999.00,0.00,12.10,48.48,53.66,0.00,0.00,-0.55,0.08,17.00,10.00,0.00
212083.00,1970-01-01 00:03:32.083,0.90,32.71,0.00,1.47,0.00,1.00,1.00,999.00,0.00,12.27,48.48,53.66,0.00,0.00,-0.55,0.07,17.00,10.00,0.00
212183.00,1970-01-01 00:03:32.183,0.90,32.71,0.00,1.47,0.00,1.00,1.00,999.00,0.00,12.28,48.53,53.68,0.00,0.00,-0.56,0.07,17.00,10.00,0.00
212283.00,1970-01-01 00:03:32.283,1.03,32.77,0.00,1.47,0.00,1.00,1.00,999.00,0.00,12.10,48.53,53.68,0.00,0.00,-0.54,0.07,17.00,10.00,0.00
212422.00,1970-01-01 00:03:32.422,1.03,32.77,0.00,1.47,0.00,1.00,1.00,999.00,0.00,12.13,48.53,53.68,0.00,0.00,-0.54,0.08,17.00,10.00,0.00
212566.00,1970-01-01 00:03:32.566,0.85,32.83,0.00,1.47,0.00,1.00,1.00,999.00,0.00,12.24,48.53,53.70,0.00,0.00,-0.54,0.08,17.00,10.00,0.00
212666.00,1970-01-01 00:03:32.666,0.85,32.83,0.00,1.47,0.00,1.00,1.00,999.00,0.00,12.26,48.53,53.70,0.00,0.00,-0.55,0.08,17.00,10.00,0.00
212780.00,1970-01-01 00:03:32.780,0.99,32.89,0.00,1.47,0.00,1.00,1.00,999.00,0.00,12.11,48.57,53.75,0.00,0.00,-0.54,0.07,17.00,10.00,0.00
212938.00,1970-01-01 00:03:32.938,0.99,32.89,0.00,1.47,0.00,1.00,1.00,999.00,0.00,12.26,48.57,53.75,0.00,0.00,-0.55,0.08,17.00,10.00,0.00
213108.00,1970-01-01 00:03:33.108,0.82,32.95,0.00,1.47,0.00,1.00,1.00,999.00,0.00,12.24,48.63,53.66,0.00,0.00,-0.53,0.07,17.00,10.00,0.00
213208.00,1970-01-01 00:03:33.208,0.82,32.95,0.00,1.47,0.00,1.00,1.00,999.00,0.00,12.25,48.63,53.66,0.00,0.00,-0.55,0.08,17.00,10.00,0.00
213308.00,1970-01-01 00:03:33.308,0.91,33.00,0.00,1.47,0.00,1.00,1.00,999.00,0.00,12.12,48.63,53.66,0.00,0.00,-0.53,0.07,17.00,10.00,0.00
213474.00,1970-01-01 00:03:33.474,0.91,33.00,0.00,1.47,0.00,1.00,1.00,999.00,0.00,12.27,48.53,53.65,0.00,0.00,-0.53,0.07,17.00,10.00,0.00
213639.00,1970-01-01 00:03:33.639,0.75,33.06,0.00,1.47,0.00,1.00,1.00,999.00,0.00,12.28,48.53,53.68,0.00,0.00,-0.53,0.08,17.00,10.00,0.00
213797.00,1970-01-01 00:03:33.797,0.85,33.12,0.00,1.47,0.00,1.00,1.00,999.00,0.00,12.26,48.53,53.68,0.00,0.00,-0.53,0.08,17.00,10.00,0.00
213951.00,1970-01-01 00:03:33.951,0.85,33.12,0.00,1.47,0.00,1.00,1.00,999.00,0.00,12.29,48.51,53.69,0.00,0.00,-0.55,0.08,17.00,10.00,0.00
214124.00,1970-01-01 00:03:34.124,0.65,33.18,0.00,1.47,0.00,1.00,1.00,999.00,0.00,12.10,48.51,53.69,0.00,0.00,-0.55,0.07,17.00,10.00,0.00
214224.00,1970-01-01 00:03:34.224,0.65,33.18,0.00,1.47,0.00,1.00,1.00,999.00,0.00,12.24,48.52,53.64,0.00,0.00,-0.55,0.07,17.00,10.00,0.00
214324.00,1970-01-01 00:03:34.324,0.65,33.18,0.00,1.47,0.00,1.00,1.00,999.00,0.00,12.26,48.52,53.64,0.00,0.00,-0.55,0.07,17.00,10.00,0.00
214501.00,1970-01-01 00:03:34.501,0.73,33.24,0.00,1.47,0.00,1.00,1.00,999.00,0.00,12.25,48.53,53.64,0.00,0.00,-0.55,0.07,17.00,10.00,0.00
214638.00,1970-01-01 00:03:34.638,0.73,33.24,0.00,1.47,0.00,1.00,1.00,999.00,0.00,12.28,48.53,53.64,0.00,0.00,-0.54,0.07,17.00,10.00,0.00
214766.00,1970-01-01 00:03:34.766,0.53,33.30,0.00,1.47,0.00,1.00,1.00,999.00,0.00,12.25,48.52,53.70,0.00,0.00,-0.57,0.07,17.00,10.00,0.00
214906.00,1970-01-01 00:03:34.906,0.53,33.30,0.00,1.47,0.00,1.00,1.00,999.00,0.00,12.24,48.52,53.70,0.00,0.00,-0.55,0.08,17.00,10.00,0.00
215063.00,1970-01-01 00:03:35.063,0.53,33.30,0.00,1.47,0.00,1.00,1.00,999.00,0.00,12.27,48.43,53.65,0.00,0.00,-0.55,0.07,17.00,10.00,0.00
215217.00,1970-01-01 00:03:35.217,0.62,33.35,0.00,1.47,0.00,1.00,1.00,999.00,0.00,12.25,48.43,53.65,0.00,0.00,-0.52,0.07,17.00,10.00,0.00
215317.00,1970-01-01 00:03:35.317,0.62,33.35,0.00,1.47,0.00,1.00,1.00,999.00,0.00,12.23,48.59,53.66,0.00,0.00,-0.54,0.07,17.00,10.00,0.00
215516.00,1970-01-01 00:03:35.516,-0.00,33.35,0.00,1.47,0.00,1.00,1.00,999.00,0.00,12.10,48.59,53.66,0.00,0.00,-0.55,0.08,17.00,10.00,0.00
215616.00,1970-01-01 00:03:35.616,0.89,33.41,0.00,1.47,0.00,1.00,1.00,999.00,0.00,12.24,48.57,53.60,0.00,0.00,-0.57,0.07,17.00,10.00,0.00
215765.00,1970-01-01 00:03:35.765,0.89,33.41,0.00,1.47,0.00,1.00,1.00,999.00,0.00,12.13,48.57,53.60,0.00,0.00,-0.55,0.08,17.00,10.00,0.00
215937.00,1970-01-01 00:03:35.937,0.89,33.41,0.00,1.47,0.00,1.00,1.00,999.00,0.00,12.23,48.43,53.62,0.00,0.00,-0.55,0.07,17.00,10.00,0.00
216094.00,1970-01-01 00:03:36.094,0.97,33.47,0.00,1.47,0.00,1.00,1.00,999.00,0.00,12.09,48.43,53.62,0.00,0.00,-0.55,0.08,17.00,10.00,0.00
216194.00,1970-01-01 00:03:36.194,0.97,33.47,0.00,1.47,0.00,1.00,1.00,999.00,0.00,12.23,48.44,53.70,0.00,0.00,-0.54,0.08,17.00,10.00,0.00
216294.00,1970-01-01 00:03:36.294,0.97,33.47,0.00,1.47,0.00,1.00,1.00,999.00,0.00,12.29,48.44,53.70,0.00,0.00,-0.56,0.08,17.00,10.00,0.00
216408.00,1970-01-01 00:03:36.408,-0.00,33.47,0.00,1.47,0.00,1.00,1.00,999.00,0.00,12.10,48.44,53.70,0.00,0.00,-0.51,0.08,17.00,10.00,0.00
216578.00,1970-01-01 00:03:36.578,-0.00,33.47,0.00,1.47,0.00,1.00,1.00,999.00,0.00,12.25,48.52,53.69,0.00,0.00,-0.53,0.08,17.00,10.00,0.00
216737.00,1970-01-01 00:03:36.737,0.63,33.53,0.00,1.47,0.00,1.00,1.00,999.00,0.00,12.23,48.56,53.60,0.00,0.00,-0.55,0.08,17.00,10.00,0.00
216893.00,1970-01-01 00:03:36.893,0.63,33.53,0.00,1.47,0.00,1.00,1.00,999.00,0.00,12.25,48.56,53.60,0.00,0.00,-0.54,0.07,17.00,10.00,0.00
217063.00,1970-01-01 00:03:37.063,0.63,33.53,0.00,1.47,0.00,1.00,1.00,999.00,0.00,12.27,48.52,53.70,0.00,0.00,-0.55,0.08,17.00,10.00,0.00
217163.00,1970-01-01 00:03:37.163,-0.00,33.53,0.00,1.47,0.00,1.00,1.00,999.00,0.00,12.15,48.52,53.70,0.00,0.00,-0.58,0.07,17.00,10.00,0.00
217263.00,1970-01-01 00:03:37.263,-0.00,33.53,0.00,1.47,0.00,1.00,1.00,999.00,0.00,12.24,48.52,53.70,0.00,0.00,-0.52,0.07,17.00,10.00,0.00
217363.00,1970-01-01 00:03:37.363,0.66,33.59,0.00,1.47,0.00,1.00,1.00,999.00,0.00,12.27,48.48,53.62,0.00,0.00,-0.59,0.07,17.00,10.00,0.00
217487.00,1970-01-01 00:03:37.487,0.66,33.59,0.00,1.47,0.00,1.00,1.00,999.00,0.00,12.26,48.48,53.62,0.00,0.00,-0.56,0.08,17.00,10.00,0.00
217658.00,1970-01-01 00:03:37.658,0.66,33.59,0.00,1.47,0.00,1.00,1.00,999.00,0.00,12.27,48.45,53.59,0.00,0.00,-0.56,0.07,17.00,10.00,0.00
217815.00,1970-01-01 00:03:37.815,-0.00,33.59,0.00,1.47,0.00,1.00,1.00,999.00,0.00,12.26,48.45,53.59,0.00,0.00,-0.56,0.07,17.00,10.00,0.00
217972.00,1970-01-01 00:03:37.972,-0.00,33.59,0.00,1.47,0.00,1.00,1.00,999.00,0.00,12.24,48.50,53.69,0.00,0.00,-0.53,0.07,17.00,10.00,0.00
218139.00,1970-01-01 00:03:38.139,0.00,33.59,0.00,1.47,0.00,1.00,1.00,999.00,0.00,12.28,48.50,53.69,0.00,0.00,-0.55,0.08,17.00,10.00,0.00
218295.00,1970-01-01 00:03:38.295,0.81,33.65,0.00,1.47,0.00,1.00,1.00,999.00,0.00,12.27,48.52,53.65,0.00,0.00,-0.51,0.07,17.00,10.00,0.00
218472.00,1970-01-01 00:03:38.472,0.81,33.65,0.00,1.47,0.00,1.00,1.00,999.00,0.00,12.27,48.52,53.65,0.00,0.00,-0.53,0.07,17.00,10.00,0.00
218572.00,1970-01-01 00:03:38.572,0.81,33.65,0.00,1.47,0.00,1.00,1.00,999.00,0.00,12.15,48.52,53.66,0.00,0.00,-0.54,0.07,17.00,10.00,0.00
218713.00,1970-01-01 00:03:38.713,-0.00,33.65,0.00,1.47,0.00,1.00,1.00,999.00,0.00,12.13,48.52,53.66,0.00,0.00,-0.58,0.07,17.00,10.00,0.00
218879.00,1970-01-01 00:03:38.879,-0.00,33.65,0.00,1.47,0.00,1.00,1.00,999.00,0.00,12.23,48.56,53.62,0.00,0.00,-0.57,0.07,17.00,10.00,0.00
219047.00,1970-01-01 00:03:39.047,0.55,33.71,0.00,1.47,0.00,1.00,1.00,999.00,0.00,12.10,48.56,53.62,0.00,0.00,-0.57,0.07,17.00,10.00,0.00
219204.00,1970-01-01 00:03:39.204,0.55,33.71,0.00,1.47,0.00,1.00,1.00,999.00,0.00,12.28,48.46,53.63,0.00,0.00,-0.55,0.07,17.00,10.00,0.00
219359.00,1970-01-01 00:03:39.359,0.55,33.71,0.00,1.47,0.00,1.00,1.00,999.00,0.00,12.29,48.46,53.63,0.00,0.00,-0.55,0.07,17.00,10.00,0.00
219515.00,1970-01-01 00:03:39.515,-0.00,33.71,0.00,1.47,0.00,1.00,1.00,999.00,0.00,12.27,48.52,53.69,0.00,0.00,-0.56,0.08,17.00,10.00,0.00
219680.00,1970-01-01 00:03:39.680,-0.00,33.71,0.00,1.47,0.00,1.00,1.00,999.00,0.00,12.11,48.52,53.69,0.00,0.00,-0.52,0.07,17.00,10.00,0.00
219829.00,1970-01-01 00:03:39.829,0.00,33.71,0.00,1.47,0.00,1.00,1.00,999.00,0.00,12.24,48.56,53.60,0.00,0.00,-0.52,0.07,17.00,10.00,0.00
219929.00,1970-01-01 00:03:39.929,0.00,33.71,0.00,1.47,0.00,1.00,1.00,999.00,0.00,12.11,48.56,53.60,0.00,0.00,-0.59,0.07,17.00,10.00,0.00
220097.00,1970-01-01 00:03:40.097,0.00,33.71,0.00,1.47,0.00,1.00,1.00,999.00,0.00,12.28,48.52,53.66,0.00,0.00,-0.57,0.08,17.00,10.00,0.00
220272.00,1970-01-01 00:03:40.272,0.59,33.76,0.00,1.47,0.00,1.00,1.00,999.00,0.00,12.24,48.52,53.66,0.00,0.00,-0.60,0.07,17.00,10.00,0.00
220436.00,1970-01-01 00:03:40.436,0.59,33.76,0.00,1.47,0.00,1.00,1.00,999.00,0.00,12.25,48.55,53.71,0.00,0.00,-0.57,0.07,17.00,10.00,0.00
220614.00,1970-01-01 00:03:40.614,-0.00,33.76,0.00,1.47,0.00,1.00,1.00,999.00,0.00,12.27,48.55,53.71,0.00,0.00,-0.58,0.07,17.00,10.00,0.00
220797.00,1970-01-01 00:03:40.797,-0.00,33.76,0.00,1.47,0.00,1.00,1.00,999.00,0.00,12.23,48.53,53.65,0.00,0.00,-0.55,0.07,17.00,10.00,0.00
220930.00,1970-01-01 00:03:40.930,0.00,33.76,0.00,1.47,0.00,1.00,1.00,999.00,0.00,12.23,48.53,53.65,0.00,0.00,-0.54,0.07,17.00,10.00,0.00
221030.00,1970-01-01 00:03:41.030,0.00,33.76,0.00,1.47,0.00,1.00,1.00,999.00,0.00,12.11,48.53,53.65,0.00,0.00,-0.51,0.08,17.00,10.00,0.00
221139.00,1970-01-01 00:03:41.139,0.00,33.76,0.00,1.47,0.00,1.00,1.00,999.00,0.00,12.24,48.48,53.62,0.00,0.00,-0.59,0.07,17.00,10.00,0.00
221239.00,1970-01-01 00:03:41.239,0.00,33.76,0.00,1.47,0.00,1.00,1.00,999.00,0.00,12.27,48.48,53.62,0.00,0.00,-0.56,0.08,17.00,10.00,0.00
221375.00,1970-01-01 00:03:41.375,0.55,33.82,0.00,1.47,0.00,1.00,1.00,999.00,0.00,12.28,48.48,53.62,0.00,0.00,-0.52,0.07,17.00,10.00,0.00
221533.00,1970-01-01 00:03:41.533,0.55,33.82,0.00,1.47,0.00,1.00,1.00,999.00,0.00,12.28,48.48,53.57,0.00,0.00,-0.53,0.07,17.00,10.00,0.00
221706.00,1970-01-01 00:03:41.706,-0.00,33.82,0.00,1.47,0.00,1.00,1.00,999.00,0.00,12.15,48.51,53.52,0.00,0.00,-0.53,0.07,17.00,10.00,0.00
221880.00,1970-01-01 00:03:41.880,-0.00,33.82,0.00,1.47,0.00,1.00,1.00,999.00,0.00,12.29,48.51,53.52,0.00,0.00,-0.53,0.08,17.00,10.00,0.00
222047.00,1970-01-01 00:03:42.047,-0.00,33.82,0.00,1.47,0.00,1.00,1.00,999.00,0.00,12.11,48.57,53.53,0.00,0.00,-0.53,0.08,17.00,10.00,0.00
222217.00,1970-01-01 00:03:42.217,0.00,33.82,0.00,1.47,0.00,1.00,1.00,999.00,0.00,12.13,48.57,53.53,0.00,0.00,-0.53,0.07,17.00,10.00,0.00
222375.00,1970-01-01 00:03:42.375,0.00,33.82,0.00,1.47,0.00,1.00,1.00,999.00,0.00,12.28,48.46,53.57,0.00,0.00,-0.53,0.07,17.00,10.00,0.00
222475.00,1970-01-01 00:03:42.475,0.00,33.82,0.00,1.47,0.00,1.00,1.00,999.00,0.00,12.26,48.46,53.57,0.00,0.00,-0.56,0.07,17.00,10.00,0.00
222575.00,1970-01-01 00:03:42.575,-0.00,33.82,0.00,1.47,0.00,1.00,1.00,999.00,0.00,12.11,48.46,53.57,0.00,0.00,-0.52,0.07,17.00,10.00,0.00
222703.00,1970-01-01 00:03:42.703,-0.00,33.82,0.00,1.47,0.00,1.00,1.00,999.00,0.00,12.10,48.48,53.48,0.00,0.00,-0.54,0.07,17.00,10.00,0.00
222860.00,1970-01-01 00:03:42.860,-0.00,33.82,0.00,1.47,0.00,1.00,1.00,999.00,0.00,12.23,48.48,53.48,0.00,0.00,-0.53,0.08,17.00,10.00,0.00
223031.00,1970-01-01 00:03:43.031,0.00,33.82,0.00,1.47,0.00,1.00,1.00,999.00,0.00,12.10,48.45,53.64,0.00,0.00,-0.55,0.08,17.00,10.00,0.00
223186.00,1970-01-01 00:03:43.186,0.00,33.82,0.00,1.47,0.00,1.00,1.00,999.00,0.00,12.27,48.45,53.64,0.00,0.00,-0.58,0.08,17.00,10.00,0.00
223334.00,1970-01-01 00:03:43.334,-0.00,33.82,0.00,1.47,0.00,1.00,1.00,999.00,0.00,12.25,48.56,53.63,0.00,0.00,-0.57,0.08,17.00,10.00,0.00
223434.00,1970-01-01 00:03:43.434,-0.00,33.82,0.00,1.47,0.00,1.00,1.00,999.00,0.00,12.28,48.56,53.63,0.00,0.00,-0.52,0.08,17.00,10.00,0.00
223534.00,1970-01-01 00:03:43.534,-0.00,33.82,0.00,1.47,0.00,1.00,1.00,999.00,0.00,12.10,48.56,53.63,0.00,0.00,-0.57,0.07,17.00,10.00,0.00
223656.00,1970-01-01 00:03:43.656,-0.00,33.82,0.00,1.47,0.00,1.00,1.00,999.00,0.00,12.15,48.48,53.64,0.00,0.00,-0.56,0.07,17.00,10.00,0.00
223813.00,1970-01-01 00:03:43.813,0.00,33.82,0.00,1.47,0.00,1.00,1.00,999.00,0.00,12.09,48.48,53.64,0.00,0.00,-0.56,0.07,17.00,10.00,0.00
223972.00,1970-01-01 00:03:43.972,0.00,33.82,0.00,1.47,0.00,1.00,1.00,999.00,0.00,12.14,48.53,53.55,0.00,0.00,-0.56,0.07,17.00,10.00,0.00
224072.00,1970-01-01 00:03:44.072,0.00,33.82,0.00,1.47,0.00,1.00,1.00,999.00,0.00,12.27,48.53,53.55,0.00,0.00,-0.55,0.07,17.00,10.00,0.00
224220.00,1970-01-01 00:03:44.220,-0.00,33.82,0.00,1.47,0.00,1.00,1.00,999.00,0.00,12.14,48.53,53.55,0.00,0.00,-0.57,0.07,17.00,10.00,0.00
224391.00,1970-01-01 00:03:44.391,-0.00,33.82,0.00,1.47,0.00,1.00,1.00,999.00,0.00,12.11,48.51,53.64,0.00,0.00,-0.55,0.08,17.00,10.00,0.00
224491.00,1970-01-01 00:03:44.491,0.00,33.82,0.00,1.47,0.00,1.00,1.00,999.00,0.00,12.23,48.52,53.51,0.00,0.00,-0.55,0.08,17.00,10.00,0.00
224591.00,1970-01-01 00:03:44.591,0.00,33.82,0.00,1.47,0.00,1.00,1.00,999.00,0.00,12.27,48.52,53.51,0.00,0.00,-0.55,0.07,17.00,10.00,0.00
224736.00,1970-01-01 00:03:44.736,0.00,33.82,0.00,1.47,0.00,1.00,1.00,999.00,0.00,12.11,48.52,53.51,0.00,0.00,-0.57,0.07,17.00,10.00,0.00
224876.00,1970-01-01 00:03:44.876,0.00,33.82,0.00,1.47,0.00,1.00,1.00,999.00,0.00,12.13,48.46,53.64,0.00,0.00,-0.57,0.07,17.00,10.00,0.00
225015.00,1970-01-01 00:03:45.015,-0.00,33.82,0.00,1.47,0.00,1.00,1.00,999.00,0.00,12.23,48.52,53.58,0.00,0.00,-0.56,0.07,17.00,10.00,0.00
225159.00,1970-01-01 00:03:45.159,-0.00,33.82,0.00,1.47,0.00,1.00,1.00,999.00,0.00,12.28,48.52,53.58,0.00,0.00,-0.53,0.07,17.00,10.00,0.00
225329.00,1970-01-01 00:03:45.329,0.00,33.82,0.00,1.47,0.00,1.00,1.00,999.00,0.00,12.24,48.55,53.57,0.00,0.00,-0.51,0.07,17.00,10.00,0.00
225429.00,1970-01-01 00:03:45.429,0.00,33.82,0.00,1.47,0.00,1.00,1.00,999.00,0.00,12.12,48.55,53.57,0.00,0.00,-0.58,0.07,17.00,10.00,0.00
225529.00,1970-01-01 00:03:45.529,0.00,33.82,0.00,1.47,0.00,1.00,1.00,999.00,0.00,12.24,48.55,53.57,0.00,0.00,-0.55,0.07,17.00,10.00,0.00
225629.00,1970-01-01 00:03:45.629,0.00,33.82,0.00,1.47,0.00,1.00,1.00,999.00,0.00,12.29,48.51,53.55,0.00,0.00,-0.55,0.07,17.00,10.00,0.00
225737.00,1970-01-01 00:03:45.737,-0.00,33.82,0.00,1.47,0.00,1.00,1.00,999.00,0.00,12.15,48.51,53.55,0.00,0.00,-0.57,0.08,17.00,10.00,0.00
225876.00,1970-01-01 00:03:45.876,-0.00,33.82,0.00,1.47,0.00,1.00,1.00,999.00,0.00,12.28,48.51,53.58,0.00,0.00,-0.55,0.07,17.00,10.00,0.00
226032.00,1970-01-01 00:03:46.032,-0.00,33.82,0.00,1.47,0.00,1.00,1.00,999.00,0.00,12.28,48.51,53.58,0.00,0.00,-0.55,0.08,17.00,10.00,0.00
226188.00,1970-01-01 00:03:46.188,0.00,33.82,0.00,1.47,0.00,1.00,1.00,999.00,0.00,12.10,48.48,53.58,0.00,0.00,-0.52,0.08,17.00,10.00,0.00
226358.00,1970-01-01 00:03:46.358,0.00,33.82,0.00,1.47,0.00,1.00,1.00,999.00,0.00,12.14,48.48,53.58,0.00,0.00,-0.55,0.07,17.00,10.00,0.00
226534.00,1970-01-01 00:03:46.534,0.00,33.82,0.00,1.47,0.00,1.00,1.00,999.00,0.00,12.27,48.50,53.53,0.00,0.00,-0.54,0.08,17.00,10.00,0.00
226700.00,1970-01-01 00:03:46.700,0.00,33.82,0.00,1.47,0.00,1.00,1.00,999.00,0.00,12.10,48.50,53.53,0.00,0.00,-0.52,0.08,17.00,10.00,0.00
226847.00,1970-01-01 00:03:46.847,0.00,33.82,0.00,1.47,0.00,1.00,1.00,999.00,0.00,12.11,48.53,53.55,0.00,0.00,-0.54,0.08,17.00,10.00,0.00
226947.00,1970-01-01 00:03:46.947,0.00,33.82,0.00,1.47,0.00,1.00,1.00,999.00,0.00,12.28,48.53,53.55,0.00,0.00,-0.58,0.07,17.00,10.00,0.00
227126.00,1970-01-01 00:03:47.126,0.00,33.82,0.00,1.47,0.00,1.00,1.00,999.00,0.00,12.25,48.52,53.48,0.00,0.00,-0.59,0.08,17.00,10.00,0.00
227288.00,1970-01-01 00:03:47.288,0.00,33.82,0.00,1.47,0.00,1.00,1.00,999.00,0.00,12.28,48.52,53.48,0.00,0.00,-0.59,0.07,17.00,10.00,0.00
227457.00,1970-01-01 00:03:47.457,0.00,33.82,0.00,1.47,0.00,1.00,1.00,999.00,0.00,12.28,48.57,53.63,0.00,0.00,-0.58,0.08,17.00,10.00,0.00
227625.00,1970-01-01 00:03:47.625,0.00,33.82,0.00,1.47,0.00,1.00,1.00,999.00,0.00,12.15,48.57,53.63,0.00,0.00,-0.57,0.07,17.00,10.00,0.00
227725.00,1970-01-01 00:03:47.725,0.00,33.82,0.00,1.47,0.00,1.00,1.00,999.00,0.00,12.28,48.52,53.60,0.00,0.00,-0.51,0.07,17.00,10.00,0.00
227922.00,1970-01-01 00:03:47.922,0.00,33.82,0.00,1.47,0.00,1.00,1.00,999.00,0.00,12.10,48.52,53.60,0.00,0.00,-0.56,0.08,17.00,10.00,0.00
228081.00,1970-01-01 00:03:48.081,0.00,33.82,0.00,1.47,0.00,1.00,1.00,999.00,0.00,12.24,48.59,53.57,0.00,0.00,-0.52,0.07,17.00,10.00,0.00
228237.00,1970-01-01 00:03:48.237,0.00,33.82,0.00,1.47,0.00,1.00,1.00,999.00,0.00,12.12,48.59,53.57,0.00,0.00,-0.51,0.07,17.00,10.00,0.00
228407.00,1970-01-01 00:03:48.407,0.00,33.82,0.00,1.47,0.00,1.00,1.00,999.00,0.00,12.13,48.59,53.60,0.00,0.00,-0.51,0.08,17.00,10.00,0.00
228507.00,1970-01-01 00:03:48.507,0.00,33.82,0.00,1.47,0.00,1.00,1.00,999.00,0.00,12.28,48.59,53.60,0.00,0.00,-0.58,0.07,17.00,10.00,0.00
228607.00,1970-01-01 00:03:48.607,0.00,33.82,0.00,1.47,0.00,1.00,1.00,999.00,0.00,12.24,48.59,53.60,0.00,0.00,-0.55,0.08,17.00,10.00,0.00
228721.00,1970-01-01 00:03:48.721,0.00,33.82,0.00,1.47,0.00,1.00,1.00,999.00,0.00,12.24,48.56,53.62,0.00,0.00,-0.53,0.07,17.00,10.00,0.00
228895.00,1970-01-01 00:03:48.895,0.00,33.82,0.00,1.47,0.00,1.00,1.00,999.00,0.00,12.24,48.56,53.62,0.00,0.00,-0.53,0.08,17.00,10.00,0.00
229081.00,1970-01-01 00:03:49.081,0.00,33.82,0.00,1.47,0.00,1.00,1.00,999.00,0.00,12.13,48.56,53.57,0.00,0.00,-0.52,0.07,17.00,10.00,0.00
229181.00,1970-01-01 00:03:49.181,0.00,33.82,0.00,1.47,0.00,1.00,1.00,999.00,0.00,12.23,48.56,53.57,0.00,0.00,-0.58,0.08,17.00,10.00,0.00
229296.00,1970-01-01 00:03:49.296,0.00,33.82,0.00,1.47,0.00,1.00,1.00,999.00,0.00,12.28,48.56,53.57,0.00,0.00,-0.55,0.07,17.00,10.00,0.00
229439.00,1970-01-01 00:03:49.439,0.00,33.82,0.00,1.47,0.00,1.00,1.00,999.00,0.00,12.28,48.59,53.50,0.00,0.00,-0.52,0.07,17.00,10.00,0.00
229612.00,1970-01-01 00:03:49.612,0.00,33.82,0.00,1.47,0.00,1.00,1.00,999.00,0.00,12.24,48.59,53.50,0.00,0.00,-0.52,0.07,17.00,10.00,0.00
229772.00,1970-01-01 00:03:49.772,0.00,33.82,0.00,1.47,0.00,1.00,1.00,999.00,0.00,12.26,48.59,53.55,0.00,0.00,-0.52,0.08,17.00,10.00,0.00
229872.00,1970-01-01 00:03:49.872,0.00,33.82,0.00,1.47,0.00,1.00,1.00,999.00,0.00,12.15,48.59,53.55,0.00,0.00,-0.58,0.07,17.00,10.00,0.00
229972.00,1970-01-01 00:03:49.972,0.00,33.82,0.00,1.47,0.00,1.00,1.00,999.00,0.00,12.23,48.59,53.55,0.00,0.00,-0.55,0.07,17.00,10.00,0.00
230072.00,1970-01-01 00:03:50.072,0.00,33.82,0.00,1.47,0.00,1.00,1.00,999.00,0.00,12.27,48.59,53.60,0.00,0.00,-0.55,0.07,17.00,10.00,0.00
230220.00,1970-01-01 00:03:50.220,0.00,33.82,0.00,1.47,0.00,1.00,1.00,999.00,0.00,12.23,48.59,53.60,0.00,0.00,-0.55,0.07,17.00,10.00,0.00
230409.00,1970-01-01 00:03:50.409,0.00,33.82,0.00,1.47,0.00,1.00,1.00,999.00,0.00,12.14,48.50,53.48,0.00,0.00,-0.55,0.07,17.00,10.00,0.00
230611.00,1970-01-01 00:03:50.611,0.00,33.82,0.00,1.47,0.00,1.00,1.00,999.00,0.00,12.24,48.52,53.48,0.00,0.00,-0.53,0.07,17.00,10.00,0.00
230815.00,1970-01-01 00:03:50.815,0.00,33.82,0.00,1.47,0.00,1.00,1.00,999.00,0.00,12.26,48.52,53.48,0.00,0.00,-0.51,0.08,17.00,10.00,0.00
231002.00,1970-01-01 00:03:51.002,0.00,33.82,0.00,1.47,0.00,1.00,1.00,999.00,0.00,12.10,48.52,53.44,0.00,0.00,-0.56,0.07,17.00,10.00,0.00
231102.00,1970-01-01 00:03:51.102,0.00,33.82,0.00,1.47,0.00,1.00,1.00,999.00,0.00,12.23,48.52,53.44,0.00,0.00,-0.55,0.08,17.00,10.00,0.00
231202.00,1970-01-01 00:03:51.202,0.00,33.82,0.00,1.47,0.00,1.00,1.00,999.00,0.00,12.29,48.56,53.50,0.00,0.00,-0.56,0.07,17.00,10.00,0.00
231329.00,1970-01-01 00:03:51.329,0.00,33.82,0.00,1.47,0.00,1.00,1.00,999.00,0.00,12.10,48.56,53.50,0.00,0.00,-0.51,0.08,17.00,10.00,0.00
231501.00,1970-01-01 00:03:51.501,0.00,33.82,0.00,1.47,0.00,1.00,1.00,999.00,0.00,12.24,48.48,53.39,0.00,0.00,-0.52,0.07,17.00,10.00,0.00
231601.00,1970-01-01 00:03:51.601,0.00,33.82,0.00,1.47,0.00,1.00,1.00,999.00,0.00,12.10,48.48,53.39,0.00,0.00,-0.58,0.07,17.00,10.00,0.00
231725.00,1970-01-01 00:03:51.725,0.00,33.82,0.00,1.47,0.00,1.00,1.00,999.00,0.00,12.24,48.48,53.39,0.00,0.00,-0.57,0.07,17.00,10.00,0.00
231893.00,1970-01-01 00:03:51.893,0.00,33.82,0.00,1.47,0.00,1.00,1.00,999.00,0.00,12.27,48.51,53.41,0.00,0.00,-0.57,0.08,17.00,10.00,0.00
231993.00,1970-01-01 00:03:51.993,0.00,33.82,0.00,1.47,0.00,1.00,1.00,999.00,0.00,12.28,48.51,53.41,0.00,0.00,-0.53,0.07,17.00,10.00,0.00
232143.00,1970-01-01 00:03:52.143,0.00,33.82,0.00,1.47,0.00,1.00,1.00,999.00,0.00,12.14,48.38,53.41,0.00,0.00,-0.54,0.07,17.00,10.00,0.00
232320.00,1970-01-01 00:03:52.320,0.00,33.82,0.00,1.47,0.00,1.00,1.00,999.00,0.00,12.11,48.45,53.44,0.00,0.00,-0.52,0.08,17.00,10.00,0.00
232487.00,1970-01-01 00:03:52.487,0.00,33.82,0.00,1.47,0.00,1.00,1.00,999.00,0.00,12.27,48.45,53.44,0.00,0.00,-0.54,0.08,17.00,10.00,0.00
232626.00,1970-01-01 00:03:52.626,0.00,33.82,0.00,1.47,0.00,1.00,1.00,999.00,0.00,12.14,48.41,53.40,0.00,0.00,-0.58,0.07,17.00,10.00,0.00
232781.00,1970-01-01 00:03:52.781,0.00,33.82,0.00,1.47,0.00,1.00,1.00,999.00,0.00,12.28,48.41,53.40,0.00,0.00,-0.58,0.07,17.00,10.00,0.00
232952.00,1970-01-01 00:03:52.952,0.00,33.82,0.00,1.47,0.00,1.00,1.00,999.00,0.00,12.24,48.45,53.42,0.00,0.00,-0.59,0.08,17.00,10.00,0.00
233052.00,1970-01-01 00:03:53.052,0.00,33.82,0.00,1.47,0.00,1.00,1.00,999.00,0.00,12.26,48.45,53.42,0.00,0.00,-0.55,0.07,17.00,10.00,0.00
233152.00,1970-01-01 00:03:53.152,0.00,33.82,0.00,1.47,0.00,1.00,1.00,999.00,0.00,12.27,48.45,53.42,0.00,0.00,-0.55,0.07,17.00,10.00,0.00
233296.00,1970-01-01 00:03:53.296,0.00,33.82,0.00,1.47,0.00,1.00,1.00,999.00,0.00,12.14,48.41,53.32,0.00,0.00,-0.58,0.07,17.00,10.00,0.00
233419.00,1970-01-01 00:03:53.419,0.00,33.82,0.00,1.47,0.00,1.00,1.00,999.00,0.00,12.11,48.41,53.32,0.00,0.00,-0.55,0.08,17.00,10.00,0.00
233547.00,1970-01-01 00:03:53.547,0.00,33.82,0.00,1.47,0.00,1.00,1.00,999.00,0.00,12.15,48.38,53.40,0.00,0.00,-0.51,0.07,17.00,10.00,0.00
233719.00,1970-01-01 00:03:53.719,0.00,33.82,0.00,1.47,0.00,1.00,1.00,999.00,0.00,12.26,48.38,53.40,0.00,0.00,-0.51,0.07,17.00,10.00,0.00
233843.00,1970-01-01 00:03:53.843,0.00,33.82,0.00,1.47,0.00,1.00,1.00,999.00,0.00,12.28,48.44,53.30,0.00,0.00,-0.55,0.08,17.00,10.00,0.00
233983.00,1970-01-01 00:03:53.983,0.00,33.82,0.00,1.47,0.00,1.00,1.00,999.00,0.00,12.24,48.44,53.30,0.00,0.00,-0.58,0.07,17.00,10.00,0.00
234170.00,1970-01-01 00:03:54.170,0.00,33.82,0.00,1.47,0.00,1.00,1.00,999.00,0.00,12.24,48.52,53.32,0.00,0.00,-0.55,0.07,17.00,10.00,0.00
234373.00,1970-01-01 00:03:54.373,0.00,33.82,0.00,1.47,0.00,1.00,1.00,999.00,0.00,12.25,48.52,53.32,0.00,0.00,-0.54,0.07,17.00,10.00,0.00
234548.00,1970-01-01 00:03:54.548,0.00,33.82,0.00,1.47,0.00,1.00,1.00,999.00,0.00,12.24,48.41,53.30,0.00,0.00,-0.54,0.08,17.00,10.00,0.00
234704.00,1970-01-01 00:03:54.704,0.00,33.82,0.00,1.47,0.00,1.00,1.00,999.00,0.00,12.26,48.55,53.33,0.00,0.00,-0.55,0.07,17.00,10.00,0.00
234857.00,1970-01-01 00:03:54.857,0.00,33.82,0.00,1.47,0.00,1.00,1.00,999.00,0.00,12.14,48.55,53.33,0.00,0.00,-0.54,0.07,17.00,10.00,0.00
235014.00,1970-01-01 00:03:55.014,0.00,33.82,0.00,1.47,0.00,1.00,1.00,999.00,0.00,12.27,48.43,53.30,0.00,0.00,-0.59,0.07,17.00,10.00,0.00
235159.00,1970-01-01 00:03:55.159,0.00,33.82,0.00,1.47,0.00,1.00,1.00,999.00,0.00,12.27,48.43,53.30,0.00,0.00,-0.57,0.07,17.00,10.00,0.00
235343.00,1970-01-01 00:03:55.343,0.00,33.82,0.00,1.47,0.00,1.00,1.00,999.00,0.00,12.23,48.33,53.23,0.00,0.00,-0.57,0.07,17.00,10.00,0.00
235443.00,1970-01-01 00:03:55.443,0.00,33.82,0.00,1.47,0.00,1.00,1.00,999.00,0.00,12.25,48.33,53.23,0.00,0.00,-0.52,0.07,17.00,10.00,0.00
235567.00,1970-01-01 00:03:55.567,0.00,33.82,0.00,1.47,0.00,1.00,1.00,999.00,0.00,12.26,48.33,53.23,0.00,0.00,-0.53,0.07,17.00,10.00,0.00
235708.00,1970-01-01 00:03:55.708,0.00,33.82,0.00,1.47,0.00,1.00,1.00,999.00,0.00,12.14,48.36,53.27,0.00,0.00,-0.56,0.07,17.00,10.00,0.00
235879.00,1970-01-01 00:03:55.879,0.00,33.82,0.00,1.47,0.00,1.00,1.00,999.00,0.00,12.11,48.36,53.27,0.00,0.00,-0.55,0.08,17.00,10.00,0.00
235979.00,1970-01-01 00:03:55.979,0.00,33.82,0.00,1.47,0.00,1.00,1.00,999.00,0.00,12.24,48.38,53.30,0.00,0.00,-0.56,0.08,17.00,10.00,0.00
236097.00,1970-01-01 00:03:56.097,0.00,33.82,0.00,1.47,0.00,1.00,1.00,999.00,0.00,12.25,48.38,53.30,0.00,0.00,-0.54,0.07,17.00,10.00,0.00
236283.00,1970-01-01 00:03:56.283,0.00,33.82,0.00,1.47,0.00,1.00,1.00,999.00,0.00,12.28,48.36,53.27,0.00,0.00,-0.53,0.07,17.00,10.00,0.00
236422.00,1970-01-01 00:03:56.422,0.00,33.82,0.00,1.47,0.00,1.00,1.00,999.00,0.00,12.27,48.36,53.27,0.00,0.00,-0.54,0.07,17.00,10.00,0.00
236612.00,1970-01-01 00:03:56.612,0.00,33.82,0.00,1.47,0.00,1.00,1.00,999.00,0.00,12.13,48.39,53.20,0.00,0.00,-0.54,0.07,17.00,10.00,0.00
236784.00,1970-01-01 00:03:56.784,0.00,33.82,0.00,1.47,0.00,1.00,1.00,999.00,0.00,12.24,48.39,53.20,0.00,0.00,-0.54,0.07,17.00,10.00,0.00
236884.00,1970-01-01 00:03:56.884,0.00,33.82,0.00,1.47,0.00,1.00,1.00,999.00,0.00,12.14,48.38,53.34,0.00,0.00,-0.57,0.07,17.00,10.00,0.00
237003.00,1970-01-01 00:03:57.003,0.00,33.82,0.00,1.47,0.00,1.00,1.00,999.00,0.00,12.28,48.38,53.34,0.00,0.00,-0.56,0.07,17.00,10.00,0.00
237188.00,1970-01-01 00:03:57.188,0.00,33.82,0.00,1.47,0.00,1.00,1.00,999.00,0.00,12.23,48.38,53.30,0.00,0.00,-0.55,0.07,17.00,10.00,0.00
237346.00,1970-01-01 00:03:57.346,0.00,33.82,0.00,1.47,0.00,1.00,1.00,999.00,0.00,12.23,48.38,53.30,0.00,0.00,-0.56,0.07,17.00,10.00,0.00
237446.00,1970-01-01 00:03:57.446,0.00,33.82,0.00,1.47,0.00,1.00,1.00,999.00,0.00,12.24,48.41,53.27,0.00,0.00,-0.54,0.07,17.00,10.00,0.00
237551.00,1970-01-01 00:03:57.551,0.00,33.82,0.00,1.47,0.00,1.00,1.00,999.00,0.00,12.27,48.41,53.27,0.00,0.00,-0.55,0.07,17.00,10.00,0.00
237688.00,1970-01-01 00:03:57.688,0.00,33.82,0.00,1.47,0.00,1.00,1.00,999.00,0.00,12.27,48.41,53.27,0.00,0.00,-0.55,0.08,17.00,10.00,0.00
237826.00,1970-01-01 00:03:57.826,0.00,33.82,0.00,1.47,0.00,1.00,1.00,999.00,0.00,12.26,48.41,53.30,0.00,0.00,-0.53,0.07,17.00,10.00,0.00
238005.00,1970-01-01 00:03:58.005,0.00,33.82,0.00,1.47,0.00,1.00,1.00,999.00,0.00,12.12,48.38,53.23,0.00,0.00,-0.51,0.07,17.00,10.00,0.00
238105.00,1970-01-01 00:03:58.105,0.00,33.82,0.00,1.47,0.00,1.00,1.00,999.00,0.00,12.23,48.38,53.23,0.00,0.00,-0.56,0.07,17.00,10.00,0.00
238281.00,1970-01-01 00:03:58.281,0.00,33.82,0.00,1.47,0.00,1.00,1.00,999.00,0.00,12.23,48.38,53.35,0.00,0.00,-0.55,0.07,17.00,10.00,0.00
238421.00,1970-01-01 00:03:58.421,0.00,33.82,0.00,1.47,0.00,1.00,1.00,999.00,0.00,12.28,48.38,53.35,0.00,0.00,-0.59,0.08,17.00,10.00,0.00
238594.00,1970-01-01 00:03:58.594,0.00,33.82,0.00,1.47,0.00,1.00,1.00,999.00,0.00,12.25,48.36,53.26,0.00,0.00,-0.57,0.07,17.00,10.00,0.00
238733.00,1970-01-01 00:03:58.733,0.00,33.82,0.00,1.47,0.00,1.00,1.00,999.00,0.00,12.23,48.36,53.26,0.00,0.00,-0.55,0.07,17.00,10.00,0.00
238907.00,1970-01-01 00:03:58.907,0.00,33.82,0.00,1.47,0.00,1.00,1.00,999.00,0.00,12.28,48.34,53.25,0.00,0.00,-0.56,0.07,17.00,10.00,0.00
239077.00,1970-01-01 00:03:59.077,0.00,33.82,0.00,1.47,0.00,1.00,1.00,999.00,0.00,12.26,48.34,53.25,0.00,0.00,-0.54,0.07,17.00,10.00,0.00
239242.00,1970-01-01 00:03:59.242,0.00,33.82,0.00,1.47,0.00,1.00,1.00,999.00,0.00,12.25,48.44,53.33,0.00,0.00,-0.55,0.07,17.00,10.00,0.00
239420.00,1970-01-01 00:03:59.420,0.00,33.82,0.00,1.47,0.00,1.00,1.00,999.00,0.00,12.13,48.44,53.33,0.00,0.00,-0.56,0.08,17.00,10.00,0.00
239520.00,1970-01-01 00:03:59.520,0.00,33.82,0.00,1.47,0.00,1.00,1.00,999.00,0.00,12.26,48.36,53.23,0.00,0.00,-0.55,0.07,17.00,10.00,0.00
239673.00,1970-01-01 00:03:59.673,0.00,33.82,0.00,1.47,0.00,1.00,1.00,999.00,0.00,12.28,48.36,53.23,0.00,0.00,-0.53,0.07,17.00,10.00,0.00
239812.00,1970-01-01 00:03:59.812,0.00,33.82,0.00,1.47,0.00,1.00,1.00,999.00,0.00,12.13,48.36,53.20,0.00,0.00,-0.58,0.08,17.00,10.00,0.00
239943.00,1970-01-01 00:03:59.943,0.00,33.82,0.00,1.47,0.00,1.00,1.00,999.00,0.00,12.24,48.36,53.20,0.00,0.00,-0.57,0.07,17.00,10.00,0.00
240076.00,1970-01-01 00:04:00.076,0.00,33.82,0.00,1.47,0.00,1.00,1.00,999.00,0.00,12.24,48.41,53.23,0.00,0.00,-0.53,0.08,17.00,10.00,0.00
240218.00,1970-01-01 00:04:00.218,0.00,33.82,0.00,1.47,0.00,1.00,1.00,999.00,0.00,12.15,48.41,53.23,0.00,0.00,-0.53,0.07,17.00,10.00,0.00
240363.00,1970-01-01 00:04:00.363,0.00,33.82,0.00,1.47,0.00,1.00,1.00,999.00,0.00,12.28,48.34,53.19,0.00,0.00,-0.53,0.07,17.00,10.00,0.00
240533.00,1970-01-01 00:04:00.533,0.00,33.82,0.00,1.47,0.00,1.00,1.00,999.00,0.00,12.25,48.34,53.19,0.00,0.00,-0.55,0.08,17.00,10.00,0.00
240633.00,1970-01-01 00:04:00.633,0.00,33.82,0.00,1.47,0.00,1.00,1.00,999.00,0.00,12.10,48.43,53.16,0.00,0.00,-0.56,0.07,17.00,10.00,0.00
240782.00,1970-01-01 00:04:00.782,0.00,33.82,0.00,1.47,0.00,1.00,1.00,999.00,0.00,12.26,48.43,53.16,0.00,0.00,-0.56,0.07,17.00,10.00,0.00
240957.00,2019-04-29 13:49:36.957,0.00,33.82,0.00,1.47,0.00,1.00,1.00,999.00,0.00,12.28,48.41,53.26,0.00,0.00,-0.56,0.07,17.00,10.00,0.00
241092.00,2019-04-29 13:49:37.092,0.00,33.82,0.00,1.47,0.00,1.00,1.00,999.00,0.00,12.27,48.41,53.26,0.00,0.00,-0.52,0.07,17.00,10.00,0.00
241254.00,2019-04-29 13:49:37.254,0.00,33.82,0.00,1.47,0.00,1.00,1.00,999.00,0.00,12.26,48.37,53.19,0.00,0.00,-0.52,0.07,17.00,10.00,0.00
241420.00,2019-04-29 13:49:37.420,0.00,33.82,0.00,1.47,0.00,1.00,1.00,999.00,0.00,12.25,48.37,53.19,0.00,0.00,-0.53,0.07,17.00,10.00,0.00
241593.00,2019-04-29 13:49:37.593,0.00,33.82,0.00,1.47,0.00,1.00,1.00,999.00,0.00,12.10,48.33,53.13,0.00,0.00,-0.53,0.08,17.00,10.00,0.00
241765.00,2019-04-29 13:49:37.765,0.00,33.82,0.00,1.47,0.00,1.00,1.00,999.00,0.00,12.23,48.33,53.13,0.00,0.00,-0.52,0.07,17.00,10.00,0.00
241938.00,2019-04-29 13:49:37.938,0.00,33.82,0.00,1.47,0.00,1.00,1.00,999.00,0.00,12.15,48.38,53.15,0.00,0.00,-0.53,0.08,17.00,10.00,0.00
242038.00,2019-04-29 13:49:38.038,0.00,33.82,0.00,1.47,0.00,1.00,1.00,999.00,0.00,12.27,48.38,53.15,0.00,0.00,-0.57,0.07,17.00,10.00,0.00
242173.00,2019-04-29 13:49:38.173,0.00,33.82,0.00,1.47,0.00,1.00,1.00,999.00,0.00,12.27,48.38,53.15,0.00,0.00,-0.56,0.07,17.00,10.00,0.00
242360.00,2019-04-29 13:49:38.360,0.00,33.82,0.00,1.47,0.00,1.00,1.00,999.00,0.00,12.27,48.38,53.13,0.00,0.00,-0.57,0.08,17.00,10.00,0.00
242532.00,2019-04-29 13:49:38.532,0.00,33.82,0.00,1.47,0.00,1.00,1.00,999.00,0.00,12.23,48.38,53.14,0.00,0.00,-0.56,0.07,17.00,10.00,0.00
242702.00,2019-04-29 13:49:38.702,0.00,33.82,0.00,1.47,0.00,1.00,1.00,999.00,0.00,12.25,48.38,53.14,0.00,0.00,-0.55,0.07,17.00,10.00,0.00
242875.00,2019-04-29 13:49:38.875,0.00,33.82,0.00,1.47,0.00,1.00,1.00,999.00,0.00,12.23,48.32,53.10,0.00,0.00,-0.57,0.07,17.00,10.00,0.00
243036.00,2019-04-29 13:49:39.036,0.00,33.82,0.00,1.47,0.00,1.00,1.00,999.00,0.00,12.11,48.32,53.10,0.00,0.00,-0.56,0.08,17.00,10.00,0.00
243219.00,2019-04-29 13:49:39.219,0.00,33.82,0.00,1.47,0.00,1.00,1.00,999.00,0.00,12.11,48.34,53.05,0.00,0.00,-0.56,0.08,17.00,10.00,0.00
243319.00,2019-04-29 13:49:39.319,0.00,33.82,0.00,1.47,0.00,1.00,1.00,999.00,0.00,12.10,48.34,53.05,0.00,0.00,-0.50,0.07,17.00,10.00,0.00
243483.00,2019-04-29 13:49:39.483,0.00,33.82,0.00,1.47,0.00,1.00,1.00,999.00,0.00,12.12,48.28,53.10,0.00,0.00,-0.52,0.08,17.00,10.00,0.00
243642.00,2019-04-29 13:49:39.642,0.00,33.82,0.00,1.47,0.00,1.00,1.00,999.00,0.00,12.14,48.28,53.10,0.00,0.00,-0.53,0.07,17.00,10.00,0.00
243797.00,2019-04-29 13:49:39.797,0.00,33.82,0.00,1.47,0.00,1.00,1.00,999.00,0.00,12.24,48.36,53.13,0.00,0.00,-0.54,0.07,17.00,10.00,0.00
243969.00,2019-04-29 13:49:39.969,0.00,33.82,0.00,1.47,0.00,1.00,1.00,999.00,0.00,12.25,48.36,53.13,0.00,0.00,-0.54,0.07,17.00,10.00,0.00
244126.00,2019-04-29 13:49:40.126,0.00,33.82,0.00,1.47,0.00,1.00,1.00,999.00,0.00,12.28,48.38,53.10,0.00,0.00,-0.55,0.07,17.00,10.00,0.00
244283.00,2019-04-29 13:49:40.283,0.00,33.82,0.00,1.47,0.00,1.00,1.00,999.00,0.00,12.11,48.38,53.10,0.00,0.00,-0.54,0.07,17.00,10.00,0.00
244455.00,2019-04-29 13:49:40.455,0.00,33.82,0.00,1.47,0.00,1.00,1.00,999.00,0.00,12.23,48.36,53.02,0.00,0.00,-0.55,0.07,17.00,10.00,0.00
244626.00,2019-04-29 13:49:40.626,0.00,33.82,0.00,1.47,0.00,1.00,1.00,999.00,0.00,12.28,48.36,53.02,0.00,0.00,-0.57,0.07,17.00,10.00,0.00
244726.00,2019-04-29 13:49:40.726,0.00,33.82,0.00,1.47,0.00,1.00,1.00,999.00,0.00,12.14,48.30,53.16,0.00,0.00,-0.55,0.07,17.00,10.00,0.00
244875.00,2019-04-29 13:49:40.875,0.00,33.82,0.00,1.47,0.00,1.00,1.00,999.00,0.00,12.27,48.30,53.16,0.00,0.00,-0.53,0.08,17.00,10.00,0.00
245015.00,2019-04-29 13:49:41.015,0.00,33.82,0.00,1.47,0.00,1.00,1.00,999.00,0.00,12.28,48.30,53.12,0.00,0.00,-0.53,0.07,17.00,10.00,0.00
245191.00,2019-04-29 13:49:41.191,0.00,33.82,0.00,1.47,0.00,1.00,1.00,999.00,0.00,12.27,48.30,53.12,0.00,0.00,-0.53,0.07,17.00,10.00,0.00
245359.00,2019-04-29 13:49:41.359,0.00,33.82,0.00,1.47,0.00,1.00,1.00,999.00,0.00,12.15,48.39,53.14,0.00,0.00,-0.54,0.07,17.00,10.00,0.00
245514.00,2019-04-29 13:49:41.514,0.00,33.82,0.00,1.47,0.00,1.00,1.00,999.00,0.00,12.27,48.39,53.14,0.00,0.00,-0.54,0.07,17.00,10.00,0.00
245663.00,2019-04-29 13:49:41.663,0.00,33.82,0.00,1.47,0.00,1.00,1.00,999.00,0.00,12.12,48.41,53.15,0.00,0.00,-0.55,0.08,17.00,10.00,0.00
245763.00,2019-04-29 13:49:41.763,0.00,33.82,0.00,1.47,0.00,1.00,1.00,999.00,0.00,12.28,48.41,53.15,0.00,0.00,-0.56,0.07,17.00,10.00,0.00
245923.00,2019-04-29 13:49:41.923,0.00,33.82,0.00,1.47,0.00,1.00,1.00,999.00,0.00,12.11,48.41,53.10,0.00,0.00,-0.56,0.07,17.00,10.00,0.00
246023.00,2019-04-29 13:49:42.023,0.00,33.82,0.00,1.47,0.00,1.00,1.00,999.00,0.00,12.23,48.41,53.10,0.00,0.00,-0.55,0.07,17.00,10.00,0.00
246123.00,2019-04-29 13:49:42.123,0.00,33.82,0.00,1.47,0.00,1.00,1.00,999.00,0.00,12.28,48.41,53.10,0.00,0.00,-0.57,0.07,17.00,10.00,0.00
246233.00,2019-04-29 13:49:42.233,0.00,33.82,0.00,1.47,0.00,1.00,1.00,999.00,0.00,12.15,48.38,53.14,0.00,0.00,-0.52,0.07,17.00,10.00,0.00
246374.00,2019-04-29 13:49:42.374,0.00,33.82,0.00,1.47,0.00,1.00,1.00,999.00,0.00,12.27,48.38,53.14,0.00,0.00,-0.54,0.07,17.00,10.00,0.00
246513.00,2019-04-29 13:49:42.513,0.00,33.82,0.00,1.47,0.00,1.00,1.00,999.00,0.00,12.28,48.43,53.06,0.00,0.00,-0.58,0.08,17.00,10.00,0.00
246656.00,2019-04-29 13:49:42.656,0.00,33.82,0.00,1.47,0.00,1.00,1.00,999.00,0.00,12.26,48.43,53.06,0.00,0.00,-0.57,0.07,17.00,10.00,0.00
246801.00,2019-04-29 13:49:42.801,0.00,33.82,0.00,1.47,0.00,1.00,1.00,999.00,0.00,12.27,48.41,53.10,0.00,0.00,-0.56,0.07,17.00,10.00,0.00
246971.00,2019-04-29 13:49:42.971,0.00,33.82,0.00,1.47,0.00,1.00,1.00,999.00,0.00,12.27,48.41,53.10,0.00,0.00,-0.56,0.07,17.00,10.00,0.00
247140.00,2019-04-29 13:49:43.140,0.00,33.82,0.00,1.47,0.00,1.00,1.00,999.00,0.00,12.14,48.33,53.19,0.00,0.00,-0.56,0.07,17.00,10.00,0.00
247301.00,2019-04-29 13:49:43.301,0.00,33.82,0.00,1.47,0.00,1.00,1.00,999.00,0.00,12.28,48.33,53.19,0.00,0.00,-0.55,0.07,17.00,10.00,0.00
247401.00,2019-04-29 13:49:43.401,0.00,33.82,0.00,1.47,0.00,1.00,1.00,999.00,0.00,12.15,48.33,53.19,0.00,0.00,-0.54,0.07,17.00,10.00,0.00
247548.00,2019-04-29 13:49:43.548,0.00,33.82,0.00,1.47,0.00,1.00,1.00,999.00,0.00,12.26,48.33,53.19,0.00,0.00,-0.55,0.08,17.00,10.00,0.00
247684.00,2019-04-29 13:49:43.684,0.00,33.82,0.00,1.47,0.00,1.00,1.00,999.00,0.00,12.23,48.41,53.19,0.00,0.00,-0.57,0.07,17.00,10.00,0.00
247827.00,2019-04-29 13:49:43.827,0.00,33.82,0.00,1.47,0.00,1.00,1.00,999.00,0.00,12.11,48.41,53.19,0.00,0.00,-0.56,0.06,17.00,10.00,0.00
247969.00,2019-04-29 13:49:43.969,0.00,33.82,0.00,1.47,0.00,1.00,1.00,999.00,0.00,12.23,48.39,53.20,0.00,0.00,-0.54,0.07,17.00,10.00,0.00
248107.00,2019-04-29 13:49:44.107,0.00,33.82,0.00,1.47,0.00,1.00,1.00,999.00,0.00,12.12,48.39,53.20,0.00,0.00,-0.53,0.07,17.00,10.00,0.00
248282.00,2019-04-29 13:49:44.282,0.00,33.82,0.00,1.47,0.00,1.00,1.00,999.00,0.00,12.28,48.34,53.19,0.00,0.00,-0.52,0.07,17.00,10.00,0.00
248458.00,2019-04-29 13:49:44.458,0.00,33.82,0.00,1.47,0.00,1.00,1.00,999.00,0.00,12.28,48.34,53.19,0.00,0.00,-0.53,0.07,17.00,10.00,0.00
248558.00,2019-04-29 13:49:44.558,0.00,33.82,0.00,1.47,0.00,1.00,1.00,999.00,0.00,12.09,48.37,53.20,0.00,0.00,-0.58,0.07,17.00,10.00,0.00
248736.00,2019-04-29 13:49:44.736,0.00,33.82,0.00,1.47,0.00,1.00,1.00,999.00,0.00,12.23,48.37,53.20,0.00,0.00,-0.59,0.07,17.00,10.00,0.00
248877.00,2019-04-29 13:49:44.877,0.00,33.82,0.00,1.47,0.00,1.00,1.00,999.00,0.00,12.26,48.37,53.21,0.00,0.00,-0.57,0.07,17.00,10.00,0.00
249050.00,2019-04-29 13:49:45.050,0.00,33.82,0.00,1.47,0.00,1.00,1.00,999.00,0.00,12.09,48.37,53.21,0.00,0.00,-0.58,0.07,17.00,10.00,0.00
249217.00,2019-04-29 13:49:45.217,0.00,33.82,0.00,1.47,0.00,1.00,1.00,999.00,0.00,12.25,48.30,53.12,0.00,0.00,-0.56,0.07,17.00,10.00,0.00
249374.00,2019-04-29 13:49:45.374,0.00,33.82,0.00,1.47,0.00,1.00,1.00,999.00,0.00,12.10,48.30,53.12,0.00,0.00,-0.56,0.07,17.00,10.00,0.00
249547.00,2019-04-29 13:49:45.547,0.00,33.82,0.00,1.47,0.00,1.00,1.00,999.00,0.00,12.27,48.41,53.13,0.00,0.00,-0.56,0.07,17.00,10.00,0.00
249716.00,2019-04-29 13:49:45.716,0.00,33.82,0.00,1.47,0.00,1.00,1.00,999.00,0.00,12.27,48.41,53.13,0.00,0.00,-0.56,0.07,17.00,10.00,0.00
249816.00,2019-04-29 13:49:45.816,0.00,33.82,0.00,1.47,0.00,1.00,1.00,999.00,0.00,12.11,48.38,53.13,0.00,0.00,-0.53,0.07,17.00,10.00,0.00
249954.00,2019-04-29 13:49:45.954,0.00,33.82,0.00,1.47,0.00,1.00,1.00,999.00,0.00,12.23,48.38,53.13,0.00,0.00,-0.54,0.07,17.00,10.00,0.00
250096.00,2019-04-29 13:49:46.096,0.00,33.82,0.00,1.47,0.00,1.00,1.00,999.00,0.00,12.14,48.41,53.16,0.00,0.00,-0.58,0.07,17.00,10.00,0.00
250240.00,2019-04-29 13:49:46.240,0.00,33.82,0.00,1.47,0.00,1.00,1.00,999.00,0.00,12.28,48.41,53.16,0.00,0.00,-0.55,0.07,17.00,10.00,0.00
250406.00,2019-04-29 13:49:46.406,0.00,33.82,0.00,1.47,0.00,1.00,1.00,999.00,0.00,12.28,48.39,53.14,0.00,0.00,-0.57,0.08,17.00,10.00,0.00
250569.00,2019-04-29 13:49:46.569,0.00,33.82,0.00,1.47,0.00,1.00,1.00,999.00,0.00,12.27,48.39,53.14,0.00,0.00,-0.56,0.07,17.00,10.00,0.00
250735.00,2019-04-29 13:49:46.735,0.00,33.82,0.00,1.47,0.00,1.00,1.00,999.00,0.00,12.14,48.45,53.20,0.00,0.00,-0.55,0.07,17.00,10.00,0.00
250843.00,2019-04-29 13:49:46.843,0.65,33.88,0.00,1.47,0.00,1.00,1.00,999.00,0.00,12.27,48.45,53.20,0.00,0.00,-0.53,0.07,17.00,10.00,0.00
250948.00,2019-04-29 13:49:46.948,0.65,33.88,0.00,1.47,0.00,1.00,1.00,999.00,0.00,12.28,48.45,53.20,0.00,0.00,-0.57,0.07,17.00,10.00,0.00
251075.00,2019-04-29 13:49:47.075,0.65,33.88,0.00,1.47,0.00,1.00,1.00,999.00,0.00,12.26,48.43,53.09,0.00,0.00,-0.56,0.08,17.00,10.00,0.00
251175.00,2019-04-29 13:49:47.175,0.65,33.88,0.00,1.47,0.00,1.00,1.00,999.00,0.00,12.09,48.43,53.09,0.00,0.00,-0.54,0.07,17.00,10.00,0.00
251344.00,2019-04-29 13:49:47.344,-0.00,33.88,0.00,1.47,0.00,1.00,1.00,999.00,0.00,12.11,48.41,53.09,0.00,0.00,-0.54,0.07,17.00,10.00,0.00
251504.00,2019-04-29 13:49:47.504,0.64,33.94,0.00,1.47,0.00,1.00,1.00,999.00,0.00,12.13,48.41,53.09,0.00,0.00,-0.55,0.08,17.00,10.00,0.00
251674.00,2019-04-29 13:49:47.674,0.64,33.94,0.00,1.47,0.00,1.00,1.00,999.00,0.00,12.15,48.43,53.06,0.00,0.00,-0.54,0.07,17.00,10.00,0.00
251830.00,2019-04-29 13:49:47.830,0.64,33.94,0.00,1.47,0.00,1.00,1.00,999.00,0.00,12.28,48.43,53.06,0.00,0.00,-0.54,0.08,17.00,10.00,0.00
252006.00,2019-04-29 13:49:48.006,-0.00,33.94,0.00,1.47,0.00,1.00,1.00,999.00,0.00,12.23,48.33,53.08,0.00,0.00,-0.55,0.08,17.00,10.00,0.00
252175.00,2019-04-29 13:49:48.175,-0.00,33.94,0.00,1.47,0.00,1.00,1.00,999.00,0.00,12.25,48.33,53.08,0.00,0.00,-0.55,0.08,17.00,10.00,0.00
252347.00,2019-04-29 13:49:48.347,0.00,33.94,0.00,1.47,0.00,1.00,1.00,999.00,0.00,12.25,48.38,53.02,0.00,0.00,-0.54,0.08,17.00,10.00,0.00
252535.00,2019-04-29 13:49:48.535,0.00,33.94,0.00,1.47,0.00,1.00,1.00,999.00,0.00,12.27,48.38,53.02,0.00,0.00,-0.53,0.08,17.00,10.00,0.00
252635.00,2019-04-29 13:49:48.635,0.00,33.94,0.00,1.47,0.00,1.00,1.00,999.00,0.00,12.26,48.39,52.98,0.00,0.00,-0.56,0.07,17.00,10.00,0.00
252768.00,2019-04-29 13:49:48.768,-0.00,33.94,0.00,1.47,0.00,1.00,1.00,999.00,0.00,12.15,48.39,52.98,0.00,0.00,-0.55,0.08,17.00,10.00,0.00
252904.00,2019-04-29 13:49:48.904,-0.00,33.94,0.00,1.47,0.00,1.00,1.00,999.00,0.00,12.25,48.32,53.01,0.00,0.00,-0.53,0.08,17.00,10.00,0.00
253069.00,2019-04-29 13:49:49.069,0.00,33.94,0.00,1.47,0.00,1.00,1.00,999.00,0.00,12.25,48.32,53.01,0.00,0.00,-0.54,0.07,17.00,10.00,0.00
253235.00,2019-04-29 13:49:49.235,0.00,33.94,0.00,1.47,0.00,1.00,1.00,999.00,0.00,12.28,48.38,53.05,0.00,0.00,-0.55,0.07,17.00,10.00,0.00
253407.00,2019-04-29 13:49:49.407,0.00,33.94,0.00,1.47,0.00,1.00,1.00,999.00,0.00,12.15,48.38,53.05,0.00,0.00,-0.54,0.07,17.00,10.00,0.00
253569.00,2019-04-29 13:49:49.569,-0.00,33.94,0.00,1.47,0.00,1.00,1.00,999.00,0.00,12.24,48.30,53.08,0.00,0.00,-0.53,0.08,17.00,10.00,0.00
253737.00,2019-04-29 13:49:49.737,-0.00,33.94,0.00,1.47,0.00,1.00,1.00,999.00,0.00,12.27,48.30,53.08,0.00,0.00,-0.54,0.07,17.00,10.00,0.00
253837.00,2019-04-29 13:49:49.837,-0.00,33.94,0.00,1.47,0.00,1.00,1.00,999.00,0.00,12.23,48.30,53.03,0.00,0.00,-0.56,0.07,17.00,10.00,0.00
253971.00,2019-04-29 13:49:49.971,0.00,33.94,0.00,1.47,0.00,1.00,1.00,999.00,0.00,12.26,48.30,53.03,0.00,0.00,-0.55,0.08,17.00,10.00,0.00
254140.00,2019-04-29 13:49:50.140,0.00,33.94,0.00,1.47,0.00,1.00,1.00,999.00,0.00,12.10,48.34,52.90,0.00,0.00,-0.55,0.07,17.00,10.00,0.00
254295.00,2019-04-29 13:49:50.295,-0.00,33.94,0.00,1.47,0.00,1.00,1.00,999.00,0.00,12.27,48.34,52.90,0.00,0.00,-0.51,0.07,17.00,10.00,0.00
254456.00,2019-04-29 13:49:50.456,-0.00,33.94,0.00,1.47,0.00,1.00,1.00,999.00,0.00,12.09,48.26,52.97,0.00,0.00,-0.52,0.07,17.00,10.00,0.00
254610.00,2019-04-29 13:49:50.610,-0.00,33.94,0.00,1.47,0.00,1.00,1.00,999.00,0.00,12.28,48.26,52.97,0.00,0.00,-0.54,0.08,17.00,10.00,0.00
254813.00,2019-04-29 13:49:50.813,0.00,33.94,0.00,1.47,0.00,1.00,1.00,999.00,0.00,12.24,48.30,52.97,0.00,0.00,-0.52,0.07,17.00,10.00,0.00
254951.00,2019-04-29 13:49:50.951,0.00,33.94,0.00,1.47,0.00,1.00,1.00,999.00,0.00,12.28,48.30,52.97,0.00,0.00,-0.53,0.07,17.00,10.00,0.00
255094.00,2019-04-29 13:49:51.094,-0.00,33.94,0.00,1.47,0.00,1.00,1.00,999.00,0.00,12.26,48.30,52.98,0.00,0.00,-0.53,0.08,17.00,10.00,0.00
255194.00,2019-04-29 13:49:51.194,-0.00,33.94,0.00,1.47,0.00,1.00,1.00,999.00,0.00,12.28,48.30,52.98,0.00,0.00,-0.55,0.07,17.00,10.00,0.00
255345.00,2019-04-29 13:49:51.345,-0.00,33.94,0.00,1.47,0.00,1.00,1.00,999.00,0.00,12.25,48.33,52.91,0.00,0.00,-0.55,0.07,17.00,10.00,0.00
255517.00,2019-04-29 13:49:51.517,0.00,33.94,0.00,1.47,0.00,1.00,1.00,999.00,0.00,12.25,48.33,52.91,0.00,0.00,-0.55,0.07,17.00,10.00,0.00
255673.00,2019-04-29 13:49:51.673,0.00,33.94,0.00,1.47,0.00,1.00,1.00,999.00,0.00,12.24,48.33,52.92,0.00,0.00,-0.55,0.07,17.00,10.00,0.00
255846.00,2019-04-29 13:49:51.846,0.00,33.94,0.00,1.47,0.00,1.00,1.00,999.00,0.00,12.23,48.33,52.92,0.00,0.00,-0.55,0.07,17.00,10.00,0.00
255999.00,2019-04-29 13:49:51.999,-0.00,33.94,0.00,1.47,0.00,1.00,1.00,999.00,0.00,12.13,48.33,52.88,0.00,0.00,-0.52,0.08,17.00,10.00,0.00
256173.00,2019-04-29 13:49:52.173,-0.00,33.94,0.00,1.47,0.00,1.00,1.00,999.00,0.00,12.26,48.33,52.88,0.00,0.00,-0.51,0.08,17.00,10.00,0.00
256345.00,2019-04-29 13:49:52.345,0.00,33.94,0.00,1.47,0.00,1.00,1.00,999.00,0.00,12.11,48.27,52.93,0.00,0.00,-0.51,0.07,17.00,10.00,0.00
256445.00,2019-04-29 13:49:52.445,0.00,33.94,0.00,1.47,0.00,1.00,1.00,999.00,0.00,12.23,48.27,52.93,0.00,0.00,-0.58,0.07,17.00,10.00,0.00
256612.00,2019-04-29 13:49:52.612,0.00,33.94,0.00,1.47,0.00,1.00,1.00,999.00,0.00,12.11,48.30,52.88,0.00,0.00,-0.58,0.07,17.00,10.00,0.00
256781.00,2019-04-29 13:49:52.781,0.00,33.94,0.00,1.47,0.00,1.00,1.00,999.00,0.00,12.13,48.30,52.88,0.00,0.00,-0.59,0.08,17.00,10.00,0.00
256953.00,2019-04-29 13:49:52.953,0.00,33.94,0.00,1.47,0.00,1.00,1.00,999.00,0.00,12.27,48.27,52.92,0.00,0.00,-0.59,0.07,17.00,10.00,0.00
257115.00,2019-04-29 13:49:53.115,0.00,33.94,0.00,1.47,0.00,1.00,1.00,999.00,0.00,12.12,48.27,52.92,0.00,0.00,-0.58,0.07,17.00,10.00,0.00
257281.00,2019-04-29 13:49:53.281,0.00,33.94,0.00,1.47,0.00,1.00,1.00,999.00,0.00,12.26,48.32,52.88,0.00,0.00,-0.57,0.07,17.00,10.00,0.00
257437.00,2019-04-29 13:49:53.437,0.00,33.94,0.00,1.47,0.00,1.00,1.00,999.00,0.00,12.11,48.32,52.88,0.00,0.00,-0.55,0.08,17.00,10.00,0.00
257596.00,2019-04-29 13:49:53.596,0.00,33.94,0.00,1.47,0.00,1.00,1.00,999.00,0.00,12.14,48.25,52.88,0.00,0.00,-0.54,0.07,17.00,10.00,0.00
257696.00,2019-04-29 13:49:53.696,0.00,33.94,0.00,1.47,0.00,1.00,1.00,999.00,0.00,12.25,48.25,52.88,0.00,0.00,-0.53,0.07,17.00,10.00,0.00
257832.00,2019-04-29 13:49:53.832,0.00,33.94,0.00,1.47,0.00,1.00,1.00,999.00,0.00,12.09,48.25,52.88,0.00,0.00,-0.55,0.07,17.00,10.00,0.00
258001.00,2019-04-29 13:49:54.001,0.00,33.94,0.00,1.47,0.00,1.00,1.00,999.00,0.00,12.15,48.28,52.93,0.00,0.00,-0.55,0.08,17.00,10.00,0.00
258158.00,2019-04-29 13:49:54.158,0.00,33.94,0.00,1.47,0.00,1.00,1.00,999.00,0.00,12.28,48.25,52.88,0.00,0.00,-0.59,0.07,17.00,10.00,0.00
258310.00,2019-04-29 13:49:54.310,0.00,33.94,0.00,1.47,0.00,1.00,1.00,999.00,0.00,12.26,48.25,52.88,0.00,0.00,-0.56,0.08,17.00,10.00,0.00
258470.00,2019-04-29 13:49:54.470,0.00,33.94,0.00,1.47,0.00,1.00,1.00,999.00,0.00,12.09,48.30,52.84,0.00,0.00,-0.57,0.07,17.00,10.00,0.00
258622.00,2019-04-29 13:49:54.622,0.00,33.94,0.00,1.47,0.00,1.00,1.00,999.00,0.00,12.11,48.30,52.84,0.00,0.00,-0.55,0.07,17.00,10.00,0.00
258786.00,2019-04-29 13:49:54.786,0.00,33.94,0.00,1.47,0.00,1.00,1.00,999.00,0.00,12.23,48.28,52.85,0.00,0.00,-0.56,0.08,17.00,10.00,0.00
258936.00,2019-04-29 13:49:54.936,0.00,33.94,0.00,1.47,0.00,1.00,1.00,999.00,0.00,12.29,48.28,52.85,0.00,0.00,-0.55,0.07,17.00,10.00,0.00
259036.00,2019-04-29 13:49:55.036,0.00,33.94,0.00,1.47,0.00,1.00,1.00,999.00,0.00,12.14,48.23,52.85,0.00,0.00,-0.55,0.07,17.00,10.00,0.00
259136.00,2019-04-29 13:49:55.136,0.00,33.94,0.00,1.47,0.00,1.00,1.00,999.00,0.00,12.25,48.23,52.85,0.00,0.00,-0.55,0.07,17.00,10.00,0.00
259283.00,2019-04-29 13:49:55.283,0.00,33.94,0.00,1.47,0.00,1.00,1.00,999.00,0.00,12.15,48.23,52.85,0.00,0.00,-0.56,0.07,17.00,10.00,0.00
259419.00,2019-04-29 13:49:55.419,0.00,33.94,0.00,1.47,0.00,1.00,1.00,999.00,0.00,12.26,48.21,52.84,0.00,0.00,-0.52,0.07,17.00,10.00,0.00
259564.00,2019-04-29 13:49:55.564,0.00,33.94,0.00,1.47,0.00,1.00,1.00,999.00,0.00,12.10,48.25,52.84,0.00,0.00,-0.54,0.07,17.00,10.00,0.00
259704.00,2019-04-29 13:49:55.704,0.00,33.94,0.00,1.47,0.00,1.00,1.00,999.00,0.00,12.10,48.25,52.84,0.00,0.00,-0.56,0.07,17.00,10.00,0.00
259804.00,2019-04-29 13:49:55.804,0.00,33.94,0.00,1.47,0.00,1.00,1.00,999.00,0.00,12.23,48.25,52.84,0.00,0.00,-0.55,0.07,17.00,10.00,0.00
259904.00,2019-04-29 13:49:55.904,0.00,33.94,0.00,1.47,0.00,1.00,1.00,999.00,0.00,12.28,48.23,52.84,0.00,0.00,-0.55,0.08,17.00,10.00,0.00
260004.00,2019-04-29 13:49:56.004,0.00,33.94,0.00,1.47,0.00,1.00,1.00,999.00,0.00,12.10,48.23,52.84,0.00,0.00,-0.56,0.07,17.00,10.00,0.00
260170.00,2019-04-29 13:49:56.170,0.00,33.94,0.00,1.47,0.00,1.00,1.00,999.00,0.00,12.24,48.28,52.83,0.00,0.00,-0.55,0.07,17.00,10.00,0.00
260327.00,2019-04-29 13:49:56.327,0.00,33.94,0.00,1.47,0.00,1.00,1.00,999.00,0.00,12.12,48.28,52.83,0.00,0.00,-0.57,0.07,17.00,10.00,0.00
260468.00,2019-04-29 13:49:56.468,0.00,33.94,0.00,1.47,0.00,1.00,1.00,999.00,0.00,12.24,48.23,52.85,0.00,0.00,-0.52,0.08,17.00,10.00,0.00
260568.00,2019-04-29 13:49:56.568,0.00,33.94,0.00,1.47,0.00,1.00,1.00,999.00,0.00,12.13,48.23,52.85,0.00,0.00,-0.56,0.07,17.00,10.00,0.00
260771.00,2019-04-29 13:49:56.771,0.00,33.94,0.00,1.47,0.00,1.00,1.00,999.00,0.00,12.10,48.19,52.79,0.00,0.00,-0.54,0.07,17.00,10.00,0.00
260954.00,2019-04-29 13:49:56.954,0.00,33.94,0.00,1.47,0.00,1.00,1.00,999.00,0.00,12.13,48.19,52.79,0.00,0.00,-0.53,0.07,17.00,10.00,0.00
261054.00,2019-04-29 13:49:57.054,0.00,33.94,0.00,1.47,0.00,1.00,1.00,999.00,0.00,12.24,48.23,52.79,0.00,0.00,-0.56,0.07,17.00,10.00,0.00
261154.00,2019-04-29 13:49:57.154,0.00,33.94,0.00,1.47,0.00,1.00,1.00,999.00,0.00,12.28,48.23,52.79,0.00,0.00,-0.52,0.07,17.00,10.00,0.00
261268.00,2019-04-29 13:49:57.268,0.00,33.94,0.00,1.47,0.00,1.00,1.00,999.00,0.00,12.10,48.23,52.79,0.00,0.00,-0.56,0.07,17.00,10.00,0.00
261435.00,2019-04-29 13:49:57.435,0.00,33.94,0.00,1.47,0.00,1.00,1.00,999.00,0.00,12.23,48.19,52.72,0.00,0.00,-0.54,0.08,17.00,10.00,0.00
261617.00,2019-04-29 13:49:57.617,0.00,33.94,0.00,1.47,0.00,1.00,1.00,999.00,0.00,12.28,48.20,52.70,0.00,0.00,-0.54,0.07,17.00,10.00,0.00
261787.00,2019-04-29 13:49:57.787,0.00,33.94,0.00,1.47,0.00,1.00,1.00,999.00,0.00,12.28,48.20,52.70,0.00,0.00,-0.54,0.07,17.00,10.00,0.00
261953.00,2019-04-29 13:49:57.953,0.00,33.94,0.00,1.47,0.00,1.00,1.00,999.00,0.00,12.25,48.25,52.70,0.00,0.00,-0.55,0.07,17.00,10.00,0.00
262053.00,2019-04-29 13:49:58.053,0.00,33.94,0.00,1.47,0.00,1.00,1.00,999.00,0.00,12.23,48.25,52.70,0.00,0.00,-0.56,0.07,17.00,10.00,0.00
262153.00,2019-04-29 13:49:58.153,0.00,33.94,0.00,1.47,0.00,1.00,1.00,999.00,0.00,12.15,48.25,52.70,0.00,0.00,-0.54,0.07,17.00,10.00,0.00
262253.00,2019-04-29 13:49:58.253,0.00,33.94,0.00,1.47,0.00,1.00,1.00,999.00,0.00,12.24,48.23,52.76,0.00,0.00,-0.59,0.07,17.00,10.00,0.00
262353.00,2019-04-29 13:49:58.353,0.00,33.94,0.00,1.47,0.00,1.00,1.00,999.00,0.00,12.26,48.23,52.76,0.00,0.00,-0.51,0.07,17.00,10.00,0.00
262453.00,2019-04-29 13:49:58.453,0.00,33.94,0.00,1.47,0.00,1.00,1.00,999.00,0.00,12.13,48.23,52.76,0.00,0.00,-0.59,0.07,17.00,10.00,0.00
262553.00,2019-04-29 13:49:58.553,0.00,33.94,0.00,1.47,0.00,1.00,1.00,999.00,0.00,12.23,48.16,52.70,0.00,0.00,-0.57,0.07,17.00,10.00,0.00
262653.00,2019-04-29 13:49:58.653,0.00,33.94,0.00,1.47,0.00,1.00,1.00,999.00,0.00,12.29,48.16,52.70,0.00,0.00,-0.53,0.07,17.00,10.00,0.00
262753.00,2019-04-29 13:49:58.753,0.00,33.94,0.00,1.47,0.00,1.00,1.00,999.00,0.00,12.10,48.13,52.72,0.00,0.00,-0.55,0.08,17.00,10.00,0.00
262853.00,2019-04-29 13:49:58.853,0.00,33.94,0.00,1.47,0.00,1.00,1.00,999.00,0.00,12.28,48.13,52.72,0.00,0.00,-0.53,0.07,17.00,10.00,0.00
262953.00,2019-04-29 13:49:58.953,0.00,33.94,0.00,1.47,0.00,1.00,1.00,999.00,0.00,12.24,48.13,52.72,0.00,0.00,-0.60,0.07,17.00,10.00,0.00
263053.00,2019-04-29 13:49:59.053,0.00,33.94,0.00,1.47,0.00,1.00,1.00,999.00,0.00,12.15,48.14,52.74,0.00,0.00,-0.56,0.07,17.00,10.00,0.00
263153.00,2019-04-29 13:49:59.153,0.00,33.94,0.00,1.47,0.00,1.00,1.00,999.00,0.00,12.25,48.14,52.74,0.00,0.00,-0.55,0.07,17.00,10.00,0.00
263253.00,2019-04-29 13:49:59.253,0.00,33.94,0.00,1.47,0.00,1.00,1.00,999.00,0.00,12.27,48.13,52.66,0.00,0.00,-0.55,0.07,17.00,10.00,0.00
263353.00,2019-04-29 13:49:59.353,0.00,33.94,0.00,1.47,0.00,1.00,1.00,999.00,0.00,12.13,48.13,52.66,0.00,0.00,-0.53,0.08,17.00,10.00,0.00
263453.00,2019-04-29 13:49:59.453,0.00,33.94,0.00,1.47,0.00,1.00,1.00,999.00,0.00,12.24,48.13,52.66,0.00,0.00,-0.56,0.08,17.00,10.00,0.00
263553.00,2019-04-29 13:49:59.553,0.00,33.94,0.00,1.47,0.00,1.00,1.00,999.00,0.00,12.28,48.25,52.73,0.00,0.00,-0.53,0.07,17.00,10.00,0.00
263653.00,2019-04-29 13:49:59.653,0.00,33.94,0.00,1.47,0.00,1.00,1.00,999.00,0.00,12.10,48.25,52.73,0.00,0.00,-0.57,0.06,17.00,10.00,0.00
263753.00,2019-04-29 13:49:59.753,0.00,33.94,0.00,1.47,0.00,1.00,1.00,999.00,0.00,12.27,48.25,52.73,0.00,0.00,-0.56,0.07,17.00,10.00,0.00
263853.00,2019-04-29 13:49:59.853,0.00,33.94,0.00,1.47,0.00,1.00,1.00,999.00,0.00,12.25,48.16,52.63,0.00,0.00,-0.54,0.07,17.00,10.00,0.00
263953.00,2019-04-29 13:49:59.953,0.00,33.94,0.00,1.47,0.00,1.00,1.00,999.00,0.00,12.12,48.16,52.63,0.00,0.00,-0.55,0.07,17.00,10.00,0.00
264053.00,2019-04-29 13:50:00.053,0.00,33.94,0.00,1.47,0.00,1.00,1.00,999.00,0.00,12.28,48.10,52.70,0.00,0.00,-0.53,0.07,17.00,10.00,0.00
264153.00,2019-04-29 13:50:00.153,0.00,33.94,0.00,1.47,0.00,1.00,1.00,999.00,0.00,12.23,48.10,52.70,0.00,0.00,-0.58,0.07,17.00,10.00,0.00
264253.00,2019-04-29 13:50:00.253,0.00,33.94,0.00,1.47,0.00,1.00,1.00,999.00,0.00,12.15,48.10,52.70,0.00,0.00,-0.55,0.07,17.00,10.00,0.00
264353.00,2019-04-29 13:50:00.353,0.00,33.94,0.00,1.47,0.00,1.00,1.00,999.00,0.00,12.24,48.14,52.55,0.00,0.00,-0.55,0.07,17.00,10.00,0.00
264453.00,2019-04-29 13:50:00.453,0.00,33.94,0.00,1.47,0.00,1.00,1.00,999.00,0.00,12.26,48.14,52.55,0.00,0.00,-0.55,0.07,17.00,10.00,0.00
264553.00,2019-04-29 13:50:00.553,0.00,33.94,0.00,1.47,0.00,1.00,1.00,999.00,0.00,12.13,48.09,52.70,0.00,0.00,-0.52,0.07,17.00,10.00,0.00
264653.00,2019-04-29 13:50:00.653,0.00,33.94,0.00,1.47,0.00,1.00,1.00,999.00,0.00,12.23,48.09,52.70,0.00,0.00,-0.58,0.07,17.00,10.00,0.00
264753.00,2019-04-29 13:50:00.753,0.00,33.94,0.00,1.47,0.00,1.00,1.00,999.00,0.00,12.28,48.09,52.70,0.00,0.00,-0.51,0.07,17.00,10.00,0.00
264853.00,2019-04-29 13:50:00.853,0.00,33.94,0.00,1.47,0.00,1.00,1.00,999.00,0.00,12.28,48.02,52.60,0.00,0.00,-0.58,0.07,17.00,10.00,0.00
264953.00,2019-04-29 13:50:00.953,0.00,33.94,0.00,1.47,0.00,1.00,1.00,999.00,0.00,12.27,48.02,52.60,0.00,0.00,-0.58,0.07,17.00,10.00,0.00
265053.00,2019-04-29 13:50:01.053,0.00,33.94,0.00,1.47,0.00,1.00,1.00,999.00,0.00,12.25,48.02,52.60,0.00,0.00,-0.54,0.07,17.00,10.00,0.00
265153.00,2019-04-29 13:50:01.153,0.00,33.94,0.00,1.47,0.00,1.00,1.00,999.00,0.00,12.12,48.03,52.66,0.00,0.00,-0.58,0.07,17.00,10.00,0.00
265253.00,2019-04-29 13:50:01.253,0.00,33.94,0.00,1.47,0.00,1.00,1.00,999.00,0.00,12.28,48.03,52.66,0.00,0.00,-0.53,0.07,17.00,10.00,0.00
265353.00,2019-04-29 13:50:01.353,0.00,33.94,0.00,1.47,0.00,1.00,1.00,999.00,0.00,12.23,47.98,52.67,0.00,0.00,-0.58,0.07,17.00,10.00,0.00
265453.00,2019-04-29 13:50:01.453,0.00,33.94,0.00,1.47,0.00,1.00,1.00,999.00,0.00,12.14,47.98,52.67,0.00,0.00,-0.55,0.07,17.00,10.00,0.00
265553.00,2019-04-29 13:50:01.553,0.00,33.94,0.00,1.47,0.00,1.00,1.00,999.00,0.00,12.24,47.98,52.67,0.00,0.00,-0.55,0.07,17.00,10.00,0.00
265653.00,2019-04-29 13:50:01.653,0.00,33.94,0.00,1.47,0.00,1.00,1.00,999.00,0.00,12.27,47.98,52.65,0.00,0.00,-0.56,0.07,17.00,10.00,0.00
265753.00,2019-04-29 13:50:01.753,0.00,33.94,0.00,1.47,0.00,1.00,1.00,999.00,0.00,12.14,47.98,52.65,0.00,0.00,-0.53,0.07,17.00,10.00,0.00
265853.00,2019-04-29 13:50:01.853,0.00,33.94,0.00,1.47,0.00,1.00,1.00,999.00,0.00,12.24,48.00,52.63,0.00,0.00,-0.57,0.07,17.00,10.00,0.00
265953.00,2019-04-29 13:50:01.953,0.00,33.94,0.00,1.47,0.00,1.00,1.00,999.00,0.00,12.28,48.00,52.63,0.00,0.00,-0.52,0.07,17.00,10.00,0.00
266053.00,2019-04-29 13:50:02.053,0.00,33.94,0.00,1.47,0.00,1.00,1.00,999.00,0.00,12.10,48.00,52.63,0.00,0.00,-0.56,0.07,17.00,10.00,0.00
266153.00,2019-04-29 13:50:02.153,0.00,33.94,0.00,1.47,0.00,1.00,1.00,999.00,0.00,12.27,48.07,52.65,0.00,0.00,-0.55,0.07,17.00,10.00,0.00
266253.00,2019-04-29 13:50:02.253,0.00,33.94,0.00,1.47,0.00,1.00,1.00,999.00,0.00,12.13,48.07,52.65,0.00,0.00,-0.55,0.07,17.00,10.00,0.00
266353.00,2019-04-29 13:50:02.353,0.00,33.94,0.00,1.47,0.00,1.00,1.00,999.00,0.00,12.11,48.07,52.65,0.00,0.00,-0.57,0.07,17.00,10.00,0.00
266453.00,2019-04-29 13:50:02.453,0.00,33.94,0.00,1.47,0.00,1.00,1.00,999.00,0.00,12.28,48.03,52.63,0.00,0.00,-0.53,0.07,17.00,10.00,0.00
266553.00,2019-04-29 13:50:02.553,0.00,33.94,0.00,1.47,0.00,1.00,1.00,999.00,0.00,12.23,48.03,52.63,0.00,0.00,-0.58,0.07,17.00,10.00,0.00
266653.00,2019-04-29 13:50:02.653,0.00,33.94,0.00,1.47,0.00,1.00,1.00,999.00,0.00,12.14,48.10,52.54,0.00,0.00,-0.55,0.07,17.00,10.00,0.00
266753.00,2019-04-29 13:50:02.753,0.00,33.94,0.00,1.47,0.00,1.00,1.00,999.00,0.00,12.24,48.10,52.54,0.00,0.00,-0.55,0.07,17.00,10.00,0.00
266853.00,2019-04-29 13:50:02.853,0.00,33.94,0.00,1.47,0.00,1.00,1.00,999.00,0.00,12.26,48.10,52.54,0.00,0.00,-0.55,0.07,17.00,10.00,0.00
266953.00,2019-04-29 13:50:02.953,0.00,33.94,0.00,1.47,0.00,1.00,1.00,999.00,0.00,12.13,48.13,52.59,0.00,0.00,-0.53,0.07,17.00,10.00,0.00
267053.00,2019-04-29 13:50:03.053,0.00,33.94,0.00,1.47,0.00,1.00,1.00,999.00,0.00,12.23,48.13,52.59,0.00,0.00,-0.57,0.07,17.00,10.00,0.00
267153.00,2019-04-29 13:50:03.153,0.00,33.94,0.00,1.47,0.00,1.00,1.00,999.00,0.00,12.28,48.13,52.61,0.00,0.00,-0.52,0.07,17.00,10.00,0.00
267253.00,2019-04-29 13:50:03.253,0.00,33.94,0.00,1.47,0.00,1.00,1.00,999.00,0.00,12.10,48.13,52.61,0.00,0.00,-0.59,0.07,17.00,10.00,0.00
267353.00,2019-04-29 13:50:03.353,0.00,33.94,0.00,1.47,0.00,1.00,1.00,999.00,0.00,12.28,48.13,52.61,0.00,0.00,-0.55,0.07,17.00,10.00,0.00
267453.00,2019-04-29 13:50:03.453,0.00,33.94,0.00,1.47,0.00,1.00,1.00,999.00,0.00,12.26,48.02,52.63,0.00,0.00,-0.54,0.07,17.00,10.00,0.00
267553.00,2019-04-29 13:50:03.553,0.00,33.94,0.00,1.47,0.00,1.00,1.00,999.00,0.00,12.27,48.02,52.63,0.00,0.00,-0.57,0.07,17.00,10.00,0.00
267653.00,2019-04-29 13:50:03.653,0.00,33.94,0.00,1.47,0.00,1.00,1.00,999.00,0.00,12.28,48.02,52.63,0.00,0.00,-0.52,0.07,17.00,10.00,0.00
267753.00,2019-04-29 13:50:03.753,0.00,33.94,0.00,1.47,0.00,1.00,1.00,999.00,0.00,12.24,48.08,52.70,0.00,0.00,-0.58,0.07,17.00,10.00,0.00
267853.00,2019-04-29 13:50:03.853,0.00,33.94,0.00,1.47,0.00,1.00,1.00,999.00,0.00,12.24,48.08,52.70,0.00,0.00,-0.55,0.07,17.00,10.00,0.00
267953.00,2019-04-29 13:50:03.953,0.00,33.94,0.00,1.47,0.00,1.00,1.00,999.00,0.00,12.24,48.09,52.63,0.00,0.00,-0.57,0.07,17.00,10.00,0.00
268053.00,2019-04-29 13:50:04.053,0.00,33.94,0.00,1.47,0.00,1.00,1.00,999.00,0.00,12.26,48.09,52.63,0.00,0.00,-0.57,0.07,17.00,10.00,0.00
268153.00,2019-04-29 13:50:04.153,0.00,33.94,0.00,1.47,0.00,1.00,1.00,999.00,0.00,12.14,48.09,52.63,0.00,0.00,-0.51,0.07,17.00,10.00,0.00
268253.00,2019-04-29 13:50:04.253,0.00,33.94,0.00,1.47,0.00,1.00,1.00,999.00,0.00,12.23,48.08,52.63,0.00,0.00,-0.56,0.07,17.00,10.00,0.00
268353.00,2019-04-29 13:50:04.353,0.00,33.94,0.00,1.47,0.00,1.00,1.00,999.00,0.00,12.28,48.08,52.63,0.00,0.00,-0.51,0.07,17.00,10.00,0.00
268453.00,2019-04-29 13:50:04.453,0.00,33.94,0.00,1.47,0.00,1.00,1.00,999.00,0.00,12.10,48.10,52.59,0.00,0.00,-0.59,0.08,17.00,10.00,0.00
268553.00,2019-04-29 13:50:04.553,0.00,33.94,0.00,1.47,0.00,1.00,1.00,999.00,0.00,12.28,48.10,52.59,0.00,0.00,-0.56,0.07,17.00,10.00,0.00
268653.00,2019-04-29 13:50:04.653,0.00,33.94,0.00,1.47,0.00,1.00,1.00,999.00,0.00,12.25,48.10,52.59,0.00,0.00,-0.54,0.07,17.00,10.00,0.00
268753.00,2019-04-29 13:50:04.753,0.00,33.94,0.00,1.47,0.00,1.00,1.00,999.00,0.00,12.11,48.05,52.68,0.00,0.00,-0.57,0.07,17.00,10.00,0.00
268853.00,2019-04-29 13:50:04.853,0.00,33.94,0.00,1.47,0.00,1.00,1.00,999.00,0.00,12.27,48.05,52.68,0.00,0.00,-0.53,0.07,17.00,10.00,0.00
268953.00,2019-04-29 13:50:04.953,0.00,33.94,0.00,1.47,0.00,1.00,1.00,999.00,0.00,12.12,48.05,52.68,0.00,0.00,-0.58,0.07,17.00,10.00,0.00
269053.00,2019-04-29 13:50:05.053,0.00,33.94,0.00,1.47,0.00,1.00,1.00,999.00,0.00,12.25,48.08,52.61,0.00,0.00,-0.55,0.07,17.00,10.00,0.00
269153.00,2019-04-29 13:50:05.153,0.00,33.94,0.00,1.47,0.00,1.00,1.00,999.00,0.00,12.28,48.08,52.61,0.00,0.00,-0.53,0.07,17.00,10.00,0.00
269253.00,2019-04-29 13:50:05.253,0.00,33.94,0.00,1.47,0.00,1.00,1.00,999.00,0.00,12.10,48.03,52.63,0.00,0.00,-0.53,0.07,17.00,10.00,0.00
269353.00,2019-04-29 13:50:05.353,0.00,33.94,0.00,1.47,0.00,1.00,1.00,999.00,0.00,12.28,48.03,52.63,0.00,0.00,-0.53,0.08,17.00,10.00,0.00
269453.00,2019-04-29 13:50:05.453,0.00,33.94,0.00,1.47,0.00,1.00,1.00,999.00,0.00,12.24,48.03,52.63,0.00,0.00,-0.59,0.07,17.00,10.00,0.00
269553.00,2019-04-29 13:50:05.553,0.00,33.94,0.00,1.47,0.00,1.00,1.00,999.00,0.00,12.13,48.05,52.63,0.00,0.00,-0.51,0.07,17.00,10.00,0.00
269653.00,2019-04-29 13:50:05.653,0.00,33.94,0.00,1.47,0.00,1.00,1.00,999.00,0.00,12.27,48.05,52.63,0.00,0.00,-0.57,0.07,17.00,10.00,0.00
269753.00,2019-04-29 13:50:05.753,0.00,33.94,0.00,1.47,0.00,1.00,1.00,999.00,0.00,12.23,48.10,52.56,0.00,0.00,-0.56,0.07,17.00,10.00,0.00
269853.00,2019-04-29 13:50:05.853,0.00,33.94,0.00,1.47,0.00,1.00,1.00,999.00,0.00,12.15,48.10,52.56,0.00,0.00,-0.53,0.07,17.00,10.00,0.00
269953.00,2019-04-29 13:50:05.953,0.00,33.94,0.00,1.47,0.00,1.00,1.00,999.00,0.00,12.24,48.10,52.56,0.00,0.00,-0.57,0.07,17.00,10.00,0.00
270053.00,2019-04-29 13:50:06.053,0.00,33.94,0.00,1.47,0.00,1.00,1.00,999.00,0.00,12.27,48.02,52.61,0.00,0.00,-0.54,0.07,17.00,10.00,0.00
270153.00,2019-04-29 13:50:06.153,0.00,33.94,0.00,1.47,0.00,1.00,1.00,999.00,0.00,12.12,48.02,52.61,0.00,0.00,-0.59,0.07,17.00,10.00,0.00
270253.00,2019-04-29 13:50:06.253,0.00,33.94,0.00,1.47,0.00,1.00,1.00,999.00,0.00,12.25,48.02,52.61,0.00,0.00,-0.55,0.07,17.00,10.00,0.00
270353.00,2019-04-29 13:50:06.353,0.00,33.94,0.00,1.47,0.00,1.00,1.00,999.00,0.00,12.28,48.08,52.58,0.00,0.00,-0.55,0.07,17.00,10.00,0.00
270453.00,2019-04-29 13:50:06.453,0.00,33.94,0.00,1.47,0.00,1.00,1.00,999.00,0.00,12.10,48.08,52.58,0.00,0.00,-0.56,0.07,17.00,10.00,0.00
270553.00,2019-04-29 13:50:06.553,0.00,33.94,0.00,1.47,0.00,1.00,1.00,999.00,0.00,12.28,48.05,52.63,0.00,0.00,-0.55,0.07,17.00,10.00,0.00
270653.00,2019-04-29 13:50:06.653,0.00,33.94,0.00,1.47,0.00,1.00,1.00,999.00,0.00,12.25,48.05,52.63,0.00,0.00,-0.57,0.07,17.00,10.00,0.00
270753.00,2019-04-29 13:50:06.753,0.00,33.94,0.00,1.47,0.00,1.00,1.00,999.00,0.00,12.13,48.05,52.63,0.00,0.00,-0.53,0.07,17.00,10.00,0.00
270853.00,2019-04-29 13:50:06.853,0.00,33.94,0.00,1.47,0.00,1.00,1.00,999.00,0.00,12.24,48.10,52.52,0.00,0.00,-0.55,0.07,17.00,10.00,0.00
270953.00,2019-04-29 13:50:06.953,0.00,33.94,0.00,1.47,0.00,1.00,1.00,999.00,0.00,12.14,48.10,52.52,0.00,0.00,-0.55,0.07,17.00,10.00,0.00
271053.00,2019-04-29 13:50:07.053,0.00,33.94,0.00,1.47,0.00,1.00,1.00,999.00,0.00,12.26,48.00,52.55,0.00,0.00,-0.54,0.07,17.00,10.00,0.00
271153.00,2019-04-29 13:50:07.153,0.00,33.94,0.00,1.47,0.00,1.00,1.00,999.00,0.00,12.25,48.00,52.55,0.00,0.00,-0.55,0.07,17.00,10.00,0.00
271253.00,2019-04-29 13:50:07.253,0.00,33.94,0.00,1.47,0.00,1.00,1.00,999.00,0.00,12.15,48.00,52.55,0.00,0.00,-0.54,0.07,17.00,10.00,0.00
271353.00,2019-04-29 13:50:07.353,0.00,33.94,0.00,1.47,0.00,1.00,1.00,999.00,0.00,12.24,48.05,52.50,0.00,0.00,-0.59,0.07,17.00,10.00,0.00
271453.00,2019-04-29 13:50:07.453,0.00,33.94,0.00,1.47,0.00,1.00,1.00,999.00,0.00,12.10,48.05,52.50,0.00,0.00,-0.56,0.07,17.00,10.00,0.00
271553.00,2019-04-29 13:50:07.553,0.00,33.94,0.00,1.47,0.00,1.00,1.00,999.00,0.00,12.11,48.05,52.50,0.00,0.00,-0.55,0.07,17.00,10.00,0.00
271653.00,2019-04-29 13:50:07.653,0.00,33.94,0.00,1.47,0.00,1.00,1.00,999.00,0.00,12.26,48.02,52.45,0.00,0.00,-0.55,0.07,17.00,10.00,0.00
271753.00,2019-04-29 13:50:07.753,0.00,33.94,0.00,1.47,0.00,1.00,1.00,999.00,0.00,12.27,48.02,52.45,0.00,0.00,-0.53,0.07,17.00,10.00,0.00
271853.00,2019-04-29 13:50:07.853,0.00,33.94,0.00,1.47,0.00,1.00,1.00,999.00,0.00,12.10,48.01,52.55,0.00,0.00,-0.58,0.07,17.00,10.00,0.00
271953.00,2019-04-29 13:50:07.953,0.00,33.94,0.00,1.47,0.00,1.00,1.00,999.00,0.00,12.28,48.01,52.55,0.00,0.00,-0.52,0.07,17.00,10.00,0.00
272053.00,2019-04-29 13:50:08.053,0.00,33.94,0.00,1.47,0.00,1.00,1.00,999.00,0.00,12.24,48.01,52.55,0.00,0.00,-0.59,0.07,17.00,10.00,0.00
272153.00,2019-04-29 13:50:08.153,0.00,33.94,0.00,1.47,0.00,1.00,1.00,999.00,0.00,12.14,48.02,52.47,0.00,0.00,-0.56,0.07,17.00,10.00,0.00
272253.00,2019-04-29 13:50:08.253,0.00,33.94,0.00,1.47,0.00,1.00,1.00,999.00,0.00,12.26,48.02,52.47,0.00,0.00,-0.55,0.07,17.00,10.00,0.00
272353.00,2019-04-29 13:50:08.353,0.00,33.94,0.00,1.47,0.00,1.00,1.00,999.00,0.00,12.24,48.00,52.52,0.00,0.00,-0.57,0.07,17.00,10.00,0.00
272453.00,2019-04-29 13:50:08.453,0.00,33.94,0.00,1.47,0.00,1.00,1.00,999.00,0.00,12.15,48.00,52.52,0.00,0.00,-0.54,0.08,17.00,10.00,0.00
272553.00,2019-04-29 13:50:08.553,0.00,33.94,0.00,1.47,0.00,1.00,1.00,999.00,0.00,12.24,48.00,52.52,0.00,0.00,-0.58,0.07,17.00,10.00,0.00
272653.00,2019-04-29 13:50:08.653,0.00,33.94,0.00,1.47,0.00,1.00,1.00,999.00,0.00,12.29,48.05,52.58,0.00,0.00,-0.55,0.07,17.00,10.00,0.00
272753.00,2019-04-29 13:50:08.753,0.00,33.94,0.00,1.47,0.00,1.00,1.00,999.00,0.00,12.11,48.05,52.58,0.00,0.00,-0.54,0.07,17.00,10.00,0.00
272853.00,2019-04-29 13:50:08.853,0.00,33.94,0.00,1.47,0.00,1.00,1.00,999.00,0.00,12.26,48.05,52.58,0.00,0.00,-0.56,0.07,17.00,10.00,0.00
272953.00,2019-04-29 13:50:08.953,0.00,33.94,0.00,1.47,0.00,1.00,1.00,999.00,0.00,12.28,48.09,52.59,0.00,0.00,-0.53,0.07,17.00,10.00,0.00
273053.00,2019-04-29 13:50:09.053,0.00,33.94,0.00,1.47,0.00,1.00,1.00,999.00,0.00,12.11,48.09,52.59,0.00,0.00,-0.57,0.07,17.00,10.00,0.00
273153.00,2019-04-29 13:50:09.153,0.00,33.94,0.00,1.47,0.00,1.00,1.00,999.00,0.00,12.29,48.02,52.53,0.00,0.00,-0.52,0.07,17.00,10.00,0.00
273253.00,2019-04-29 13:50:09.253,0.00,33.94,0.00,1.47,0.00,1.00,1.00,999.00,0.00,12.24,48.02,52.53,0.00,0.00,-0.54,0.07,17.00,10.00,0.00
273353.00,2019-04-29 13:50:09.353,0.00,33.94,0.00,1.47,0.00,1.00,1.00,999.00,0.00,12.14,48.02,52.53,0.00,0.00,-0.54,0.07,17.00,10.00,0.00
273453.00,2019-04-29 13:50:09.453,0.00,33.94,0.00,1.47,0.00,1.00,1.00,999.00,0.00,12.26,48.00,52.54,0.00,0.00,-0.54,0.07,17.00,10.00,0.00
273553.00,2019-04-29 13:50:09.553,0.00,33.94,0.00,1.47,0.00,1.00,1.00,999.00,0.00,12.25,48.00,52.54,0.00,0.00,-0.56,0.07,17.00,10.00,0.00
273653.00,2019-04-29 13:50:09.653,0.00,33.94,0.00,1.47,0.00,1.00,1.00,999.00,0.00,12.15,48.03,52.56,0.00,0.00,-0.53,0.07,17.00,10.00,0.00
273753.00,2019-04-29 13:50:09.753,0.00,33.94,0.00,1.47,0.00,1.00,1.00,999.00,0.00,12.29,48.03,52.56,0.00,0.00,-0.57,0.07,17.00,10.00,0.00
273853.00,2019-04-29 13:50:09.853,0.00,33.94,0.00,1.47,0.00,1.00,1.00,999.00,0.00,12.10,48.03,52.56,0.00,0.00,-0.55,0.07,17.00,10.00,0.00
273953.00,2019-04-29 13:50:09.953,0.00,33.94,0.00,1.47,0.00,1.00,1.00,999.00,0.00,12.12,48.05,52.49,0.00,0.00,-0.54,0.07,17.00,10.00,0.00
274053.00,2019-04-29 13:50:10.053,0.00,33.94,0.00,1.47,0.00,1.00,1.00,999.00,0.00,12.27,48.05,52.49,0.00,0.00,-0.57,0.07,17.00,10.00,0.00
274153.00,2019-04-29 13:50:10.153,0.00,33.94,0.00,1.47,0.00,1.00,1.00,999.00,0.00,12.27,48.05,52.49,0.00,0.00,-0.53,0.07,17.00,10.00,0.00
274253.00,2019-04-29 13:50:10.253,0.00,33.94,0.00,1.47,0.00,1.00,1.00,999.00,0.00,12.28,48.07,52.53,0.00,0.00,-0.58,0.07,17.00,10.00,0.00
274353.00,2019-04-29 13:50:10.353,0.00,33.94,0.00,1.47,0.00,1.00,1.00,999.00,0.00,12.28,48.07,52.53,0.00,0.00,-0.52,0.07,17.00,10.00,0.00
274453.00,2019-04-29 13:50:10.453,0.00,33.94,0.00,1.47,0.00,1.00,1.00,999.00,0.00,12.24,48.02,52.52,0.00,0.00,-0.58,0.07,17.00,10.00,0.00
274553.00,2019-04-29 13:50:10.553,0.00,33.94,0.00,1.47,0.00,1.00,1.00,999.00,0.00,12.14,48.02,52.52,0.00,0.00,-0.55,0.07,17.00,10.00,0.00
274653.00,2019-04-29 13:50:10.653,0.00,33.94,0.00,1.47,0.00,1.00,1.00,999.00,0.00,12.26,48.02,52.52,0.00,0.00,-0.54,0.07,17.00,10.00,0.00
274753.00,2019-04-29 13:50:10.753,0.00,33.94,0.00,1.47,0.00,1.00,1.00,999.00,0.00,12.25,47.96,52.43,0.00,0.00,-0.54,0.07,17.00,10.00,0.00
274853.00,2019-04-29 13:50:10.853,0.00,33.94,0.00,1.47,0.00,1.00,1.00,999.00,0.00,12.15,47.96,52.43,0.00,0.00,-0.52,0.07,17.00,10.00,0.00
274953.00,2019-04-29 13:50:10.953,0.00,33.94,0.00,1.47,0.00,1.00,1.00,999.00,0.00,12.24,48.00,52.49,0.00,0.00,-0.58,0.07,17.00,10.00,0.00
275053.00,2019-04-29 13:50:11.053,0.00,33.94,0.00,1.47,0.00,1.00,1.00,999.00,0.00,12.28,48.00,52.49,0.00,0.00,-0.55,0.07,17.00,10.00,0.00
275153.00,2019-04-29 13:50:11.153,0.00,33.94,0.00,1.47,0.00,1.00,1.00,999.00,0.00,12.27,48.00,52.49,0.00,0.00,-0.54,0.07,17.00,10.00,0.00
275253.00,2019-04-29 13:50:11.253,0.00,33.94,0.00,1.47,0.00,1.00,1.00,999.00,0.00,12.26,48.00,52.42,0.00,0.00,-0.55,0.07,17.00,10.00,0.00
275353.00,2019-04-29 13:50:11.353,0.00,33.94,0.00,1.47,0.00,1.00,1.00,999.00,0.00,12.27,48.00,52.42,0.00,0.00,-0.53,0.07,17.00,10.00,0.00
275453.00,2019-04-29 13:50:11.453,0.00,33.94,0.00,1.47,0.00,1.00,1.00,999.00,0.00,12.10,48.00,52.42,0.00,0.00,-0.57,0.07,17.00,10.00,0.00
275553.00,2019-04-29 13:50:11.553,0.00,33.94,0.00,1.47,0.00,1.00,1.00,999.00,0.00,12.28,47.93,52.40,0.00,0.00,-0.52,0.07,17.00,10.00,0.00
275653.00,2019-04-29 13:50:11.653,0.00,33.94,0.00,1.47,0.00,1.00,1.00,999.00,0.00,12.14,47.93,52.40,0.00,0.00,-0.58,0.07,17.00,10.00,0.00
275753.00,2019-04-29 13:50:11.753,0.00,33.94,0.00,1.47,0.00,1.00,1.00,999.00,0.00,12.14,47.95,52.38,0.00,0.00,-0.57,0.07,17.00,10.00,0.00
275853.00,2019-04-29 13:50:11.853,0.00,33.94,0.00,1.47,0.00,1.00,1.00,999.00,0.00,12.26,47.95,52.38,0.00,0.00,-0.54,0.07,17.00,10.00,0.00
275953.00,2019-04-29 13:50:11.953,0.00,33.94,0.00,1.47,0.00,1.00,1.00,999.00,0.00,12.25,47.95,52.38,0.00,0.00,-0.56,0.07,17.00,10.00,0.00
276053.00,2019-04-29 13:50:12.053,0.00,33.94,0.00,1.47,0.00,1.00,1.00,999.00,0.00,12.15,47.95,52.43,0.00,0.00,-0.52,0.07,17.00,10.00,0.00
276153.00,2019-04-29 13:50:12.153,0.00,33.94,0.00,1.47,0.00,1.00,1.00,999.00,0.00,12.23,47.95,52.43,0.00,0.00,-0.59,0.07,17.00,10.00,0.00
276253.00,2019-04-29 13:50:12.253,0.00,33.94,0.00,1.47,0.00,1.00,1.00,999.00,0.00,12.27,47.98,52.42,0.00,0.00,-0.56,0.07,17.00,10.00,0.00
276353.00,2019-04-29 13:50:12.353,0.00,33.94,0.00,1.47,0.00,1.00,1.00,999.00,0.00,12.11,47.98,52.42,0.00,0.00,-0.56,0.07,17.00,10.00,0.00
276453.00,2019-04-29 13:50:12.453,0.00,33.94,0.00,1.47,0.00,1.00,1.00,999.00,0.00,12.26,47.98,52.42,0.00,0.00,-0.55,0.07,17.00,10.00,0.00
276553.00,2019-04-29 13:50:12.553,0.00,33.94,0.00,1.47,0.00,1.00,1.00,999.00,0.00,12.27,47.91,52.45,0.00,0.00,-0.53,0.07,17.00,10.00,0.00
276653.00,2019-04-29 13:50:12.653,0.00,33.94,0.00,1.47,0.00,1.00,1.00,999.00,0.00,12.10,47.91,52.45,0.00,0.00,-0.57,0.07,17.00,10.00,0.00
276753.00,2019-04-29 13:50:12.753,0.00,33.94,0.00,1.47,0.00,1.00,1.00,999.00,0.00,12.23,47.91,52.45,0.00,0.00,-0.52,0.07,17.00,10.00,0.00
276853.00,2019-04-29 13:50:12.853,0.00,33.94,0.00,1.47,0.00,1.00,1.00,999.00,0.00,12.24,47.91,52.38,0.00,0.00,-0.58,0.07,17.00,10.00,0.00
276953.00,2019-04-29 13:50:12.953,0.00,33.94,0.00,1.47,0.00,1.00,1.00,999.00,0.00,12.14,47.91,52.38,0.00,0.00,-0.56,0.07,17.00,10.00,0.00
277053.00,2019-04-29 13:50:13.053,0.00,33.94,0.00,1.47,0.00,1.00,1.00,999.00,0.00,12.26,47.95,52.31,0.00,0.00,-0.57,0.07,17.00,10.00,0.00
277153.00,2019-04-29 13:50:13.153,0.00,33.94,0.00,1.47,0.00,1.00,1.00,999.00,0.00,12.13,47.95,52.31,0.00,0.00,-0.56,0.07,17.00,10.00,0.00
277253.00,2019-04-29 13:50:13.253,0.00,33.94,0.00,1.47,0.00,1.00,1.00,999.00,0.00,12.15,47.95,52.31,0.00,0.00,-0.53,0.07,17.00,10.00,0.00
277353.00,2019-04-29 13:50:13.353,0.00,33.94,0.00,1.47,0.00,1.00,1.00,999.00,0.00,12.24,47.93,52.47,0.00,0.00,-0.58,0.07,17.00,10.00,0.00
277453.00,2019-04-29 13:50:13.453,0.00,33.94,0.00,1.47,0.00,1.00,1.00,999.00,0.00,12.10,47.93,52.47,0.00,0.00,-0.55,0.07,17.00,10.00,0.00
277553.00,2019-04-29 13:50:13.553,0.00,33.94,0.00,1.47,0.00,1.00,1.00,999.00,0.00,12.11,47.89,52.45,0.00,0.00,-0.55,0.07,17.00,10.00,0.00
277653.00,2019-04-29 13:50:13.653,0.00,33.94,0.00,1.47,0.00,1.00,1.00,999.00,0.00,12.26,47.89,52.45,0.00,0.00,-0.56,0.07,17.00,10.00,0.00
277753.00,2019-04-29 13:50:13.753,0.00,33.94,0.00,1.47,0.00,1.00,1.00,999.00,0.00,12.27,47.89,52.45,0.00,0.00,-0.55,0.08,17.00,10.00,0.00
277853.00,2019-04-29 13:50:13.853,0.00,33.94,0.00,1.47,0.00,1.00,1.00,999.00,0.00,12.10,47.98,52.35,0.00,0.00,-0.57,0.07,17.00,10.00,0.00
277953.00,2019-04-29 13:50:13.953,0.00,33.94,0.00,1.47,0.00,1.00,1.00,999.00,0.00,12.28,47.98,52.35,0.00,0.00,-0.51,0.07,17.00,10.00,0.00
278053.00,2019-04-29 13:50:14.053,0.00,33.94,0.00,1.47,0.00,1.00,1.00,999.00,0.00,12.24,47.98,52.35,0.00,0.00,-0.60,0.07,17.00,10.00,0.00
278153.00,2019-04-29 13:50:14.153,0.00,33.94,0.00,1.47,0.00,1.00,1.00,999.00,0.00,12.14,47.96,52.35,0.00,0.00,-0.54,0.07,17.00,10.00,0.00
278253.00,2019-04-29 13:50:14.253,0.00,33.94,0.00,1.47,0.00,1.00,1.00,999.00,0.00,12.26,47.96,52.35,0.00,0.00,-0.54,0.07,17.00,10.00,0.00
278353.00,2019-04-29 13:50:14.353,0.00,33.94,0.00,1.47,0.00,1.00,1.00,999.00,0.00,12.25,47.90,52.34,0.00,0.00,-0.55,0.07,17.00,10.00,0.00
278453.00,2019-04-29 13:50:14.453,0.00,33.94,0.00,1.47,0.00,1.00,1.00,999.00,0.00,12.14,47.90,52.34,0.00,0.00,-0.53,0.07,17.00,10.00,0.00
278553.00,2019-04-29 13:50:14.553,0.00,33.94,0.00,1.47,0.00,1.00,1.00,999.00,0.00,12.23,47.90,52.34,0.00,0.00,-0.57,0.07,17.00,10.00,0.00
278653.00,2019-04-29 13:50:14.653,0.00,33.94,0.00,1.47,0.00,1.00,1.00,999.00,0.00,12.27,47.94,52.38,0.00,0.00,-0.56,0.07,17.00,10.00,0.00
278753.00,2019-04-29 13:50:14.753,0.00,33.94,0.00,1.47,0.00,1.00,1.00,999.00,0.00,12.11,47.94,52.38,0.00,0.00,-0.55,0.07,17.00,10.00,0.00
278853.00,2019-04-29 13:50:14.853,0.00,33.94,0.00,1.47,0.00,1.00,1.00,999.00,0.00,12.27,47.98,52.29,0.00,0.00,-0.55,0.07,17.00,10.00,0.00
278953.00,2019-04-29 13:50:14.953,0.00,33.94,0.00,1.47,0.00,1.00,1.00,999.00,0.00,12.27,47.98,52.29,0.00,0.00,-0.53,0.07,17.00,10.00,0.00
279053.00,2019-04-29 13:50:15.053,0.00,33.94,0.00,1.47,0.00,1.00,1.00,999.00,0.00,12.09,47.98,52.29,0.00,0.00,-0.56,0.07,17.00,10.00,0.00
279153.00,2019-04-29 13:50:15.153,0.00,33.94,0.00,1.47,0.00,1.00,1.00,999.00,0.00,12.28,48.00,52.27,0.00,0.00,-0.51,0.07,17.00,10.00,0.00
279253.00,2019-04-29 13:50:15.253,0.00,33.94,0.00,1.47,0.00,1.00,1.00,999.00,0.00,12.14,48.00,52.27,0.00,0.00,-0.58,0.07,17.00,10.00,0.00
279353.00,2019-04-29 13:50:15.353,0.00,33.94,0.00,1.47,0.00,1.00,1.00,999.00,0.00,12.25,48.00,52.27,0.00,0.00,-0.55,0.07,17.00,10.00,0.00
279453.00,2019-04-29 13:50:15.453,0.00,33.94,0.00,1.47,0.00,1.00,1.00,999.00,0.00,12.26,47.90,52.25,0.00,0.00,-0.55,0.07,17.00,10.00,0.00
279553.00,2019-04-29 13:50:15.553,0.00,33.94,0.00,1.47,0.00,1.00,1.00,999.00,0.00,12.25,47.90,52.25,0.00,0.00,-0.55,0.07,17.00,10.00,0.00
279653.00,2019-04-29 13:50:15.653,0.00,33.94,0.00,1.47,0.00,1.00,1.00,999.00,0.00,12.15,47.91,52.30,0.00,0.00,-0.53,0.07,17.00,10.00,0.00
279753.00,2019-04-29 13:50:15.753,0.00,33.94,0.00,1.47,0.00,1.00,1.00,999.00,0.00,12.23,47.91,52.30,0.00,0.00,-0.59,0.07,17.00,10.00,0.00
279853.00,2019-04-29 13:50:15.853,0.00,33.94,0.00,1.47,0.00,1.00,1.00,999.00,0.00,12.28,47.91,52.30,0.00,0.00,-0.55,0.07,17.00,10.00,0.00
279953.00,2019-04-29 13:50:15.953,0.00,33.94,0.00,1.47,0.00,1.00,1.00,999.00,0.00,12.11,47.95,52.38,0.00,0.00,-0.55,0.07,17.00,10.00,0.00
280053.00,2019-04-29 13:50:16.053,0.00,33.94,0.00,1.47,0.00,1.00,1.00,999.00,0.00,12.25,47.95,52.38,0.00,0.00,-0.56,0.07,17.00,10.00,0.00
280153.00,2019-04-29 13:50:16.153,0.00,33.94,0.00,1.47,0.00,1.00,1.00,999.00,0.00,12.28,47.98,52.36,0.00,0.00,-0.53,0.07,17.00,10.00,0.00
280253.00,2019-04-29 13:50:16.253,0.00,33.94,0.00,1.47,0.00,1.00,1.00,999.00,0.00,12.10,47.98,52.36,0.00,0.00,-0.57,0.07,17.00,10.00,0.00
280353.00,2019-04-29 13:50:16.353,0.00,33.94,0.00,1.47,0.00,1.00,1.00,999.00,0.00,12.28,47.98,52.36,0.00,0.00,-0.51,0.07,17.00,10.00,0.00
280453.00,2019-04-29 13:50:16.453,0.00,33.94,0.00,1.47,0.00,1.00,1.00,999.00,0.00,12.24,47.96,52.38,0.00,0.00,-0.56,0.07,17.00,10.00,0.00
280553.00,2019-04-29 13:50:16.553,0.00,33.94,0.00,1.47,0.00,1.00,1.00,999.00,0.00,12.13,47.96,52.38,0.00,0.00,-0.56,0.07,17.00,10.00,0.00
280653.00,2019-04-29 13:50:16.653,0.00,33.94,0.00,1.47,0.00,1.00,1.00,999.00,0.00,12.26,47.96,52.38,0.00,0.00,-0.54,0.07,17.00,10.00,0.00
280753.00,2019-04-29 13:50:16.753,0.00,33.94,0.00,1.47,0.00,1.00,1.00,999.00,0.00,12.24,47.98,52.30,0.00,0.00,-0.56,0.07,17.00,10.00,0.00
280853.00,2019-04-29 13:50:16.853,0.00,33.94,0.00,1.47,0.00,1.00,1.00,999.00,0.00,12.27,47.98,52.30,0.00,0.00,-0.53,0.08,17.00,10.00,0.00
280953.00,2019-04-29 13:50:16.953,0.00,33.94,0.00,1.47,0.00,1.00,1.00,999.00,0.00,12.26,48.00,52.27,0.00,0.00,-0.58,0.08,17.00,10.00,0.00
281053.00,2019-04-29 13:50:17.053,0.00,33.94,0.00,1.47,0.00,1.00,1.00,999.00,0.00,12.12,48.00,52.27,0.00,0.00,-0.55,0.07,17.00,10.00,0.00
281153.00,2019-04-29 13:50:17.153,0.00,33.94,0.00,1.47,0.00,1.00,1.00,999.00,0.00,12.28,48.00,52.27,0.00,0.00,-0.56,0.07,17.00,10.00,0.00
281253.00,2019-04-29 13:50:17.253,0.00,33.94,0.00,1.47,0.00,1.00,1.00,999.00,0.00,12.24,48.00,52.25,0.00,0.00,-0.55,0.07,17.00,10.00,0.00
281353.00,2019-04-29 13:50:17.353,0.00,33.94,0.00,1.47,0.00,1.00,1.00,999.00,0.00,12.14,48.00,52.25,0.00,0.00,-0.54,0.07,17.00,10.00,0.00
281453.00,2019-04-29 13:50:17.453,0.00,33.94,0.00,1.47,0.00,1.00,1.00,999.00,0.00,12.25,48.01,52.25,0.00,0.00,-0.57,0.07,17.00,10.00,0.00
281553.00,2019-04-29 13:50:17.553,0.00,33.94,0.00,1.47,0.00,1.00,1.00,999.00,0.00,12.26,48.01,52.25,0.00,0.00,-0.51,0.07,17.00,10.00,0.00
281653.00,2019-04-29 13:50:17.653,0.00,33.94,0.00,1.47,0.00,1.00,1.00,999.00,0.00,12.14,48.01,52.25,0.00,0.00,-0.57,0.07,17.00,10.00,0.00
281753.00,2019-04-29 13:50:17.753,0.00,33.94,0.00,1.47,0.00,1.00,1.00,999.00,0.00,12.23,47.98,52.27,0.00,0.00,-0.54,0.07,17.00,10.00,0.00
281853.00,2019-04-29 13:50:17.853,0.00,33.94,0.00,1.47,0.00,1.00,1.00,999.00,0.00,12.28,47.98,52.27,0.00,0.00,-0.55,0.07,17.00,10.00,0.00
281953.00,2019-04-29 13:50:17.953,0.00,33.94,0.00,1.47,0.00,1.00,1.00,999.00,0.00,12.11,47.98,52.27,0.00,0.00,-0.58,0.07,17.00,10.00,0.00
282053.00,2019-04-29 13:50:18.053,0.00,33.94,0.00,1.47,0.00,1.00,1.00,999.00,0.00,12.27,47.98,52.34,0.00,0.00,-0.53,0.07,17.00,10.00,0.00
282153.00,2019-04-29 13:50:18.153,0.00,33.94,0.00,1.47,0.00,1.00,1.00,999.00,0.00,12.26,47.98,52.34,0.00,0.00,-0.60,0.07,17.00,10.00,0.00
282253.00,2019-04-29 13:50:18.253,0.00,33.94,0.00,1.47,0.00,1.00,1.00,999.00,0.00,12.12,48.03,52.33,0.00,0.00,-0.54,0.07,17.00,10.00,0.00
282353.00,2019-04-29 13:50:18.353,0.00,33.94,0.00,1.47,0.00,1.00,1.00,999.00,0.00,12.29,48.03,52.33,0.00,0.00,-0.56,0.07,17.00,10.00,0.00
282453.00,2019-04-29 13:50:18.453,0.00,33.94,0.00,1.47,0.00,1.00,1.00,999.00,0.00,12.23,48.03,52.33,0.00,0.00,-0.55,0.07,17.00,10.00,0.00
282553.00,2019-04-29 13:50:18.553,0.00,33.94,0.00,1.47,0.00,1.00,1.00,999.00,0.00,12.14,48.01,52.27,0.00,0.00,-0.53,0.07,17.00,10.00,0.00
282653.00,2019-04-29 13:50:18.653,0.00,33.94,0.00,1.47,0.00,1.00,1.00,999.00,0.00,12.25,48.01,52.27,0.00,0.00,-0.56,0.07,17.00,10.00,0.00
282753.00,2019-04-29 13:50:18.753,0.00,33.94,0.00,1.47,0.00,1.00,1.00,999.00,0.00,12.26,48.01,52.29,0.00,0.00,-0.52,0.07,17.00,10.00,0.00
282853.00,2019-04-29 13:50:18.853,0.00,33.94,0.00,1.47,0.00,1.00,1.00,999.00,0.00,12.11,48.01,52.29,0.00,0.00,-0.57,0.07,17.00,10.00,0.00
282953.00,2019-04-29 13:50:18.953,0.00,33.94,0.00,1.47,0.00,1.00,1.00,999.00,0.00,12.27,48.01,52.29,0.00,0.00,-0.57,0.07,17.00,10.00,0.00
283053.00,2019-04-29 13:50:19.053,0.00,33.94,0.00,1.47,0.00,1.00,1.00,999.00,0.00,12.26,47.98,52.22,0.00,0.00,-0.53,0.07,17.00,10.00,0.00
283153.00,2019-04-29 13:50:19.153,0.00,33.94,0.00,1.47,0.00,1.00,1.00,999.00,0.00,12.11,47.98,52.22,0.00,0.00,-0.57,0.07,17.00,10.00,0.00
283253.00,2019-04-29 13:50:19.253,0.00,33.94,0.00,1.47,0.00,1.00,1.00,999.00,0.00,12.28,47.98,52.22,0.00,0.00,-0.53,0.06,17.00,10.00,0.00
283353.00,2019-04-29 13:50:19.353,0.00,33.94,0.00,1.47,0.00,1.00,1.00,999.00,0.00,12.23,47.95,52.20,0.00,0.00,-0.57,0.07,17.00,10.00,0.00
283453.00,2019-04-29 13:50:19.453,0.00,33.94,0.00,1.47,0.00,1.00,1.00,999.00,0.00,12.14,47.95,52.20,0.00,0.00,-0.56,0.07,17.00,10.00,0.00
283553.00,2019-04-29 13:50:19.553,0.00,33.94,0.00,1.47,0.00,1.00,1.00,999.00,0.00,12.25,47.96,52.18,0.00,0.00,-0.54,0.07,17.00,10.00,0.00
283653.00,2019-04-29 13:50:19.653,0.00,33.94,0.00,1.47,0.00,1.00,1.00,999.00,0.00,12.26,47.96,52.18,0.00,0.00,-0.56,0.07,17.00,10.00,0.00
283753.00,2019-04-29 13:50:19.753,0.00,33.94,0.00,1.47,0.00,1.00,1.00,999.00,0.00,12.14,47.96,52.18,0.00,0.00,-0.53,0.07,17.00,10.00,0.00
283853.00,2019-04-29 13:50:19.853,0.00,33.94,0.00,1.47,0.00,1.00,1.00,999.00,0.00,12.23,47.96,52.22,0.00,0.00,-0.57,0.07,17.00,10.00,0.00
283953.00,2019-04-29 13:50:19.953,0.00,33.94,0.00,1.47,0.00,1.00,1.00,999.00,0.00,12.28,47.96,52.22,0.00,0.00,-0.52,0.07,17.00,10.00,0.00
284053.00,2019-04-29 13:50:20.053,0.00,33.94,0.00,1.47,0.00,1.00,1.00,999.00,0.00,12.10,47.98,52.23,0.00,0.00,-0.57,0.07,17.00,10.00,0.00
284153.00,2019-04-29 13:50:20.153,0.00,33.94,0.00,1.47,0.00,1.00,1.00,999.00,0.00,12.27,47.98,52.23,0.00,0.00,-0.56,0.07,17.00,10.00,0.00
284253.00,2019-04-29 13:50:20.253,0.00,33.94,0.00,1.47,0.00,1.00,1.00,999.00,0.00,12.26,47.98,52.23,0.00,0.00,-0.53,0.07,17.00,10.00,0.00
284353.00,2019-04-29 13:50:20.353,0.00,33.94,0.00,1.47,0.00,1.00,1.00,999.00,0.00,12.12,47.96,52.25,0.00,0.00,-0.57,0.07,17.00,10.00,0.00
284453.00,2019-04-29 13:50:20.453,0.00,33.94,0.00,1.47,0.00,1.00,1.00,999.00,0.00,12.28,47.96,52.25,0.00,0.00,-0.53,0.07,17.00,10.00,0.00
284553.00,2019-04-29 13:50:20.553,0.00,33.94,0.00,1.47,0.00,1.00,1.00,999.00,0.00,12.23,47.96,52.25,0.00,0.00,-0.56,0.07,17.00,10.00,0.00
284653.00,2019-04-29 13:50:20.653,0.00,33.94,0.00,1.47,0.00,1.00,1.00,999.00,0.00,12.14,47.95,52.18,0.00,0.00,-0.56,0.07,17.00,10.00,0.00
284753.00,2019-04-29 13:50:20.753,0.00,33.94,0.00,1.47,0.00,1.00,1.00,999.00,0.00,12.25,47.95,52.18,0.00,0.00,-0.54,0.07,17.00,10.00,0.00
284853.00,2019-04-29 13:50:20.853,0.00,33.94,0.00,1.47,0.00,1.00,1.00,999.00,0.00,12.26,47.91,52.22,0.00,0.00,-0.55,0.07,17.00,10.00,0.00
284953.00,2019-04-29 13:50:20.953,0.00,33.94,0.00,1.47,0.00,1.00,1.00,999.00,0.00,12.14,47.91,52.22,0.00,0.00,-0.54,0.07,17.00,10.00,0.00
285053.00,2019-04-29 13:50:21.053,0.00,33.94,0.00,1.47,0.00,1.00,1.00,999.00,0.00,12.23,47.91,52.22,0.00,0.00,-0.57,0.07,17.00,10.00,0.00
285153.00,2019-04-29 13:50:21.153,0.00,33.94,0.00,1.47,0.00,1.00,1.00,999.00,0.00,12.28,47.98,52.15,0.00,0.00,-0.51,0.07,17.00,10.00,0.00
285253.00,2019-04-29 13:50:21.253,0.00,33.94,0.00,1.47,0.00,1.00,1.00,999.00,0.00,12.10,47.98,52.15,0.00,0.00,-0.57,0.07,17.00,10.00,0.00
285353.00,2019-04-29 13:50:21.353,0.00,33.94,0.00,1.47,0.00,1.00,1.00,999.00,0.00,12.27,47.93,52.11,0.00,0.00,-0.57,0.07,17.00,10.00,0.00
285453.00,2019-04-29 13:50:21.453,0.00,33.94,0.00,1.47,0.00,1.00,1.00,999.00,0.00,12.26,47.93,52.11,0.00,0.00,-0.56,0.07,17.00,10.00,0.00
285553.00,2019-04-29 13:50:21.553,0.00,33.94,0.00,1.47,0.00,1.00,1.00,999.00,0.00,12.10,47.93,52.11,0.00,0.00,-0.56,0.07,17.00,10.00,0.00
285653.00,2019-04-29 13:50:21.653,0.00,33.94,0.00,1.47,0.00,1.00,1.00,999.00,0.00,12.28,47.94,52.18,0.00,0.00,-0.52,0.07,17.00,10.00,0.00
285753.00,2019-04-29 13:50:21.753,0.00,33.94,0.00,1.47,0.00,1.00,1.00,999.00,0.00,12.23,47.94,52.18,0.00,0.00,-0.59,0.07,17.00,10.00,0.00
285853.00,2019-04-29 13:50:21.853,0.00,33.94,0.00,1.47,0.00,1.00,1.00,999.00,0.00,12.14,47.94,52.18,0.00,0.00,-0.55,0.07,17.00,10.00,0.00
285953.00,2019-04-29 13:50:21.953,0.00,33.94,0.00,1.47,0.00,1.00,1.00,999.00,0.00,12.25,47.90,52.18,0.00,0.00,-0.55,0.07,17.00,10.00,0.00
286053.00,2019-04-29 13:50:22.053,0.00,33.94,0.00,1.47,0.00,1.00,1.00,999.00,0.00,12.25,47.90,52.18,0.00,0.00,-0.56,0.07,17.00,10.00,0.00
286153.00,2019-04-29 13:50:22.153,0.00,33.94,0.00,1.47,0.00,1.00,1.00,999.00,0.00,12.14,47.98,52.13,0.00,0.00,-0.53,0.08,17.00,10.00,0.00
286253.00,2019-04-29 13:50:22.253,0.00,33.94,0.00,1.47,0.00,1.00,1.00,999.00,0.00,12.23,47.98,52.13,0.00,0.00,-0.58,0.07,17.00,10.00,0.00
286353.00,2019-04-29 13:50:22.353,0.00,33.94,0.00,1.47,0.00,1.00,1.00,999.00,0.00,12.28,47.98,52.13,0.00,0.00,-0.52,0.07,17.00,10.00,0.00
286453.00,2019-04-29 13:50:22.453,0.00,33.94,0.00,1.47,0.00,1.00,1.00,999.00,0.00,12.10,47.91,52.20,0.00,0.00,-0.56,0.07,17.00,10.00,0.00
286553.00,2019-04-29 13:50:22.553,0.00,33.94,0.00,1.47,0.00,1.00,1.00,999.00,0.00,12.28,47.91,52.20,0.00,0.00,-0.55,0.07,17.00,10.00,0.00
286653.00,2019-04-29 13:50:22.653,0.00,33.94,0.00,1.47,0.00,1.00,1.00,999.00,0.00,12.26,48.02,52.20,0.00,0.00,-0.53,0.07,17.00,10.00,0.00
286753.00,2019-04-29 13:50:22.753,0.00,33.94,0.00,1.47,0.00,1.00,1.00,999.00,0.00,12.11,48.02,52.20,0.00,0.00,-0.58,0.07,17.00,10.00,0.00
286853.00,2019-04-29 13:50:22.853,0.00,33.94,0.00,1.47,0.00,1.00,1.00,999.00,0.00,12.29,48.02,52.20,0.00,0.00,-0.55,0.07,17.00,10.00,0.00
286953.00,2019-04-29 13:50:22.953,0.00,33.94,0.00,1.47,0.00,1.00,1.00,999.00,0.00,12.23,47.95,52.17,0.00,0.00,-0.58,0.07,17.00,10.00,0.00
287053.00,2019-04-29 13:50:23.053,0.00,33.94,0.00,1.47,0.00,1.00,1.00,999.00,0.00,12.24,47.95,52.17,0.00,0.00,-0.56,0.07,17.00,10.00,0.00
287153.00,2019-04-29 13:50:23.153,0.00,33.94,0.00,1.47,0.00,1.00,1.00,999.00,0.00,12.25,47.95,52.17,0.00,0.00,-0.55,0.07,17.00,10.00,0.00
287253.00,2019-04-29 13:50:23.253,0.00,33.94,0.00,1.47,0.00,1.00,1.00,999.00,0.00,12.26,48.07,52.18,0.00,0.00,-0.56,0.07,17.00,10.00,0.00
287353.00,2019-04-29 13:50:23.353,0.00,33.94,0.00,1.47,0.00,1.00,1.00,999.00,0.00,12.14,48.07,52.18,0.00,0.00,-0.53,0.07,17.00,10.00,0.00
287453.00,2019-04-29 13:50:23.453,0.00,33.94,0.00,1.47,0.00,1.00,1.00,999.00,0.00,12.24,48.01,52.20,0.00,0.00,-0.57,0.07,17.00,10.00,0.00
287553.00,2019-04-29 13:50:23.553,0.00,33.94,0.00,1.47,0.00,1.00,1.00,999.00,0.00,12.28,48.01,52.20,0.00,0.00,-0.51,0.07,17.00,10.00,0.00
287653.00,2019-04-29 13:50:23.653,0.00,33.94,0.00,1.47,0.00,1.00,1.00,999.00,0.00,12.11,48.01,52.20,0.00,0.00,-0.58,0.07,17.00,10.00,0.00
287753.00,2019-04-29 13:50:23.753,0.00,33.94,0.00,1.47,0.00,1.00,1.00,999.00,0.00,12.26,48.01,52.13,0.00,0.00,-0.57,0.07,17.00,10.00,0.00
287853.00,2019-04-29 13:50:23.853,0.00,33.94,0.00,1.47,0.00,1.00,1.00,999.00,0.00,12.12,48.01,52.13,0.00,0.00,-0.54,0.07,17.00,10.00,0.00
287953.00,2019-04-29 13:50:23.953,0.00,33.94,0.00,1.47,0.00,1.00,1.00,999.00,0.00,12.11,47.96,52.13,0.00,0.00,-0.57,0.07,17.00,10.00,0.00
288053.00,2019-04-29 13:50:24.053,0.00,33.94,0.00,1.47,0.00,1.00,1.00,999.00,0.00,12.29,47.96,52.13,0.00,0.00,-0.53,0.07,17.00,10.00,0.00
288153.00,2019-04-29 13:50:24.153,0.00,33.94,0.00,1.47,0.00,1.00,1.00,999.00,0.00,12.23,47.96,52.13,0.00,0.00,-0.58,0.07,17.00,10.00,0.00
288253.00,2019-04-29 13:50:24.253,0.00,33.94,0.00,1.47,0.00,1.00,1.00,999.00,0.00,12.14,48.01,52.20,0.00,0.00,-0.54,0.07,17.00,10.00,0.00
288353.00,2019-04-29 13:50:24.353,0.00,33.94,0.00,1.47,0.00,1.00,1.00,999.00,0.00,12.25,48.01,52.20,0.00,0.00,-0.54,0.07,17.00,10.00,0.00
288453.00,2019-04-29 13:50:24.453,0.00,33.94,0.00,1.47,0.00,1.00,1.00,999.00,0.00,12.26,48.01,52.20,0.00,0.00,-0.57,0.07,17.00,10.00,0.00
288553.00,2019-04-29 13:50:24.553,0.00,33.94,0.00,1.47,0.00,1.00,1.00,999.00,0.00,12.14,47.96,52.13,0.00,0.00,-0.51,0.07,17.00,10.00,0.00
288653.00,2019-04-29 13:50:24.653,0.00,33.94,0.00,1.47,0.00,1.00,1.00,999.00,0.00,12.23,47.96,52.13,0.00,0.00,-0.58,0.07,17.00,10.00,0.00
288753.00,2019-04-29 13:50:24.753,0.00,33.94,0.00,1.47,0.00,1.00,1.00,999.00,0.00,12.28,47.94,52.11,0.00,0.00,-0.53,0.07,17.00,10.00,0.00
288853.00,2019-04-29 13:50:24.853,0.00,33.94,0.00,1.47,0.00,1.00,1.00,999.00,0.00,12.11,47.94,52.11,0.00,0.00,-0.58,0.07,17.00,10.00,0.00
288953.00,2019-04-29 13:50:24.953,0.00,33.94,0.00,1.47,0.00,1.00,1.00,999.00,0.00,12.25,47.94,52.11,0.00,0.00,-0.57,0.07,17.00,10.00,0.00
289053.00,2019-04-29 13:50:25.053,0.00,33.94,0.00,1.47,0.00,1.00,1.00,999.00,0.00,12.26,47.94,52.20,0.00,0.00,-0.55,0.07,17.00,10.00,0.00
289153.00,2019-04-29 13:50:25.153,0.00,33.94,0.00,1.47,0.00,1.00,1.00,999.00,0.00,12.10,47.94,52.20,0.00,0.00,-0.57,0.07,17.00,10.00,0.00
289253.00,2019-04-29 13:50:25.253,0.00,33.94,0.00,1.47,0.00,1.00,1.00,999.00,0.00,12.29,47.98,52.07,0.00,0.00,-0.53,0.07,17.00,10.00,0.00
289353.00,2019-04-29 13:50:25.353,0.00,33.94,0.00,1.47,0.00,1.00,1.00,999.00,0.00,12.15,47.98,52.07,0.00,0.00,-0.58,0.07,17.00,10.00,0.00
289453.00,2019-04-29 13:50:25.453,0.00,33.94,0.00,1.47,0.00,1.00,1.00,999.00,0.00,12.14,47.98,52.07,0.00,0.00,-0.55,0.07,17.00,10.00,0.00
289553.00,2019-04-29 13:50:25.553,0.00,33.94,0.00,1.47,0.00,1.00,1.00,999.00,0.00,12.25,48.00,52.10,0.00,0.00,-0.54,0.07,17.00,10.00,0.00
289653.00,2019-04-29 13:50:25.653,0.00,33.94,0.00,1.47,0.00,1.00,1.00,999.00,0.00,12.26,48.00,52.10,0.00,0.00,-0.56,0.07,17.00,10.00,0.00
289753.00,2019-04-29 13:50:25.753,0.00,33.94,0.00,1.47,0.00,1.00,1.00,999.00,0.00,12.14,48.00,52.10,0.00,0.00,-0.53,0.07,17.00,10.00,0.00
289853.00,2019-04-29 13:50:25.853,0.00,33.94,0.00,1.47,0.00,1.00,1.00,999.00,0.00,12.23,48.01,52.15,0.00,0.00,-0.57,0.07,17.00,10.00,0.00
289953.00,2019-04-29 13:50:25.953,0.00,33.94,0.00,1.47,0.00,1.00,1.00,999.00,0.00,12.29,48.01,52.15,0.00,0.00,-0.51,0.07,17.00,10.00,0.00
290053.00,2019-04-29 13:50:26.053,0.00,33.94,0.00,1.47,0.00,1.00,1.00,999.00,0.00,12.11,47.96,52.11,0.00,0.00,-0.58,0.07,17.00,10.00,0.00
290153.00,2019-04-29 13:50:26.153,0.00,33.94,0.00,1.47,0.00,1.00,1.00,999.00,0.00,12.27,47.96,52.11,0.00,0.00,-0.55,0.07,17.00,10.00,0.00
290253.00,2019-04-29 13:50:26.253,0.00,33.94,0.00,1.47,0.00,1.00,1.00,999.00,0.00,12.26,47.96,52.11,0.00,0.00,-0.53,0.07,17.00,10.00,0.00
290353.00,2019-04-29 13:50:26.353,0.00,33.94,0.00,1.47,0.00,1.00,1.00,999.00,0.00,12.28,47.96,52.09,0.00,0.00,-0.57,0.07,17.00,10.00,0.00
290453.00,2019-04-29 13:50:26.453,0.00,33.94,0.00,1.47,0.00,1.00,1.00,999.00,0.00,12.28,47.96,52.09,0.00,0.00,-0.53,0.07,17.00,10.00,0.00
290553.00,2019-04-29 13:50:26.553,0.00,33.94,0.00,1.47,0.00,1.00,1.00,999.00,0.00,12.24,47.89,52.16,0.00,0.00,-0.58,0.07,17.00,10.00,0.00
290653.00,2019-04-29 13:50:26.653,0.00,33.94,0.00,1.47,0.00,1.00,1.00,999.00,0.00,12.14,47.89,52.16,0.00,0.00,-0.56,0.07,17.00,10.00,0.00
290753.00,2019-04-29 13:50:26.753,0.00,33.94,0.00,1.47,0.00,1.00,1.00,999.00,0.00,12.25,47.89,52.16,0.00,0.00,-0.54,0.07,17.00,10.00,0.00
290951.00,2019-04-29 13:50:26.951,0.00,33.94,0.00,1.47,0.00,1.00,1.00,999.00,0.00,12.10,47.93,52.06,0.00,0.00,-0.53,0.07,17.00,10.00,0.00
291051.00,2019-04-29 13:50:27.051,0.00,33.94,0.00,1.47,0.00,1.00,1.00,999.00,0.00,12.15,47.93,52.06,0.00,0.00,-0.57,0.07,17.00,10.00,0.00
291151.00,2019-04-29 13:50:27.151,0.00,33.94,0.00,1.47,0.00,1.00,1.00,999.00,0.00,12.24,47.93,52.06,0.00,0.00,-0.52,0.07,17.00,10.00,0.00
291251.00,2019-04-29 13:50:27.251,0.00,33.94,0.00,1.47,0.00,1.00,1.00,999.00,0.00,12.28,47.88,52.04,0.00,0.00,-0.58,0.07,17.00,10.00,0.00
291351.00,2019-04-29 13:50:27.351,0.00,33.94,0.00,1.47,0.00,1.00,1.00,999.00,0.00,12.12,47.88,52.04,0.00,0.00,-0.56,0.07,17.00,10.00,0.00
291451.00,2019-04-29 13:50:27.451,0.00,33.94,0.00,1.47,0.00,1.00,1.00,999.00,0.00,12.25,47.88,52.04,0.00,0.00,-0.54,0.07,17.00,10.00,0.00
291551.00,2019-04-29 13:50:27.551,0.00,33.94,0.00,1.47,0.00,1.00,1.00,999.00,0.00,12.11,47.88,52.04,0.00,0.00,-0.57,0.07,17.00,10.00,0.00
291651.00,2019-04-29 13:50:27.651,0.00,33.94,0.00,1.47,0.00,1.00,1.00,999.00,0.00,12.10,47.88,52.04,0.00,0.00,-0.53,0.07,17.00,10.00,0.00
291751.00,2019-04-29 13:50:27.751,0.00,33.94,0.00,1.47,0.00,1.00,1.00,999.00,0.00,12.29,47.88,52.07,0.00,0.00,-0.58,0.07,17.00,10.00,0.00
291851.00,2019-04-29 13:50:27.851,0.00,33.94,0.00,1.47,0.00,1.00,1.00,999.00,0.00,12.24,47.88,52.07,0.00,0.00,-0.56,0.07,17.00,10.00,0.00
291951.00,2019-04-29 13:50:27.951,0.00,33.94,0.00,1.47,0.00,1.00,1.00,999.00,0.00,12.13,47.88,52.07,0.00,0.00,-0.55,0.07,17.00,10.00,0.00
292051.00,2019-04-29 13:50:28.051,0.00,33.94,0.00,1.47,0.00,1.00,1.00,999.00,0.00,12.26,47.84,52.15,0.00,0.00,-0.56,0.07,17.00,10.00,0.00
292151.00,2019-04-29 13:50:28.151,0.00,33.94,0.00,1.47,0.00,1.00,1.00,999.00,0.00,12.25,47.84,52.15,0.00,0.00,-0.54,0.07,17.00,10.00,0.00
292251.00,2019-04-29 13:50:28.251,0.00,33.94,0.00,1.47,0.00,1.00,1.00,999.00,0.00,12.23,47.85,51.95,0.00,0.00,-0.57,0.07,17.00,10.00,0.00
292351.00,2019-04-29 13:50:28.351,0.00,33.94,0.00,1.47,0.00,1.00,1.00,999.00,0.00,12.23,47.85,51.95,0.00,0.00,-0.52,0.07,17.00,10.00,0.00
292451.00,2019-04-29 13:50:28.451,0.00,33.94,0.00,1.47,0.00,1.00,1.00,999.00,0.00,12.28,47.85,51.95,0.00,0.00,-0.57,0.07,17.00,10.00,0.00
292551.00,2019-04-29 13:50:28.551,0.00,33.94,0.00,1.47,0.00,1.00,1.00,999.00,0.00,12.12,47.83,51.95,0.00,0.00,-0.54,0.07,17.00,10.00,0.00
292651.00,2019-04-29 13:50:28.651,0.00,33.94,0.00,1.47,0.00,1.00,1.00,999.00,0.00,12.26,47.83,51.95,0.00,0.00,-0.53,0.07,17.00,10.00,0.00
292751.00,2019-04-29 13:50:28.751,0.00,33.94,0.00,1.47,0.00,1.00,1.00,999.00,0.00,12.27,47.83,51.95,0.00,0.00,-0.57,0.07,17.00,10.00,0.00
292851.00,2019-04-29 13:50:28.851,0.00,33.94,0.00,1.47,0.00,1.00,1.00,999.00,0.00,12.10,47.84,52.02,0.00,0.00,-0.54,0.07,17.00,10.00,0.00
292951.00,2019-04-29 13:50:28.951,0.00,33.94,0.00,1.47,0.00,1.00,1.00,999.00,0.00,12.29,47.84,52.02,0.00,0.00,-0.60,0.07,17.00,10.00,0.00
293051.00,2019-04-29 13:50:29.051,0.00,33.94,0.00,1.47,0.00,1.00,1.00,999.00,0.00,12.24,47.85,52.02,0.00,0.00,-0.55,0.07,17.00,10.00,0.00
293151.00,2019-04-29 13:50:29.151,0.00,33.94,0.00,1.47,0.00,1.00,1.00,999.00,0.00,12.13,47.85,52.02,0.00,0.00,-0.54,0.07,17.00,10.00,0.00
293251.00,2019-04-29 13:50:29.251,0.00,33.94,0.00,1.47,0.00,1.00,1.00,999.00,0.00,12.26,47.85,52.02,0.00,0.00,-0.55,0.07,17.00,10.00,0.00
293351.00,2019-04-29 13:50:29.351,0.00,33.94,0.00,1.47,0.00,1.00,1.00,999.00,0.00,12.24,47.85,52.04,0.00,0.00,-0.52,0.07,17.00,10.00,0.00
293451.00,2019-04-29 13:50:29.451,0.00,33.94,0.00,1.47,0.00,1.00,1.00,999.00,0.00,12.15,47.85,52.04,0.00,0.00,-0.58,0.07,17.00,10.00,0.00
293551.00,2019-04-29 13:50:29.551,0.00,33.94,0.00,1.47,0.00,1.00,1.00,999.00,0.00,12.23,47.90,51.95,0.00,0.00,-0.52,0.07,17.00,10.00,0.00
293651.00,2019-04-29 13:50:29.651,0.00,33.94,0.00,1.47,0.00,1.00,1.00,999.00,0.00,12.27,47.90,51.95,0.00,0.00,-0.55,0.07,17.00,10.00,0.00
293751.00,2019-04-29 13:50:29.751,0.00,33.94,0.00,1.47,0.00,1.00,1.00,999.00,0.00,12.12,47.90,51.95,0.00,0.00,-0.54,0.07,17.00,10.00,0.00
293851.00,2019-04-29 13:50:29.851,0.00,33.94,0.00,1.47,0.00,1.00,1.00,999.00,0.00,12.26,47.85,51.98,0.00,0.00,-0.55,0.07,17.00,10.00,0.00
293951.00,2019-04-29 13:50:29.951,0.00,33.94,0.00,1.47,0.00,1.00,1.00,999.00,0.00,12.27,47.85,51.98,0.00,0.00,-0.57,0.07,17.00,10.00,0.00
294051.00,2019-04-29 13:50:30.051,0.00,33.94,0.00,1.47,0.00,1.00,1.00,999.00,0.00,12.10,47.85,51.98,0.00,0.00,-0.53,0.07,17.00,10.00,0.00
294151.00,2019-04-29 13:50:30.151,0.00,33.94,0.00,1.47,0.00,1.00,1.00,999.00,0.00,12.28,47.88,52.00,0.00,0.00,-0.57,0.07,17.00,10.00,0.00
294251.00,2019-04-29 13:50:30.251,0.00,33.94,0.00,1.47,0.00,1.00,1.00,999.00,0.00,12.24,47.88,52.00,0.00,0.00,-0.56,0.07,17.00,10.00,0.00
294351.00,2019-04-29 13:50:30.351,0.00,33.94,0.00,1.47,0.00,1.00,1.00,999.00,0.00,12.14,47.90,52.02,0.00,0.00,-0.56,0.07,17.00,10.00,0.00
294451.00,2019-04-29 13:50:30.451,0.00,33.94,0.00,1.47,0.00,1.00,1.00,999.00,0.00,12.26,47.90,52.02,0.00,0.00,-0.55,0.07,17.00,10.00,0.00
294551.00,2019-04-29 13:50:30.551,0.00,33.94,0.00,1.47,0.00,1.00,1.00,999.00,0.00,12.25,47.90,52.02,0.00,0.00,-0.53,0.07,17.00,10.00,0.00
294651.00,2019-04-29 13:50:30.651,0.00,33.94,0.00,1.47,0.00,1.00,1.00,999.00,0.00,12.15,47.80,51.94,0.00,0.00,-0.57,0.07,17.00,10.00,0.00
294751.00,2019-04-29 13:50:30.751,0.00,33.94,0.00,1.47,0.00,1.00,1.00,999.00,0.00,12.23,47.80,51.94,0.00,0.00,-0.51,0.07,17.00,10.00,0.00
294851.00,2019-04-29 13:50:30.851,0.00,33.94,0.00,1.47,0.00,1.00,1.00,999.00,0.00,12.28,47.87,52.02,0.00,0.00,-0.56,0.07,17.00,10.00,0.00
294951.00,2019-04-29 13:50:30.951,0.00,33.94,0.00,1.47,0.00,1.00,1.00,999.00,0.00,12.12,47.87,52.02,0.00,0.00,-0.56,0.07,17.00,10.00,0.00
295051.00,2019-04-29 13:50:31.051,0.00,33.94,0.00,1.47,0.00,1.00,1.00,999.00,0.00,12.26,47.87,52.02,0.00,0.00,-0.54,0.07,17.00,10.00,0.00
295151.00,2019-04-29 13:50:31.151,0.00,33.94,0.00,1.47,0.00,1.00,1.00,999.00,0.00,12.27,47.89,51.98,0.00,0.00,-0.55,0.07,17.00,10.00,0.00
295251.00,2019-04-29 13:50:31.251,0.00,33.94,0.00,1.47,0.00,1.00,1.00,999.00,0.00,12.10,47.89,51.98,0.00,0.00,-0.52,0.07,17.00,10.00,0.00
295351.00,2019-04-29 13:50:31.351,0.00,33.94,0.00,1.47,0.00,1.00,1.00,999.00,0.00,12.29,47.89,51.98,0.00,0.00,-0.56,0.07,17.00,10.00,0.00
295451.00,2019-04-29 13:50:31.451,0.00,33.94,0.00,1.47,0.00,1.00,1.00,999.00,0.00,12.24,47.91,51.95,0.00,0.00,-0.55,0.07,17.00,10.00,0.00
295551.00,2019-04-29 13:50:31.551,0.00,33.94,0.00,1.47,0.00,1.00,1.00,999.00,0.00,12.13,47.91,51.95,0.00,0.00,-0.54,0.07,17.00,10.00,0.00
295651.00,2019-04-29 13:50:31.651,0.00,33.94,0.00,1.47,0.00,1.00,1.00,999.00,0.00,12.26,47.80,52.02,0.00,0.00,-0.56,0.07,17.00,10.00,0.00
295751.00,2019-04-29 13:50:31.751,0.00,33.94,0.00,1.47,0.00,1.00,1.00,999.00,0.00,12.24,47.80,52.02,0.00,0.00,-0.53,0.07,17.00,10.00,0.00
295851.00,2019-04-29 13:50:31.851,0.00,33.94,0.00,1.47,0.00,1.00,1.00,999.00,0.00,12.15,47.80,52.02,0.00,0.00,-0.59,0.07,17.00,10.00,0.00
295951.00,2019-04-29 13:50:31.951,0.00,33.94,0.00,1.47,0.00,1.00,1.00,999.00,0.00,12.24,47.90,51.91,0.00,0.00,-0.52,0.08,17.00,10.00,0.00
296051.00,2019-04-29 13:50:32.051,0.00,33.94,0.00,1.47,0.00,1.00,1.00,999.00,0.00,12.28,47.90,51.91,0.00,0.00,-0.58,0.07,17.00,10.00,0.00
296151.00,2019-04-29 13:50:32.151,0.00,33.94,0.00,1.47,0.00,1.00,1.00,999.00,0.00,12.12,47.90,51.97,0.00,0.00,-0.54,0.07,17.00,10.00,0.00
296251.00,2019-04-29 13:50:32.251,0.00,33.94,0.00,1.47,0.00,1.00,1.00,999.00,0.00,12.26,47.90,51.97,0.00,0.00,-0.55,0.07,17.00,10.00,0.00
296351.00,2019-04-29 13:50:32.351,0.00,33.94,0.00,1.47,0.00,1.00,1.00,999.00,0.00,12.28,47.90,51.97,0.00,0.00,-0.57,0.07,17.00,10.00,0.00
296451.00,2019-04-29 13:50:32.451,0.00,33.94,0.00,1.47,0.00,1.00,1.00,999.00,0.00,12.10,47.88,52.00,0.00,0.00,-0.52,0.07,17.00,10.00,0.00
296551.00,2019-04-29 13:50:32.551,0.00,33.94,0.00,1.47,0.00,1.00,1.00,999.00,0.00,12.28,47.88,52.00,0.00,0.00,-0.57,0.07,17.00,10.00,0.00
296651.00,2019-04-29 13:50:32.651,0.00,33.94,0.00,1.47,0.00,1.00,1.00,999.00,0.00,12.24,47.88,52.00,0.00,0.00,-0.57,0.08,17.00,10.00,0.00
296751.00,2019-04-29 13:50:32.751,0.00,33.94,0.00,1.47,0.00,1.00,1.00,999.00,0.00,12.13,47.91,51.93,0.00,0.00,-0.54,0.07,17.00,10.00,0.00
296851.00,2019-04-29 13:50:32.851,0.00,33.94,0.00,1.47,0.00,1.00,1.00,999.00,0.00,12.26,47.91,51.93,0.00,0.00,-0.57,0.08,17.00,10.00,0.00
296951.00,2019-04-29 13:50:32.951,0.00,33.94,0.00,1.47,0.00,1.00,1.00,999.00,0.00,12.25,47.82,51.93,0.00,0.00,-0.53,0.07,17.00,10.00,0.00
297051.00,2019-04-29 13:50:33.051,0.00,33.94,0.00,1.47,0.00,1.00,1.00,999.00,0.00,12.15,47.82,51.93,0.00,0.00,-0.58,0.08,17.00,10.00,0.00
297151.00,2019-04-29 13:50:33.151,0.00,33.94,0.00,1.47,0.00,1.00,1.00,999.00,0.00,12.23,47.82,51.93,0.00,0.00,-0.51,0.07,17.00,10.00,0.00
297251.00,2019-04-29 13:50:33.251,0.00,33.94,0.00,1.47,0.00,1.00,1.00,999.00,0.00,12.27,47.88,51.98,0.00,0.00,-0.56,0.07,17.00,10.00,0.00
297351.00,2019-04-29 13:50:33.351,0.00,33.94,0.00,1.47,0.00,1.00,1.00,999.00,0.00,12.11,47.88,51.98,0.00,0.00,-0.56,0.07,17.00,10.00,0.00
297451.00,2019-04-29 13:50:33.451,0.00,33.94,0.00,1.47,0.00,1.00,1.00,999.00,0.00,12.26,47.85,51.82,0.00,0.00,-0.53,0.07,17.00,10.00,0.00
297551.00,2019-04-29 13:50:33.551,0.00,33.94,0.00,1.47,0.00,1.00,1.00,999.00,0.00,12.28,47.85,51.82,0.00,0.00,-0.56,0.07,17.00,10.00,0.00
297651.00,2019-04-29 13:50:33.651,0.00,33.94,0.00,1.47,0.00,1.00,1.00,999.00,0.00,12.10,47.85,51.82,0.00,0.00,-0.54,0.07,17.00,10.00,0.00
297751.00,2019-04-29 13:50:33.751,0.00,33.94,0.00,1.47,0.00,1.00,1.00,999.00,0.00,12.28,47.80,51.85,0.00,0.00,-0.55,0.07,17.00,10.00,0.00
297851.00,2019-04-29 13:50:33.851,0.00,33.94,0.00,1.47,0.00,1.00,1.00,999.00,0.00,12.24,47.80,51.85,0.00,0.00,-0.56,0.07,17.00,10.00,0.00
297951.00,2019-04-29 13:50:33.951,0.00,33.94,0.00,1.47,0.00,1.00,1.00,999.00,0.00,12.14,47.80,51.85,0.00,0.00,-0.55,0.06,17.00,10.00,0.00
298051.00,2019-04-29 13:50:34.051,0.00,33.94,0.00,1.47,0.00,1.00,1.00,999.00,0.00,12.26,47.82,51.83,0.00,0.00,-0.56,0.07,17.00,10.00,0.00
298151.00,2019-04-29 13:50:34.151,0.00,33.94,0.00,1.47,0.00,1.00,1.00,999.00,0.00,12.24,47.82,51.83,0.00,0.00,-0.53,0.07,17.00,10.00,0.00
298251.00,2019-04-29 13:50:34.251,0.00,33.94,0.00,1.47,0.00,1.00,1.00,999.00,0.00,12.15,47.80,51.91,0.00,0.00,-0.56,0.08,17.00,10.00,0.00
298351.00,2019-04-29 13:50:34.351,0.00,33.94,0.00,1.47,0.00,1.00,1.00,999.00,0.00,12.24,47.80,51.91,0.00,0.00,-0.51,0.07,17.00,10.00,0.00
298451.00,2019-04-29 13:50:34.451,0.00,33.94,0.00,1.47,0.00,1.00,1.00,999.00,0.00,12.28,47.80,51.91,0.00,0.00,-0.57,0.07,17.00,10.00,0.00
298551.00,2019-04-29 13:50:34.551,0.00,33.94,0.00,1.47,0.00,1.00,1.00,999.00,0.00,12.11,47.87,51.78,0.00,0.00,-0.56,0.07,17.00,10.00,0.00
298651.00,2019-04-29 13:50:34.651,0.00,33.94,0.00,1.47,0.00,1.00,1.00,999.00,0.00,12.25,47.87,51.78,0.00,0.00,-0.55,0.07,17.00,10.00,0.00
298751.00,2019-04-29 13:50:34.751,0.00,33.94,0.00,1.47,0.00,1.00,1.00,999.00,0.00,12.27,47.83,51.85,0.00,0.00,-0.56,0.08,17.00,10.00,0.00
298851.00,2019-04-29 13:50:34.851,0.00,33.94,0.00,1.47,0.00,1.00,1.00,999.00,0.00,12.10,47.83,51.85,0.00,0.00,-0.53,0.07,17.00,10.00,0.00
298951.00,2019-04-29 13:50:34.951,0.00,33.94,0.00,1.47,0.00,1.00,1.00,999.00,0.00,12.28,47.83,51.85,0.00,0.00,-0.58,0.07,17.00,10.00,0.00
299051.00,2019-04-29 13:50:35.051,0.00,33.94,0.00,1.47,0.00,1.00,1.00,999.00,0.00,12.24,47.87,51.77,0.00,0.00,-0.55,0.07,17.00,10.00,0.00
299151.00,2019-04-29 13:50:35.151,0.00,33.94,0.00,1.47,0.00,1.00,1.00,999.00,0.00,12.12,47.87,51.77,0.00,0.00,-0.55,0.07,17.00,10.00,0.00
299251.00,2019-04-29 13:50:35.251,0.00,33.94,0.00,1.47,0.00,1.00,1.00,999.00,0.00,12.26,47.87,51.77,0.00,0.00,-0.56,0.07,17.00,10.00,0.00
299351.00,2019-04-29 13:50:35.351,0.00,33.94,0.00,1.47,0.00,1.00,1.00,999.00,0.00,12.24,47.78,51.83,0.00,0.00,-0.54,0.07,17.00,10.00,0.00
299451.00,2019-04-29 13:50:35.451,0.00,33.94,0.00,1.47,0.00,1.00,1.00,999.00,0.00,12.15,47.78,51.83,0.00,0.00,-0.57,0.07,17.00,10.00,0.00
299551.00,2019-04-29 13:50:35.551,0.00,33.94,0.00,1.47,0.00,1.00,1.00,999.00,0.00,12.23,47.73,51.75,0.00,0.00,-0.52,0.07,17.00,10.00,0.00
299651.00,2019-04-29 13:50:35.651,0.00,33.94,0.00,1.47,0.00,1.00,1.00,999.00,0.00,12.28,47.73,51.75,0.00,0.00,-0.58,0.07,17.00,10.00,0.00
299751.00,2019-04-29 13:50:35.751,0.00,33.94,0.00,1.47,0.00,1.00,1.00,999.00,0.00,12.12,47.73,51.75,0.00,0.00,-0.56,0.07,17.00,10.00,0.00
299851.00,2019-04-29 13:50:35.851,0.00,33.94,0.00,1.47,0.00,1.00,1.00,999.00,0.00,12.25,47.76,51.75,0.00,0.00,-0.54,0.07,17.00,10.00,0.00
299951.00,2019-04-29 13:50:35.951,0.00,33.94,0.00,1.47,0.00,1.00,1.00,999.00,0.00,12.28,47.76,51.75,0.00,0.00,-0.57,0.07,17.00,10.00,0.00
300051.00,2019-04-29 13:50:36.051,0.00,33.94,0.00,1.47,0.00,1.00,1.00,999.00,0.00,12.10,47.78,51.71,0.00,0.00,-0.53,0.07,17.00,10.00,0.00
300151.00,2019-04-29 13:50:36.151,0.00,33.94,0.00,1.47,0.00,1.00,1.00,999.00,0.00,12.29,47.78,51.71,0.00,0.00,-0.57,0.07,17.00,10.00,0.00
300251.00,2019-04-29 13:50:36.251,0.00,33.94,0.00,1.47,0.00,1.00,1.00,999.00,0.00,12.24,47.78,51.71,0.00,0.00,-0.55,0.07,17.00,10.00,0.00
300351.00,2019-04-29 13:50:36.351,0.00,33.94,0.00,1.47,0.00,1.00,1.00,999.00,0.00,12.13,47.80,51.70,0.00,0.00,-0.54,0.07,17.00,10.00,0.00
300451.00,2019-04-29 13:50:36.451,0.00,33.94,0.00,1.47,0.00,1.00,1.00,999.00,0.00,12.26,47.80,51.70,0.00,0.00,-0.56,0.07,17.00,10.00,0.00
300551.00,2019-04-29 13:50:36.551,0.00,33.94,0.00,1.47,0.00,1.00,1.00,999.00,0.00,12.24,47.80,51.70,0.00,0.00,-0.53,0.07,17.00,10.00,0.00
300651.00,2019-04-29 13:50:36.651,0.00,33.94,0.00,1.47,0.00,1.00,1.00,999.00,0.00,12.15,47.76,51.77,0.00,0.00,-0.57,0.07,17.00,10.00,0.00
300751.00,2019-04-29 13:50:36.751,0.00,33.94,0.00,1.47,0.00,1.00,1.00,999.00,0.00,12.23,47.76,51.77,0.00,0.00,-0.51,0.07,17.00,10.00,0.00
300851.00,2019-04-29 13:50:36.851,0.00,33.94,0.00,1.47,0.00,1.00,1.00,999.00,0.00,12.25,47.76,51.73,0.00,0.00,-0.60,0.07,17.00,10.00,0.00
300951.00,2019-04-29 13:50:36.951,0.00,33.94,0.00,1.47,0.00,1.00,1.00,999.00,0.00,12.29,47.76,51.73,0.00,0.00,-0.54,0.07,17.00,10.00,0.00
301051.00,2019-04-29 13:50:37.051,0.00,33.94,0.00,1.47,0.00,1.00,1.00,999.00,0.00,12.10,47.76,51.73,0.00,0.00,-0.55,0.07,17.00,10.00,0.00
301151.00,2019-04-29 13:50:37.151,0.00,33.94,0.00,1.47,0.00,1.00,1.00,999.00,0.00,12.27,47.80,51.73,0.00,0.00,-0.56,0.09,17.00,10.00,0.00
301251.00,2019-04-29 13:50:37.251,0.00,33.94,0.00,1.47,0.00,1.00,1.00,999.00,0.00,12.25,47.80,51.73,0.00,0.00,-0.54,0.07,17.00,10.00,0.00
301351.00,2019-04-29 13:50:37.351,0.00,33.94,0.00,1.47,0.00,1.00,1.00,999.00,0.00,12.12,47.80,51.73,0.00,0.00,-0.57,0.07,17.00,10.00,0.00
301451.00,2019-04-29 13:50:37.451,0.00,33.94,0.00,1.47,0.00,1.00,1.00,999.00,0.00,12.27,47.78,51.78,0.00,0.00,-0.55,0.07,17.00,10.00,0.00
301551.00,2019-04-29 13:50:37.551,0.00,33.94,0.00,1.47,0.00,1.00,1.00,999.00,0.00,12.24,47.78,51.78,0.00,0.00,-0.54,0.07,17.00,10.00,0.00
301651.00,2019-04-29 13:50:37.651,0.00,33.94,0.00,1.47,0.00,1.00,1.00,999.00,0.00,12.15,47.90,51.83,0.00,0.00,-0.56,0.07,17.00,10.00,0.00
301751.00,2019-04-29 13:50:37.751,0.00,33.94,0.00,1.47,0.00,1.00,1.00,999.00,0.00,12.24,47.90,51.83,0.00,0.00,-0.54,0.07,17.00,10.00,0.00
301851.00,2019-04-29 13:50:37.851,0.00,33.94,0.00,1.47,0.00,1.00,1.00,999.00,0.00,12.27,47.90,51.83,0.00,0.00,-0.59,0.07,17.00,10.00,0.00
301951.00,2019-04-29 13:50:37.951,0.00,33.94,0.00,1.47,0.00,1.00,1.00,999.00,0.00,12.12,47.91,51.84,0.00,0.00,-0.52,0.07,17.00,10.00,0.00
302051.00,2019-04-29 13:50:38.051,0.00,33.94,0.00,1.47,0.00,1.00,1.00,999.00,0.00,12.25,47.91,51.84,0.00,0.00,-0.58,0.07,17.00,10.00,0.00
302151.00,2019-04-29 13:50:38.151,0.00,33.94,0.00,1.47,0.00,1.00,1.00,999.00,0.00,12.29,47.87,51.80,0.00,0.00,-0.58,0.07,17.00,10.00,0.00
302251.00,2019-04-29 13:50:38.251,0.00,33.94,0.00,1.47,0.00,1.00,1.00,999.00,0.00,12.10,47.87,51.80,0.00,0.00,-0.53,0.07,17.00,10.00,0.00
302351.00,2019-04-29 13:50:38.351,0.00,33.94,0.00,1.47,0.00,1.00,1.00,999.00,0.00,12.28,47.87,51.80,0.00,0.00,-0.55,0.07,17.00,10.00,0.00
302451.00,2019-04-29 13:50:38.451,0.00,33.94,0.00,1.47,0.00,1.00,1.00,999.00,0.00,12.25,47.88,51.80,0.00,0.00,-0.53,0.07,17.00,10.00,0.00
302551.00,2019-04-29 13:50:38.551,0.00,33.94,0.00,1.47,0.00,1.00,1.00,999.00,0.00,12.12,47.88,51.80,0.00,0.00,-0.58,0.07,17.00,10.00,0.00
302651.00,2019-04-29 13:50:38.651,0.00,33.94,0.00,1.47,0.00,1.00,1.00,999.00,0.00,12.27,47.88,51.80,0.00,0.00,-0.55,0.07,17.00,10.00,0.00
302751.00,2019-04-29 13:50:38.751,0.00,33.94,0.00,1.47,0.00,1.00,1.00,999.00,0.00,12.24,47.84,51.80,0.00,0.00,-0.54,0.07,17.00,10.00,0.00
302851.00,2019-04-29 13:50:38.851,0.00,33.94,0.00,1.47,0.00,1.00,1.00,999.00,0.00,12.15,47.84,51.80,0.00,0.00,-0.55,0.07,17.00,10.00,0.00
302951.00,2019-04-29 13:50:38.951,0.00,33.94,0.00,1.47,0.00,1.00,1.00,999.00,0.00,12.25,47.88,51.80,0.00,0.00,-0.53,0.07,17.00,10.00,0.00
303051.00,2019-04-29 13:50:39.051,0.00,33.94,0.00,1.47,0.00,1.00,1.00,999.00,0.00,12.26,47.88,51.80,0.00,0.00,-0.58,0.07,17.00,10.00,0.00
303151.00,2019-04-29 13:50:39.151,0.00,33.94,0.00,1.47,0.00,1.00,1.00,999.00,0.00,12.12,47.88,51.80,0.00,0.00,-0.51,0.07,17.00,10.00,0.00
303251.00,2019-04-29 13:50:39.251,0.00,33.94,0.00,1.47,0.00,1.00,1.00,999.00,0.00,12.25,47.83,51.82,0.00,0.00,-0.60,0.07,17.00,10.00,0.00
303351.00,2019-04-29 13:50:39.351,0.00,33.94,0.00,1.47,0.00,1.00,1.00,999.00,0.00,12.28,47.83,51.82,0.00,0.00,-0.56,0.07,17.00,10.00,0.00
303451.00,2019-04-29 13:50:39.451,0.00,33.94,0.00,1.47,0.00,1.00,1.00,999.00,0.00,12.10,47.75,51.80,0.00,0.00,-0.53,0.07,17.00,10.00,0.00
303551.00,2019-04-29 13:50:39.551,0.00,33.94,0.00,1.47,0.00,1.00,1.00,999.00,0.00,12.27,47.75,51.80,0.00,0.00,-0.56,0.07,17.00,10.00,0.00
303651.00,2019-04-29 13:50:39.651,0.00,33.94,0.00,1.47,0.00,1.00,1.00,999.00,0.00,12.25,47.75,51.80,0.00,0.00,-0.54,0.07,17.00,10.00,0.00
303751.00,2019-04-29 13:50:39.751,0.00,33.94,0.00,1.47,0.00,1.00,1.00,999.00,0.00,12.12,47.82,51.82,0.00,0.00,-0.61,0.07,17.00,10.00,0.00
303851.00,2019-04-29 13:50:39.851,0.00,33.94,0.00,1.47,0.00,1.00,1.00,999.00,0.00,12.28,47.82,51.82,0.00,0.00,-0.55,0.07,17.00,10.00,0.00
303951.00,2019-04-29 13:50:39.951,0.00,33.94,0.00,1.47,0.00,1.00,1.00,999.00,0.00,12.23,47.82,51.82,0.00,0.00,-0.55,0.07,17.00,10.00,0.00
304051.00,2019-04-29 13:50:40.051,0.00,33.94,0.00,1.47,0.00,1.00,1.00,999.00,0.00,12.15,47.78,51.73,0.00,0.00,-0.55,0.07,17.00,10.00,0.00
304151.00,2019-04-29 13:50:40.151,0.00,33.94,0.00,1.47,0.00,1.00,1.00,999.00,0.00,12.24,47.78,51.73,0.00,0.00,-0.54,0.07,17.00,10.00,0.00
304251.00,2019-04-29 13:50:40.251,0.00,33.94,0.00,1.47,0.00,1.00,1.00,999.00,0.00,12.27,47.83,51.73,0.00,0.00,-0.59,0.07,17.00,10.00,0.00
304351.00,2019-04-29 13:50:40.351,0.00,33.94,0.00,1.47,0.00,1.00,1.00,999.00,0.00,12.13,47.83,51.73,0.00,0.00,-0.52,0.07,17.00,10.00,0.00
304451.00,2019-04-29 13:50:40.451,0.00,33.94,0.00,1.47,0.00,1.00,1.00,999.00,0.00,12.24,47.83,51.73,0.00,0.00,-0.58,0.07,17.00,10.00,0.00
304551.00,2019-04-29 13:50:40.551,0.00,33.94,0.00,1.47,0.00,1.00,1.00,999.00,0.00,12.28,47.83,51.77,0.00,0.00,-0.56,0.07,17.00,10.00,0.00
304651.00,2019-04-29 13:50:40.651,0.00,33.94,0.00,1.47,0.00,1.00,1.00,999.00,0.00,12.10,47.83,51.77,0.00,0.00,-0.54,0.07,17.00,10.00,0.00
304751.00,2019-04-29 13:50:40.751,0.00,33.94,0.00,1.47,0.00,1.00,1.00,999.00,0.00,12.28,47.78,51.73,0.00,0.00,-0.57,0.07,17.00,10.00,0.00
304851.00,2019-04-29 13:50:40.851,0.00,33.94,0.00,1.47,0.00,1.00,1.00,999.00,0.00,12.25,47.78,51.73,0.00,0.00,-0.54,0.07,17.00,10.00,0.00
304951.00,2019-04-29 13:50:40.951,0.00,33.94,0.00,1.47,0.00,1.00,1.00,999.00,0.00,12.12,47.78,51.73,0.00,0.00,-0.57,0.07,17.00,10.00,0.00
305051.00,2019-04-29 13:50:41.051,0.00,33.94,0.00,1.47,0.00,1.00,1.00,999.00,0.00,12.28,47.78,51.78,0.00,0.00,-0.55,0.07,17.00,10.00,0.00
305151.00,2019-04-29 13:50:41.151,0.00,33.94,0.00,1.47,0.00,1.00,1.00,999.00,0.00,12.23,47.78,51.78,0.00,0.00,-0.55,0.07,17.00,10.00,0.00
305251.00,2019-04-29 13:50:41.251,0.00,33.94,0.00,1.47,0.00,1.00,1.00,999.00,0.00,12.15,47.78,51.78,0.00,0.00,-0.56,0.07,17.00,10.00,0.00
305351.00,2019-04-29 13:50:41.351,0.00,33.94,0.00,1.47,0.00,1.00,1.00,999.00,0.00,12.24,47.83,51.69,0.00,0.00,-0.52,0.07,17.00,10.00,0.00
305451.00,2019-04-29 13:50:41.451,0.00,33.94,0.00,1.47,0.00,1.00,1.00,999.00,0.00,12.26,47.83,51.69,0.00,0.00,-0.58,0.07,17.00,10.00,0.00
305551.00,2019-04-29 13:50:41.551,0.00,33.94,0.00,1.47,0.00,1.00,1.00,999.00,0.00,12.13,47.82,51.76,0.00,0.00,-0.50,0.07,17.00,10.00,0.00
305651.00,2019-04-29 13:50:41.651,0.00,33.94,0.00,1.47,0.00,1.00,1.00,999.00,0.00,12.23,47.82,51.76,0.00,0.00,-0.53,0.07,17.00,10.00,0.00
305751.00,2019-04-29 13:50:41.751,0.00,33.94,0.00,1.47,0.00,1.00,1.00,999.00,0.00,12.28,47.82,51.76,0.00,0.00,-0.54,0.07,17.00,10.00,0.00
305851.00,2019-04-29 13:50:41.851,0.00,33.94,0.00,1.47,0.00,1.00,1.00,999.00,0.00,12.10,47.80,51.77,0.00,0.00,-0.52,0.07,17.00,10.00,0.00
305951.00,2019-04-29 13:50:41.951,0.00,33.94,0.00,1.47,0.00,1.00,1.00,999.00,0.00,12.27,47.80,51.77,0.00,0.00,-0.56,0.07,17.00,10.00,0.00
306051.00,2019-04-29 13:50:42.051,0.00,33.94,0.00,1.47,0.00,1.00,1.00,999.00,0.00,12.25,47.78,51.78,0.00,0.00,-0.53,0.07,17.00,10.00,0.00
306151.00,2019-04-29 13:50:42.151,0.00,33.94,0.00,1.47,0.00,1.00,1.00,999.00,0.00,12.12,47.78,51.78,0.00,0.00,-0.59,0.07,17.00,10.00,0.00
306251.00,2019-04-29 13:50:42.251,0.00,33.94,0.00,1.47,0.00,1.00,1.00,999.00,0.00,12.28,47.78,51.78,0.00,0.00,-0.54,0.07,17.00,10.00,0.00
306351.00,2019-04-29 13:50:42.351,0.00,33.94,0.00,1.47,0.00,1.00,1.00,999.00,0.00,12.23,47.75,51.80,0.00,0.00,-0.55,0.07,17.00,10.00,0.00
306451.00,2019-04-29 13:50:42.451,0.00,33.94,0.00,1.47,0.00,1.00,1.00,999.00,0.00,12.14,47.75,51.80,0.00,0.00,-0.55,0.07,17.00,10.00,0.00
306551.00,2019-04-29 13:50:42.551,0.00,33.94,0.00,1.47,0.00,1.00,1.00,999.00,0.00,12.24,47.75,51.80,0.00,0.00,-0.54,0.07,17.00,10.00,0.00
306651.00,2019-04-29 13:50:42.651,0.00,33.94,0.00,1.47,0.00,1.00,1.00,999.00,0.00,12.26,47.80,51.75,0.00,0.00,-0.57,0.07,17.00,10.00,0.00
306751.00,2019-04-29 13:50:42.751,0.00,33.94,0.00,1.47,0.00,1.00,1.00,999.00,0.00,12.13,47.80,51.75,0.00,0.00,-0.52,0.07,17.00,10.00,0.00
306851.00,2019-04-29 13:50:42.851,0.00,33.94,0.00,1.47,0.00,1.00,1.00,999.00,0.00,12.24,47.77,51.73,0.00,0.00,-0.58,0.07,17.00,10.00,0.00
306951.00,2019-04-29 13:50:42.951,0.00,33.94,0.00,1.47,0.00,1.00,1.00,999.00,0.00,12.29,47.77,51.73,0.00,0.00,-0.56,0.07,17.00,10.00,0.00
307051.00,2019-04-29 13:50:43.051,0.00,33.94,0.00,1.47,0.00,1.00,1.00,999.00,0.00,12.10,47.77,51.73,0.00,0.00,-0.54,0.07,17.00,10.00,0.00
307151.00,2019-04-29 13:50:43.151,0.00,33.94,0.00,1.47,0.00,1.00,1.00,999.00,0.00,12.27,47.80,51.75,0.00,0.00,-0.57,0.07,17.00,10.00,0.00
307251.00,2019-04-29 13:50:43.251,0.00,33.94,0.00,1.47,0.00,1.00,1.00,999.00,0.00,12.25,47.80,51.75,0.00,0.00,-0.52,0.07,17.00,10.00,0.00
307351.00,2019-04-29 13:50:43.351,0.00,33.94,0.00,1.47,0.00,1.00,1.00,999.00,0.00,12.12,47.78,51.70,0.00,0.00,-0.57,0.07,17.00,10.00,0.00
307451.00,2019-04-29 13:50:43.451,0.00,33.94,0.00,1.47,0.00,1.00,1.00,999.00,0.00,12.28,47.78,51.70,0.00,0.00,-0.55,0.07,17.00,10.00,0.00
307551.00,2019-04-29 13:50:43.551,0.00,33.94,0.00,1.47,0.00,1.00,1.00,999.00,0.00,12.23,47.78,51.70,0.00,0.00,-0.55,0.07,17.00,10.00,0.00
307651.00,2019-04-29 13:50:43.651,0.00,33.94,0.00,1.47,0.00,1.00,1.00,999.00,0.00,12.15,47.80,51.69,0.00,0.00,-0.54,0.07,17.00,10.00,0.00
307751.00,2019-04-29 13:50:43.751,0.00,33.94,0.00,1.47,0.00,1.00,1.00,999.00,0.00,12.24,47.80,51.69,0.00,0.00,-0.54,0.07,17.00,10.00,0.00
307851.00,2019-04-29 13:50:43.851,0.00,33.94,0.00,1.47,0.00,1.00,1.00,999.00,0.00,12.27,47.80,51.69,0.00,0.00,-0.57,0.07,17.00,10.00,0.00
307951.00,2019-04-29 13:50:43.951,0.00,33.94,0.00,1.47,0.00,1.00,1.00,999.00,0.00,12.13,47.89,51.70,0.00,0.00,-0.51,0.07,17.00,10.00,0.00
308051.00,2019-04-29 13:50:44.051,0.00,33.94,0.00,1.47,0.00,1.00,1.00,999.00,0.00,12.24,47.89,51.70,0.00,0.00,-0.58,0.07,17.00,10.00,0.00
308151.00,2019-04-29 13:50:44.151,0.00,33.94,0.00,1.47,0.00,1.00,1.00,999.00,0.00,12.28,47.80,51.73,0.00,0.00,-0.55,0.07,17.00,10.00,0.00
308251.00,2019-04-29 13:50:44.251,0.00,33.94,0.00,1.47,0.00,1.00,1.00,999.00,0.00,12.10,47.80,51.73,0.00,0.00,-0.54,0.07,17.00,10.00,0.00
308351.00,2019-04-29 13:50:44.351,0.00,33.94,0.00,1.47,0.00,1.00,1.00,999.00,0.00,12.28,47.80,51.73,0.00,0.00,-0.56,0.07,17.00,10.00,0.00
308451.00,2019-04-29 13:50:44.451,0.00,33.94,0.00,1.47,0.00,1.00,1.00,999.00,0.00,12.25,47.78,51.73,0.00,0.00,-0.52,0.07,17.00,10.00,0.00
308551.00,2019-04-29 13:50:44.551,0.00,33.94,0.00,1.47,0.00,1.00,1.00,999.00,0.00,12.13,47.78,51.73,0.00,0.00,-0.58,0.07,17.00,10.00,0.00
308651.00,2019-04-29 13:50:44.651,0.00,33.94,0.00,1.47,0.00,1.00,1.00,999.00,0.00,12.28,47.82,51.64,0.00,0.00,-0.55,0.07,17.00,10.00,0.00
308751.00,2019-04-29 13:50:44.751,0.00,33.94,0.00,1.47,0.00,1.00,1.00,999.00,0.00,12.23,47.82,51.64,0.00,0.00,-0.54,0.07,17.00,10.00,0.00
308851.00,2019-04-29 13:50:44.851,0.00,33.94,0.00,1.47,0.00,1.00,1.00,999.00,0.00,12.14,47.82,51.64,0.00,0.00,-0.56,0.07,17.00,10.00,0.00
308951.00,2019-04-29 13:50:44.951,0.00,33.94,0.00,1.47,0.00,1.00,1.00,999.00,0.00,12.24,47.82,51.80,0.00,0.00,-0.53,0.07,17.00,10.00,0.00
309051.00,2019-04-29 13:50:45.051,0.00,33.94,0.00,1.47,0.00,1.00,1.00,999.00,0.00,12.27,47.82,51.80,0.00,0.00,-0.57,0.07,17.00,10.00,0.00
309151.00,2019-04-29 13:50:45.151,0.00,33.94,0.00,1.47,0.00,1.00,1.00,999.00,0.00,12.13,47.82,51.80,0.00,0.00,-0.51,0.07,17.00,10.00,0.00
309251.00,2019-04-29 13:50:45.251,0.00,33.94,0.00,1.47,0.00,1.00,1.00,999.00,0.00,12.25,47.84,51.68,0.00,0.00,-0.58,0.07,17.00,10.00,0.00
309351.00,2019-04-29 13:50:45.351,0.00,33.94,0.00,1.47,0.00,1.00,1.00,999.00,0.00,12.28,47.84,51.68,0.00,0.00,-0.54,0.07,17.00,10.00,0.00
309451.00,2019-04-29 13:50:45.451,0.00,33.94,0.00,1.47,0.00,1.00,1.00,999.00,0.00,12.10,47.82,51.69,0.00,0.00,-0.55,0.07,17.00,10.00,0.00
309551.00,2019-04-29 13:50:45.551,0.00,33.94,0.00,1.47,0.00,1.00,1.00,999.00,0.00,12.27,47.82,51.69,0.00,0.00,-0.55,0.07,17.00,10.00,0.00
309651.00,2019-04-29 13:50:45.651,0.00,33.94,0.00,1.47,0.00,1.00,1.00,999.00,0.00,12.25,47.82,51.69,0.00,0.00,-0.55,0.07,17.00,10.00,0.00
309751.00,2019-04-29 13:50:45.751,0.00,33.94,0.00,1.47,0.00,1.00,1.00,999.00,0.00,12.12,47.88,51.64,0.00,0.00,-0.58,0.07,17.00,10.00,0.00
309851.00,2019-04-29 13:50:45.851,0.00,33.94,0.00,1.47,0.00,1.00,1.00,999.00,0.00,12.28,47.88,51.64,0.00,0.00,-0.55,0.07,17.00,10.00,0.00
309951.00,2019-04-29 13:50:45.951,0.00,33.94,0.00,1.47,0.00,1.00,1.00,999.00,0.00,12.23,47.91,51.68,0.00,0.00,-0.55,0.07,17.00,10.00,0.00
310051.00,2019-04-29 13:50:46.051,0.00,33.94,0.00,1.47,0.00,1.00,1.00,999.00,0.00,12.15,47.91,51.68,0.00,0.00,-0.55,0.07,17.00,10.00,0.00
310151.00,2019-04-29 13:50:46.151,0.00,33.94,0.00,1.47,0.00,1.00,1.00,999.00,0.00,12.24,47.91,51.68,0.00,0.00,-0.54,0.07,17.00,10.00,0.00
310251.00,2019-04-29 13:50:46.251,0.00,33.94,0.00,1.47,0.00,1.00,1.00,999.00,0.00,12.26,47.83,51.62,0.00,0.00,-0.59,0.07,17.00,10.00,0.00
310351.00,2019-04-29 13:50:46.351,0.00,33.94,0.00,1.47,0.00,1.00,1.00,999.00,0.00,12.13,47.83,51.62,0.00,0.00,-0.52,0.07,17.00,10.00,0.00
310451.00,2019-04-29 13:50:46.451,0.00,33.94,0.00,1.47,0.00,1.00,1.00,999.00,0.00,12.24,47.83,51.62,0.00,0.00,-0.57,0.07,17.00,10.00,0.00
310551.00,2019-04-29 13:50:46.551,0.00,33.94,0.00,1.47,0.00,1.00,1.00,999.00,0.00,12.28,47.87,51.62,0.00,0.00,-0.56,0.07,17.00,10.00,0.00
310651.00,2019-04-29 13:50:46.651,0.00,33.94,0.00,1.47,0.00,1.00,1.00,999.00,0.00,12.10,47.87,51.62,0.00,0.00,-0.55,0.07,17.00,10.00,0.00
310751.00,2019-04-29 13:50:46.751,0.00,33.94,0.00,1.47,0.00,1.00,1.00,999.00,0.00,12.28,47.82,51.64,0.00,0.00,-0.58,0.07,17.00,10.00,0.00
310851.00,2019-04-29 13:50:46.851,0.00,33.94,0.00,1.47,0.00,1.00,1.00,999.00,0.00,12.24,47.82,51.64,0.00,0.00,-0.53,0.07,17.00,10.00,0.00
310951.00,2019-04-29 13:50:46.951,0.00,33.94,0.00,1.47,0.00,1.00,1.00,999.00,0.00,12.15,47.82,51.64,0.00,0.00,-0.58,0.07,17.00,10.00,0.00
311051.00,2019-04-29 13:50:47.051,0.00,33.94,0.00,1.47,0.00,1.00,1.00,999.00,0.00,12.24,47.78,51.70,0.00,0.00,-0.54,0.07,17.00,10.00,0.00
311151.00,2019-04-29 13:50:47.151,0.00,33.94,0.00,1.47,0.00,1.00,1.00,999.00,0.00,12.27,47.78,51.70,0.00,0.00,-0.55,0.07,17.00,10.00,0.00
311251.00,2019-04-29 13:50:47.251,0.00,33.94,0.00,1.47,0.00,1.00,1.00,999.00,0.00,12.13,47.88,51.60,0.00,0.00,-0.57,0.07,17.00,10.00,0.00
311351.00,2019-04-29 13:50:47.351,0.00,33.94,0.00,1.47,0.00,1.00,1.00,999.00,0.00,12.27,47.88,51.60,0.00,0.00,-0.54,0.07,17.00,10.00,0.00
311451.00,2019-04-29 13:50:47.451,0.00,33.94,0.00,1.47,0.00,1.00,1.00,999.00,0.00,12.28,47.88,51.60,0.00,0.00,-0.57,0.07,17.00,10.00,0.00
311551.00,2019-04-29 13:50:47.551,0.00,33.94,0.00,1.47,0.00,1.00,1.00,999.00,0.00,12.10,47.87,51.55,0.00,0.00,-0.53,0.07,17.00,10.00,0.00
311651.00,2019-04-29 13:50:47.651,0.00,33.94,0.00,1.47,0.00,1.00,1.00,999.00,0.00,12.27,47.87,51.55,0.00,0.00,-0.58,0.07,17.00,10.00,0.00
311751.00,2019-04-29 13:50:47.751,0.00,33.94,0.00,1.47,0.00,1.00,1.00,999.00,0.00,12.26,47.87,51.55,0.00,0.00,-0.56,0.07,17.00,10.00,0.00
311851.00,2019-04-29 13:50:47.851,0.00,33.94,0.00,1.47,0.00,1.00,1.00,999.00,0.00,12.12,47.93,51.64,0.00,0.00,-0.54,0.07,17.00,10.00,0.00
311951.00,2019-04-29 13:50:47.951,0.00,33.94,0.00,1.47,0.00,1.00,1.00,999.00,0.00,12.24,47.93,51.64,0.00,0.00,-0.57,0.06,17.00,10.00,0.00
312051.00,2019-04-29 13:50:48.051,0.00,33.94,0.00,1.47,0.00,1.00,1.00,999.00,0.00,12.23,47.82,51.62,0.00,0.00,-0.53,0.07,17.00,10.00,0.00
312151.00,2019-04-29 13:50:48.151,0.00,33.94,0.00,1.47,0.00,1.00,1.00,999.00,0.00,12.23,47.82,51.62,0.00,0.00,-0.59,0.07,17.00,10.00,0.00
312251.00,2019-04-29 13:50:48.251,0.00,33.94,0.00,1.47,0.00,1.00,1.00,999.00,0.00,12.24,47.82,51.62,0.00,0.00,-0.56,0.06,17.00,10.00,0.00
312351.00,2019-04-29 13:50:48.351,0.00,33.94,0.00,1.47,0.00,1.00,1.00,999.00,0.00,12.26,47.76,51.59,0.00,0.00,-0.55,0.07,17.00,10.00,0.00
312451.00,2019-04-29 13:50:48.451,0.00,33.94,0.00,1.47,0.00,1.00,1.00,999.00,0.00,12.13,47.76,51.59,0.00,0.00,-0.55,0.07,17.00,10.00,0.00
312551.00,2019-04-29 13:50:48.551,0.00,33.94,0.00,1.47,0.00,1.00,1.00,999.00,0.00,12.24,47.82,51.55,0.00,0.00,-0.53,0.07,17.00,10.00,0.00
312651.00,2019-04-29 13:50:48.651,0.00,33.94,0.00,1.47,0.00,1.00,1.00,999.00,0.00,12.28,47.82,51.55,0.00,0.00,-0.56,0.07,17.00,10.00,0.00
312751.00,2019-04-29 13:50:48.751,0.00,33.94,0.00,1.47,0.00,1.00,1.00,999.00,0.00,12.10,47.82,51.55,0.00,0.00,-0.51,0.07,17.00,10.00,0.00
312851.00,2019-04-29 13:50:48.851,0.00,33.94,0.00,1.47,0.00,1.00,1.00,999.00,0.00,12.27,47.83,51.50,0.00,0.00,-0.56,0.07,17.00,10.00,0.00
312951.00,2019-04-29 13:50:48.951,0.00,33.94,0.00,1.47,0.00,1.00,1.00,999.00,0.00,12.26,47.83,51.50,0.00,0.00,-0.56,0.07,17.00,10.00,0.00
313051.00,2019-04-29 13:50:49.051,0.00,33.94,0.00,1.47,0.00,1.00,1.00,999.00,0.00,12.12,47.83,51.50,0.00,0.00,-0.54,0.07,17.00,10.00,0.00
313151.00,2019-04-29 13:50:49.151,0.00,33.94,0.00,1.47,0.00,1.00,1.00,999.00,0.00,12.24,47.89,51.55,0.00,0.00,-0.57,0.07,17.00,10.00,0.00
313251.00,2019-04-29 13:50:49.251,0.00,33.94,0.00,1.47,0.00,1.00,1.00,999.00,0.00,12.23,47.89,51.55,0.00,0.00,-0.53,0.07,17.00,10.00,0.00
313351.00,2019-04-29 13:50:49.351,0.00,33.94,0.00,1.47,0.00,1.00,1.00,999.00,0.00,12.14,47.85,51.53,0.00,0.00,-0.57,0.07,17.00,10.00,0.00
313451.00,2019-04-29 13:50:49.451,0.00,33.94,0.00,1.47,0.00,1.00,1.00,999.00,0.00,12.24,47.85,51.53,0.00,0.00,-0.55,0.07,17.00,10.00,0.00
313551.00,2019-04-29 13:50:49.551,0.00,33.94,0.00,1.47,0.00,1.00,1.00,999.00,0.00,12.27,47.85,51.53,0.00,0.00,-0.54,0.07,17.00,10.00,0.00
313651.00,2019-04-29 13:50:49.651,0.00,33.94,0.00,1.47,0.00,1.00,1.00,999.00,0.00,12.13,47.87,51.62,0.00,0.00,-0.55,0.07,17.00,10.00,0.00
313751.00,2019-04-29 13:50:49.751,0.00,33.94,0.00,1.47,0.00,1.00,1.00,999.00,0.00,12.24,47.87,51.62,0.00,0.00,-0.53,0.07,17.00,10.00,0.00
313851.00,2019-04-29 13:50:49.851,0.00,33.94,0.00,1.47,0.00,1.00,1.00,999.00,0.00,12.28,47.83,51.53,0.00,0.00,-0.58,0.07,17.00,10.00,0.00
313951.00,2019-04-29 13:50:49.951,0.00,33.94,0.00,1.47,0.00,1.00,1.00,999.00,0.00,12.10,47.83,51.53,0.00,0.00,-0.51,0.07,17.00,10.00,0.00
314051.00,2019-04-29 13:50:50.051,0.00,33.94,0.00,1.47,0.00,1.00,1.00,999.00,0.00,12.27,47.83,51.53,0.00,0.00,-0.55,0.07,17.00,10.00,0.00
314151.00,2019-04-29 13:50:50.151,0.00,33.94,0.00,1.47,0.00,1.00,1.00,999.00,0.00,12.25,47.83,51.50,0.00,0.00,-0.54,0.07,17.00,10.00,0.00
314251.00,2019-04-29 13:50:50.251,0.00,33.94,0.00,1.47,0.00,1.00,1.00,999.00,0.00,12.12,47.83,51.50,0.00,0.00,-0.53,0.06,17.00,10.00,0.00
314351.00,2019-04-29 13:50:50.351,0.00,33.94,0.00,1.47,0.00,1.00,1.00,999.00,0.00,12.28,47.83,51.50,0.00,0.00,-0.55,0.07,17.00,10.00,0.00
314451.00,2019-04-29 13:50:50.451,0.00,33.94,0.00,1.47,0.00,1.00,1.00,999.00,0.00,12.23,47.84,51.53,0.00,0.00,-0.52,0.07,17.00,10.00,0.00
314551.00,2019-04-29 13:50:50.551,0.00,33.94,0.00,1.47,0.00,1.00,1.00,999.00,0.00,12.15,47.84,51.53,0.00,0.00,-0.54,0.07,17.00,10.00,0.00
314651.00,2019-04-29 13:50:50.651,0.00,33.94,0.00,1.47,0.00,1.00,1.00,999.00,0.00,12.24,47.90,51.50,0.00,0.00,-0.55,0.07,17.00,10.00,0.00
314751.00,2019-04-29 13:50:50.751,0.00,33.94,0.00,1.47,0.00,1.00,1.00,999.00,0.00,12.26,47.90,51.50,0.00,0.00,-0.54,0.07,17.00,10.00,0.00
314851.00,2019-04-29 13:50:50.851,0.00,33.94,0.00,1.47,0.00,1.00,1.00,999.00,0.00,12.13,47.90,51.50,0.00,0.00,-0.56,0.07,17.00,10.00,0.00
314951.00,2019-04-29 13:50:50.951,0.00,33.94,0.00,1.47,0.00,1.00,1.00,999.00,0.00,12.24,47.76,51.55,0.00,0.00,-0.52,0.07,17.00,10.00,0.00
315051.00,2019-04-29 13:50:51.051,0.00,33.94,0.00,1.47,0.00,1.00,1.00,999.00,0.00,12.28,47.76,51.55,0.00,0.00,-0.58,0.07,17.00,10.00,0.00
315151.00,2019-04-29 13:50:51.151,0.00,33.94,0.00,1.47,0.00,1.00,1.00,999.00,0.00,12.10,47.85,51.53,0.00,0.00,-0.51,0.07,17.00,10.00,0.00
315251.00,2019-04-29 13:50:51.251,0.00,33.94,0.00,1.47,0.00,1.00,1.00,999.00,0.00,12.27,47.85,51.53,0.00,0.00,-0.54,0.07,17.00,10.00,0.00
315351.00,2019-04-29 13:50:51.351,0.00,33.94,0.00,1.47,0.00,1.00,1.00,999.00,0.00,12.13,47.85,51.53,0.00,0.00,-0.56,0.07,17.00,10.00,0.00
315451.00,2019-04-29 13:50:51.451,0.00,33.94,0.00,1.47,0.00,1.00,1.00,999.00,0.00,12.12,47.78,51.51,0.00,0.00,-0.54,0.07,17.00,10.00,0.00
315551.00,2019-04-29 13:50:51.551,0.00,33.94,0.00,1.47,0.00,1.00,1.00,999.00,0.00,12.28,47.78,51.51,0.00,0.00,-0.57,0.07,17.00,10.00,0.00
315651.00,2019-04-29 13:50:51.651,0.00,33.94,0.00,1.47,0.00,1.00,1.00,999.00,0.00,12.23,47.78,51.51,0.00,0.00,-0.52,0.06,17.00,10.00,0.00
315751.00,2019-04-29 13:50:51.751,0.00,33.94,0.00,1.47,0.00,1.00,1.00,999.00,0.00,12.15,47.84,51.53,0.00,0.00,-0.58,0.07,17.00,10.00,0.00
315851.00,2019-04-29 13:50:51.851,0.00,33.94,0.00,1.47,0.00,1.00,1.00,999.00,0.00,12.28,47.84,51.53,0.00,0.00,-0.55,0.06,17.00,10.00,0.00
315951.00,2019-04-29 13:50:51.951,0.00,33.94,0.00,1.47,0.00,1.00,1.00,999.00,0.00,12.27,47.80,51.48,0.00,0.00,-0.55,0.07,17.00,10.00,0.00
316051.00,2019-04-29 13:50:52.051,0.00,33.94,0.00,1.47,0.00,1.00,1.00,999.00,0.00,12.13,47.80,51.48,0.00,0.00,-0.56,0.07,17.00,10.00,0.00
316151.00,2019-04-29 13:50:52.151,0.00,33.94,0.00,1.47,0.00,1.00,1.00,999.00,0.00,12.23,47.80,51.48,0.00,0.00,-0.53,0.07,17.00,10.00,0.00
316251.00,2019-04-29 13:50:52.251,0.00,33.94,0.00,1.47,0.00,1.00,1.00,999.00,0.00,12.28,47.83,51.57,0.00,0.00,-0.59,0.07,17.00,10.00,0.00
316351.00,2019-04-29 13:50:52.351,0.00,33.94,0.00,1.47,0.00,1.00,1.00,999.00,0.00,12.10,47.83,51.57,0.00,0.00,-0.51,0.07,17.00,10.00,0.00
316451.00,2019-04-29 13:50:52.451,0.00,33.94,0.00,1.47,0.00,1.00,1.00,999.00,0.00,12.27,47.82,51.48,0.00,0.00,-0.56,0.07,17.00,10.00,0.00
316551.00,2019-04-29 13:50:52.551,0.00,33.94,0.00,1.47,0.00,1.00,1.00,999.00,0.00,12.25,47.82,51.48,0.00,0.00,-0.56,0.07,17.00,10.00,0.00
316651.00,2019-04-29 13:50:52.651,0.00,33.94,0.00,1.47,0.00,1.00,1.00,999.00,0.00,12.12,47.82,51.48,0.00,0.00,-0.54,0.07,17.00,10.00,0.00
316751.00,2019-04-29 13:50:52.751,0.00,33.94,0.00,1.47,0.00,1.00,1.00,999.00,0.00,12.28,47.84,51.51,0.00,0.00,-0.58,0.07,17.00,10.00,0.00
316851.00,2019-04-29 13:50:52.851,0.00,33.94,0.00,1.47,0.00,1.00,1.00,999.00,0.00,12.23,47.84,51.51,0.00,0.00,-0.52,0.07,17.00,10.00,0.00
316951.00,2019-04-29 13:50:52.951,0.00,33.94,0.00,1.47,0.00,1.00,1.00,999.00,0.00,12.14,47.84,51.51,0.00,0.00,-0.56,0.06,17.00,10.00,0.00
317051.00,2019-04-29 13:50:53.051,0.00,33.94,0.00,1.47,0.00,1.00,1.00,999.00,0.00,12.24,47.78,51.51,0.00,0.00,-0.56,0.07,17.00,10.00,0.00
317151.00,2019-04-29 13:50:53.151,0.00,33.94,0.00,1.47,0.00,1.00,1.00,999.00,0.00,12.26,47.78,51.51,0.00,0.00,-0.55,0.07,17.00,10.00,0.00
317251.00,2019-04-29 13:50:53.251,0.00,33.94,0.00,1.47,0.00,1.00,1.00,999.00,0.00,12.25,47.76,51.51,0.00,0.00,-0.56,0.07,17.00,10.00,0.00
317351.00,2019-04-29 13:50:53.351,0.00,33.94,0.00,1.47,0.00,1.00,1.00,999.00,0.00,12.24,47.76,51.51,0.00,0.00,-0.54,0.07,17.00,10.00,0.00
317451.00,2019-04-29 13:50:53.451,0.00,33.94,0.00,1.47,0.00,1.00,1.00,999.00,0.00,12.29,47.76,51.51,0.00,0.00,-0.57,0.07,17.00,10.00,0.00
317551.00,2019-04-29 13:50:53.551,0.00,33.94,0.00,1.47,0.00,1.00,1.00,999.00,0.00,12.11,47.77,51.50,0.00,0.00,-0.52,0.07,17.00,10.00,0.00
317651.00,2019-04-29 13:50:53.651,0.00,33.94,0.00,1.47,0.00,1.00,1.00,999.00,0.00,12.27,47.77,51.50,0.00,0.00,-0.59,0.07,17.00,10.00,0.00
317751.00,2019-04-29 13:50:53.751,0.00,33.94,0.00,1.47,0.00,1.00,1.00,999.00,0.00,12.25,47.78,51.48,0.00,0.00,-0.55,0.07,17.00,10.00,0.00
317851.00,2019-04-29 13:50:53.851,0.00,33.94,0.00,1.47,0.00,1.00,1.00,999.00,0.00,12.11,47.78,51.48,0.00,0.00,-0.55,0.07,17.00,10.00,0.00
317951.00,2019-04-29 13:50:53.951,0.00,33.94,0.00,1.47,0.00,1.00,1.00,999.00,0.00,12.28,47.78,51.48,0.00,0.00,-0.55,0.07,17.00,10.00,0.00
318051.00,2019-04-29 13:50:54.051,0.00,33.94,0.00,1.47,0.00,1.00,1.00,999.00,0.00,12.23,47.80,51.53,0.00,0.00,-0.52,0.07,17.00,10.00,0.00
318151.00,2019-04-29 13:50:54.151,0.00,33.94,0.00,1.47,0.00,1.00,1.00,999.00,0.00,12.15,47.80,51.53,0.00,0.00,-0.58,0.07,17.00,10.00,0.00
318251.00,2019-04-29 13:50:54.251,0.00,33.94,0.00,1.47,0.00,1.00,1.00,999.00,0.00,12.24,47.80,51.53,0.00,0.00,-0.55,0.07,17.00,10.00,0.00
318351.00,2019-04-29 13:50:54.351,0.00,33.94,0.00,1.47,0.00,1.00,1.00,999.00,0.00,12.26,47.80,51.57,0.00,0.00,-0.54,0.07,17.00,10.00,0.00
318451.00,2019-04-29 13:50:54.451,0.00,33.94,0.00,1.47,0.00,1.00,1.00,999.00,0.00,12.13,47.80,51.57,0.00,0.00,-0.55,0.07,17.00,10.00,0.00
318551.00,2019-04-29 13:50:54.551,0.00,33.94,0.00,1.47,0.00,1.00,1.00,999.00,0.00,12.24,47.85,51.51,0.00,0.00,-0.54,0.07,17.00,10.00,0.00
318651.00,2019-04-29 13:50:54.651,0.00,33.94,0.00,1.47,0.00,1.00,1.00,999.00,0.00,12.28,47.85,51.51,0.00,0.00,-0.57,0.07,17.00,10.00,0.00
318751.00,2019-04-29 13:50:54.751,0.00,33.94,0.00,1.47,0.00,1.00,1.00,999.00,0.00,12.10,47.85,51.51,0.00,0.00,-0.51,0.07,17.00,10.00,0.00
318851.00,2019-04-29 13:50:54.851,0.00,33.94,0.00,1.47,0.00,1.00,1.00,999.00,0.00,12.27,47.83,51.48,0.00,0.00,-0.54,0.07,17.00,10.00,0.00
318951.00,2019-04-29 13:50:54.951,0.00,33.94,0.00,1.47,0.00,1.00,1.00,999.00,0.00,12.26,47.83,51.48,0.00,0.00,-0.56,0.07,17.00,10.00,0.00
319051.00,2019-04-29 13:50:55.051,0.00,33.94,0.00,1.47,0.00,1.00,1.00,999.00,0.00,12.12,47.82,51.52,0.00,0.00,-0.54,0.07,17.00,10.00,0.00
319151.00,2019-04-29 13:50:55.151,0.00,33.94,0.00,1.47,0.00,1.00,1.00,999.00,0.00,12.28,47.82,51.52,0.00,0.00,-0.57,0.07,17.00,10.00,0.00
319251.00,2019-04-29 13:50:55.251,0.00,33.94,0.00,1.47,0.00,1.00,1.00,999.00,0.00,12.23,47.82,51.52,0.00,0.00,-0.53,0.07,17.00,10.00,0.00
319351.00,2019-04-29 13:50:55.351,0.00,33.94,0.00,1.47,0.00,1.00,1.00,999.00,0.00,12.15,47.87,51.53,0.00,0.00,-0.59,0.07,17.00,10.00,0.00
319451.00,2019-04-29 13:50:55.451,0.00,33.94,0.00,1.47,0.00,1.00,1.00,999.00,0.00,12.24,47.87,51.53,0.00,0.00,-0.54,0.07,17.00,10.00,0.00
319551.00,2019-04-29 13:50:55.551,0.00,33.94,0.00,1.47,0.00,1.00,1.00,999.00,0.00,12.27,47.87,51.53,0.00,0.00,-0.54,0.07,17.00,10.00,0.00
319651.00,2019-04-29 13:50:55.651,0.00,33.94,0.00,1.47,0.00,1.00,1.00,999.00,0.00,12.13,47.83,51.39,0.00,0.00,-0.55,0.07,17.00,10.00,0.00
319751.00,2019-04-29 13:50:55.751,0.00,33.94,0.00,1.47,0.00,1.00,1.00,999.00,0.00,12.24,47.83,51.39,0.00,0.00,-0.55,0.07,17.00,10.00,0.00
319851.00,2019-04-29 13:50:55.851,0.00,33.94,0.00,1.47,0.00,1.00,1.00,999.00,0.00,12.28,47.82,51.48,0.00,0.00,-0.59,0.07,17.00,10.00,0.00
319951.00,2019-04-29 13:50:55.951,0.00,33.94,0.00,1.47,0.00,1.00,1.00,999.00,0.00,12.10,47.82,51.48,0.00,0.00,-0.52,0.07,17.00,10.00,0.00
320051.00,2019-04-29 13:50:56.051,0.00,33.94,0.00,1.47,0.00,1.00,1.00,999.00,0.00,12.28,47.82,51.48,0.00,0.00,-0.60,0.07,17.00,10.00,0.00
320151.00,2019-04-29 13:50:56.151,0.00,33.94,0.00,1.47,0.00,1.00,1.00,999.00,0.00,12.26,47.80,51.51,0.00,0.00,-0.54,0.07,17.00,10.00,0.00
320251.00,2019-04-29 13:50:56.251,0.00,33.94,0.00,1.47,0.00,1.00,1.00,999.00,0.00,12.11,47.80,51.51,0.00,0.00,-0.53,0.07,17.00,10.00,0.00
320351.00,2019-04-29 13:50:56.351,0.00,33.94,0.00,1.47,0.00,1.00,1.00,999.00,0.00,12.23,47.84,51.37,0.00,0.00,-0.56,0.07,17.00,10.00,0.00
320451.00,2019-04-29 13:50:56.451,0.00,33.94,0.00,1.47,0.00,1.00,1.00,999.00,0.00,12.15,47.84,51.37,0.00,0.00,-0.53,0.07,17.00,10.00,0.00
320551.00,2019-04-29 13:50:56.551,0.00,33.94,0.00,1.47,0.00,1.00,1.00,999.00,0.00,12.15,47.84,51.37,0.00,0.00,-0.57,0.07,17.00,10.00,0.00
320651.00,2019-04-29 13:50:56.651,0.00,33.94,0.00,1.47,0.00,1.00,1.00,999.00,0.00,12.24,47.85,51.48,0.00,0.00,-0.57,0.07,17.00,10.00,0.00
320751.00,2019-04-29 13:50:56.751,0.00,33.94,0.00,1.47,0.00,1.00,1.00,999.00,0.00,12.26,47.85,51.48,0.00,0.00,-0.54,0.07,17.00,10.00,0.00
